{"type":"Topology","transform":{"scale":[0.0005400054000540005,0.0002800028000280003],"translate":[-12.0,34.5]},"objects":{"land":{"type":"GeometryCollection","geometries":[{"type":"MultiPolygon","arcs":[[[0],[1],[2],[3],[4],[5],[6],[7],[8],[9],[10],[11]],[[12]],[[13]],[[14]],[[15]],[[16]],[[17]],[[18]],[[19]],[[20]],[[21]],[[22]],[[23]],[[24]],[[25]],[[26]],[[27]],[[28]],[[29]],[[30]],[[31]],[[32]],[[33]],[[34]],[[35]],[[36]],[[37]],[[38]],[[39]],[[40]],[[41]],[[42]],[[43]],[[44]],[[45]],[[46]],[[47]],[[48]],[[49]],[[50]],[[51]],[[52]],[[53]],[[54]],[[55]],[[56]],[[57]],[[58]],[[59]],[[60]],[[61]],[[62]],[[63]],[[64]],[[65]],[[66]],[[67]],[[68]],[[69]],[[70]],[[71]],[[72]],[[73]],[[74]],[[75]],[[76]],[[77],[78],[79]],[[80]],[[81]],[[82]],[[83]],[[84]],[[85]],[[86]],[[87]],[[88]],[[89]],[[90]],[[91]],[[92]],[[93]],[[94]],[[95]],[[96]],[[97]],[[98]],[[99]],[[100]],[[101]],[[102]],[[103]],[[104]],[[105],[106],[107],[108]],[[109]],[[110],[111],[112],[113],[114],[115],[116],[117],[118],[119],[120],[121],[122],[123],[124],[125],[126],[127],[128],[129],[130],[131],[132],[133],[134],[135],[136],[137],[138],[139],[140],[141],[142],[143],[144],[145],[146],[147],[148],[149],[150]],[[151]],[[152]],[[153]],[[154]],[[155]],[[156]],[[157]],[[158]],[[159]],[[160]],[[161]],[[162]],[[163]],[[164]],[[165]],[[166]],[[167]],[[168]],[[169]],[[170]],[[171]],[[172],[173],[174],[175],[176],[177],[178]],[[179]],[[180]],[[181]],[[182]],[[183]],[[184]],[[185]],[[186]],[[187]],[[188]],[[189]],[[190]],[[191]],[[192]],[[193]],[[194]],[[195]],[[196]],[[197]],[[198]],[[199]],[[200]],[[201]],[[202]],[[203]],[[204]],[[205]],[[206]],[[207]],[[208]],[[209]],[[210]],[[211]],[[212]],[[213]],[[214]],[[215]],[[216]],[[217]],[[218]],[[219]],[[220]],[[221]],[[222]],[[223]],[[224]],[[225]],[[226]],[[227]],[[228]],[[229]],[[230]],[[231]],[[232]],[[233]],[[234]],[[235]],[[236]],[[237]],[[238]],[[239]],[[240],[241],[242]],[[243]],[[244]],[[245]],[[246]],[[247]],[[248]],[[249]],[[250]],[[251]],[[252]],[[253]],[[254]],[[255]],[[256]],[[257]],[[258]],[[259]],[[260]],[[261]],[[262]],[[263]],[[264]],[[265]],[[266]],[[267]],[[268]],[[269]],[[270]],[[271]],[[272]],[[273]],[[274]],[[275]],[[276]],[[277]],[[278]],[[279]],[[280]],[[281]],[[282]],[[283]],[[284]],[[285]],[[286]],[[287]],[[288]],[[289]],[[290]],[[291]],[[292]],[[293]],[[294]],[[295],[296],[297],[298],[299],[300],[301],[302],[303],[304],[305],[306],[307],[308],[309],[310],[311],[312]],[[313]],[[314]],[[315]],[[316]],[[317]],[[318]],[[319]],[[320]],[[321]],[[322]],[[323]],[[324]],[[325]],[[326]],[[327]],[[328]],[[329]],[[330]],[[331]],[[332]],[[333]],[[334]],[[335]],[[336]],[[337]],[[338]],[[339]],[[340]],[[341]],[[342]],[[343]],[[344]],[[345]],[[346]],[[347]],[[348]],[[349]],[[350]],[[351]],[[352]],[[353]],[[354]],[[355]],[[356]],[[357]],[[358]],[[359]],[[360]],[[361]],[[362]],[[363]],[[364]],[[365]],[[366]],[[367]],[[368]],[[369]],[[370]],[[371]],[[372]],[[373]],[[374]],[[375]],[[376]],[[377]],[[378]],[[379]],[[380]],[[381]],[[382]],[[383]],[[384]],[[385]],[[386]],[[387]],[[388]],[[389]],[[390]],[[391]],[[392]],[[393]],[[394]],[[395]],[[396]],[[397]],[[398]],[[399]],[[400]],[[401]],[[402]],[[403]],[[404]],[[405]],[[406]],[[407]],[[408]],[[409]],[[410]],[[411]],[[412]],[[413]],[[414]],[[415]],[[416]],[[417]],[[418]],[[419]],[[420]],[[421]],[[422]],[[423]],[[424]],[[425]],[[426]],[[427]],[[428]],[[429]],[[430]],[[431]],[[432]],[[433]],[[434]],[[435]],[[436]],[[437]],[[438]],[[439]],[[440]],[[441]],[[442]],[[443]],[[444]],[[445]],[[446]],[[447]],[[448]],[[449]],[[450]],[[451]],[[452]],[[453]],[[454]],[[455]],[[456]],[[457]],[[458]],[[459]],[[460]],[[461]],[[462]],[[463]],[[464]],[[465]],[[466]],[[467]],[[468]],[[469]],[[470]],[[471]],[[472]],[[473]],[[474]],[[475]],[[476]],[[477]],[[478]],[[479]],[[480]],[[481]],[[482]],[[483]],[[484]],[[485]],[[486]],[[487]],[[488]],[[489]],[[490]],[[491]],[[492]],[[493]],[[494]],[[495]],[[496]],[[497]],[[498]],[[499]],[[500]],[[501]],[[502]],[[503]],[[504]],[[505]],[[506]],[[507]],[[508]],[[509]],[[510]],[[511]],[[512]],[[513]],[[514]],[[515]],[[516]],[[517]],[[518]],[[519]],[[520]],[[521]],[[522]],[[523]],[[524]],[[525]],[[526],[527]],[[528]],[[529]],[[530]],[[531]],[[532]],[[533]],[[534]],[[535]],[[536]],[[537]],[[538]],[[539]],[[540]]],"properties":{}}]},"borders":{"type":"GeometryCollection","geometries":[{"type":"MultiLineString","arcs":[[541],[542],[543],[544],[545],[546],[547],[548],[549],[550],[551],[552],[553],[554],[555],[556],[557],[558],[559],[560],[561],[562],[563],[564],[565],[566],[567],[568],[569],[570],[571],[572],[573],[574],[575],[576],[577],[578],[579],[580],[581],[582],[583],[584],[585],[586],[587],[588],[589],[590],[591],[592],[593],[594],[595],[596],[597],[598],[599],[600],[601],[602],[603],[604],[605],[606],[607],[608],[609],[610],[611],[612],[613],[614],[615],[616],[617],[618],[619],[620],[621],[622],[623],[624],[625],[626],[627],[628],[629],[630],[631],[632],[633],[634],[635],[636],[637],[638],[639],[640],[641],[642],[643],[644],[645]],"properties":{}}]},"labels":{"type":"GeometryCollection","geometries":[{"type":"Point","coordinates":[84052,2360],"properties":{"name":"Republik Zypern","kind":"country","rank":4.5}},{"type":"Point","coordinates":[93993,4790],"properties":{"name":"Syrien","kind":"country","rank":3.0}},{"type":"Point","coordinates":[26948,43557],"properties":{"name":"Frankreich","kind":"country","rank":1.7}},{"type":"Point","coordinates":[81742,54374],"properties":{"name":"Ukraine","kind":"country","rank":2.7}},{"type":"Point","coordinates":[74847,69006],"properties":{"name":"Belarus","kind":"country","rank":3.0}},{"type":"Point","coordinates":[66833,73584],"properties":{"name":"Litauen","kind":"country","rank":4.0}},{"type":"Point","coordinates":[90285,65517],"properties":{"name":"Russland","kind":"country","rank":1.7}},{"type":"Point","coordinates":[50699,54936],"properties":{"name":"Tschechien","kind":"country","rank":4.0}},{"type":"Point","coordinates":[70124,86517],"properties":{"name":"Estland","kind":"country","rank":3.0}},{"type":"Point","coordinates":[69367,80595],"properties":{"name":"Lettland","kind":"country","rank":4.0}},{"type":"Point","coordinates":[40148,95917],"properties":{"name":"Norwegen","kind":"country","rank":3.0}},{"type":"Point","coordinates":[49337,87218],"properties":{"name":"Schweden","kind":"country","rank":2.0}},{"type":"Point","coordinates":[68878,95192],"properties":{"name":"Finnland","kind":"country","rank":3.0}},{"type":"Point","coordinates":[33477,54406],"properties":{"name":"Luxemburg","kind":"country","rank":5.7}},{"type":"Point","coordinates":[31112,58162],"properties":{"name":"Belgien","kind":"country","rank":4.0}},{"type":"Point","coordinates":[99560,28655],"properties":{"name":"Georgien","kind":"country","rank":4.0}},{"type":"Point","coordinates":[62140,25208],"properties":{"name":"Nordmazedonien","kind":"country","rank":5.0}},{"type":"Point","coordinates":[59469,21981],"properties":{"name":"Albanien","kind":"country","rank":5.0}},{"type":"Point","coordinates":[60853,28905],"properties":{"name":"Kosovo","kind":"country","rank":5.0}},{"type":"Point","coordinates":[86126,17305],"properties":{"name":"Türkei","kind":"country","rank":2.0}},{"type":"Point","coordinates":[15806,19967],"properties":{"name":"Spanien","kind":"country","rank":2.0}},{"type":"Point","coordinates":[12202,2546],"properties":{"name":"Marokko","kind":"country","rank":2.7}},{"type":"Point","coordinates":[38922,76667],"properties":{"name":"Dänemark","kind":"country","rank":3.0}},{"type":"Point","coordinates":[39657,5095],"properties":{"name":"Tunesien","kind":"country","rank":3.0}},{"type":"Point","coordinates":[68467,40118],"properties":{"name":"Rumänien","kind":"country","rank":3.0}},{"type":"Point","coordinates":[58236,44953],"properties":{"name":"Ungarn","kind":"country","rank":4.0}},{"type":"Point","coordinates":[57499,50835],"properties":{"name":"Slowakei","kind":"country","rank":4.0}},{"type":"Point","coordinates":[58315,62465],"properties":{"name":"Polen","kind":"country","rank":2.5}},{"type":"Point","coordinates":[7780,66352],"properties":{"name":"Irland","kind":"country","rank":3.0}},{"type":"Point","coordinates":[18303,71080],"properties":{"name":"Vereinigtes Königreich","kind":"country","rank":1.7}},{"type":"Point","coordinates":[62454,17831],"properties":{"name":"Griechenland","kind":"country","rank":2.7}},{"type":"Point","coordinates":[48389,46495],"properties":{"name":"Österreich","kind":"country","rank":3.0}},{"type":"Point","coordinates":[99407,4070],"properties":{"name":"Irak","kind":"country","rank":3.0}},{"type":"Point","coordinates":[42735,36544],"properties":{"name":"Italien","kind":"country","rank":2.0}},{"type":"Point","coordinates":[36044,43639],"properties":{"name":"Schweiz","kind":"country","rank":4.0}},{"type":"Point","coordinates":[32613,64007],"properties":{"name":"Niederlande","kind":"country","rank":4.0}},{"type":"Point","coordinates":[60718,34607],"properties":{"name":"Serbien","kind":"country","rank":4.0}},{"type":"Point","coordinates":[52541,40377],"properties":{"name":"Kroatien","kind":"country","rank":4.0}},{"type":"Point","coordinates":[49843,41288],"properties":{"name":"Slowenien","kind":"country","rank":5.0}},{"type":"Point","coordinates":[68809,28603],"properties":{"name":"Bulgarien","kind":"country","rank":4.0}},{"type":"Point","coordinates":[29790,4642],"properties":{"name":"Algerien","kind":"country","rank":2.5}},{"type":"Point","coordinates":[57673,29654],"properties":{"name":"Montenegro","kind":"country","rank":5.0}},{"type":"Point","coordinates":[55682,34253],"properties":{"name":"Bosnien und Herzegowina","kind":"country","rank":4.5}},{"type":"Point","coordinates":[6904,18238],"properties":{"name":"Portugal","kind":"country","rank":3.0}},{"type":"Point","coordinates":[74977,46196],"properties":{"name":"Republik Moldau","kind":"country","rank":5.0}},{"type":"Point","coordinates":[30648,70892],"properties":{"name":"Nordsee","kind":"sea","rank":3.0}},{"type":"Point","coordinates":[52037,73392],"properties":{"name":"Ostsee","kind":"sea","rank":3.0}},{"type":"Point","coordinates":[6481,41071],"properties":{"name":"Atlantischer Ozean","kind":"sea","rank":3.0}},{"type":"Point","coordinates":[31481,18214],"properties":{"name":"Mittelmeer","kind":"sea","rank":3.0}}]}},"arcs":[[[25039,56123],[63,11],[184,-111],[18,2],[15,19],[0,25],[-32,4],[-20,42],[38,0],[0,27],[-73,16],[-28,28],[-30,86],[-80,48],[-17,29],[3,115],[15,139],[38,95],[71,-18],[0,23],[-102,99],[0,24],[34,121],[1,168],[10,146],[57,53],[-50,95],[-10,50],[-8,167],[-19,153],[-1,74],[9,63],[39,142],[21,52],[10,68],[-11,82],[-30,132],[-5,67],[45,44],[90,29],[84,130],[57,66],[355,188],[33,-8],[64,46],[297,45],[337,140],[127,-13],[151,48],[75,42],[65,58],[71,28],[251,231],[385,275],[373,297],[715,280],[27,27],[29,4],[117,-91],[181,-63],[59,-63],[40,-21],[74,0],[71,-24],[45,8],[181,94],[24,35],[10,71],[18,32],[40,-2],[43,-20],[27,-21],[33,-78],[16,-22],[66,-15],[30,-25],[64,-6],[44,71],[36,-5],[42,-30],[35,-39],[15,-36],[13,-65],[86,-116],[10,-44],[-21,-57],[36,33],[27,68],[-77,47],[-7,32],[1,77],[-6,37],[-48,80],[-14,42],[-8,108],[-19,16],[-22,-34],[-40,-14],[-167,5],[-76,43],[-102,107],[-30,15],[-77,10],[-26,-20],[-76,-162],[-28,-18],[-67,-9],[-44,-22],[-20,11],[-50,64],[-112,67],[-72,83],[-29,4],[-77,-34],[-42,-3],[-105,29],[-33,22],[-75,149],[-61,64],[-20,39],[-8,58],[20,32],[190,142],[497,64],[42,-7],[57,-52],[27,-44],[17,-52],[-63,-49],[0,-22],[177,-22],[90,-44],[76,-80],[25,-56],[36,-123],[27,-45],[45,-16],[96,16],[37,-22],[36,14],[60,-4],[57,19],[25,81],[-15,78],[-39,57],[-52,37],[-83,18],[-77,41],[-115,0],[-44,32],[-147,165],[99,56],[49,17],[166,-10],[48,-18],[44,-45],[-8,67],[-24,27],[-100,14],[-33,36],[-9,31],[-7,82],[6,31],[24,31],[32,16],[63,6],[-66,65],[-129,47],[-27,47],[-12,119],[-31,74],[-97,92],[-35,-32],[-47,-17],[-48,0],[-36,-12],[-7,-15],[-30,-2],[-18,99],[54,44],[116,43],[16,25],[36,4],[62,-17],[60,-36],[33,13],[22,23],[-61,110],[-23,27],[-4,22],[4,28],[21,45],[-6,55],[-56,200],[10,27],[13,24],[86,-23],[72,14],[63,49],[265,384],[226,394],[187,404],[112,389],[16,127],[37,92],[78,693],[33,177],[23,165],[78,238],[18,117],[10,151],[13,74],[22,31],[114,-21],[18,21],[14,-27],[-28,-109],[43,-65],[76,-26],[73,6],[42,27],[79,80],[112,28],[73,38],[434,460],[86,23],[37,28],[38,89],[51,244],[38,109],[105,129],[68,34],[94,129],[126,33],[64,65],[297,138],[67,55],[42,4],[124,74],[543,24],[70,-49],[63,49],[276,93],[436,78],[183,-36],[39,-20],[31,-38],[63,-295],[57,-63],[32,-29],[48,-18],[84,-53],[35,9],[33,-27],[53,16],[0,-10],[-22,-25],[13,-103],[57,-38],[133,-40],[21,0],[24,18],[3,-25],[20,21],[15,32],[16,73],[0,34],[-10,23],[21,30],[5,29],[18,31],[96,-7],[0,14],[111,-67],[-45,76],[-73,31],[-422,17],[-68,40],[-27,99],[-1,265],[8,60],[36,108],[8,53],[15,33],[111,-19],[10,28],[18,11],[13,35],[-3,45],[-16,26],[-54,31],[-25,29],[3,21],[41,54],[48,40],[18,28],[-3,4],[11,33],[6,-9],[1,16],[13,-3],[-8,12],[21,1],[23,42],[73,58],[18,25],[147,66],[77,13],[14,0],[0,-11],[3,9],[25,-9],[173,1],[108,-42],[25,13],[59,8],[4,-8],[-8,19],[33,-1],[34,23],[136,45],[154,8],[44,24],[41,7],[-3,-11],[8,12],[128,20],[154,0],[98,-20],[27,-17],[-1,-24],[-13,-22],[-1,-29],[-6,-3],[12,-17],[-3,-23],[13,-53],[23,-58],[9,-3],[83,-129],[62,-49],[0,-22],[-16,-46],[65,-28],[-5,-11],[9,-1],[19,-52],[-1,-19],[-18,-32],[8,-3],[-9,-18],[-41,-34],[-33,-20],[-99,-18],[-7,-13],[12,-91],[25,-60],[38,-51],[70,26],[29,-17],[77,-115],[5,-11],[-13,-8],[18,-20],[82,-23],[30,11],[38,42],[29,55],[1,46],[22,23],[12,33],[10,185],[-9,12],[-5,27],[-39,33],[-73,-22],[-38,7],[31,227],[26,41],[53,46],[38,12],[37,-10],[32,-26],[14,-24],[-5,-9],[7,5],[50,-88],[154,-77],[65,-6],[20,14],[15,-28],[55,-37],[-84,-101],[-30,-77],[-11,-104],[2,-200],[11,-89],[25,-65],[5,88],[-19,223],[1,105],[28,78],[75,70],[14,-24],[29,106],[-29,46],[-97,261],[-13,68],[-26,82],[-6,59],[3,52],[45,141],[22,46],[-6,4],[19,57],[7,-1],[-7,4],[19,73],[3,-10],[6,5],[0,10],[-10,5],[32,138],[19,56],[16,-9],[54,96],[2,7],[-7,7],[25,28],[23,0],[71,32],[34,-8],[5,-29],[13,-15],[12,6],[58,-70],[-5,-7],[85,-68],[90,-23],[21,8],[133,-16],[134,40],[67,-13],[19,-17],[3,-24],[8,3],[1,14],[-21,44],[134,71],[192,14],[139,-27],[83,-89],[177,-369],[80,-90],[63,-87],[17,-74],[25,-42],[14,-46],[37,-77],[36,-24],[26,-46],[42,-36],[38,-11],[33,-34],[29,-12],[36,-47],[30,-25],[14,7],[28,-17],[5,1],[3,20],[17,2],[11,-3],[2,-22],[24,12],[45,-3],[71,-54],[24,-9],[15,14],[-27,29],[40,8],[-23,47],[-69,46],[-166,23],[-68,31],[-134,99],[-40,52],[8,17],[11,-6],[-1,-12],[6,-9],[9,-3],[-12,14],[3,15],[-26,33],[-18,40],[-4,24],[7,37],[-30,82],[-8,69],[-133,86],[-45,48],[-48,122],[1,31],[-8,19],[-4,-6],[-6,50],[-8,20],[1,23],[8,10],[-11,2],[-1,23],[-67,30],[-59,74],[-128,90],[-69,19],[-235,6],[-118,52],[-52,-48],[-32,12],[-65,57],[-62,88],[-57,130],[9,8],[-2,7],[24,6],[-2,20],[-38,6],[-23,28],[-56,129],[6,17],[76,26],[67,-37],[9,5],[6,-19],[35,11],[56,-28],[40,22],[30,110],[10,77],[-1,55],[-81,108],[5,63],[-45,15],[-64,-13],[-61,-33],[-33,-43],[-13,1],[8,14],[-13,-5],[-45,90],[-38,98],[15,71],[30,55],[18,63],[-14,54],[3,27],[20,17],[111,30],[19,18],[58,101],[18,53],[-42,-9],[-70,-68],[-40,-20],[13,49],[-56,-8],[-97,-33],[-57,-8],[-66,13],[-33,-18],[-20,2],[-43,-41],[3,-14],[-14,-16],[-80,72],[-66,90],[-4,68],[10,-10],[-8,26],[8,14],[18,8],[35,-26],[18,3],[16,17],[-11,8],[13,13],[10,-7],[68,42],[0,24],[-11,27],[-35,-5],[-44,32],[-4,-25],[-10,-15],[-3,2],[6,2],[-13,30],[23,49],[8,-12],[40,40],[49,-9],[48,12],[29,-5],[127,39],[87,-29],[31,9],[71,44],[40,58],[27,19],[10,33],[93,58],[9,31],[32,-3],[-29,18],[12,25],[-6,0],[-2,78],[-47,82],[-151,184],[-22,38],[0,19],[-13,44],[-65,51],[-60,180],[-24,50],[-53,37],[-100,98],[-46,26],[32,18],[-12,21],[-1,27],[-19,31],[0,25],[-10,38],[-28,56],[-15,0],[-39,88],[-10,94],[8,83],[40,165],[-14,24],[25,99],[-15,90],[-30,88],[-17,91],[7,116],[68,276],[-219,37],[-6,-30],[-5,-138],[-12,-18],[-18,-4],[-49,-70],[-29,-18],[-28,7],[-26,39],[-21,89],[3,86],[18,179],[35,70],[77,13],[78,-26],[39,-45],[-45,-26],[-32,-47],[6,-40],[211,-44],[37,16],[-4,68],[-34,122],[-24,153],[-14,152],[4,41],[17,51],[0,76],[-21,90],[-16,161],[-14,76],[-26,69],[-47,40],[-67,18],[-123,4],[-89,30],[-76,78],[-168,275],[2,25],[39,8],[0,23],[-35,16],[-43,4],[-41,-12],[-32,-31],[-22,-50],[6,-33],[55,-65],[-29,-13],[-23,-36],[43,-8],[50,-36],[42,-54],[18,-61],[-24,-10],[-222,202],[-45,29],[-109,22],[-28,31],[-2,53],[104,305],[35,138],[23,147],[3,145],[-88,702],[-15,43],[0,34],[17,3],[25,-41],[47,-274],[33,-95],[5,-39],[-5,-34],[-18,-49],[-4,-40],[6,-49],[16,-10],[83,51],[89,76],[42,16],[72,62],[74,84],[10,59],[-12,61],[-26,61],[-99,152],[0,111],[-21,128],[-47,82],[-65,50],[-142,70],[-39,6],[-17,-30],[2,-153],[-15,-153],[7,-60],[-5,-23],[-27,10],[-8,19],[-14,80],[-9,259],[6,81],[45,223],[5,84],[-21,1236],[21,121],[84,309],[37,96],[28,46],[11,-9],[7,-32],[17,-17],[-1,-26],[-56,-147],[0,-25],[24,-18],[33,-4],[24,-84],[15,-15],[76,-15],[20,-15],[-26,-17],[6,-33],[-5,-58],[11,-33],[17,-14],[14,9],[6,24],[-12,30],[0,24],[59,21],[90,2],[82,-18],[36,-42],[109,-85],[25,13],[24,31],[34,78],[11,0],[56,-168],[2,-27],[-7,-15],[3,-34],[12,-33],[30,-26],[36,-51],[21,-14],[32,1],[113,26],[22,24],[7,28],[5,120],[11,74],[22,40],[-9,31],[-58,48],[-32,11],[-20,81],[-31,18],[0,37],[25,24],[85,6],[119,216],[104,43],[102,4],[4,8],[-44,18],[-81,3],[-19,20],[17,63],[49,87],[59,46],[88,92],[34,8],[75,-27],[22,7],[35,45],[32,1],[43,-15],[37,-30],[16,-43],[11,-83],[78,-125],[24,-75],[-51,-14],[-54,-93],[-47,-13],[7,-60],[-71,-87],[-17,-50],[-2,-46],[8,-113],[14,-35],[30,6],[31,38],[24,117],[90,8],[-11,34],[-15,13],[-37,-21],[42,98],[9,49],[12,0],[-11,-80],[49,-13],[66,13],[41,-7],[25,-18],[54,4],[17,-46],[-6,-35],[-42,-66],[-17,-47],[20,-9],[5,-37],[13,-27],[65,-49],[19,-49],[19,-2],[38,78],[26,-27],[22,29],[0,45],[-42,24],[-69,-51],[-36,12],[-1,20],[11,19],[3,132],[31,115],[16,101],[-37,93],[-28,30],[-37,-6],[-74,-36],[-19,-28],[-40,-28],[-39,-2],[-16,45],[20,44],[86,55],[30,110],[-4,25],[-46,17],[-36,42],[-22,48],[-17,79],[1,44],[52,83],[14,35],[-1,41],[-9,41],[-12,19],[-38,17],[-30,34],[69,160],[38,58],[57,62],[53,26],[16,62],[275,97],[61,-2],[216,-95],[0,-26],[-24,-17],[-1,-22],[14,-21],[25,-14],[25,3],[18,18],[132,229],[73,28],[61,42],[89,-25],[197,25],[-109,107],[-56,22],[-57,41],[-15,-8],[-101,-133],[-39,-20],[-68,64],[-36,-10],[-64,-63],[-75,-34],[-161,-2],[-423,-162],[-37,-3],[-35,16],[-207,185],[11,-48],[-15,-24],[-61,-26],[-69,-48],[-31,-1],[12,22],[-34,23],[-32,-7],[-62,-64],[-30,3],[-84,-89],[-16,48],[-36,19],[-42,-5],[-32,-23],[27,-31],[-67,-66],[-92,-52],[-66,21],[-87,-31],[-20,-26],[-10,-69],[-78,-114],[-16,-141],[-9,-18],[-71,-111],[-61,-14],[-22,-35],[-61,-37],[-14,-47],[16,-121],[-2,-57],[-28,-33],[0,-22],[74,8],[17,-8],[14,-43],[-11,-31],[-49,-24],[-89,49],[-82,-49],[0,-26],[88,26],[83,-48],[131,60],[27,-12],[5,-26],[-5,-98],[41,-81],[-47,-78],[-67,-27],[1,-15],[23,-16],[-38,-1],[-51,51],[-46,65],[-36,96],[-42,43],[-132,57],[-39,46],[-61,104],[-20,129],[-12,20],[-77,46],[-31,2],[36,-208],[-4,-49],[-28,-5],[-14,75],[-4,165],[22,148],[41,110],[332,574],[100,109],[153,256],[59,59],[66,-1],[155,-58],[86,-5],[168,40],[74,40],[89,104],[33,16],[464,-71],[168,21],[168,66],[158,113],[140,164],[399,773],[101,145],[1197,0],[36,-57],[69,-174],[-53,-157],[0,-186],[40,-366],[-32,-54],[-95,-73],[-44,-58],[-66,-145],[-29,-97],[-21,-154],[-46,-171],[-38,-82],[-36,-21],[-87,2],[-61,-18],[-155,110],[-115,131],[-76,33],[-62,67],[-46,15],[-37,-22],[-52,-90],[-36,-9],[34,-5],[39,53],[66,42],[38,-17],[183,-204],[60,-31],[72,-69],[40,-15],[150,-4],[34,-21],[-52,-68],[-11,-30],[-25,-170],[13,-59],[20,-182],[8,-144],[13,-75],[46,-152],[34,-45],[4,-23],[-25,-31],[-15,-2],[-67,28],[-84,0],[-29,-14],[-33,-35],[-66,63],[-40,9],[-47,-23],[-41,-35],[-76,-28],[-57,-50],[-68,-26],[-83,-68],[-259,-39],[0,-25],[84,-16],[278,92],[89,49],[11,41],[14,7],[51,-26],[20,5],[42,35],[20,71],[29,7],[61,-20],[-14,-47],[122,-26],[77,5],[94,51],[35,-79],[9,-118],[-32,-102],[-125,-102],[-92,-111],[-17,-8],[-19,-149],[14,-40],[-9,-52],[-21,-47],[-22,-29],[57,3],[21,19],[-2,135],[6,98],[18,48],[78,63],[61,88],[33,23],[38,-26],[19,-122],[8,-12],[55,-49],[139,-85],[151,-19],[440,75],[61,-8],[61,-36],[27,-34],[60,-112],[115,-125],[0,-22],[-43,-45],[-23,-82],[-11,-180],[-20,-79],[-171,-261],[-86,-64],[-33,-49],[-10,-47],[5,-111],[-26,-109],[-58,-13],[-65,51],[-43,83],[48,8],[19,20],[10,45],[-5,48],[-110,54],[-46,-59],[-41,-78],[-60,-75],[46,-234],[-18,-25],[-30,-15],[-54,5],[-19,29],[-32,104],[63,49],[-13,39],[-16,19],[-77,25],[-58,-32],[-52,-11],[-32,28],[-68,105],[41,4],[62,54],[35,15],[58,-59],[32,-13],[25,49],[-31,57],[2,45],[54,118],[-52,11],[-63,64],[-48,-25],[-25,23],[-17,-78],[-17,-15],[-25,-4],[-14,-20],[-50,-117],[-45,-63],[-100,-89],[-45,-67],[-26,-84],[13,-52],[30,-49],[29,-73],[12,-91],[-7,-69],[-57,-133],[45,23],[32,5],[9,-26],[-46,-112],[-5,-46],[2,-152],[-10,-58],[-45,-63],[-7,-25],[-29,-15],[-34,-43],[22,-44],[8,-38],[-32,-61],[-18,-8],[-40,24],[-29,49],[-21,76],[-18,24],[-23,9],[-180,-9],[-24,-9],[-39,-64],[-48,-21],[-98,6],[-45,-12],[46,-56],[265,-64],[19,-16],[-7,-37],[-30,-73],[-16,-62],[5,-28],[74,-5],[0,-25],[-76,-47],[-22,-40],[21,-59],[-24,-26],[-44,29],[-203,-65],[-93,-54],[-54,-6],[-114,49],[-82,73],[-192,1],[-43,24],[-13,-51],[39,-21],[133,-2],[24,-16],[96,-108],[33,-81],[19,-28],[36,-10],[178,0],[-31,-41],[-96,-83],[-51,-73],[-25,-19],[-44,-6],[-15,-15],[-4,-67],[-6,-16],[-117,-32],[-42,-33],[-26,-8],[-64,26],[-24,-1],[12,-25],[-26,-41],[-69,-25],[-31,-31],[32,-23],[35,3],[126,42],[107,-63],[8,-41],[-8,-48],[-21,-43],[-25,-19],[-90,-30],[39,-122],[-16,-71],[3,-27],[38,-26],[44,-56],[6,-35],[-25,-29],[0,-26],[87,-154],[45,-34],[8,-58],[-7,-42],[-25,-57],[-6,-58],[-10,-26],[-24,-18],[-54,-15],[-109,23],[-25,-8],[-45,-66],[-110,-63],[0,-32],[15,-26],[32,0],[0,-25],[-54,2],[-25,-7],[-23,-21],[19,-16],[76,-7],[25,-13],[71,-108],[-80,-104],[-34,-20],[-85,-19],[-33,-28],[16,-51],[23,-1],[104,47],[63,0],[42,45],[21,7],[41,-19],[113,-128],[101,-30],[25,-21],[14,-52],[46,-287],[-21,-27],[-28,0],[-47,20],[-15,-44],[45,-24],[31,-47],[11,-72],[-8,-36],[-27,-16],[-22,15],[-26,67],[-16,16],[-77,-7],[-59,29],[2,15],[15,13],[4,23],[-45,85],[62,36],[-9,41],[-45,28],[-52,-18],[-35,-93],[-41,-79],[-44,-1],[-121,-126],[-26,-50],[-14,-10],[-28,13],[15,-54],[18,-24],[-6,-20],[-11,-7],[16,-45],[-1,39],[6,18],[132,83],[35,48],[45,21],[12,23],[20,12],[3,22],[10,5],[8,-123],[90,-37],[93,-5],[178,-90],[44,-35],[20,-62],[21,-33],[30,5],[62,-22],[8,7],[9,35],[14,16],[20,-5],[8,-13],[3,20],[-7,16],[-6,-2],[8,32],[-2,32],[22,2],[60,-42],[43,-60],[35,-161],[50,-61],[-21,-18],[-24,4],[-1,10],[-14,6],[-25,1],[1,-8],[-46,-41],[-26,-9],[-5,-40],[22,-2],[-7,-3],[4,-3],[-18,-112],[3,-31],[5,11],[5,-7],[-12,-17],[-31,3],[-9,20],[-6,-12],[8,-9],[-38,-25],[-23,-41],[-42,-32],[-37,-13],[-1,-9],[10,-2],[-25,-10],[-13,-28],[-13,14],[24,22],[-20,-5],[0,-10],[-14,-4],[-8,-18],[0,-13],[14,26],[11,-9],[-7,-16],[-40,-24],[-33,10],[16,11],[-24,1],[-8,-42],[10,0],[0,-10],[-30,-26],[-27,-54],[-7,-36],[-39,1],[11,-10],[-13,-34],[-17,-5],[-7,26],[-11,2],[-87,-11],[7,-10],[-21,1],[-10,-29],[-15,31],[14,16],[-12,15],[-43,-15],[4,-16],[-34,-42],[-56,10],[-22,-14],[30,-26],[37,1],[79,34],[26,-10],[7,8],[41,-13],[17,-36],[21,-7],[12,-17],[33,4],[7,17],[-6,40],[-23,39],[34,-5],[12,43],[10,-2],[-7,-28],[30,13],[-8,14],[14,6],[-6,22],[10,4],[7,33],[22,8],[21,32],[14,-3],[-9,-15],[7,3],[75,89],[1,15],[38,8],[3,23],[6,-10],[7,13],[52,23],[51,54],[62,34],[2,10],[-4,11],[16,27],[-1,14],[-12,17],[-3,18],[8,13],[-5,24],[19,45],[17,9],[32,-6],[26,-14],[-2,-22],[17,3],[6,32],[7,-5],[8,-34],[9,-4],[5,9],[26,-1],[5,18],[-8,11],[13,-6],[-5,-29],[-29,4],[-5,-12],[19,-7],[15,7],[3,-9],[-6,-75],[4,-57],[-14,-90],[3,-42],[-9,-4],[9,-4],[-4,-7],[2,-73],[-11,-44],[-13,-12],[-15,-48],[-73,-85],[-75,-47],[-80,-29],[-78,-10],[0,-22],[-13,-8],[16,1],[4,-46],[38,-45],[92,14],[17,26],[2,-9],[15,13],[-17,-2],[2,7],[131,22],[30,19],[197,41],[32,-4],[47,-35],[65,-66],[-21,-23],[-12,-40],[-17,-19],[37,-74],[8,-34],[-17,-45],[-41,-17],[9,-23],[-45,-23],[8,-12],[-12,-5],[16,-4],[-17,-3],[15,-5],[-11,-37],[26,-37],[-7,-34],[-18,-34],[9,4],[-22,-37],[26,24],[4,-9],[-1,16],[32,26],[23,35],[44,112],[25,117],[19,28],[-3,3],[118,20],[8,23],[-26,-20],[-7,4],[48,42],[25,8],[33,0],[110,-38],[101,-82],[71,-45],[100,-33],[111,-58],[84,-80],[10,-32],[52,-40],[5,-10],[-5,-6],[10,-21],[31,-19],[69,15],[51,-11],[53,27],[62,54],[84,105],[52,24],[35,37],[28,14],[69,8],[86,-5],[-80,-7],[30,-29],[15,-2],[11,11],[18,-15],[34,-4],[73,32],[22,34],[35,24],[10,-13],[38,-7],[-1,-18],[-85,-101],[-32,17],[-15,-18],[8,-34],[23,8],[-5,-11],[5,-108],[16,-152],[-2,-86],[16,-119],[-2,-18],[-18,-33],[-61,-78],[-180,-134],[-71,-103],[-35,-29],[-90,-28],[-15,-16],[-26,26],[-14,2],[1,14],[-11,17],[6,-33],[-22,5],[-3,-14],[5,-9],[-91,-151],[-1,-46],[39,-100],[26,-42],[27,-19],[21,5],[-7,8],[59,-14],[45,3],[32,-41],[-1,-49],[8,-21],[-7,-8],[39,-9],[35,16],[98,85],[144,83],[102,16],[67,-11],[65,19],[21,-20],[4,-32],[21,-40],[30,-20],[38,-5],[8,-14],[-8,-99],[3,-19],[15,-22],[32,-25],[35,-4],[51,39],[23,55],[11,6],[10,-7],[23,-51],[26,-27],[46,14],[24,-12],[6,-8],[-9,-25],[3,-15],[60,-43],[2,-37],[30,-3],[6,14],[-16,11],[20,0],[2,38],[8,17],[18,24],[10,-10],[6,7],[-7,24],[8,47],[-4,50],[6,20],[-10,5],[3,-13],[-11,-1],[0,19],[28,21],[-1,-25],[11,10],[-5,20],[13,16],[3,16],[-8,9],[-3,22],[27,60],[47,29],[0,19],[-15,2],[0,17],[-13,2],[16,12],[13,-24],[14,-9],[37,11],[22,20],[24,48],[-4,31],[12,36],[36,8],[6,18],[20,13],[9,69],[-14,13],[6,36],[44,83],[65,71],[143,6],[90,-31],[90,1],[230,90],[165,29],[27,20],[3,-16],[5,0],[5,-54],[-4,-49],[-20,-31],[8,1],[9,-34],[-7,-38],[7,-34],[16,-42],[17,-20],[30,-13],[51,6],[5,-10],[-5,-23],[6,20],[-2,22],[-51,-5],[-16,8],[-12,21],[-10,23],[-15,114],[0,22],[21,37],[63,5],[-10,9],[9,26],[-2,13],[4,3],[-7,4],[7,19],[-41,-2],[-36,-23],[7,18],[54,42],[35,55],[38,80],[38,49],[176,119],[98,94],[78,173],[103,161],[49,89],[66,191],[21,31],[30,1],[-8,-10],[3,-23],[-8,-2],[38,-46],[28,-16],[205,-46],[339,-7],[104,15],[23,-41],[-45,-47],[-47,-11],[-73,21],[-26,-12],[-100,10],[-79,36],[-49,5],[-14,-7],[-33,-42],[-48,3],[-9,17],[-44,-21],[-9,-37],[-6,-1],[-8,17],[-46,-35],[0,-27],[38,-16],[-7,-21],[-34,21],[-40,-4],[-62,-50],[-18,27],[-37,20],[-67,7],[-30,-16],[-28,-53],[-9,-2],[-7,-25],[12,-71],[-45,23],[-14,-38],[-9,-1],[22,-29],[-8,-39],[-24,-33],[-31,-8],[-1,-21],[-7,-7],[4,-13],[37,-77],[-30,-41],[63,-52],[33,-14],[37,-7],[45,11],[-14,18],[10,8],[-30,0],[-58,49],[12,42],[41,57],[74,26],[-5,11],[6,14],[-7,21],[4,47],[40,3],[0,8],[28,7],[26,-3],[21,32],[-8,5],[6,26],[40,23],[-37,24],[0,9],[26,16],[-1,10],[25,-14],[26,8],[-10,-24],[-3,-31],[34,-1],[14,23],[-3,21],[43,7],[102,71],[-12,52],[7,5],[24,-2],[36,16],[12,-22],[-46,-21],[-6,-12],[7,-24],[-6,-29],[-8,-3],[-8,-37],[12,3],[9,-11],[-6,19],[21,41],[14,49],[19,-34],[9,-62],[33,-8],[-3,11],[10,1],[6,40],[19,-47],[28,4],[5,35],[26,33],[-1,-42],[16,-6],[25,-57],[4,-64],[14,25],[53,1],[59,50],[48,123],[47,53],[48,11],[4,19],[59,11],[11,8],[8,28],[17,8],[46,-18],[-22,-24],[-1,-66],[7,-38],[44,-61],[43,9],[24,-19],[14,-31],[-29,-58],[-1,-32],[19,-59],[2,-25],[21,-9],[5,-18],[15,-18],[3,-21],[-15,-41],[2,-21],[12,-21],[31,-28],[27,-7],[21,1],[19,28],[13,-6],[0,-20],[-51,-23],[21,3],[-22,-21],[4,-17],[32,24],[2,15],[28,1],[70,-52],[-10,-19],[10,-12],[81,0],[55,-27],[32,-104],[23,-34],[14,-39],[38,-14],[-20,-12],[-28,-35],[14,0],[-23,-24],[37,23],[18,-5],[62,42],[40,-24],[-19,-46],[-20,-20],[5,-28],[30,8],[20,30],[-7,-25],[44,-43],[18,-46],[-1,-37],[18,-38],[17,-15],[-4,-19],[10,-11],[60,-19],[14,5],[-4,22],[15,-1],[0,25],[-52,73],[25,24],[69,21],[92,4],[87,30],[41,40],[20,-24],[4,5],[-23,24],[99,67],[24,-22],[-37,-28],[5,-33],[37,-15],[28,-34],[-4,6],[19,4],[38,-37],[-17,-17],[3,-9],[20,-3],[22,-36],[38,-15],[11,-32],[-15,-21],[-18,-91],[-21,-15],[9,-19],[-11,-31],[-51,-36],[11,-9],[-17,-9],[2,-10],[26,-2],[5,-45],[64,-68],[34,-9],[40,-37],[26,-57],[-1,-43],[8,-10],[56,-14],[2,-14],[16,-6],[25,-44],[-9,-30],[-21,-34],[-132,-125],[-20,-45],[6,-15],[-9,-7],[7,-4],[-5,-8],[14,-6],[-1,-29],[13,4],[-11,-12],[6,-6],[56,4],[32,-27],[15,-55],[15,-8],[34,-54],[14,-2],[14,15],[12,-31],[20,-2],[8,-22],[57,-64],[70,-22],[80,-51],[20,9],[30,-29],[39,-10],[8,-16],[41,-9],[39,14],[44,-2],[17,-19],[68,34],[22,49],[12,10],[37,-15],[22,-29],[2,-54],[-13,-23],[-85,-69],[7,-5],[-4,-11],[6,-14],[28,-14],[39,-7],[27,15],[-1,8],[44,18],[24,26],[3,29],[-33,26],[24,24],[-24,24],[10,27],[68,-53],[21,-69],[77,-51],[57,-65],[82,-16],[100,-41],[34,-31],[110,-212],[10,10],[2,58],[9,33],[41,45],[0,48],[-89,25],[-57,158],[12,79],[45,155],[21,-21],[39,19],[29,2],[-13,90],[25,203],[-12,0],[-5,-43],[-14,-28],[-44,-51],[11,-25],[-16,8],[-33,41],[38,49],[-26,61],[-44,28],[-205,25],[-29,36],[23,70],[-12,24],[-18,-36],[-14,-5],[-38,17],[-16,-8],[-41,-64],[85,-28],[16,-22],[-4,-44],[-19,-31],[-23,-13],[-17,14],[-51,-36],[-51,-12],[0,-25],[25,-11],[-25,-13],[-69,24],[-31,24],[-89,147],[-43,23],[-195,-26],[-23,13],[-17,-12],[-21,3],[-31,25],[-39,-35],[-14,-1],[-20,-36],[-24,-19],[-106,-33],[-31,9],[3,18],[24,-16],[25,8],[9,37],[-38,28],[-9,13],[1,12],[-2,-46],[-23,-63],[-76,-2],[-66,24],[-19,28],[6,32],[17,14],[29,0],[31,23],[32,-4],[21,31],[34,9],[4,20],[15,21],[4,27],[8,7],[-4,28],[6,41],[-30,76],[-39,72],[3,60],[7,13],[63,14],[43,-14],[-3,-60],[7,-2],[-4,-22],[-27,-28],[15,-21],[-12,-25],[3,-40],[12,-3],[-2,17],[30,67],[28,14],[25,-7],[39,7],[-15,-5],[13,-3],[-25,-18],[8,-25],[37,-22],[26,0],[-15,46],[24,88],[-3,95],[-26,60],[-35,-14],[-4,13],[1,-17],[-5,-3],[-35,106],[-44,56],[10,3],[-57,16],[-66,-14],[12,-8],[-18,-62],[14,14],[16,-39],[-30,-31],[-20,-55],[-39,-9],[-36,-25],[4,47],[28,51],[12,37],[-16,30],[-14,5],[-79,-47],[-49,-67],[-38,16],[17,75],[48,112],[11,94],[-6,21],[4,2],[-14,32],[-76,90],[-23,40],[17,40],[24,29],[48,4],[15,-12],[-5,12],[11,-2],[1,-10],[-6,-1],[7,-6],[29,-109],[49,-89],[36,-45],[112,-88],[68,-24],[82,-53],[76,-104],[157,-171],[73,-102],[76,-67],[10,-1],[2,12],[72,-39],[183,-17],[74,17],[72,44],[133,111],[490,248],[422,125],[515,247],[699,213],[360,184],[298,42],[205,78],[-23,-27],[-92,-47],[40,-32],[163,32],[0,23],[-12,0],[0,26],[88,0],[-1,17],[-12,8],[4,57],[-43,3],[-101,-36],[141,92],[114,152],[-23,-53],[-57,-76],[79,28],[26,35],[65,35],[24,31],[-22,52],[-37,1],[-43,-53],[78,152],[215,311],[-10,-57],[18,-9],[30,13],[24,31],[12,48],[-11,15],[-52,-41],[38,85],[65,73],[126,88],[387,64],[150,67],[79,15],[70,29],[177,217],[559,293],[700,148],[315,120],[494,51],[305,0],[42,-17],[67,-66],[64,-24],[632,-422],[115,-168],[38,-94],[2,-49],[-33,-18],[-28,64],[-34,27],[-23,67],[-30,44],[-88,167],[-99,31],[-18,34],[-52,20],[-111,85],[-108,59],[-18,27],[-76,61],[-22,-12],[-12,-18],[-26,-102],[-4,-76],[64,-49],[50,-109],[-8,-75],[21,-25],[-11,-70],[21,-30],[36,9],[30,44],[-10,-59],[15,-47],[23,-41],[61,-196],[-7,-82],[1,-141],[12,-134],[26,-60],[29,-11],[57,-49],[84,-25],[27,-19],[42,-80],[313,-114],[69,-6],[57,36],[38,-32],[51,-17],[694,117],[154,83],[74,20],[0,-32],[-107,-92],[-80,-47],[-78,-25],[-160,-16],[-77,-33],[0,-22],[43,-64],[19,-13],[-20,-21],[-5,-50],[46,-31],[165,-24],[43,6],[0,-27],[-17,-18],[-13,-32],[-9,-96],[25,27],[32,98],[72,121],[47,49],[74,44],[0,-33296],[-8513,0],[-86,273],[-7,61],[-19,43],[-142,113],[-200,212],[-95,170],[-26,20],[-31,44],[-13,49],[25,34],[-21,29],[-68,68],[39,-60],[-6,-28],[-16,-15],[-19,0],[-42,57],[-200,139],[-72,21],[-33,25],[-30,9],[-33,-36],[-39,-84],[-35,-108],[-25,-123],[-20,-247],[-28,-133],[-43,-82],[-55,29],[29,-50],[-4,-53],[-23,-51],[-30,-41],[-11,27],[-8,-55],[8,-67],[-27,22],[0,-22],[29,-46],[12,-77],[-3,-67],[-160,0],[-4,17],[-39,49],[-5,69],[-22,4],[7,-42],[-7,-64],[13,-33],[-592,0],[-85,165],[-38,53],[-32,33],[-38,10],[25,73],[-45,87],[48,43],[163,16],[-36,24],[-43,8],[-87,-5],[-67,-17],[-9,29],[9,69],[-2,23],[-19,15],[10,43],[-23,33],[0,22],[15,13],[8,22],[-1,29],[-9,36],[12,35],[-1,36],[-13,32],[-24,19],[17,40],[34,10],[0,23],[-33,28],[-18,47],[36,17],[28,32],[-22,15],[-67,7],[-20,29],[-18,42],[-1,38],[26,15],[0,23],[-21,31],[-56,215],[14,24],[-9,18],[9,33],[-30,95],[-6,52],[11,48],[11,0],[103,-76],[39,-7],[3,16],[-4,30],[12,37],[0,22],[-32,19],[-18,57],[39,-13],[302,61],[0,22],[-19,38],[-57,84],[34,71],[105,-7],[39,12],[-23,9],[-34,66],[-70,49],[34,21],[-7,62],[-27,69],[-170,251],[-35,38],[-101,61],[-42,10],[-31,-37],[-19,-79],[7,-70],[49,-12],[-67,-44],[-20,-37],[-71,-27],[-77,-92],[-48,-20],[-47,28],[61,29],[29,25],[12,30],[-17,62],[-75,21],[-23,52],[-33,-15],[-179,56],[-17,10],[-56,71],[-85,-36],[-22,-50],[-15,-11],[-18,12],[-16,50],[-22,11],[-16,-16],[-5,-34],[7,-33],[20,-15],[0,-27],[-41,-3],[-37,-31],[-20,-50],[10,-60],[30,-27],[38,8],[70,44],[-22,-51],[-64,-73],[-14,-60],[-20,-37],[-45,-19],[-146,-6],[-70,-23],[-302,-267],[-313,-205],[-184,-92],[-46,-49],[-67,-23],[-51,-44],[-25,-6],[47,138],[-9,32],[30,1],[7,17],[1,33],[12,0],[17,-45],[9,1],[12,17],[-25,49],[60,8],[17,-30],[-25,0],[0,-27],[41,7],[10,44],[2,50],[16,24],[60,21],[20,30],[15,46],[-82,-61],[-50,83],[-7,51],[-39,-30],[-50,-59],[-31,-64],[18,-44],[0,-22],[-31,1],[-31,41],[-14,-20],[-13,0],[-12,76],[-24,-58],[12,-33],[62,-34],[0,-22],[-23,-18],[-33,-6],[-24,12],[4,34],[-60,2],[-76,-57],[-68,-91],[-37,-97],[0,-23],[12,0],[-17,-33],[-7,-33],[4,-32],[20,-26],[-19,-35],[-7,-87],[-40,-25],[16,-48],[-21,-48],[-8,-39],[-14,-26],[-40,-9],[-45,35],[-16,-10],[-10,-76],[20,-32],[17,-75],[22,-15],[20,17],[14,42],[5,49],[-8,41],[36,-21],[8,-38],[-2,-51],[8,-63],[-20,-11],[-5,-19],[25,-43],[-6,-52],[17,-43],[31,-26],[35,-1],[-13,22],[68,85],[21,15],[-17,-55],[43,-154],[1,-120],[12,-135],[-39,25],[0,73],[-18,-79],[-2,-63],[19,-36],[40,5],[-13,49],[36,-43],[66,-152],[0,-24],[-39,-27],[25,-49],[27,55],[6,44],[-33,96],[83,-81],[-6,-38],[63,-76],[22,-39],[-20289,0],[0,18558],[39,65]],[[42338,40491],[13,81],[-4,69],[-23,57],[-25,-39],[-33,-146],[-76,-156],[-36,-47],[-63,-203],[-28,-46],[-159,-194],[-47,-74],[-144,-122],[59,-8],[20,-26],[11,-41],[-34,-21],[4,-31],[30,-83],[-12,-31],[-89,-122],[-14,-7],[0,-22],[35,-4],[30,-22],[-15,-25],[38,-34],[44,-9],[36,33],[11,83],[7,-82],[34,-52],[47,-27],[45,-7],[38,-29],[32,118],[24,128],[-33,169],[-4,55],[-39,-18],[4,77],[35,196],[17,65],[78,181],[26,38],[133,292],[27,86]],[[38432,41427],[163,195],[14,38],[-2,9],[-13,14],[-18,1],[-67,-26],[-59,-54],[-55,-67],[-42,-71],[-19,-67],[0,-39],[25,-104],[-1,-47],[-31,-65],[-34,-36],[-116,-197],[-103,-82],[-36,3],[-68,35],[-21,-18],[5,-29],[48,-114],[84,-99],[14,-64],[-13,-120],[-28,-64],[-6,-34],[32,-122],[52,-97],[33,-27],[16,12],[-80,147],[-13,61],[8,38],[71,70],[16,46],[0,72],[-32,127],[3,81],[24,62],[55,80],[132,130],[48,80],[13,43],[0,40],[-17,94],[-3,107],[21,58]],[[34940,42508],[85,7],[40,67],[-35,67],[-84,60],[-465,217],[-41,10],[-161,-16],[-29,-16],[-110,-120],[-31,-23],[-123,-21],[-33,-21],[-30,-37],[-263,-539],[-31,-112],[-12,-134],[-24,-39],[-13,-56],[92,122],[100,263],[107,220],[112,-9],[38,-75],[15,-9],[18,12],[27,50],[131,84],[38,73],[366,49],[316,-74]],[[40166,46499],[101,0],[-23,66],[-25,30],[-78,26],[-77,73],[-75,49],[-77,19],[-28,20],[-29,48],[-27,105],[-17,29],[-19,14],[-58,9],[-99,66],[-115,11],[-35,13],[-177,154],[-8,16],[-21,108],[-64,22],[-193,182],[-74,15],[15,-35],[61,-84],[33,-30],[74,-41],[33,-29],[24,-45],[39,-153],[42,-81],[2,-32],[-44,-7],[44,-83],[305,-236],[17,-24],[33,-109],[178,-199],[43,16],[65,70],[48,-38],[26,-8],[28,0],[50,46],[12,-6],[3,-32],[11,-8],[51,0],[10,13],[15,60]],[[38884,47050],[34,18],[207,-31],[-45,108],[-69,80],[-153,105],[0,-22],[39,-27],[0,-24],[-62,24],[-28,31],[-18,-15],[-6,-34],[114,-106],[-34,-63],[-94,-65],[-39,-42],[-62,0],[46,-16],[72,9],[68,28],[30,42]],[[32964,64009],[111,198],[22,83],[4,72],[-32,197],[-12,59],[-19,39],[-26,22],[-33,10],[-245,-16],[-30,10],[-60,124],[-23,22],[-33,61],[-3,140],[14,150],[15,88],[37,88],[46,71],[54,46],[67,17],[-22,18],[-134,45],[-59,-15],[-60,-44],[-30,-4],[-95,48],[-118,5],[-58,18],[-77,76],[-7,23],[1,36],[20,16],[20,42],[30,18],[17,29],[-25,57],[31,40],[7,57],[-7,58],[-18,40],[11,42],[2,46],[-8,45],[-18,13],[-18,37],[-32,109],[-157,-115],[-294,-302],[-80,-58],[-77,-37],[39,-37],[92,-221],[10,-78],[4,-228],[26,-47],[63,-58],[44,43],[48,17],[29,-2],[95,-50],[13,-19],[18,-129],[-61,-36],[-27,-29],[-25,-86],[-29,-40],[-114,-83],[-54,-18],[-46,50],[-49,22],[-66,-12],[-27,-60],[3,-91],[25,-105],[61,-160],[14,-88],[-37,-46],[14,-52],[-52,-22],[22,-21],[25,-61],[30,-18],[-30,-68],[-40,-28],[-23,-30],[-31,-92],[-29,26],[0,-26],[-23,21],[-27,5],[0,-26],[-26,-26],[116,-83],[151,-35],[128,-94],[44,-7],[117,7],[172,-148],[81,-45],[79,-9],[159,46],[22,28],[60,168],[85,120],[56,55],[108,38],[64,39],[60,53],[40,52]],[[45896,67460],[5,62],[-12,63],[-25,46],[-30,29],[-50,22],[-109,141],[10,26],[51,39],[-26,21],[-33,1],[-22,-17],[6,-29],[-35,-51],[-60,-146],[-45,-47],[0,-25],[32,17],[31,-1],[24,-22],[14,-44],[-13,-38],[11,-18],[21,11],[20,45],[0,-36],[49,-10],[19,-40],[7,-73],[-13,-87],[2,-22],[15,-26],[14,-1],[12,17],[7,34],[-37,-24],[17,36],[66,97],[27,26],[29,5],[21,19]],[[43503,68819],[63,48],[15,26],[-71,-33],[-80,-86],[-46,-106],[29,-95],[-10,-48],[37,0],[-6,-123],[-33,-35],[-23,-62],[61,-57],[35,-12],[29,18],[13,-15],[13,4],[9,16],[3,20],[-11,28],[-40,59],[-6,77],[-33,79],[-11,51],[23,-19],[21,-2],[11,15],[-5,54],[18,28],[8,52],[-2,61],[-11,57]],[[54688,43726],[58,76],[523,298],[45,56],[55,42],[37,71],[36,-5],[258,119],[75,59],[32,43],[62,165],[-2,41],[-30,49],[-74,70],[-121,48],[-18,-12],[-7,-58],[-20,-58],[-50,-91],[-58,-59],[-184,-138],[0,-24],[29,-20],[27,-40],[12,-48],[-17,-41],[-27,6],[-74,82],[-31,-50],[-257,-129],[-20,-16],[-59,-115],[-22,-17],[-97,-19],[-53,-37],[-95,-95],[-31,29],[-34,14],[-70,8],[-33,-13],[-35,-33],[-28,-44],[-11,-47],[-36,-15],[-78,37],[-75,-2],[-28,-129],[20,-49],[31,-5],[64,30],[80,-2],[145,-37],[80,11],[106,94]],[[57281,55087],[17,51],[-46,26],[-48,8],[-85,-12],[-32,-22],[-18,0],[12,-27],[-64,-47],[30,-7],[73,32],[38,-25],[0,-24],[-14,0],[0,-24],[25,12],[45,60],[50,-12],[17,11]],[[40260,71515],[9,-2],[17,13],[20,-5],[3,6],[-25,1],[-24,-13]],[[39766,68566],[-5,0],[-11,17],[11,-10],[5,-7]],[[39997,68167],[22,-9],[-4,-1],[-18,10]],[[40167,68068],[-24,-10],[-26,28],[35,-6],[15,-12]],[[39892,68424],[1,22],[7,-61],[15,-37],[19,-14],[-7,-21],[-19,24],[-16,87]],[[38556,71800],[8,0],[16,-3],[-17,-11],[-7,14]],[[40802,72045],[1,-2],[-2,2],[1,0]],[[42616,70986],[-7,-2],[-7,-4],[5,8],[9,-2]],[[42227,69981],[1,-5],[-1,-1],[0,6]],[[45423,71375],[-12,-2],[11,7],[1,-5]],[[45686,71142],[0,4],[0,-2],[0,-2]],[[45620,71148],[6,6],[6,-8],[-12,2]],[[45424,70881],[2,-4],[-1,15],[-1,-11]],[[45427,70892],[0,1],[1,0],[-1,-1]],[[45711,70976],[-3,3],[4,5],[-1,-8]],[[47043,70262],[-6,-7],[0,10],[6,-3]],[[47708,70091],[-3,-1],[9,1],[-6,0]],[[47715,70090],[12,-25],[32,-35],[-24,6],[-14,30],[-12,8],[0,11],[6,5]],[[47734,70071],[1,-3],[-4,7],[3,-4]],[[47771,70036],[-8,2],[-12,15],[20,-17]],[[47789,70010],[-4,-29],[-3,26],[-16,18],[23,-15]],[[47723,69709],[-13,25],[0,4],[20,-29],[-7,0]],[[47827,69105],[-2,3],[4,-2],[-2,-1]],[[47823,69163],[-1,-5],[-4,3],[5,2]],[[48072,69432],[-3,1],[2,8],[1,-9]],[[48074,69436],[1,-2],[-2,-1],[1,3]],[[47913,69798],[5,-7],[-2,-6],[-3,13]],[[29388,61343],[-72,34],[-40,49],[-25,2],[-56,-77],[-83,-6],[-38,14],[-25,43],[5,115],[68,53],[163,30],[31,-3],[24,-16],[178,-6],[41,-11],[30,-28],[108,-159],[77,-25],[36,-30],[3,-58],[-19,-36],[-63,-41],[-142,-33],[-33,2],[-69,31],[-40,34],[-30,94],[-29,28]],[[31034,66458],[87,88],[44,107],[46,88],[59,-3],[11,-40],[-1,-17],[-10,-17],[26,-49],[19,-64],[-1,-56],[-32,-28],[0,-22],[38,0],[-37,-102],[-51,-93],[-88,-84],[-41,-94],[-63,-21],[-65,31],[-35,90],[11,94],[37,106],[46,86]],[[31335,66977],[121,129],[126,85],[93,-14],[0,-25],[-49,0],[-77,-39],[-146,-165],[-41,-70],[-47,-48],[-58,30],[78,117]],[[31867,67330],[-53,2],[-22,54],[20,61],[100,41],[32,34],[43,-1],[248,59],[55,50],[275,61],[-43,-69],[-53,-21],[-107,-5],[11,-51],[-24,-15],[-77,-8],[-83,-42],[-65,-19],[-257,-131]],[[25267,65270],[54,-72],[44,-88],[34,-169],[34,-104],[25,-105],[-12,-76],[11,-55],[1,-199],[44,-167],[-8,-32],[-23,-35],[-47,-184],[-2,-69],[-82,-257],[-59,-126],[-40,-67],[-4,-91],[5,-161],[-10,-69],[-33,-123],[-8,-65],[-26,-97],[-3,-49],[-10,-20],[-152,-82],[0,2802],[267,-240]],[[33249,67717],[-183,-48],[-191,0],[-137,-62],[-47,13],[-32,53],[11,53],[31,30],[28,-14],[444,21],[76,-46]],[[33725,67888],[184,19],[51,-19],[0,-24],[-25,0],[-318,-119],[-37,-54],[-11,22],[-1,12],[12,17],[-20,49],[47,47],[118,50]],[[34269,68013],[-17,-27],[-66,25],[-33,24],[-3,24],[26,5],[102,-52],[-9,1]],[[34678,68132],[-58,-24],[-33,19],[-26,41],[-7,42],[22,19],[154,47],[71,-25],[10,-22],[-42,-7],[-98,-41],[2,-23],[-13,-8],[23,-6],[22,-34],[21,-8],[8,-21],[-56,51]],[[35305,68532],[38,-8],[-237,-30],[199,38]],[[35827,68657],[-94,-47],[-163,-17],[-56,-16],[-14,22],[-9,-6],[7,-15],[-58,19],[54,39],[43,17],[82,-2],[158,16],[32,-2],[18,-8]],[[35989,68673],[-24,-27],[-74,27],[-27,-2],[30,24],[23,4],[56,-11],[16,-15]],[[36056,68739],[25,30],[164,14],[88,-6],[12,-9],[1,-15],[-147,-2],[-62,-18],[-22,-39],[3,-13],[-14,-12],[-27,-1],[-16,17],[-5,54]],[[36418,68782],[6,28],[17,23],[41,27],[208,0],[0,-17],[-26,0],[-76,-46],[-80,-5],[-36,27],[-33,-42],[-21,5]],[[36805,68887],[-12,-36],[-26,22],[8,22],[28,12],[57,0],[62,-17],[32,-23],[-149,20]],[[43405,69632],[-20,-54],[2,-40],[-11,-11],[-33,3],[-54,50],[23,70],[28,24],[95,51],[53,1],[22,-10],[-17,-65],[-7,-3],[3,25],[-5,-30],[-6,-8],[2,-28],[-22,-58],[1,-12],[-9,-2],[-8,-28],[-25,-4],[-2,25],[13,63],[-8,41],[-15,0]],[[43501,69730],[-6,0],[-2,2],[8,-2]],[[43680,69996],[46,36],[-25,-40],[-85,-89],[-30,-57],[-4,60],[-11,1],[36,53],[73,36]],[[43590,69846],[2,0],[-1,0],[-1,0]],[[36854,70311],[1,0],[0,-1],[-1,1]],[[36881,70320],[6,-2],[2,-6],[-5,-2],[-3,10]],[[42680,71261],[-14,-21],[-14,0],[-12,41],[-32,-15],[1,66],[46,127],[72,80],[177,-34],[37,-23],[10,-18],[61,-21],[25,-31],[23,-85],[41,-50],[9,-42],[33,-51],[16,-61],[-218,41],[-34,-22],[4,-7],[-8,-15],[-102,5],[-21,30],[3,72],[-8,28],[-27,11],[-68,-5]],[[38565,71396],[-23,39],[28,21],[14,0],[61,65],[21,11],[73,5],[81,-25],[-8,-4],[-5,-25],[-19,-11],[4,-29],[-68,-103],[-43,-25],[-80,-7],[-39,16],[-18,36],[18,16],[3,20]],[[38222,71585],[53,13],[44,27],[13,-3],[3,-24],[-15,-87],[-11,-6],[4,-5],[-36,-65],[-53,-34],[-41,1],[-28,33],[-15,42],[12,57],[22,20],[35,9],[13,22]],[[37704,72179],[-52,-59],[12,-38],[22,-33],[18,-82],[42,-43],[-7,-20],[21,-20],[-5,-6],[-50,-14],[-12,7],[-46,62],[-47,89],[42,95],[42,58],[20,4]],[[37875,72120],[-106,74],[35,76],[40,43],[68,16],[16,-11],[50,12],[17,-6],[28,15],[47,-8],[33,-23],[22,-42],[-6,-16],[17,-32],[-33,-69],[-3,-27],[-16,-24],[-56,-5],[-45,27],[-48,-21],[-60,21]],[[43429,71886],[-173,115],[-113,111],[-203,145],[-92,23],[-99,52],[-100,27],[-40,39],[-18,54],[12,60],[46,31],[57,-10],[52,4],[34,75],[-55,34],[-98,137],[-12,24],[0,62],[25,56],[77,104],[26,-15],[266,61],[45,-24],[154,-126],[55,-136],[44,-31],[45,-11],[330,-208],[-18,62],[-22,39],[-1,31],[41,39],[50,0],[63,26],[-16,39],[-5,44],[9,86],[141,-144],[12,-51],[43,-64],[28,-24],[31,-10],[-26,-25],[27,-63],[93,-86],[20,-35],[12,-105],[-40,-68],[-35,-21],[-14,-38],[73,-37],[-7,-77],[-60,-75],[-82,-31],[-288,71],[-94,-24],[-88,-47],[-70,-73],[-42,8]],[[41091,73133],[27,-33],[157,-98],[46,-47],[67,-110],[27,-14],[50,9],[8,29],[-13,60],[27,-43],[22,-106],[20,-22],[65,7],[5,29],[-25,62],[91,-90],[-1,-56],[37,-25],[-146,-38],[-39,-48],[-23,-12],[-43,22],[-318,388],[-30,80],[-11,56]],[[37735,72736],[-28,38],[-40,13],[-71,-64],[-16,-128],[6,-93],[-9,-53],[12,-34],[-4,-59],[-9,-48],[-20,16],[14,449],[18,121],[53,162],[127,337],[28,26],[19,4],[44,-31],[-77,-4],[-15,-18],[8,-27],[47,-9],[9,-21],[-14,-41],[-75,-47],[-35,-59],[-19,-71],[16,-67],[-11,-126],[17,-18],[24,-48],[62,-44],[46,-20],[85,5],[-36,-32],[-28,-9],[-128,0]],[[37808,73446],[-2,1],[1,0],[1,-1]],[[38202,72793],[-41,2],[-7,10],[-126,-2],[121,8],[100,23],[-47,-41]],[[41956,72512],[-45,71],[-58,53],[74,18],[53,82],[17,60],[11,17],[27,-24],[47,18],[-12,75],[-33,-20],[-32,20],[26,86],[39,64],[104,134],[44,35],[106,169],[13,101],[62,177],[71,136],[42,-21],[-88,-442],[-36,-117],[-96,-215],[-179,-660],[-18,-44],[-26,-15],[-44,-2],[-22,34],[-47,210]],[[40508,72807],[0,24],[49,28],[168,-101],[0,25],[-89,86],[-103,36],[-63,-49],[-73,4],[-62,56],[-37,94],[6,116],[-12,0],[0,22],[41,-31],[88,-98],[37,10],[-27,60],[17,18],[-90,79],[-12,28],[22,34],[0,25],[-145,-16],[-86,32],[-10,32],[7,16],[35,29],[10,29],[-95,-21],[-32,21],[0,26],[164,86],[65,12],[77,-17],[110,-145],[59,-36],[82,-14],[59,-40],[47,-61],[73,-136],[73,-246],[-1,-35],[-79,-6],[-100,-71],[-27,11],[-30,30],[-85,29],[-31,25]],[[41412,73438],[-92,3],[-146,102],[-54,5],[-14,-27],[-1,-78],[-71,80],[-31,20],[-38,1],[-70,-20],[-33,19],[142,120],[25,51],[-32,51],[-47,105],[-36,16],[-70,-30],[-31,4],[-42,47],[-24,11],[-22,-32],[5,-55],[64,-109],[-6,-59],[-74,7],[-5,10],[2,34],[5,-3],[5,15],[-1,30],[-27,79],[-4,38],[4,38],[12,34],[-3,29],[-126,56],[-21,20],[-30,69],[-4,21],[4,22],[22,52],[-4,40],[-22,83],[6,122],[-19,16],[-83,-3],[-51,36],[-45,64],[97,30],[18,40],[-101,49],[63,0],[-19,42],[-34,23],[-99,22],[-63,86],[0,22],[50,-24],[104,-87],[48,14],[-183,178],[-69,17],[14,37],[63,38],[69,98],[100,22],[34,-7],[7,-49],[16,-39],[89,-54],[97,38],[183,138],[240,87],[81,66],[46,17],[64,0],[14,-73],[26,11],[7,27],[-7,73],[26,8],[57,-30],[128,-96],[68,-107],[82,-27],[56,-43],[-59,13],[-22,-19],[-8,-42],[34,-39],[4,-22],[-10,-29],[-53,-19],[-70,-110],[31,-59],[66,3],[36,79],[21,-6],[197,104],[-12,49],[-43,28],[-23,34],[6,31],[23,-12],[34,-44],[24,40],[-6,56],[-30,124],[37,-49],[1,60],[-12,113],[36,2],[54,-67],[87,-159],[10,-83],[53,-63],[12,-50],[-4,-28],[-71,-59],[-86,-41],[-128,13],[-32,-7],[-22,-21],[-10,-46],[18,-23],[29,-1],[28,19],[-11,30],[14,36],[161,-42],[28,-27],[183,-292],[58,-186],[11,-58],[-13,0],[-22,38],[-34,24],[-31,-9],[-13,-64],[10,-44],[50,-87],[14,-53],[4,-77],[-5,-71],[-12,-60],[-34,-100],[-2,-71],[-51,-86],[-47,-120],[-29,-27],[-210,-6],[-66,-45],[-57,-72],[-40,5],[-72,45],[-124,11],[-41,14],[-48,43]],[[37870,74618],[32,-141],[17,-30],[-46,-20],[-49,56],[-42,88],[-58,169],[-13,77],[19,51],[63,18],[7,-106],[30,-18],[38,7],[27,-29],[-1,-42],[-24,-80]],[[41815,76558],[42,-40],[47,-16],[-17,-35],[-7,-38],[2,-38],[9,-35],[32,-49],[22,14],[29,59],[6,-24],[-27,-52],[-49,-70],[-9,-64],[2,-120],[-19,-62],[-60,-61],[-64,19],[-50,84],[-16,131],[10,72],[20,30],[58,44],[26,45],[14,56],[-1,61],[-25,60],[-71,44],[-24,38],[6,89],[19,46],[28,32],[23,-8],[14,-150],[30,-62]],[[43637,79204],[-38,5],[-35,21],[-23,39],[-5,52],[21,19],[158,18],[80,33],[0,-27],[-58,-39],[-69,-107],[-31,-14]],[[37990,79421],[6,43],[9,18],[48,31],[8,15],[-15,82],[52,41],[131,20],[46,63],[-46,0],[-42,22],[10,34],[37,53],[16,38],[-6,-3],[-4,29],[-3,59],[6,12],[44,0],[53,21],[109,20],[54,32],[40,-15],[38,52],[62,136],[43,-29],[47,87],[24,-9],[-33,-73],[-5,-27],[26,-95],[-41,-169],[-23,-28],[0,42],[-10,28],[-28,27],[-44,-38],[-8,-13],[-5,-37],[19,-58],[15,-119],[17,-37],[31,-15],[-23,-26],[-28,-1],[26,-24],[-25,-40],[-27,-81],[-49,-81],[-77,-66],[-10,-62],[-147,-43],[-52,-30],[-19,10],[-49,118],[-66,80],[-56,26],[-57,-23],[-19,3]],[[42761,81259],[-44,-51],[-26,-44],[-15,-48],[-30,-39],[-58,-14],[-37,32],[-48,96],[-65,13],[-52,29],[-62,68],[0,23],[62,14],[107,106],[118,19],[33,39],[137,-1],[75,42],[51,2],[37,-26],[13,-43],[-1,-38],[-14,-31],[-85,26],[-142,-36],[30,-27],[22,-53],[-6,-58]],[[53111,82105],[16,-64],[-54,16],[23,-59],[-10,-16],[-27,-2],[-25,-20],[-10,-43],[11,-37],[26,-27],[36,-13],[-66,-33],[-21,-26],[11,-65],[-109,24],[-47,-18],[-23,-79],[64,-49],[-17,-33],[-20,-15],[-4,-15],[28,-34],[-143,-88],[-30,-69],[47,-116],[-53,-53],[-14,-86],[12,-95],[30,-81],[53,-98],[40,-37],[22,4],[17,-28],[32,-85],[-28,-20],[11,-41],[42,-87],[-23,-2],[-66,26],[0,42],[-13,7],[-12,-4],[-20,-30],[-12,-51],[-7,-7],[-14,15],[-98,28],[29,-48],[33,-25],[0,-27],[-38,-1],[-24,-33],[-9,-58],[9,-76],[52,-98],[-9,-38],[-50,-98],[7,-158],[-57,-209],[-2,-33],[15,-40],[23,-18],[64,53],[17,-12],[4,-29],[-5,-32],[-10,-22],[-21,-10],[-79,32],[-95,-48],[-8,-19],[39,-117],[2,-179],[-14,-51],[-24,-25],[-31,-11],[-31,3],[-44,40],[-85,-46],[-16,-29],[-47,-120],[-15,-215],[-11,-36],[-53,-5],[-23,-104],[-90,-188],[-41,-128],[-106,-587],[-33,-31],[-30,-96],[-133,-160],[-107,-257],[-42,-59],[-31,6],[-34,35],[-52,31],[56,120],[14,69],[-38,31],[-91,-40],[-47,1],[-33,63],[-21,-16],[-20,30],[-39,17],[-41,40],[-31,-32],[-36,-59],[-37,-31],[-30,51],[30,63],[8,41],[-19,18],[-25,-9],[-70,-64],[-78,-43],[-11,-18],[-4,-56],[-9,-14],[-37,33],[-49,64],[-28,9],[-26,-6],[-20,-17],[-31,-50],[-12,-34],[0,-23],[-9,-14],[-82,-5],[-48,27],[51,23],[-51,124],[-40,-62],[-72,-50],[-78,-15],[-71,56],[-43,-27],[-70,0],[-15,13],[-6,62],[-12,23],[-75,-25],[26,-99],[-112,55],[-65,14],[-46,-31],[-42,-11],[-107,10],[3,-60],[-36,-17],[-64,67],[-39,24],[-92,-1],[-44,-23],[-28,-50],[-9,-71],[2,-37],[39,-27],[31,-89],[52,-85],[36,-107],[-44,-34],[-52,-68],[-18,53],[-37,0],[-24,-42],[-43,18],[-71,3],[-3,15],[26,32],[-30,45],[-9,32],[1,43],[-39,-51],[-29,43],[5,8],[-66,-43],[-67,-20],[-35,-31],[-61,-103],[-70,-92],[-41,-39],[-73,-46],[-43,-134],[-21,-31],[-75,-45],[-68,-113],[-48,-148],[-19,-148],[-8,-136],[3,-58],[19,-61],[31,-42],[71,-59],[23,-45],[5,-117],[16,-43],[59,-73],[77,-138],[17,-66],[-8,-77],[-26,-47],[-101,-125],[-55,-51],[-85,-170],[-35,-52],[-35,-30],[-42,-13],[-119,1],[-55,12],[-54,23],[-146,106],[-49,21],[-61,8],[-101,-49],[-115,22],[-246,-22],[-33,-11],[-63,-89],[-28,-16],[-79,16],[-64,-17],[-171,-129],[-55,-23],[-127,-12],[-60,10],[-305,125],[-100,3],[-57,19],[-57,48],[-39,12],[-38,-12],[-48,-43],[-41,-1],[-44,20],[-73,-40],[-27,2],[-7,62],[56,125],[23,-2],[28,-36],[33,-23],[47,3],[43,22],[24,36],[-11,46],[6,23],[18,0],[23,-23],[-18,97],[-88,161],[-20,97],[22,113],[54,69],[127,102],[21,30],[36,91],[6,49],[-12,70],[-52,66],[-28,57],[-69,-7],[-15,70],[-46,-3],[-34,15],[-21,52],[38,20],[12,75],[-23,155],[-64,70],[-76,43],[-54,75],[-20,56],[-10,96],[-64,69],[-20,124],[-14,48],[-61,55],[-20,33],[-7,69],[-12,39],[-178,256],[-69,173],[-21,35],[-24,147],[-45,106],[-22,82],[-73,59],[-25,45],[361,-168],[13,-12],[24,-52],[71,-60],[57,24],[114,-4],[32,28],[24,50],[12,56],[-8,46],[-85,53],[-38,78],[-58,159],[-163,129],[-41,84],[65,128],[106,43],[221,-88],[105,45],[27,42],[29,65],[24,76],[10,74],[-8,71],[-56,164],[-33,157],[-27,45],[-55,15],[-44,-5],[-74,-29],[-86,10],[-96,116],[-17,45],[-12,79],[-61,70],[-29,58],[-39,135],[11,78],[-4,40],[-119,91],[-8,11],[-5,37],[-52,25],[-35,70],[-19,20],[-60,15],[-47,33],[-69,23],[-34,42],[-21,63],[-5,77],[24,60],[-2,21],[-14,74],[-11,28],[-14,24],[-58,30],[-57,48],[-44,64],[-4,66],[-49,48],[35,55],[-8,48],[-54,95],[-12,132],[-68,-3],[-22,15],[78,87],[-19,13],[-79,12],[-68,61],[51,0],[51,22],[-54,25],[-60,2],[0,24],[46,65],[42,16],[9,20],[0,24],[-8,21],[2,43],[-13,33],[-41,46],[-19,44],[-12,7],[-58,-24],[-32,40],[26,45],[48,51],[35,59],[-89,0],[41,28],[17,32],[-4,42],[-56,128],[-11,14],[-18,-3],[-39,-46],[-30,-53],[-25,-243],[-26,-70],[-13,63],[-71,-12],[21,96],[-41,-1],[-36,25],[22,32],[-22,163],[7,58],[17,39],[53,49],[-44,36],[8796,0],[17,-37]],[[49719,78890],[27,84],[-63,147],[-23,23],[-52,3],[-43,43],[-63,140],[-47,61],[-9,-51],[9,-145],[-35,-1],[-29,-25],[13,-42],[-3,-30],[-16,-19],[-25,-7],[1,22],[-33,102],[-19,127],[-32,141],[-8,28],[-18,22],[-12,-111],[19,-106],[30,-105],[26,-216],[39,-72],[48,-21],[7,-66],[21,-86],[23,16],[18,29],[36,77],[34,-33],[26,-77],[66,-37],[-22,64],[-40,80],[-21,71],[39,29],[12,-10],[14,-37],[37,43],[51,-60],[17,5]],[[47822,80410],[8,57],[-14,56],[-33,25],[-38,-3],[-30,-28],[-10,102],[-42,7],[-99,-85],[28,-42],[5,-41],[-14,-37],[-32,-28],[13,26],[-49,-28],[-51,-214],[-52,-52],[26,-74],[-64,-72],[25,-18],[89,18],[-23,-72],[-27,-50],[50,-26],[-63,-39],[-13,-35],[19,-20],[7,-30],[-3,-35],[-10,-37],[39,23],[21,-22],[3,-53],[-13,-70],[49,5],[8,18],[-20,25],[30,89],[40,57],[3,17],[73,96],[32,80],[25,101],[4,133],[10,39],[-21,57],[7,38],[59,83],[30,20],[18,39]],[[48833,37500],[-54,198],[-99,163],[-17,43],[-1,53],[20,74],[20,48],[26,36],[34,13],[45,-24],[15,-41],[-7,-143],[5,-86],[46,-195],[52,-139],[-85,0]],[[49093,37615],[-47,20],[-46,52],[-40,64],[-25,61],[30,44],[39,4],[8,16],[1,67],[17,15],[70,3],[29,20],[-16,50],[34,77],[4,31],[-11,54],[2,27],[21,31],[3,39],[-2,32],[-9,20],[-18,6],[27,40],[27,4],[60,-44],[-25,0],[3,-26],[50,-115],[24,-81],[-49,-32],[28,-26],[58,-8],[40,18],[10,-66],[-22,-125],[12,-75],[23,-36],[33,-14],[83,-1],[-1,-103],[111,-140],[5,-18],[-331,0],[4,133],[-10,29],[-32,-23],[0,-24],[25,-27],[-49,-5],[-148,32]],[[45165,39048],[34,-10],[43,-54],[-48,24],[-53,1],[-102,-266],[-2,21],[14,65],[45,119],[37,69],[32,31]],[[45069,39026],[-31,9],[-8,47],[25,56],[32,0],[31,-32],[-4,-42],[-45,-38]],[[47610,70642],[-2,19],[14,29],[-8,38],[-60,-36],[-52,12],[0,13],[13,13],[44,25],[6,-5],[34,37],[15,40],[-119,-15],[80,62],[0,24],[-75,3],[-43,-48],[-51,45],[-37,5],[-19,-12],[-129,-17],[-66,-56],[-17,24],[-8,-16],[12,-10],[-8,-9],[20,9],[-64,-63],[-30,-52],[-12,-40],[-46,-11],[-40,-24],[-1,-14],[-16,-7],[11,-21],[-4,-7],[6,-6],[-2,-17],[-8,-5],[7,-19],[7,7],[-4,-13],[21,21],[1,28],[-12,8],[10,2],[19,-36],[22,22],[2,16],[20,6],[30,-40],[10,-33],[0,-25],[-11,-19],[-28,-15],[-104,31],[-45,34],[-1,20],[9,19],[-7,23],[21,21],[4,30],[-11,-7],[9,25],[-28,-19],[-23,-32],[12,-23],[-56,0],[-30,-23],[-47,46],[-47,16],[4,16],[-8,4],[1,-18],[-10,5],[-20,31],[10,46],[-27,9],[-14,-8],[5,9],[-14,17],[0,19],[-115,100],[25,76],[30,51],[23,4],[26,-13],[44,16],[9,-13],[29,-2],[8,-14],[32,12],[-3,10],[45,24],[12,19],[-29,4],[-22,24],[-9,34],[12,2],[6,7],[14,-14],[6,13],[-10,9],[-28,-15],[8,58],[-25,3],[-25,37],[-19,9],[-82,-24],[46,93],[20,6],[-1,-16],[14,-8],[8,30],[51,27],[8,-6],[10,14],[24,-3],[-13,3],[22,8],[0,21],[26,28],[-74,39],[-8,18],[0,20],[7,3],[0,42],[-88,-29],[-36,39],[-13,77],[-29,8],[186,45],[83,-55],[5,-26],[-6,-38],[32,-29],[10,10],[-8,9],[10,6],[0,13],[-9,7],[5,29],[-16,56],[48,66],[20,6],[28,35],[25,-3],[-29,-84],[-27,-27],[46,-14],[1,-13],[-32,-58],[1,-12],[9,-10],[17,16],[30,-9],[0,16],[24,23],[2,36],[7,-7],[41,-74],[-16,-47],[11,-39],[55,-26],[15,-56],[14,19],[44,24],[36,-5],[3,-12],[-34,-19],[-24,-62],[2,-14],[62,-2],[4,-6],[-14,-20],[26,-4],[-19,-32],[-39,4],[3,17],[26,21],[-28,-12],[-12,-18],[10,1],[-13,-20],[3,-30],[32,-12],[17,17],[13,-25],[33,5],[10,-13],[14,11],[2,29],[-41,7],[0,16],[63,5],[6,11],[-8,28],[-43,-4],[-11,12],[43,30],[2,64],[-40,20],[-32,-2],[-2,-10],[-9,8],[2,19],[-6,13],[11,0],[-11,21],[14,48],[22,31],[0,26],[-24,75],[-15,21],[0,24],[20,2],[5,21],[14,4],[0,22],[-23,-2],[-33,-29],[-1,-12],[-9,-1],[3,-5],[-84,0],[-32,62],[-46,18],[-11,18],[-42,107],[-31,-11],[-1,-22],[-17,-23],[-31,-20],[8,-19],[-95,-82],[-50,-1],[-6,35],[12,52],[48,96],[20,94],[-5,15],[-15,-3],[-68,-21],[-27,-21],[-12,4],[1,34],[11,15],[77,70],[68,22],[49,3],[78,31],[55,-6],[38,9],[20,-26],[-12,-34],[-83,-66],[-20,-50],[12,-84],[19,-50],[55,-69],[72,-29],[12,16],[41,-7],[159,35],[108,9],[66,-69],[12,-92],[-48,-86],[-83,-62],[-40,-44],[-27,-58],[-1,-36],[20,-89],[50,-101],[36,-30],[55,3],[13,11],[17,-5],[59,-74],[18,-55],[25,-35],[36,-36],[25,-9],[-39,-26],[-13,-27],[-4,-36],[-12,-1],[-10,-24],[-7,-51],[12,-64],[-27,6],[5,-1]],[[47585,70655],[0,-4],[-10,4],[10,0]],[[47463,70796],[1,0],[-26,-20],[25,20]],[[46966,70541],[4,-1],[1,-1],[-5,2]],[[46573,70679],[-12,27],[23,19],[-4,4],[20,0],[0,-9],[28,-18],[-55,-23]],[[46738,71307],[0,-1],[-1,0],[1,1]],[[46963,71592],[-10,3],[-1,11],[8,-8],[3,-6]],[[47007,71585],[-39,23],[0,19],[19,17],[8,-7],[4,-40],[8,-12]],[[46417,71401],[66,266],[0,91],[34,39],[50,0],[6,-64],[-8,35],[2,-63],[-4,0],[-5,76],[-43,-52],[-13,1],[-2,-9],[10,-19],[-15,-30],[10,-14],[-1,-49],[-16,-66],[-5,2],[3,-10],[-19,-10],[2,-13],[-23,-23],[-11,-27],[-10,-71],[-3,-76],[-13,0],[8,86]],[[44829,72807],[-54,10],[-118,65],[0,23],[26,0],[-8,36],[8,28],[37,33],[-37,49],[41,51],[24,14],[24,-16],[13,26],[-13,49],[30,-3],[72,-46],[101,49],[-10,35],[0,29],[8,21],[16,13],[0,24],[-61,48],[-16,25],[-10,36],[7,24],[20,13],[34,0],[40,-79],[62,-32],[152,-11],[162,-37],[61,-62],[29,-122],[-3,-39],[-17,-22],[-31,-9],[-43,-1],[-219,53],[-67,-11],[-64,-33],[-62,-58],[-99,-150],[-35,-23]],[[50209,73279],[-75,-95],[-91,27],[-75,6],[-103,45],[-127,88],[-144,46],[-151,136],[-28,44],[23,76],[17,367],[6,37],[52,110],[27,115],[17,37],[25,-19],[75,-120],[67,-79],[140,-116],[51,13],[35,-12],[31,-71],[19,-28],[156,-120],[87,-33],[37,-44],[-25,-49],[18,-85],[-6,-30],[-59,-116],[-11,-36],[12,-94]],[[44486,72268],[-88,-97],[-27,-50],[-1,-113],[21,-203],[-4,-128],[-37,-4],[-39,55],[-8,50],[-27,41],[-60,134],[-14,45],[2,74],[23,57],[51,91],[-38,9],[-26,19],[-6,37],[19,59],[-21,14],[-30,59],[-86,100],[-15,46],[-2,67],[-11,28],[-61,67],[-21,35],[-14,187],[-18,35],[-38,20],[0,27],[88,71],[27,-11],[36,-49],[20,-11],[62,64],[20,-25],[26,16],[38,42],[0,22],[-19,28],[-35,109],[-22,36],[-124,66],[-36,8],[-49,48],[-117,8],[-35,21],[-57,71],[99,-24],[196,-100],[97,-24],[-41,82],[-115,96],[-48,90],[160,32],[10,14],[-4,29],[-40,37],[-106,-9],[-31,47],[27,33],[16,41],[-3,41],[-29,30],[-42,-1],[-84,-97],[-232,75],[-34,23],[-25,-15],[-128,63],[-101,-48],[-127,0],[0,-25],[38,-24],[-64,2],[-47,19],[-28,51],[-13,98],[27,-22],[27,-1],[23,23],[11,49],[-38,-24],[-44,-2],[-6,19],[5,87],[-147,145],[-17,34],[66,24],[3,36],[-14,18],[-27,8],[-47,-1],[-35,-73],[-29,0],[-11,16],[-26,79],[0,27],[76,-3],[56,57],[84,38],[18,43],[-2,42],[-23,20],[8,36],[-16,80],[-37,128],[-23,44],[-24,30],[-29,17],[-38,6],[-54,-33],[-9,20],[3,48],[11,26],[92,33],[19,51],[-5,67],[-25,69],[-82,113],[-90,59],[-203,59],[0,27],[293,-27],[-31,60],[-116,55],[-44,32],[-46,82],[-30,17],[-97,8],[-29,19],[0,22],[291,-49],[61,12],[116,50],[64,11],[0,-24],[-40,2],[-36,-24],[29,-62],[48,-49],[54,-18],[47,29],[-77,73],[25,27],[18,-19],[30,-9],[67,1],[93,63],[92,33],[22,33],[22,153],[-7,28],[-44,81],[48,-35],[45,-8],[43,20],[40,49],[64,-15],[51,97],[10,141],[-62,118],[-53,25],[-119,9],[-148,61],[-42,40],[-17,63],[237,-124],[49,13],[285,-49],[34,-35],[77,5],[131,43],[67,46],[38,8],[21,-31],[-8,-36],[-52,-68],[-16,-43],[22,-37],[-12,-24],[-30,-5],[-30,17],[11,49],[-59,-3],[-24,-14],[-18,-32],[92,-175],[35,-98],[-26,-70],[-28,-5],[-58,17],[-28,-12],[-33,-53],[-22,-20],[-34,0],[0,-27],[30,-11],[92,11],[86,56],[34,-5],[32,-87],[14,-58],[-1,-26],[-149,-29],[-33,-15],[-14,-22],[24,-29],[26,-4],[84,7],[31,26],[31,-34],[45,-72],[13,-48],[-27,-99],[57,68],[83,192],[-25,84],[20,92],[31,81],[27,31],[99,42],[30,101],[-38,116],[-44,105],[14,68],[33,-3],[65,-75],[53,-35],[-12,-104],[8,-45],[30,-55],[35,-104],[33,-147],[5,-139],[-48,-75],[-67,26],[-32,-5],[-26,-100],[-66,-69],[-23,-50],[37,-9],[53,27],[43,49],[6,57],[29,14],[31,-11],[26,-30],[16,-46],[-58,22],[-7,-8],[11,-33],[28,-25],[63,-29],[16,75],[42,114],[6,79],[-77,391],[0,126],[-7,51],[-44,190],[-28,50],[-34,19],[-40,-2],[-142,-63],[-53,-11],[-31,32],[31,88],[96,88],[176,119],[283,260],[148,90],[154,-7],[160,-99],[132,0],[36,-21],[65,-64],[55,-25],[96,-88],[-25,-56],[-76,-112],[-78,-203],[-24,-41],[0,-27],[78,-135],[40,-192],[48,-114],[-8,-35],[-6,-123],[-12,-86],[26,-73],[-39,-55],[-74,-158],[-70,-53],[-30,-86],[-41,-16],[-76,48],[-38,1],[-133,-85],[-154,-176],[-93,-209],[49,-188],[90,-88],[32,-12],[114,-9],[31,-16],[80,-74],[42,-56],[18,-53],[12,-113],[26,-96],[-38,-49],[-96,-76],[-389,-100],[-29,-35],[-47,-34],[-38,-60],[-22,-73],[11,-60],[-14,-31],[-16,-13],[-33,19],[13,77],[-21,48],[-38,14],[-77,-65],[-4,-37],[63,-61],[156,-15],[70,-27],[16,-82],[-11,-36],[-98,-78],[14,-8],[69,-171],[-1,-68],[-25,-36],[-82,-18],[-28,-13],[-62,-53],[-43,-9],[-65,30],[-100,105],[-62,13],[-2,-17],[14,-7],[-36,-27],[8,-68],[-31,-76],[-4,-51],[14,-40],[24,-23],[28,-4],[24,20],[-14,47],[63,27],[15,-20],[30,-80],[77,-80],[31,-18],[104,19],[28,-31],[52,-88],[56,-73],[0,-22],[-164,-149],[-27,-35],[-82,-184]],[[45427,75470],[68,79],[51,134],[25,35],[122,-357],[-65,-82],[-62,-32],[-52,-55],[-40,-12],[-40,67],[-26,98],[-1,80],[20,45]],[[51205,77106],[-16,53],[23,53],[27,16],[26,-23],[81,3],[-2,-20],[-22,-21],[-25,-5],[-4,-18],[9,-71],[-12,-23],[-25,4],[-60,52]],[[53755,81004],[-23,-119],[-78,-157],[-24,-146],[-32,-41],[-83,-49],[27,-52],[39,-21],[-65,-75],[-51,-98],[24,-120],[-2,-69],[-29,-30],[-17,-39],[-31,-189],[-21,-65],[-90,-54],[-24,-49],[-23,-177],[-107,-365],[-16,-70],[-13,-114],[-35,-65],[-38,-25],[-12,-31],[-10,-98],[12,-11],[1,-18],[-26,-73],[-9,-101],[-62,-174],[-19,-75],[-12,-67],[0,-110],[-6,-36],[-26,-50],[-20,-93],[-94,-237],[-33,-44],[-42,-31],[-40,-3],[-30,41],[-4,32],[4,117],[-25,97],[15,78],[-2,239],[15,56],[-42,200],[14,307],[38,146],[43,83],[19,103],[311,838],[32,37],[146,33],[27,43],[31,136],[84,221],[96,197],[79,212],[40,300],[57,37],[25,34],[10,30],[5,203],[8,61],[41,47],[57,96],[30,29],[36,20],[19,-2],[15,-52],[16,-6],[17,11],[11,29],[13,0],[0,-16],[29,-63],[9,-40],[-51,-7],[-40,-44],[-62,-122],[42,-104],[3,-54],[-29,-91],[-2,-46],[-40,-25]],[[56992,82133],[-13,-56],[8,-34],[23,-15],[33,5],[-25,-73],[72,-32],[74,-17],[20,50],[54,-36],[32,-75],[7,-49],[-7,-42],[-30,-18],[-57,0],[-39,24],[-31,-41],[-74,-24],[-58,-42],[-53,-59],[-43,-68],[-70,-66],[-25,-49],[13,-68],[14,-8],[39,8],[16,-12],[5,-112],[-65,-34],[3,-13],[-165,-40],[-50,-33],[0,-26],[26,0],[0,-23],[-42,-11],[-231,-137],[-45,-40],[-39,-56],[128,0],[-44,-37],[-132,-74],[-28,-48],[-12,-184],[20,-46],[29,-25],[66,-26],[-103,0],[0,-25],[26,-26],[-69,-74],[-18,-75],[-24,-23],[-175,-95],[-64,-11],[-57,36],[121,229],[4,30],[-10,82],[24,31],[68,27],[28,28],[15,45],[15,96],[15,41],[-44,-29],[-79,-86],[-42,18],[0,26],[25,32],[20,47],[4,45],[-24,23],[25,71],[-79,40],[-47,303],[-112,104],[3,68],[27,68],[69,59],[24,65],[10,73],[-10,53],[25,45],[-5,21],[-32,32],[-24,49],[-2,64],[-45,139],[-14,82],[-1,43],[1221,0],[7,-9]],[[32692,64683],[50,-64],[293,-83],[37,-158],[-1,-70],[-24,-91],[-30,-70],[-41,-71],[-48,-56],[-107,-34],[-88,-50],[-48,-12],[-23,-15],[-39,-69],[-83,-29],[-52,-33],[15,-109],[-11,-90],[-39,-65],[-66,-30],[-122,-6],[-50,24],[-110,105],[-60,39],[-127,56],[-115,0],[-39,26],[-13,41],[-5,51],[-19,56],[32,21],[53,61],[115,75],[80,92],[138,65],[83,92],[70,33],[25,25],[44,134],[15,15],[55,-1],[114,122],[107,42],[34,31]],[[39934,71464],[2,-10],[-8,2],[6,8]],[[43476,69513],[0,-8],[-5,8],[5,0]],[[39905,68379],[12,-12],[3,-18],[-3,1],[-12,29]],[[12441,4237],[60,-363],[183,-245],[156,-352],[144,-106],[147,-262],[257,-262],[730,-319],[846,411],[18,-42],[-37,-41],[48,-105],[215,-18],[42,33],[33,161],[88,97],[201,-205],[330,-126],[173,13],[230,130],[143,200],[76,-22],[201,566],[30,-48],[-20,-212],[28,-155],[90,-251],[-11,-308],[91,-151],[200,-55],[-223,362],[-18,103],[217,-368],[175,-125],[276,-31],[187,177],[359,-213],[122,41],[193,-92],[178,0],[362,195],[89,146],[139,85],[236,361],[271,82],[178,257],[157,665],[65,20],[213,359],[204,152],[65,-33],[116,187],[211,-91],[35,-84],[122,13],[91,171],[100,31],[86,285],[-5,109],[114,-22],[129,83],[86,-105],[0,-124],[79,-91],[251,-109],[158,94],[135,179],[172,669],[170,235],[189,152],[39,168],[202,61],[357,378],[202,34],[206,139],[150,268],[782,341],[157,-71],[572,120],[391,0],[661,270],[81,-12],[57,-124],[80,-31],[284,21],[356,345],[260,413],[81,26],[131,-75],[100,-154],[144,-32],[77,102],[11,146],[210,-113],[259,-12],[244,112],[240,295],[159,77],[513,-104],[291,100],[109,-49],[222,49],[204,-100],[404,51],[335,-208],[178,-183],[109,-26],[-27,-230],[270,-235],[127,-28],[297,79],[156,159],[83,229],[259,209],[250,-34],[608,284],[111,155],[18,257],[133,184],[143,84],[86,4],[152,-126],[102,-306],[412,-73],[88,-83],[19,-97],[128,-43],[266,128],[120,-40],[151,203],[31,156],[-137,242],[286,-49],[88,49],[39,-112],[159,12],[182,-241],[159,-3],[71,-84],[107,25],[52,84],[-47,-371],[250,-144],[262,100],[339,288],[102,-115],[324,-87],[424,242],[204,13],[188,174],[250,465],[223,146],[96,147],[244,5],[142,145],[64,-27],[183,147],[72,-24],[107,104],[176,47],[212,-58],[5,-206],[-166,-207],[81,-219],[119,-6],[64,100],[19,125],[-195,51],[117,129],[180,-63],[148,67],[30,-71],[130,-30],[233,-207],[-112,-71],[-62,69],[-92,-69],[62,-87],[92,12],[29,-71],[-5,-78],[-13,51],[-80,-121],[15,-176],[70,-180],[235,-344],[-89,-209],[-85,88],[-78,-52],[-42,-122],[109,-41],[46,107],[89,-241],[65,-63],[152,-8],[151,96],[123,430],[275,70],[285,394],[27,153],[205,128],[71,-16],[-5,-214],[162,-535],[-36,-115],[-175,-179],[-411,-1201],[-461,-267],[-111,-425],[-31,-520],[82,-473],[118,-208],[73,-283],[225,-261],[148,39],[34,-50],[-32,-118],[31,-124],[370,-218],[26,-83],[-70,-43],[-4,-169],[45,-131],[85,-41],[-64,-168],[-16,-448],[110,-241],[110,-102],[-3,-70],[-88,-47],[-90,-186],[-87,-217],[4,-209],[-186,-274],[-3,-300],[-111,-152],[28,-120],[-111,-102],[-174,-372],[-171,-112],[-81,-359],[-262,-117],[-31391,0],[406,1360],[161,871],[336,1345],[179,998],[99,76],[193,-33],[141,148],[175,-42],[241,314],[101,-3],[16,61],[73,-7],[105,-85],[49,39],[-116,-283],[50,-467],[68,-55]],[[12284,5940],[-109,59],[-31,-111],[25,-242],[-31,-84],[-308,-182],[-33,108],[-111,109],[-197,66],[-225,351],[-221,20],[-126,326],[-101,84],[-46,237],[-233,584],[97,-73],[48,-147],[97,146],[-83,-9],[-20,231],[-89,131],[-207,88],[-80,344],[43,123],[128,97],[14,317],[62,84],[151,-17],[52,106],[-277,-110],[-4,-291],[-77,-42],[-206,541],[-728,739],[-46,174],[120,286],[-145,-219],[-58,0],[63,-220],[-320,185],[-49,-34],[78,-29],[-449,-18],[-99,-77],[-61,46],[12,-100],[-152,49],[-611,-642],[-317,55],[26,-98],[-108,181],[-266,181],[-212,-37],[-133,72],[-136,-54],[-262,147],[-114,-22],[-83,-124],[-356,-128],[-125,-140],[-96,48],[157,530],[-17,107],[76,117],[27,158],[-29,118],[123,386],[38,419],[-57,233],[50,347],[77,33],[10,85],[-104,-28],[7,639],[-29,91],[-138,90],[147,392],[76,446],[-38,615],[-154,321],[-119,115],[70,18],[197,-215],[262,-72],[93,45],[-240,119],[-30,129],[28,122],[-67,154],[-73,-131],[60,-83],[-15,-86],[-217,111],[-91,-26],[-68,-163],[-105,-67],[-338,-79],[76,192],[11,283],[-127,407],[199,55],[69,-79],[-11,73],[113,51],[204,293],[-38,268],[-43,-4],[-47,228],[127,364],[216,121],[113,173],[-132,-146],[-184,-57],[-304,-752],[-23,-414],[-320,-56],[-67,-101],[-154,120],[-124,-5],[-37,18],[-11,365],[78,145],[61,289],[-26,351],[159,599],[19,248],[-25,177],[-102,210],[104,-26],[171,181],[80,-44],[21,33],[-44,90],[174,270],[84,225],[35,361],[377,1587],[27,52],[127,-73],[-58,99],[-149,65],[-22,128],[80,267],[208,1305],[15,-77],[64,122],[38,-23],[-12,96],[63,-14],[38,87],[-41,107],[169,112],[-178,-29],[-28,127],[71,145],[-18,76],[-15,-107],[-23,34],[-26,-73],[-45,-339],[-68,-200],[177,1217],[-20,496],[33,72],[-70,24],[-95,322],[-13,280],[-73,235],[16,266],[-103,726],[249,180],[-248,-98],[-57,35],[-36,116],[10,402],[208,294],[22,133],[-83,-155],[-159,-116],[-32,745],[26,87],[108,16],[-38,108],[76,131],[335,373],[6,139],[-52,-19],[-46,-131],[-204,-139],[-153,-13],[26,173],[48,-29],[-6,161],[109,3],[216,353],[-190,-122],[-159,-13],[-82,186],[-101,49],[113,97],[38,-41],[-25,-56],[89,-27],[25,146],[-19,238],[88,126],[83,299],[-100,-171],[-101,150],[-54,-232],[-39,47],[-87,-87],[27,-45],[-89,-52],[-77,-173],[-40,169],[-70,64],[76,399],[244,302],[19,139],[-38,30],[-8,-82],[-71,-77],[-181,-1],[-37,-125],[-58,-8],[-64,197],[64,73],[-76,87],[12,214],[-113,114],[0,-81],[-74,29],[-61,-155],[-43,112],[76,336],[-53,136],[115,213],[51,-44],[152,139],[-186,-12],[-17,63],[88,119],[217,27],[76,152],[146,-13],[32,35],[-134,136],[272,199],[274,-162],[186,110],[63,-40],[315,260],[65,-133],[42,204],[118,-71],[105,-260],[1,277],[64,92],[-166,39],[-75,85],[234,79],[19,67],[-305,-73],[31,183],[45,36],[-38,122],[149,30],[270,289],[22,-60],[42,12],[-41,127],[27,110],[145,31],[135,173],[51,-11],[64,-162],[-39,0],[-12,-120],[-64,-51],[93,-7],[-17,105],[89,0],[13,91],[184,135],[51,117],[32,-75],[-51,-95],[8,-67],[93,91],[47,-229],[138,154],[322,-184],[117,-291],[88,-61],[-27,-73],[420,-6],[25,-94],[-42,-131],[17,-62],[80,277],[106,33],[445,-30],[102,77],[256,-113],[88,27],[-12,73],[286,-24],[170,97],[83,-73],[202,-21],[84,67],[216,0],[0,173],[81,17],[21,76],[89,-44],[176,-292],[23,50],[35,-77],[525,-21],[-37,-174],[106,114],[106,-3],[225,-172],[376,-110],[63,47],[382,-196],[420,-52],[49,-67],[91,68],[98,-68],[37,57],[316,21],[326,168],[58,-51],[77,139],[210,71],[106,-64],[-139,-122],[61,-70],[72,97],[51,-51],[-20,120],[50,-23],[0,49],[277,140],[137,-140],[136,-44],[6,-71],[-77,26],[-59,-84],[76,-65],[26,65],[329,-95],[255,-173],[78,40],[150,-164],[-39,197],[166,146],[-13,49],[330,78],[99,-100],[45,-204],[55,159],[329,-147],[215,-197],[317,-3],[127,-98],[310,199],[77,-79],[26,27],[-39,51],[212,187],[66,-68],[212,84],[119,153],[222,491],[57,316],[305,2263],[63,723],[-18,184],[131,391],[160,-36],[102,50],[-38,172],[-198,217],[-113,-255],[-50,-284],[223,3081],[101,282],[50,2],[-7,-133],[41,-90],[231,-203],[276,-444],[93,-684],[63,-207],[209,-281],[23,-283],[41,-84],[-8,291],[-106,172],[190,-96],[-47,113],[-154,86],[-100,163],[-118,935],[-140,415],[-534,654],[-204,178],[-99,-1],[32,295],[123,51],[327,-319],[-256,322],[-49,216],[145,129],[-30,166],[38,49],[-77,193],[70,-39],[45,112],[-66,63],[-24,161],[-59,51],[22,44],[-173,165],[58,197],[127,106],[0,155],[-40,77],[-83,7],[-69,-55],[2,-113],[-49,18],[-70,126],[-171,124],[-146,-39],[-60,232],[-267,82],[-15,82],[-236,135],[-52,146],[14,-134],[-26,-3],[-50,357],[-162,348],[-86,44],[-174,314],[-127,99],[-18,263],[60,82],[-11,51],[98,96],[109,278],[-73,202],[-391,180],[140,91],[9,369],[270,103],[181,-57],[34,-38],[-37,-27],[212,-168],[143,-29],[-114,53],[-217,244],[-193,92],[-256,-23],[-241,-239],[-172,143],[-143,-71],[-173,120],[122,-33],[74,58],[-83,146],[-39,-98],[-24,159],[-77,65],[147,116],[70,-20],[0,-49],[88,97],[-105,25],[17,51],[-92,51],[-11,115],[242,53],[-284,79],[-212,-30],[60,33],[42,89],[-114,-49],[38,-49],[-88,25],[-28,-105],[-253,-18],[-170,212],[81,29],[27,-72],[64,0],[12,76],[126,-59],[98,190],[9,66],[-42,71],[-4,-145],[-124,96],[76,-24],[-22,41],[-79,32],[25,-22],[-266,-147],[12,49],[-50,-26],[12,124],[-77,97],[65,-368],[-101,124],[-17,-60],[-15,102],[-8,-93],[-107,-17],[-92,80],[0,-285],[72,-146],[-87,0],[-18,428],[-110,149],[26,146],[140,84],[-13,100],[-39,-26],[0,99],[-100,-22],[63,-126],[-90,-49],[27,-49],[-58,-97],[-70,97],[-178,49],[140,-22],[-140,71],[140,272],[-186,-179],[35,-67],[-152,-49],[-152,269],[-179,0],[-182,119],[-96,-70],[-142,26],[-63,193],[-141,161],[-49,12],[17,-73],[-55,-113],[-37,13],[50,51],[-64,-51],[-130,90],[-47,156],[-20,-42],[59,-153],[-77,-51],[-61,69],[10,-116],[51,0],[-60,-102],[-346,-22],[45,199],[-45,189],[-116,214],[-183,181],[-72,-73],[-55,70],[-234,54],[51,122],[769,145],[18,101],[-49,188],[-143,129],[-196,36],[-86,-212],[-48,-21],[26,99],[-37,98],[30,72],[-146,50],[0,73],[95,11],[52,202],[31,-18],[-24,-132],[51,-32],[468,15],[-50,-22],[38,-19],[151,68],[-254,51],[103,146],[-342,-97],[106,187],[198,156],[-573,-291],[-169,45],[-26,-75],[-93,1],[-53,123],[34,4],[-27,276],[56,64],[-47,66],[64,213],[124,103],[178,-41],[-57,124],[144,-4],[-62,99],[291,49],[-37,51],[154,76],[82,-54],[-14,-79],[209,31],[-36,39],[73,107],[203,-22],[14,97],[153,74],[35,-269],[117,73],[-27,-48],[101,-125],[-11,198],[38,-51],[0,131],[50,92],[418,-180],[26,19],[-18,161],[96,23],[-98,182],[122,184],[218,-124],[256,144],[55,88],[42,-60],[-25,-219],[139,244],[100,31],[27,-153],[-90,-244],[111,228],[106,-9],[-63,-119],[202,-74],[-25,-122],[222,-270],[26,-210],[183,-136],[-38,-95],[97,-89],[11,111],[104,12],[94,161],[203,171],[-51,49],[187,0],[130,173],[63,-100],[-89,-147],[32,-33],[115,107],[69,-244],[39,121],[34,-117],[24,107],[68,-14],[-38,98],[171,49],[96,-220],[38,-268],[76,73],[-52,47],[-24,148],[50,-49],[-88,94],[-52,150],[79,160],[75,38],[189,48],[13,-75],[-45,-179],[120,-90],[401,98],[413,0],[-71,89],[-90,-19],[-204,301],[-24,268],[-67,97],[45,48],[27,212],[39,47],[-38,80],[32,260],[71,11],[-78,22],[-55,-95],[-26,57],[8,189],[-34,74],[71,146],[-37,0],[-39,258],[115,35],[-127,45],[-15,-68],[-87,218],[25,26],[-75,93],[-14,56],[37,22],[-23,73],[-29,-62],[-113,113],[14,49],[-90,0],[-5,244],[-121,281],[76,146],[8,172],[-56,149],[-141,58],[19,165],[178,-31],[42,-85],[389,-148],[176,44],[189,176],[271,-58],[65,-255],[-67,-124],[-69,-27],[-9,-85],[242,-510],[-12,-211],[146,-25],[-6,108],[63,62],[245,-16],[219,-105],[761,-72],[355,-223],[430,194],[277,288],[461,132],[151,148],[-284,-132],[-436,132],[-51,148],[202,601],[761,550],[304,63],[852,372],[435,516],[82,260],[0,-18558],[20289,0],[55,-84],[24,25],[-24,27],[57,-13],[32,-62],[-13,-96],[-52,-78],[-22,-211],[-79,-149],[-38,121],[35,127],[-29,53],[-65,-130],[45,-62],[-36,-87],[50,-22],[-48,-96],[-176,176],[-68,-58],[26,-22],[-62,-389],[72,-389],[-4,-411],[158,-846],[204,-398],[394,-531],[439,-267],[601,-760],[407,-325],[80,70],[184,-254],[406,-1548],[56,-428],[214,-989],[175,-470],[269,-459],[309,-348],[320,-526],[276,-179],[58,-324],[242,-189],[227,-76],[240,-272],[598,-98],[1076,133],[209,-87],[72,-95],[26,-365],[-543,-630],[-7,-279],[69,-204],[163,-184],[925,-635],[135,-154],[858,-447],[406,-363],[370,-536],[504,-294],[177,-191],[207,-85],[-1,-84],[96,14],[67,-174],[-11,-161],[372,-355],[369,-678],[146,-459],[0,-124],[-194,-449],[-41,-578],[-79,-68],[-120,126],[-131,22],[-259,258],[-141,299],[47,53],[-9,93],[-89,75],[80,139],[-157,286],[-49,260],[24,22],[-91,109],[-651,64],[-208,98],[-369,319],[79,75],[-28,118],[126,-4],[51,90],[-114,-35],[-27,50],[-106,-74],[-63,109],[-197,24],[-255,-264],[-239,-513],[-96,-361],[-234,-415],[-10,-179],[60,-243],[-166,-289],[-97,-393],[72,-192],[-24,-114],[56,-102],[146,-127],[292,-49],[118,-211],[306,-237],[143,-227],[130,-59],[-81,-441],[57,-257],[-39,-428],[63,-180],[88,-39],[-63,-87],[0,-160],[-126,-219],[-17,71],[-135,-47],[-75,112],[-86,5],[-384,-213],[-263,-290],[-94,-350],[78,-611],[-14,-354],[-114,-207],[-373,-338],[-254,-478],[-147,-693],[-165,-107],[-542,78],[-135,243],[43,120],[-64,177],[44,182],[-28,276],[334,286],[170,620],[21,272],[-149,279],[2,74],[307,273],[278,19],[89,163],[36,438],[-29,125],[-120,142],[-105,362],[-91,964],[-71,334],[-237,447],[-113,470],[-68,481],[9,218],[-278,666],[-166,0],[-231,-299],[-124,36],[-53,106],[-99,-15],[33,65],[-29,93],[-252,342],[-148,-2],[-82,148],[-170,112],[52,233],[-13,96],[115,88],[7,139],[-202,627],[-198,346],[-290,-74],[-151,-127],[-106,68],[-267,-221],[-9,192],[257,252],[-4,124],[-148,114],[-186,275],[-130,-26],[-38,-108],[-224,108],[0,-171],[-64,22],[8,171],[-57,301],[-104,266],[-87,98],[-14,146],[-109,295],[-240,375],[-236,3],[-57,-54],[21,-107],[-58,-5],[-55,82],[-423,236],[-183,-63],[-179,-184],[-85,4],[-120,369],[-159,244],[-269,87],[-175,150],[-35,-65],[-346,655],[-224,288],[-163,89],[-128,511],[-277,406],[-192,160],[-165,-14],[-314,876],[-221,248],[-300,208],[-307,42],[-50,-187],[-143,89],[-37,97],[23,87],[120,-11],[45,145],[-3,144],[-52,155],[-56,-22],[-94,265],[-133,128],[-29,151],[-86,117],[-393,219],[62,111],[23,212],[-26,84],[-242,144],[-173,-34],[13,-51],[-51,-34],[-36,54],[-40,177],[73,121],[54,440],[-34,356],[-168,507],[-222,371],[-99,1132],[-154,520],[-167,251],[-189,123],[-48,-54],[-218,228],[-47,-56],[52,-73],[-28,-108],[-277,337],[-114,42],[-253,341],[-89,-15],[-115,115],[-13,81],[-253,211],[-37,-172],[-119,83],[-31,124],[-51,38],[-510,194],[-166,2],[-502,-445],[-101,-276],[-6,-120],[-281,-232],[-75,-297],[-118,-222],[29,-95],[-186,-214],[-613,-351],[-434,-22],[-181,-265],[-95,-8],[-42,-105],[-136,19],[-99,-169],[-96,37],[-48,-174],[24,-186],[-93,53],[-95,-116],[-114,38],[-57,-70],[17,-97],[-111,-259],[-58,42],[-30,-96],[-186,19],[-53,-240],[-80,-15],[-143,-223],[-12,-54],[39,-16],[151,31],[-46,-120],[21,-135],[-130,-101],[-30,51],[-99,-19],[-64,-112],[-192,-14],[-66,-101],[17,-100],[-176,100],[-161,-36],[-74,-131],[-1,-85],[50,-44],[-169,-4],[81,64],[-6,67],[-189,24],[-19,74],[-153,53],[13,72],[-114,-48],[133,-145],[-141,-39],[-35,-86],[-138,122],[55,99],[-213,143],[-42,118],[-73,27],[-41,-96],[-73,31],[-89,155],[-329,12],[41,195],[-56,228],[-83,75],[-104,-98],[-378,27],[-53,165],[39,99],[273,67],[97,186],[-6,85],[-154,-65],[-63,168],[-142,92],[-37,-146],[98,-236],[-20,-80],[-98,-52],[-129,91],[-112,-67],[-33,-71],[32,-130],[62,6],[-84,-90],[-42,144],[-139,144],[-29,365],[-88,195],[63,-183],[25,-376],[149,-198],[-5,-74],[-422,48],[-48,40],[25,211],[-124,92],[-613,28],[-91,83],[-29,84],[26,92],[-155,71],[-175,-58],[-394,-454],[-218,-135],[-202,-335],[-237,10],[-125,-75],[-377,-559],[-139,-585],[31,-127],[-34,-800],[27,-458],[174,-142],[66,-286],[-21,-137],[31,-168],[242,-95],[-101,-297],[-172,71],[-95,-148],[6,-278],[171,-258],[-35,-125],[74,-242],[-76,-276],[-82,-153],[-133,-67],[-18,-98],[-252,-309],[-171,-64],[-115,-175],[-892,-644],[-247,-495],[-191,-186],[-965,-312],[-595,-295],[-83,-164],[-139,43],[-199,-111],[-547,-906],[102,-73],[32,19],[-32,54],[31,-4],[198,-204],[-29,-148],[-137,-91],[-198,-342],[-113,-42],[-44,103],[131,-27],[129,211],[-246,-72],[-68,-84],[-394,-1090],[-269,-405],[-112,-331],[-145,-167],[-483,-1131],[-27,-183],[-192,-465],[-33,-191],[54,-566],[159,-500],[-49,-56],[28,-195],[224,-625],[178,-239],[303,-138],[58,-98],[-27,-27],[106,-92],[12,-100],[-280,-291],[-5,-107],[-229,-68],[-60,-257],[-188,-45],[-282,-204],[-122,-201],[-34,-175],[-178,-95],[11,-468],[-162,-63],[-60,-97],[-39,-166],[-18,-452],[-118,-166],[-75,-284],[-4,-240],[-50,95],[-45,-188],[-81,-99],[85,-270],[102,-91],[53,36],[39,-114],[-407,-227],[-90,73],[-211,16],[-60,-78],[26,-96],[-253,168],[-35,-77],[-115,16],[-273,-285],[-48,-195],[-322,-230],[-263,-558],[-173,-784],[11,-166],[-164,-145],[-152,-447],[-140,-162],[-106,26],[-146,260],[-146,96],[-133,-74],[-89,49],[-147,-40],[-105,-322],[-77,-120],[-110,-46],[-71,-6],[-119,120],[-50,-49],[-158,184],[-101,-52],[-445,63],[-188,-36],[-158,-176],[-116,2],[-71,89],[-63,-31],[-95,108],[-241,-66],[-198,100],[-227,-90],[-177,75],[-311,-127],[-331,41],[-56,-47],[-169,-464],[-117,-25],[-50,-154],[-82,-82],[-118,-52],[-333,48],[-169,-176],[-357,-164],[-124,-408],[-68,-70],[9,-59],[-90,-261],[-15,-276],[-45,188]],[[12828,17006],[152,442],[182,-147],[111,-277],[116,-65],[-119,151],[-70,254],[-162,143],[212,-34],[-207,116],[-58,-92],[-115,74],[49,-214],[-66,-201],[-109,-124],[-78,49],[-60,-392],[22,-50],[32,202],[168,165]],[[12450,18867],[122,96],[-161,-24],[-122,147],[-21,59],[43,40],[-50,124],[-65,-49],[27,-54],[-26,-61],[-125,-18],[-298,-205],[-332,7],[-236,181],[-87,3],[319,-266],[131,69],[215,-49],[191,134],[182,-88],[53,72],[6,-79],[69,59],[165,-98]],[[17300,22001],[150,228],[-95,-87],[-161,-316],[-42,-355],[26,-35],[94,220],[-38,133],[66,212]],[[40450,82142],[229,326],[427,36],[284,170],[349,339],[203,-25],[-197,-136],[-152,-244],[-56,-214],[110,-252],[-1197,0]],[[58333,71062],[433,458],[301,487],[121,396],[-76,416],[104,268],[105,-58],[691,12],[421,347],[348,472],[329,629],[153,502],[32,361],[-27,443],[60,-82],[26,-158],[-21,-593],[-61,-173],[35,-71],[-217,-464],[1,-75],[-141,-133],[-145,-289],[-273,-362],[-290,-308],[50,-85],[381,25],[179,-130],[201,-41],[161,52],[64,-46],[259,133],[24,80],[-115,829],[38,75],[65,-49],[57,40],[-6,258],[50,46],[-63,259],[-137,-83],[120,256],[0,87],[-187,843],[-135,238],[-25,158],[-30,302],[15,728],[-155,628],[25,133],[-22,351],[60,164],[6,304],[71,-207],[-26,-193],[58,-75],[33,57],[-39,360],[-123,161],[123,499],[12,564],[292,219],[296,361],[57,230],[-23,279],[38,490],[571,1019],[499,94],[897,508],[216,56],[-17,-405],[120,-211],[695,-683],[183,-84],[127,-524],[44,-61],[71,-386],[147,-144],[312,-98],[113,-161],[116,-54],[594,151],[153,199],[324,195],[312,381],[55,242],[-54,744],[-39,157],[30,225],[-32,258],[-107,208],[-25,317],[208,681],[121,174],[17,295],[-34,149],[30,195],[144,137],[4,159],[-197,187],[-153,40],[-85,-62],[-54,-220],[-80,-136],[-162,-13],[-82,-127],[-244,276],[-271,127],[-172,-39],[-41,202],[-76,127],[2,318],[-175,74],[-43,136],[-83,-101],[-27,28],[31,147],[-38,332],[90,46],[-25,135],[304,13],[195,-73],[-31,169],[164,-22],[-167,104],[-49,-55],[-286,33],[-322,-107],[69,128],[110,68],[-115,159],[-77,230],[301,89],[80,92],[-12,129],[-114,134],[101,-149],[-63,-22],[-51,-122],[-170,77],[-98,118],[52,0],[-2,109],[103,115],[51,-53],[2,184],[-90,312],[199,50],[118,111],[164,-96],[23,71],[-36,53],[62,66],[521,35],[78,-79],[36,83],[-149,260],[29,76],[84,24],[156,-147],[106,4],[-109,168],[265,60],[51,184],[164,24],[141,-120],[92,69],[175,-95],[26,48],[-64,74],[68,5],[30,86],[128,-175],[53,11],[80,140],[-80,252],[57,38],[242,-223],[144,36],[159,-73],[35,19],[-16,92],[69,37],[489,-172],[12,129],[237,28],[-87,128],[-22,353],[254,-319],[101,-51],[77,77],[-62,146],[11,74],[-37,22],[44,55],[159,-126],[25,-158],[60,-57],[65,38],[40,162],[114,-131],[81,142],[190,-174],[350,6],[404,-169],[160,71],[149,-29],[300,-267],[205,-96],[873,6],[860,-158],[203,140],[134,289],[32,179],[-147,448],[25,196],[148,147],[182,-146],[72,-241],[280,-88],[79,150],[18,375],[90,137],[111,28],[337,-260],[90,46],[122,-47],[95,108],[171,52],[108,198],[-100,154],[63,0],[272,260],[1190,-223],[663,-256],[101,138],[14,93],[-32,37],[73,112],[-67,94],[-485,102],[-106,255],[16,116],[-94,119],[-274,120],[-325,1],[-199,-114],[-678,55],[-121,117],[-119,224],[-115,55],[-112,263],[-22,-98],[-77,2],[-239,143],[-330,635],[127,0],[67,-177],[295,-175],[-7,138],[-70,124],[5,285],[40,2],[-76,195],[19,44],[107,-44],[41,83],[-82,163],[-216,-199],[-321,-63],[-32,-146],[-114,-10],[40,-98],[-89,27],[-147,-193],[-106,20],[-39,-71],[-439,-17],[-55,43],[-14,96],[-87,-140],[-41,18],[26,71],[-85,96],[-42,-21],[25,-51],[-36,-56],[36,-90],[-38,-25],[38,-22],[-64,-62],[-152,14],[102,95],[-74,13],[-80,-81],[40,-103],[-225,153],[-66,-29],[38,-48],[-38,-51],[63,-74],[-255,145],[-253,50],[-3,51],[143,-2],[-178,122],[29,70],[-24,20],[-68,-63],[42,-158],[-42,-40],[-121,124],[-45,-75],[-63,75],[-55,-38],[-49,-172],[-124,-9],[58,-136],[-88,97],[-225,-61],[39,100],[-32,2],[-101,-64],[-7,-111],[-95,-67],[-96,116],[-77,6],[-76,-69],[-130,125],[-15,69],[164,200],[7,134],[107,103],[237,-127],[-99,236],[-75,41],[-124,-83],[-234,-430],[-17,-120],[54,-110],[-30,-58],[-98,-55],[14,-57],[-76,73],[-76,-146],[-178,269],[-31,-45],[82,-129],[-175,30],[-68,-52],[-299,285],[-118,34],[207,-186],[21,-98],[-62,-19],[10,-43],[178,-188],[-31,-104],[-95,-25],[-2,82],[-78,115],[17,47],[-92,-43],[-212,165],[139,-146],[-63,-195],[87,-220],[-326,270],[-16,-89],[192,-108],[-210,-65],[-159,187],[39,99],[-39,50],[101,0],[-66,83],[-264,-134],[35,-125],[-78,-164],[-261,-4],[3,53],[-92,45],[14,-76],[-229,-22],[-22,-79],[-55,33],[89,-100],[-42,-13],[29,-36],[-190,-51],[13,51],[-134,-152],[-58,52],[52,132],[-50,48],[-89,-248],[-196,1],[-20,43],[68,21],[-4,64],[-115,39],[38,-100],[-273,-116],[-18,-103],[-73,125],[-142,70],[79,-102],[-104,-142],[125,49],[-63,-97],[38,-49],[-276,-243],[-54,-3],[88,197],[-165,-149],[-13,61],[-102,-87],[83,137],[19,136],[-89,6],[-125,-129],[-174,12],[46,-63],[-35,-21],[-108,45],[-178,-77],[18,104],[-34,-5],[-85,-124],[-152,-37],[-136,-130],[-356,0],[-63,75],[-267,-75],[101,195],[106,64],[10,160],[-89,-38],[-109,-246],[-209,-255],[-166,-90],[-27,-108],[54,-95],[-673,-100],[107,125],[412,146],[-5,102],[151,17],[147,311],[12,73],[-203,-357],[-64,73],[-145,-96],[1,182],[171,83],[100,150],[-411,18],[-83,117],[102,158],[-38,49],[-103,-146],[-20,97],[-156,100],[20,70],[-34,52],[260,333],[135,279],[-86,-40],[-66,-133],[-106,35],[-379,-280],[-391,-121],[126,100],[-39,37],[34,70],[107,59],[-368,-120],[18,71],[312,394],[-7,85],[-149,-95],[-149,11],[38,95],[-356,-70],[-204,171],[-120,23],[-28,90],[-101,-83],[-53,115],[-67,20],[4,56],[-90,0],[27,95],[-87,35],[-110,-47],[56,-134],[-164,0],[42,348],[70,44],[-32,66],[22,80],[-331,-219],[-14,-209],[-78,-72],[-100,13],[48,45],[-123,223],[113,0],[-315,46],[37,49],[-25,51],[102,0],[-167,138],[-49,154],[158,-35],[-31,160],[89,22],[-153,75],[64,25],[-172,244],[-20,133],[204,39],[-139,96],[69,51],[70,-51],[-204,392],[38,51],[-74,120],[164,-71],[38,37],[-76,34],[214,0],[-51,64],[15,82],[-52,149],[65,24],[-51,73],[214,122],[-27,75],[-125,74],[51,121],[76,0],[-38,341],[-139,98],[229,49],[-279,246],[315,0],[-49,122],[-103,0],[-74,98],[-18,55],[41,20],[433,-146],[-189,209],[-42,152],[-100,78],[12,82],[-49,137],[127,-48],[-215,221],[30,184],[-77,54],[8,55],[-85,124],[-16,46],[36,63],[-62,110],[-126,7],[-65,42],[33,71],[-108,49],[73,233],[24,254],[43,-44],[25,195],[119,159],[-68,85],[39,124],[-115,-124],[49,441],[-126,-22],[0,219],[-122,-182],[21,-88],[-41,7],[15,190],[-39,22],[39,76],[-127,-49],[39,217],[-71,-16],[3,142],[8746,0],[41,-100],[-141,-97],[141,-97],[23,21],[-49,101],[90,-5],[86,-142],[-63,-184],[52,-135],[-155,38],[-23,-50],[139,-112],[-167,-163],[-189,-5],[77,-76],[-22,-53],[-131,-11],[90,-153],[-54,-95],[-316,-29],[-12,146],[-89,-49],[-19,79],[-39,-15],[-19,-52],[39,-36],[-3,-110],[226,-63],[96,65],[87,-80],[-82,-14],[-3,-73],[173,-89],[12,-66],[-93,-81],[-311,45],[115,-99],[-28,-55],[-93,14],[-33,-106],[76,-22],[-87,-124],[-147,98],[-209,26],[165,-121],[-316,-149],[414,77],[55,-46],[-116,-337],[-94,-48],[-145,13],[0,94],[-51,52],[-140,0],[151,-198],[-24,-95],[83,47],[145,-47],[-31,-82],[57,-69],[-51,-22],[139,0],[76,-124],[-70,-120],[-108,-48],[88,-22],[-45,-97],[-194,94],[-51,-22],[38,-75],[-48,-71],[-205,-5],[127,-122],[-64,-72],[88,-30],[-139,-68],[292,-210],[-140,-36],[89,-49],[-76,-23],[42,-66],[110,-43],[-26,-111],[146,108],[44,-34],[-46,-158],[20,-160],[98,6],[-33,140],[50,34],[108,-96],[-44,-247],[75,-84],[-180,-34],[-75,-74],[-35,-137],[49,0],[-177,-120],[183,-5],[71,-94],[38,71],[-45,112],[50,30],[147,-142],[-63,-119],[206,-120],[-30,321],[-28,17],[-33,-99],[-140,196],[94,111],[6,86],[244,59],[74,88],[-187,72],[-19,158],[95,38],[240,-157],[-59,-111],[80,20],[130,-118],[-76,-122],[19,-36],[133,256],[99,-137],[28,113],[189,-196],[13,-98],[127,-87],[-127,-329],[-159,-147],[44,-78],[52,153],[50,-196],[105,278],[111,114],[-76,-27],[11,89],[78,110],[115,-2],[-87,65],[-37,128],[-54,-71],[-6,123],[31,48],[38,-51],[-49,187],[11,85],[-153,74],[141,124],[-13,-78],[80,48],[16,-174],[50,-4],[56,256],[-177,24],[171,157],[135,283],[-95,-59],[-110,-228],[-260,-239],[-39,-141],[122,-117],[-113,-124],[-167,150],[45,57],[-32,65],[-241,100],[-75,-54],[37,-22],[-109,-10],[-304,158],[-80,-74],[-40,74],[52,72],[-46,30],[-82,-128],[64,220],[-52,24],[116,122],[-166,72],[-12,126],[418,-26],[-51,43],[-1,120],[-99,-15],[37,-48],[-56,-20],[-186,116],[116,51],[-52,171],[128,100],[-166,22],[46,72],[399,-146],[-243,217],[14,127],[-76,0],[190,195],[-25,195],[63,171],[-113,-47],[-15,-107],[-109,-126],[-93,109],[62,143],[1,150],[129,-13],[138,110],[-55,52],[-80,-53],[-92,38],[-15,87],[115,-26],[-105,235],[68,9],[54,-95],[41,82],[74,-154],[86,72],[-76,104],[88,-19],[-26,87],[30,37],[221,-123],[14,47],[-46,100],[-231,108],[69,368],[67,97],[-9,73],[77,73],[30,-36],[-33,-257],[216,-172],[-144,199],[52,207],[-22,231],[203,-48],[-177,196],[-26,146],[63,146],[10,-66],[100,-22],[57,-108],[28,-111],[-42,-10],[108,-69],[-45,-54],[153,-23],[51,65],[-61,9],[-55,170],[-189,197],[243,-81],[253,-214],[-5,193],[29,54],[-41,117],[-122,76],[36,170],[-38,77],[680,0],[-153,-173],[-69,73],[-28,-62],[116,-132],[-24,-35],[-140,132],[-101,-27],[88,-119],[-102,-61],[-40,-145],[182,-161],[-1,88],[-68,56],[67,223],[208,-79],[7,128],[102,48],[-39,120],[102,49],[-47,77],[177,0],[-80,-172],[50,-1],[180,171],[11,-125],[236,-109],[26,67],[-81,92],[48,51],[-48,26],[655,0],[16,-50],[-37,-75],[74,-36],[230,61],[-80,100],[100,0],[144,-100],[-112,-67],[207,-214],[124,51],[-86,197],[298,-285],[59,41],[-65,251],[69,26],[84,-243],[95,-97],[-97,-113],[158,12],[65,-97],[-215,24],[118,-162],[21,-57],[-25,-51],[63,-24],[29,-165],[98,-103],[-228,-47],[39,-51],[346,-193],[60,20],[-51,51],[47,9],[289,-105],[56,-4],[-140,76],[179,-7],[330,-237],[-330,146],[160,-154],[702,-385],[-316,0],[49,-68],[393,-106],[14,-47],[-52,-49],[70,-15],[-19,-117],[-74,52],[-79,-66],[-169,9],[-321,185],[-54,-22],[114,-50],[-102,-147],[100,-113],[-10,-60],[-153,146],[-8,-103],[33,-65],[-27,-32],[-47,106],[-115,48],[84,-82],[5,-66],[-178,26],[49,74],[-171,-85],[-32,-62],[65,25],[4,-254],[-94,-283],[40,-27],[-99,-207],[-66,183],[-45,-62],[19,-84],[-63,0],[-41,-131],[-74,-17],[-34,212],[-122,147],[-33,130],[-52,-25],[74,136],[-121,185],[-87,-14],[-45,86],[29,24],[-11,96],[-201,-60],[6,111],[-101,48],[38,49],[-115,51],[5,-89],[-43,-59],[30,-41],[111,-8],[126,-149],[-7,-51],[122,-21],[-90,-198],[-281,-15],[41,-78],[202,22],[-301,-202],[-130,20],[-17,101],[43,104],[-89,75],[24,-304],[-100,-37],[139,-27],[-25,-47],[77,-73],[-207,-14],[-225,87],[164,317],[-50,37],[-35,-121],[-54,84],[88,147],[0,70],[-151,-85],[24,-34],[-38,-195],[20,-208],[91,-100],[263,-83],[33,-75],[-204,36],[13,-60],[-164,170],[-25,-72],[-61,36],[-54,-110],[155,-102],[68,67],[43,-65],[-193,-150],[-23,-42],[76,-27],[-38,-49],[27,-98],[-78,-48],[154,0],[12,122],[0,-50],[89,-24],[216,-218],[-123,27],[-59,-33],[-22,-92],[90,70],[43,-88],[44,52],[2,-110],[340,-98],[58,140],[-69,82],[349,-72],[57,72],[303,59],[27,-138],[102,-67],[54,-130],[186,-16],[39,-78],[-167,-78],[-153,194],[-194,58],[-137,-59],[-66,-101],[-122,-14],[223,-151],[19,-43],[-63,-98],[48,-43],[67,69],[73,-16],[-36,62],[25,39],[141,-61],[-55,-5],[15,-56],[135,-41],[360,52],[138,139],[611,238],[283,224],[-23,161],[-399,315],[51,-97],[-229,-50],[0,74],[-190,-146],[-198,38],[-87,100],[221,-24],[102,82],[-233,13],[6,92],[387,21],[55,94],[-37,173],[-64,71],[252,-127],[67,56],[-35,125],[-55,-15],[90,85],[-77,22],[63,52],[-68,54],[42,70],[164,28],[122,-97],[32,17],[-179,167],[-176,4],[12,-49],[-100,-26],[-39,146],[102,-13],[25,115],[77,-124],[28,190],[97,3],[610,-458],[38,21],[-152,170],[116,-64],[36,14],[-38,50],[89,-24],[-13,49],[200,-74],[53,49],[-75,0],[12,39],[152,133],[-51,91],[241,31],[-89,72],[51,122],[50,-121],[59,109],[107,12],[-89,100],[290,71],[91,100],[-101,73],[54,20],[108,-125],[42,81],[-63,170],[125,-48],[26,48],[-63,49],[88,98],[-252,370],[-110,-63],[38,-148],[83,-84],[-196,116],[-108,103],[25,76],[-112,87],[-80,157],[192,-76],[-27,34],[51,184],[-49,128],[42,-48],[55,42],[231,-190],[26,45],[-61,78],[249,-15],[206,-244],[201,167],[-84,140],[-191,16],[-179,153],[-14,-98],[-52,-17],[-157,73],[-209,312],[214,-34],[-63,108],[62,41],[120,-88],[47,71],[202,-49],[-213,149],[59,62],[96,-44],[-16,102],[59,39],[4,107],[113,-47],[70,109],[-101,0],[-99,210],[7575,0],[1,-170],[106,-249],[57,-7],[32,83],[-26,49],[97,18],[145,-304],[203,-241],[-13,-127],[51,-82],[-89,-98],[125,-168],[-36,-27],[439,-346],[190,-451],[-1,-173],[-83,-39],[-5,-227],[-40,-22],[-120,156],[-255,74],[3,64],[-84,122],[-44,-38],[106,-199],[-43,2],[202,-147],[357,-465],[100,-51],[90,-215],[191,-37],[156,-146],[219,35],[56,-163],[68,38],[268,-80],[178,-176],[70,-182],[184,-50],[138,-209],[20,-133],[69,-61],[30,-116],[-24,-117],[148,-137],[23,-88],[-249,-419],[-105,37],[-134,157],[-189,71],[-268,-137],[-287,309],[85,159],[267,-124],[18,89],[58,8],[-176,51],[-152,146],[-44,-92],[-188,-8],[-177,124],[-93,-93],[5,-201],[-75,-102],[60,-78],[-10,-78],[65,-129],[-15,-77],[177,122],[-77,140],[104,-10],[49,-80],[270,-32],[66,-87],[-95,-125],[58,-11],[187,101],[80,-68],[186,189],[222,-164],[46,-103],[-43,-44],[9,-74],[122,-153],[105,-43],[300,65],[-66,-137],[115,49],[101,-124],[115,97],[50,147],[-241,0],[63,51],[-88,26],[337,110],[229,434],[88,-100],[95,18],[156,104],[187,266],[98,-20],[3,78],[-89,38],[-127,196],[184,183],[30,153],[-24,152],[-75,143],[-319,154],[16,119],[-90,220],[-290,287],[29,186],[-158,361],[-243,142],[65,104],[-51,119],[72,130],[-295,224],[-98,175],[16,132],[200,348],[29,289],[62,160],[-13,117],[47,100],[-34,287],[-104,146],[11538,0],[0,-99999],[-11238,0],[96,138],[7,293],[-223,1084],[63,349],[-24,312],[138,317],[-87,321],[25,120],[-18,343],[-186,326],[-89,-17],[14,132],[-101,147],[102,109],[-14,197],[54,48],[74,236],[-8,152],[-69,213],[134,8],[196,533],[-53,310],[-277,692],[-18,138],[221,349],[19,108],[133,112],[101,207],[267,237],[50,192],[-50,514],[-241,417],[-137,-10],[-332,-502],[-225,-37],[-131,-160],[-12,73],[-63,-142],[12,-55],[75,97],[26,-46],[26,121],[31,-75],[82,27],[-160,-140],[-26,-121],[161,212],[-69,-111],[-64,-259],[-123,-54],[-124,95],[-21,-55],[97,-57],[-159,49],[-184,-197],[-674,641],[-151,-3],[14,73],[-254,271],[-145,-8],[-255,-165],[-516,-646],[-183,-405],[-185,-213],[1,-303],[-145,-93],[-76,-319],[-32,-1],[17,87],[-37,188],[-110,88],[-112,-170],[26,-27],[-48,-104],[-173,-175],[-32,-160],[-76,199],[-176,-233],[-40,12],[25,49],[-159,49],[-455,-122],[-103,46],[-128,-193],[-272,74],[-254,-273],[-246,70],[-566,469],[-144,238],[-21,154],[-156,252],[-166,456],[-155,216],[-374,153],[-148,189],[-663,448],[-4,86],[-66,60],[-743,173],[-303,-27],[-166,149],[-157,-190],[-59,-203],[13,-365],[-38,-147],[51,-148],[-26,-244],[-90,-137],[-86,-315],[50,-135],[-14,-51],[48,-27],[-171,-412],[-54,-73],[-26,243],[-241,122],[-177,-34],[-26,-159],[-25,71],[-38,-122],[-116,67],[-24,-16],[39,-26],[-125,-104],[-134,4],[-160,-120],[-93,-164],[-33,-9],[25,76],[-104,16],[-87,-140],[-90,195],[34,32],[-108,-6],[74,49],[-376,113],[-17,131],[-114,-124],[-213,327],[-167,90],[0,99],[-89,49],[63,73],[-12,151],[-51,71],[51,71],[-17,212],[-186,-17],[41,48],[-30,100],[39,125],[27,-36],[75,106],[-11,-60],[49,25],[-38,111],[-260,222],[-32,85],[-165,-307],[38,-124],[25,146],[33,-47],[-59,-184],[-76,-15],[-19,65],[45,61],[-102,47],[-9,94],[-68,73],[-150,-18],[-29,92],[-48,-68],[-37,122],[13,295],[-26,-76],[-93,102],[-41,-36],[7,-88],[-76,46],[25,52],[-82,44],[19,89],[-27,108],[-139,-104],[89,-91],[-53,-141],[-150,95],[0,-76],[-69,6],[1,63],[68,53],[-107,61],[-38,-118],[22,-165],[86,-168],[-114,0],[0,-73],[-132,-96],[-94,-244],[-92,-28],[-48,-113],[-108,4],[-34,131],[139,0],[102,148],[-25,49],[-52,-71],[25,96],[-43,93],[-16,-73],[-117,66],[140,111],[138,-4],[-63,101],[51,100],[38,-75],[-22,166],[-132,-133],[-24,42],[-216,-124],[-10,49],[-104,-49],[-92,73],[-161,-16],[-65,-106],[-25,-246],[-216,98],[-151,-122],[-190,100],[-27,119],[109,-11],[65,160],[300,40],[22,130],[41,17],[212,-90],[72,91],[182,20],[241,-111],[52,98],[-90,73],[33,36],[-33,64],[90,49],[-63,146],[75,51],[-37,46],[214,-24],[14,-73],[-14,122],[51,-25],[51,220],[59,-44],[4,71],[153,103],[-45,50],[-331,-53],[-35,-14],[5,-64],[-229,75],[-368,-97],[-13,-51],[-172,42],[-95,-89],[-128,58],[-10,-85],[-165,74],[-63,122],[-78,0],[-25,-122],[-12,122],[-89,-49],[-38,-195],[-83,14],[-64,351],[122,173],[-63,0],[-14,49],[127,0],[0,124],[38,-102],[76,78],[6,-78],[97,-22],[39,-123],[195,129],[19,43],[-39,-27],[-49,224],[111,21],[-23,-72],[64,76],[-38,110],[49,158],[-116,-7],[-71,-156],[-28,17],[33,43],[-16,79],[-84,-57],[51,269],[-34,58],[-8,-100],[-41,-36],[-92,63],[0,151],[78,90],[-58,79],[-159,-150],[16,-69],[-156,-55],[-102,76],[26,146],[39,24],[-6,256],[-83,-36],[5,278],[53,67],[-1,120],[-365,246],[17,73],[197,9],[159,88],[68,111],[22,211],[-42,218],[66,230],[-66,211],[-181,-7],[-132,121],[-26,92],[-149,70],[-152,-32],[-38,-76],[-57,147],[-13,197],[-77,146],[-32,-25],[-29,184],[-231,-47],[-24,-232],[-25,23],[-27,-147],[-50,147],[-20,-81],[-61,89],[-9,116],[-51,-21],[-137,167],[0,-73],[-51,84],[0,135],[-67,-119],[-224,186],[138,153],[-34,62],[9,105],[25,-43],[25,71],[-12,-147],[131,-65],[-4,90],[64,-25],[108,108],[-45,212],[69,-71],[45,95],[-134,142],[-98,-66],[29,119],[-63,171],[-38,357],[13,94],[107,63],[170,-95],[231,-477],[24,-184],[-102,-24],[31,-25],[-31,-126],[63,-47],[94,-351],[50,66],[-42,64],[-12,148],[58,161],[43,10],[77,-246],[52,-19],[240,68],[164,124],[140,-37],[140,183],[-263,33],[-161,-99],[18,42],[-88,172],[-90,63],[-64,108],[139,-124],[-101,147],[26,172],[-103,0],[14,52],[-89,22],[12,73],[-75,51],[63,49],[-63,195],[184,123],[158,-75],[-12,49],[70,79],[-70,165],[75,49],[43,-86],[-4,137],[101,95],[38,-38],[54,94],[-40,17],[31,96],[-31,77],[-109,-73],[-37,73],[-70,0],[-108,-95],[-111,131],[-13,172],[28,85],[-39,0],[147,146],[4,100],[-95,208],[-159,172],[-35,234],[-203,44],[67,151],[15,-39],[-33,-34],[65,-51],[-1,83],[267,334],[-25,122],[92,22],[32,113],[115,58],[14,311],[-82,34],[-112,-98],[-46,49],[-650,-176],[-176,-143],[-140,23],[-69,-79],[-252,-23],[-72,55],[68,441],[85,183],[13,196],[-51,184],[35,252],[-35,41],[30,375],[67,211],[116,-25],[111,88],[94,157],[14,141],[44,19],[27,305],[172,69],[435,681],[299,9],[175,-62],[194,227],[220,-16],[133,73],[77,-195],[-63,-27],[292,-300],[183,-47],[115,79],[277,-56],[224,253],[-170,24],[-77,231],[-122,138],[140,146],[38,-78],[351,-44],[119,-102],[-241,-266],[8,-92],[67,-29],[310,107],[437,29],[257,-15],[-52,-73],[160,42],[171,-93],[249,133],[309,-133],[176,-3],[59,40],[45,184],[114,25],[-159,171],[-178,-74],[-98,34],[-264,186],[34,109],[359,326],[547,76],[204,150],[46,-76],[137,145],[68,-21],[60,-108],[358,119],[317,-29],[28,67],[-19,82],[-285,-33],[-202,124],[-440,-27],[-94,-69],[-90,120],[19,63],[-45,59],[-112,-49],[74,100],[-57,111],[-437,401],[-38,173],[102,164],[52,230],[-40,43],[186,287],[115,27],[1209,-328],[468,-18],[148,83],[121,173],[162,-122],[858,-363],[737,44],[299,344],[50,328],[-44,54],[14,75],[125,30],[51,97],[297,164],[394,381],[486,339],[239,431],[164,33],[57,95],[32,-48],[394,346],[123,-11],[458,162],[737,490],[1865,-253],[280,97],[147,-84],[341,-5],[265,205],[109,325],[140,-22],[38,-146],[112,-106],[123,79],[84,-73],[-185,-60],[-33,-336],[205,-362],[-25,-25],[53,-152],[136,-167],[191,-84],[157,-166],[248,-45],[624,371],[-52,-98],[-25,-224],[107,294],[121,-146],[12,49],[166,-365],[-27,-374],[27,-116],[190,-368],[176,-128],[22,-123],[95,-115],[103,-57],[124,79],[114,160],[75,242],[256,-32],[420,-256],[87,-185],[14,-219],[178,-124],[303,-23],[418,-368],[154,47],[151,321],[47,-91],[127,28],[3,-224],[205,-278],[72,47],[494,-192],[124,32],[115,-116],[387,32],[180,175],[76,-97],[74,22],[122,167],[231,129],[247,20],[234,130],[194,-105],[291,222],[116,-41],[254,-331],[185,31],[307,-222],[192,97],[160,-199],[106,-13],[293,163],[303,293],[172,-28],[260,199],[240,356],[175,-26],[223,149],[146,190],[128,36],[175,208],[229,130],[55,218],[127,157],[147,384],[166,212],[181,569],[-33,660],[-170,384],[-28,351],[-98,490],[-76,145],[-102,895],[-140,355],[-369,223],[-139,-24],[-235,694],[-165,-26],[-145,287],[-320,112],[-169,-31],[-132,148],[-226,126],[-69,11],[-48,-88],[-124,270],[9,113],[-100,253],[-529,313],[-121,318],[-277,258],[-51,164],[-133,110],[-537,899],[-394,454],[-194,274],[-62,172],[-227,129],[-180,318],[-302,209],[-700,197],[-73,67],[-129,325],[-84,97],[-12,125],[-133,18],[-105,149],[16,101],[-114,197],[-179,145],[82,-221],[-42,-117],[-117,2],[-194,119],[-101,-49],[-146,46],[-236,284],[-146,428],[25,150],[-211,291],[-651,422],[-257,-20],[-111,88],[-117,210],[30,63],[208,-7],[248,107],[224,179],[16,72],[-43,61],[-293,-100],[-57,222],[33,38],[49,-187],[18,124],[65,72],[-122,72],[-210,-219],[69,231],[237,186],[567,-384],[-47,-82],[-13,-146],[-76,-37],[23,-80],[293,58],[33,78],[120,-19],[-83,80],[-187,21],[-27,93],[350,6],[62,-76],[255,225],[-26,-127],[70,48],[107,-57],[14,-67],[-77,-46],[45,-37],[82,159],[31,-76],[156,-23],[-67,118],[108,224],[-76,-46],[-27,244],[77,-25],[-108,120],[26,282],[-120,161],[-22,-79],[73,-69],[-51,-49],[37,-159],[-27,-187],[-40,-134],[-60,50],[16,725],[58,117],[9,-69],[-31,-24],[104,-116],[21,65],[38,-22],[-66,169],[301,300],[205,955],[181,129],[110,4],[-120,-116],[77,0],[-60,-229],[71,-53],[-13,-134],[-133,-272],[71,-59],[38,38],[-19,101],[209,732],[9,216],[193,55],[88,-151],[234,-212],[212,-5],[29,195],[-35,99],[-476,370],[-53,198],[-340,437],[-198,14],[-5,-65],[75,-49],[-88,-24],[-266,410],[-179,691],[225,-170],[241,-18],[101,43],[160,204],[168,34],[107,130],[77,-201],[276,-104],[239,43],[12,67],[-58,115],[-178,119],[-150,-42],[-21,-84],[-19,169],[65,88],[0,146],[133,146],[145,-48],[464,161],[115,177],[132,16],[256,304],[73,-71],[71,49],[235,-49],[44,257],[157,109],[-110,47],[-91,-145],[-28,31],[15,140],[-44,44],[6,115],[51,60],[0,137],[-30,91],[-199,67],[-126,24],[-139,-114],[-127,-6],[-13,-225],[-167,-93],[-545,-100],[28,-73],[-167,97],[152,271],[399,97],[83,146],[-70,-97],[-348,-64],[-140,-109],[-130,-252],[-416,-114],[-215,-292],[41,172],[-109,90],[-84,-65],[-306,71],[-199,-94],[-383,23],[-391,-711],[-42,-25],[9,90],[-41,70],[-127,59],[-691,-487],[16,-84],[-172,-499],[-48,44],[52,-22],[57,290],[-197,198],[-548,-200],[-179,-232],[-47,-185],[-19,65],[-41,-52],[-3,87],[-101,120],[-533,-58],[-242,-184],[-264,-367],[-254,-180],[-206,-284],[-404,-858],[-333,-180],[129,180],[-14,49],[289,147],[263,545],[7,90],[-64,-83],[-81,48],[-17,79],[48,229],[-129,90],[-49,178],[-40,-69],[79,-345],[-187,-353],[-144,-164],[-193,-60],[-61,60],[-21,-107],[-80,-50],[-51,-148],[117,-858],[155,-488],[159,-426],[533,-1068],[344,-270],[367,161],[217,465],[45,-5],[-6,-198],[244,-183],[67,19],[87,221],[90,97],[308,70],[43,-56],[-16,-64],[78,51],[132,-75],[145,24],[79,-122],[93,66],[56,-66],[46,-206],[-96,-62],[-156,46],[-22,-195],[-98,-72],[-53,-438],[86,-206],[-28,-86],[-319,-85],[-80,-130],[-327,148],[-101,-182],[-269,-19],[-120,232],[-143,133],[-214,90],[-156,-23],[-182,-182],[-14,-135],[64,-71],[-113,-25],[-13,-195],[-88,96],[-118,-41],[-76,-158],[-112,-48],[-136,-383],[-80,18],[-59,130],[-99,23],[-116,-84],[-246,9],[-476,-279],[-158,-245],[-154,-459],[-112,0],[-52,-135],[-112,-53],[-148,-242],[-305,-157],[-159,73],[-205,-20],[-177,104],[-124,257],[-113,-23],[-269,307],[118,103],[251,54],[-102,49],[59,230],[-59,309],[80,231],[92,79],[19,213],[-106,580],[-46,84],[-261,258],[-254,-120],[-36,84],[-123,61],[-176,268],[-332,295],[-316,24],[-121,-146],[-133,0],[-146,73],[-57,244],[80,176],[219,227],[114,33],[98,120],[130,-8],[-2,118],[76,124],[571,404],[-32,90],[19,57],[113,-120],[65,11],[401,359],[89,-45],[166,143],[133,-75],[4,192],[154,54],[-175,103],[-116,-28],[50,104],[-27,30],[21,95],[-29,189],[38,80],[-64,197],[-78,14],[-72,-99],[47,-122],[-97,-25],[-18,-45],[38,-77],[-172,25],[-122,181],[-125,-33],[47,130],[-187,-10],[38,341],[-111,-252],[-97,-62],[-184,122],[17,-103],[-27,-48],[-220,-44],[-246,73],[-487,-213],[-446,186],[-38,173],[50,100],[-104,-41],[-156,59],[-145,201],[-60,-30],[-245,223],[-6,-146],[-179,47],[-34,92],[60,86],[312,32],[173,152],[-100,197],[-480,183],[-108,-77],[-7,-174],[-42,151],[-288,413],[136,-152],[323,33],[196,-125],[462,-25],[382,-172],[152,50],[50,74],[-34,65],[51,93],[164,177],[118,41],[106,162],[-438,-288],[-136,-24],[-162,161],[-188,-168],[-53,166],[-176,80],[-153,463],[-7,148],[132,411],[-22,89],[-111,52],[76,195],[-207,61],[59,237],[-95,147],[-28,188],[-135,106],[-30,153],[-27,-138],[147,-99],[17,-251],[109,-103],[-68,-304],[203,-34],[-89,-197],[49,-75],[79,50],[-43,-276],[-149,-189],[1,-95],[77,-149],[3,-270],[-30,-68],[-143,-74],[-261,108],[-142,-36],[-34,-92],[-159,40],[-4,124],[236,536],[-23,46],[-181,-290],[-125,198],[28,-164],[93,-122],[-166,-326],[-146,-100],[-330,99],[-311,-99],[-231,-162],[-141,-10],[-66,-133],[80,-248],[-48,-178],[-107,-173],[-116,-12],[64,-88],[-7,-73],[-295,-592],[-54,-191],[-659,-931],[-20,256],[-61,-273],[-192,115],[-41,-29],[-29,-239],[-50,149],[12,-320],[-83,146],[-158,-98],[2,-120],[105,-125],[-132,-49],[0,-71],[-102,-75],[-18,189],[-77,105],[21,302],[-112,143],[34,-116],[-52,-133],[26,-149],[-64,-66],[-25,-473],[109,-49],[108,100],[-187,-340],[65,-130],[28,116],[106,-135],[35,141],[28,-44],[16,-127],[-52,-44],[41,-106],[12,-231],[-49,-298],[-70,-75],[-127,-1],[80,-187],[61,-8],[-65,-161],[-99,-956],[-92,-103],[-751,-128],[-287,-341],[-48,200],[228,108],[75,103],[0,125],[-78,128],[13,-124],[-80,-28],[-30,118],[15,283],[108,91],[-97,110],[-139,40],[-211,-246],[-5,-217],[159,-199],[-51,-49],[39,-171],[-273,-161],[-21,-96],[39,11],[-42,-59],[-3,-109],[158,45],[79,123],[-26,73],[129,-56],[37,-92],[-90,-147],[68,188],[-106,-15],[-267,-292],[38,119],[-68,-26],[12,-111],[43,-33],[-102,-67],[0,-55],[27,49],[50,-49],[-53,-237],[24,-74],[37,150],[237,287],[34,117],[-28,-129],[-122,-324],[-254,-402],[-25,-125],[-53,8],[-55,-114],[-7,-186],[75,-341],[-75,-51],[75,-561],[-161,-702],[-21,-695],[56,-243],[-46,-205],[-184,-300],[-11,-107],[-147,169],[-134,50],[-304,-73],[-122,-156],[-137,-469],[-210,-109],[77,-119],[-115,-492],[38,-317],[0,-295],[-38,-41],[16,-492],[-296,14],[-29,-143],[42,-48],[-206,-114],[40,-254],[-202,27],[-54,-44],[-58,-251],[-51,-10],[24,-185],[13,120],[77,-96],[56,89],[183,-15],[16,-133],[73,35],[51,-48],[-39,-52],[39,-48],[-20,-85],[33,-86],[101,0],[13,-100],[-67,-121],[8,-66],[186,-276],[-13,-51],[102,-169],[152,-170],[38,-122],[74,-503],[-128,-35],[-10,-232],[215,-519],[-23,-59],[39,-121],[149,-244],[383,-396],[971,-646],[371,-112],[-41,-155],[-85,-98],[55,-122],[-53,-228],[-97,-126],[5,-82],[-86,5],[-229,-171],[-96,63],[-269,-39],[-55,34],[15,113],[-52,51],[13,81],[-57,122],[-44,16],[64,-173],[-39,-168],[-197,190],[-500,151],[-282,-159],[-132,-248],[-377,148],[-396,-84],[-97,-169],[-87,-394],[-174,-252],[-79,-205],[-204,-253],[-241,-73],[-107,-173],[-145,-46],[-423,-341],[-151,-390],[-324,-414],[-150,-109],[56,-165],[-246,-296],[-141,-74],[-13,62],[207,583],[-9,97],[-90,140],[25,47],[-41,42],[17,34],[189,121],[451,479],[195,41],[117,189],[102,-3],[76,140],[-72,209],[-335,-76],[-192,-146],[-113,74],[-83,-54],[-571,5],[-70,197],[-49,484],[-39,28],[88,44],[1,52],[-78,-23],[-25,51],[0,-77],[-148,128],[-705,62],[-441,291],[-62,-89],[-159,56],[-86,72],[67,118],[-59,51],[-184,-14],[1,-59],[-89,-76],[-3,-94],[-181,-76],[-167,-240],[-67,42],[-106,-48],[-85,99],[-63,-75],[-115,333],[-114,35],[-76,-73],[-89,16],[-191,-236],[35,-88],[-48,-47],[65,-37],[-427,-370],[-229,16],[-267,182],[-205,-112],[-74,-202],[49,-131],[69,-46],[69,-207],[100,-98],[78,12],[48,-89],[-170,-114],[7,-163],[77,-170],[177,-122],[72,25],[-21,219],[37,5],[138,-297],[174,-52],[45,-122],[54,-2],[297,-587],[-173,-87],[-243,526],[-277,126],[-154,195],[-381,-22],[-68,-178],[42,-193],[115,-187],[219,-112],[175,-188],[-26,-100],[51,-84],[-33,-90],[46,6],[14,-98],[-58,-94],[20,-54],[-54,-24],[40,-52],[-95,-4],[-176,256],[-34,-55],[-77,209],[15,95],[-280,505],[-188,34],[-189,123],[-136,-63],[-46,-120],[44,-277],[68,-23],[182,-363],[317,-201],[50,-163],[94,-36],[-83,-63],[-430,210],[-204,-37],[39,148],[-140,364],[34,251],[-47,216],[-500,323],[-121,192],[-140,24],[3,115],[-126,299],[222,54],[77,126],[-77,124],[-14,156],[-148,30],[-7,-164],[-64,-81],[-106,-11],[-15,-160],[-58,-42],[-84,56],[-32,-79],[35,-30],[-46,-84],[-132,-16],[50,-195],[102,-159],[-202,-723],[35,-402],[54,-135],[199,-196],[42,-272],[222,-338],[165,-750],[293,-282],[52,-169],[270,-469],[134,-512],[-79,-101],[-169,-70],[38,-49],[-50,-48],[-163,-58],[-118,33],[54,177],[61,43],[-25,-195],[132,108],[18,85],[33,-26],[33,101],[-153,419],[-211,73],[-41,142],[-116,12],[13,-205],[-185,-52],[-31,-59],[0,-182],[52,-221],[42,111],[46,-38],[35,-195],[75,-22],[69,-176],[0,-73],[-73,-86],[9,-58],[203,98],[-93,-100],[-71,-193],[-160,-124],[-96,24],[-18,-106],[-83,-66],[-191,0],[-125,130],[-178,-104],[0,-97],[88,22],[-35,-58],[54,-58],[32,45],[-13,-51],[203,73],[140,-246],[94,15],[70,-110],[89,73],[235,-103],[116,-387],[144,55],[25,45],[-51,46],[34,24],[221,-119],[50,-173],[-74,-90],[-14,-81],[40,43],[138,-118],[-77,-47],[-10,-67],[342,-46],[44,75],[108,-134],[-52,-74],[184,-346],[69,-71],[133,25],[313,-188],[219,-308],[21,-138],[-39,-124],[-40,44],[-90,-75],[81,-410],[-39,-295],[64,-69],[-64,-51],[102,-97],[-25,-149],[58,-75],[3,-136],[-50,-108],[24,-157],[-73,-136],[-154,93],[-12,178],[-38,-22],[-38,217],[-25,-27],[-129,198],[-74,-98],[-152,490],[-128,-25],[26,71],[-165,100],[67,92],[3,116],[-128,14],[-234,-195],[63,-27],[-38,-22],[-337,-2],[-246,-224],[-146,51],[-37,-154],[32,-124],[188,12],[127,-149],[0,-124],[-100,-50],[-14,-69],[101,-76],[-13,-377],[312,-281],[43,43],[-2,95],[-87,154],[160,74],[11,-138],[-56,-155],[89,-100],[-50,-46],[156,-87],[86,-111],[0,-73],[-147,-88],[-340,-48],[-61,-93],[89,-90],[-170,-33],[32,-136],[-65,-11],[-50,36],[38,49],[-164,114],[-1,164],[41,-41],[35,128],[51,-48],[-17,131],[-160,39],[25,25],[-25,73],[-76,-98],[-45,176],[-109,112],[-125,-90],[-140,292],[-96,-109],[7,-257],[64,-223],[-13,-120],[114,-195],[0,-98],[161,-437],[-6,-259],[98,9],[0,-100],[47,-47],[-33,1],[67,-178],[22,-166],[-39,0],[39,-49],[0,-122],[151,-431],[-24,-105],[62,-27],[-47,-172],[-68,50],[-39,-77],[3,-117],[50,0],[-46,-64],[2,-92],[83,-249],[138,-136],[-38,-120],[128,-184],[-14,-84],[-187,38],[-81,283],[-146,-8],[-80,272],[-101,122],[18,85],[-87,115],[-42,-57],[5,169],[-57,270],[-187,57],[-200,-94],[3,-153],[-100,-197],[45,-24],[5,-98],[-66,54],[17,-192],[-24,-34],[-15,77],[-38,-63],[4,-292],[47,-208],[-38,-271],[-39,220],[-114,124],[-50,-24],[-50,112],[62,158],[-27,95],[27,71],[-38,0],[7,144],[31,4],[-36,45],[36,177],[-55,-14],[-124,421],[-129,277],[-86,-23],[-69,93],[28,371],[-195,50],[-194,-149],[-40,-465],[13,-146],[77,-98],[-162,-244],[-111,293],[-108,-49],[-106,83],[-35,261],[40,184],[-40,78],[-38,-18],[26,48],[-37,-48],[-13,126],[-141,293],[-17,140],[9,273],[200,326],[25,116],[-39,285],[-231,591],[-274,335],[-109,50],[-57,-112],[-25,124],[24,191],[-50,210],[-328,252],[48,324],[57,-59],[80,58],[219,269],[-14,49],[-63,-71],[153,378],[14,356],[63,-124],[-14,103],[228,-174],[182,-40],[146,180],[117,323],[158,163],[197,-17],[119,-83],[53,-138],[120,-25],[88,-195],[106,-89],[209,-33],[154,-147],[180,-30],[312,-224],[215,-321],[160,-140],[118,31],[54,117],[-163,195],[-62,5],[40,51],[124,122],[233,-88],[193,74],[81,85],[-76,149],[89,51],[-176,46],[38,49],[-49,79],[-103,-89],[-64,10],[36,24],[-49,86],[-136,30],[-55,-65],[88,-51],[-113,0],[-25,173],[-166,-51],[-75,76],[63,121],[-190,125],[-39,95],[17,62],[-70,104],[-37,-66],[36,-35],[-63,7],[-46,-97],[35,-48],[-11,-73],[-70,-33],[-174,456],[-124,115],[13,-135],[-65,-84],[46,-58],[-30,-118],[-291,62],[-66,-132],[-105,177],[-324,139],[-145,-120],[-89,67],[-127,-244],[-86,105],[-216,-24],[-152,-198],[-165,124],[113,-75],[-25,122],[25,51],[-36,0],[11,49],[-100,-27],[-11,107],[-72,17],[-32,246],[-69,102],[-26,-7],[83,-219],[-27,0],[-4,-133],[-124,-99],[-36,-112],[-112,17],[-16,-39],[35,-26],[-47,-73],[-35,4],[-29,117],[-102,25],[38,33],[1,67],[-25,-27],[25,75],[14,-40],[49,89],[-84,15],[-24,63],[6,71],[40,-54],[25,54],[-26,-27],[0,173],[-50,22],[38,24],[-27,27],[20,108],[-121,-74],[-11,347],[-84,229],[-120,49],[-76,389],[-52,16],[-63,-133],[-70,-6],[-82,175],[37,169],[104,38],[-91,140],[25,186],[88,-135],[79,140],[13,-122],[68,6],[32,94],[197,-77],[-3,-124],[110,-120],[32,166],[139,-124],[-69,233],[37,201],[-139,233],[-11,-95],[-77,-51],[39,-47],[-194,90],[-35,81],[25,46],[-87,27],[-64,-86],[36,-60],[-77,2],[24,79],[-21,65],[-38,-27],[23,79],[-29,81],[-84,-84],[27,-36],[-14,-113],[-50,-97],[-26,27],[164,-235],[-121,49],[-58,-98],[-61,172],[25,60],[-54,205],[-168,184],[-217,361],[7,206],[-292,75],[-102,299],[-62,43],[-38,146],[96,23],[-96,172],[73,-9],[16,58],[-241,75],[24,146],[52,22],[13,170],[-172,174],[-185,49],[26,220],[-41,32],[62,270],[-8,117],[-192,146],[65,119],[-144,377],[-104,27],[-56,88],[-12,-51],[-70,167],[-475,370],[-176,291],[-69,283],[-101,164],[49,62],[60,-25],[139,-360],[95,66],[7,377],[-111,135],[-50,107],[-10,77],[88,-133],[39,171],[-72,106],[-45,-19],[-10,-98],[-152,365],[104,203],[16,329],[70,67],[-25,86],[39,86],[-61,140],[110,145],[-25,-43],[0,-230],[20,51],[5,-51],[153,173],[-52,292],[-77,-280],[39,256],[-63,89],[29,307],[-27,133],[41,26],[91,448],[-46,107],[-128,57],[-48,325],[66,-44],[22,142],[90,90],[51,169],[-141,257],[162,-32],[68,31],[37,123],[52,-51],[-24,121],[-79,76],[38,97],[-12,295],[51,30],[-14,143],[-293,178],[-126,-58],[-102,151],[-259,155],[-60,169],[3,204],[-105,138],[2,104],[-65,107],[-71,-2],[-180,295],[-50,222],[-101,-24],[-26,48],[-72,-70],[-119,192],[-67,217],[-114,-64],[-132,198],[32,54],[255,-163],[-24,321],[-62,-111],[-281,14],[51,-198],[-36,18],[-66,129],[-437,420],[-39,218],[-262,112],[-61,181],[-28,-39],[-234,217],[-39,60],[23,79],[-160,75],[-49,-53],[-110,104],[76,-169],[-24,-24],[-37,102],[-534,260],[4,90],[-47,45],[-377,255],[-345,75],[1,98],[-49,73],[133,-98],[309,-5],[278,-161],[118,-126],[11,-74],[183,-31],[338,-263],[-73,104],[10,66],[-53,-27],[-226,198],[113,-47],[-27,39],[-194,141],[-51,148],[58,63],[-127,-49],[49,49],[-51,18],[-12,104],[-40,-49],[-163,270],[-450,399],[-44,140],[-313,457],[-472,154],[-187,220],[-247,0],[152,98],[-73,41],[-586,-90],[102,-124],[-110,-39],[-285,90],[52,146],[-52,-24],[-63,73],[35,29],[-49,22],[27,49],[-25,150],[88,45],[-114,24],[89,10],[-38,63],[34,72],[-22,28],[-14,-71],[-258,278],[-159,32],[-44,121],[-120,101],[84,-45],[30,23],[-415,388],[-575,955],[30,64],[-16,79],[-77,103],[56,65],[67,-116],[39,26],[18,55],[-41,45],[39,0],[-16,59],[180,-182],[-25,123],[39,50],[-77,119],[303,-231],[192,14],[-147,48],[-80,126],[-181,121],[-422,649],[-135,120],[-229,550],[0,492],[70,348],[-34,147],[8513,0],[0,33296],[392,225],[69,99],[-11,71],[370,282],[89,214],[143,-55],[627,466],[-426,28],[-192,-136],[-61,211],[-108,5],[-62,-109],[13,-185],[-89,-26],[-308,-441],[-446,-383]],[[60724,22980],[51,636],[-90,58],[-88,164],[-126,0],[-40,-333],[40,-49],[-40,-184],[49,-378],[100,-15],[144,101]],[[58096,27100],[204,-81],[-7,271],[-209,321],[128,384],[-102,-102],[-27,-107],[-88,15],[13,-74],[37,26],[-14,-56],[-289,30],[-191,151],[52,-77],[25,-146],[-25,-28],[159,-44],[62,-232],[272,-251]],[[73514,53448],[-98,37],[-71,-209],[-248,0],[260,-98],[76,260],[81,10]],[[73333,84681],[-48,85],[-125,9],[67,304],[200,-49],[-39,172],[57,26],[235,378],[-3,-169],[87,176],[-6,361],[-126,338],[74,544],[-14,153],[-124,187],[13,280],[-365,81],[-463,-52],[-381,-150],[-130,-131],[-110,-266],[7,-188],[221,-184],[160,-290],[127,-508],[14,-346],[335,-190],[-26,-60],[12,-222],[96,-122],[12,-170],[147,-367],[77,-64],[8,-287],[40,-162],[77,230],[99,39],[116,-77],[77,-154],[139,-66],[13,-72],[-102,-51],[145,-65],[74,-172],[308,15],[66,131],[6,150],[-47,126],[20,148],[-380,576],[-178,-41],[-64,89],[-380,-194],[-12,110],[-39,10],[33,151]],[[70632,84798],[14,432],[-99,135],[-220,22],[-123,-281],[151,-304],[8,-125],[68,-73],[71,-312],[41,85],[-36,153],[125,268]],[[74975,88576],[-199,136],[-93,-95],[-101,4],[-218,179],[-232,-79],[-59,-29],[179,-51],[-358,-104],[-40,-52],[16,-64],[-89,-345],[53,41],[140,377],[113,-145],[177,129],[26,-117],[-32,-239],[-56,-93],[30,2],[89,73],[44,286],[125,192],[62,-9],[2,-121],[77,-31],[-18,94],[25,43],[337,18]],[[73229,94393],[6,139],[152,-105],[370,126],[88,87],[-178,194],[39,50],[-145,53],[-137,-14],[192,-164],[-120,-11],[-25,-184],[-43,97],[-173,-106],[-231,4],[-42,44],[14,83],[-90,121],[-114,-243],[108,98],[100,-167],[110,21],[119,-123]],[[65038,96107],[266,-27],[-76,153],[305,69],[-406,0],[-163,-146],[-105,57],[-142,-292],[-257,-35],[-130,-92],[-207,-274],[0,-124],[-88,0],[126,-36],[-6,123],[90,159],[207,155],[289,63],[130,229],[58,-127],[109,145]],[[67714,97003],[220,-71],[36,31],[-76,49],[25,26],[-22,84],[47,59],[140,1],[26,76],[-284,-36],[-94,-153],[-219,40],[101,-71],[-63,-51],[1,-96],[-138,-60],[-60,29],[-28,95],[-59,2],[-52,-142],[96,1],[36,-70],[-41,-94],[-136,-62],[-366,-454],[-130,65],[-62,-45],[36,-153],[69,-45],[51,-160],[-78,-213],[-141,-65],[75,-174],[-267,57],[-140,457],[40,-416],[-27,-22],[682,-306],[221,-240],[37,8],[0,146],[65,50],[158,-317],[158,-51],[-281,335],[-25,105],[22,40],[118,-90],[-67,159],[-224,135],[26,-98],[-134,26],[-69,-99],[-267,219],[69,116],[186,9],[109,173],[258,-152],[-190,185],[-26,85],[-177,-120],[-31,94],[101,22],[17,103],[-36,97],[101,72],[-59,0],[-18,64],[144,212],[97,23],[-25,48],[213,6],[106,82],[289,-88],[-44,81],[-285,165],[114,144],[96,-12],[55,150]],[[71922,95074],[215,8],[0,58],[-22,52],[-71,-50],[-115,56],[24,26],[-68,51],[22,189],[-92,-92],[-18,66],[108,278],[-198,294],[-184,118],[535,-21],[-15,-80],[52,-67],[23,114],[78,6],[-405,166],[-155,-44],[81,230],[2,261],[-133,147],[127,25],[-60,24],[-144,245],[0,-198],[171,-260],[-44,-278],[-90,13],[13,-196],[-113,-108],[166,-159],[44,-122],[167,-68],[-5,-130],[-65,-117],[-91,-41],[39,120],[-268,-70],[80,-167],[99,-55],[-65,-49],[128,-86],[12,-185],[162,11],[-40,309],[113,-224]],[[71376,96790],[70,75],[-47,25],[34,122],[-104,235],[-141,70],[-58,-59],[103,-86],[-28,-67],[-56,102],[-147,51],[59,-164],[-89,14],[-110,198],[52,22],[-102,224],[37,26],[-14,51],[-74,69],[-121,-405],[-135,26],[-254,229],[-11,-144],[90,-34],[-52,-236],[-125,-122],[-63,48],[170,-231],[83,45],[49,-228],[280,-122],[-24,181],[88,183],[-64,48],[23,76],[-29,54],[-96,-79],[26,-51],[-102,51],[-18,41],[45,132],[-30,50],[104,42],[97,-80],[56,183],[105,-241],[264,-200],[-13,-74],[99,-69],[66,69],[107,-50]],[[65740,96007],[3,135],[119,167],[267,44],[188,200],[-60,193],[88,70],[-14,41],[-85,-68],[-41,76],[264,57],[80,65],[-297,-74],[-83,53],[-25,57],[94,55],[19,128],[-27,27],[101,25],[-114,48],[-50,98],[123,170],[308,205],[14,66],[-51,22],[254,24],[-114,122],[330,52],[-55,83],[-115,2],[-69,119],[9,88],[302,-103],[79,-94],[89,64],[160,-81],[32,17],[-64,51],[246,33],[59,-33],[-52,-51],[217,-120],[152,-222],[-4,105],[-72,42],[-37,158],[-168,114],[102,73],[26,212],[153,69],[-70,73],[-18,104],[177,225],[-76,0],[12,-49],[-117,-75],[-44,83],[73,246],[-191,-57],[51,-110],[-13,-136],[-51,74],[13,-98],[-38,-48],[101,-171],[-52,-100],[14,-71],[-38,-25],[-153,220],[-419,173],[203,-173],[-50,-46],[121,-100],[133,73],[178,-295],[-40,-26],[-334,63],[-96,-61],[-115,100],[74,144],[72,37],[-95,87],[-54,-8],[17,-41],[-53,-167],[-80,-101],[-208,94],[-27,52],[140,171],[-153,24],[161,39],[67,103],[-248,-78],[-30,-64],[-101,173],[-82,-131],[-20,175],[91,35],[48,114],[-83,32],[-44,-81],[-85,1],[34,-50],[-33,-90],[33,-78],[-89,-88],[-133,54],[-30,115],[-88,-132],[-80,30],[-24,43],[30,41],[-49,117],[69,64],[-47,31],[-117,-82],[69,-174],[-18,-70],[100,-49],[-85,-61],[237,-85],[21,52],[325,-1],[90,-130],[-29,-116],[38,-96],[-49,-53],[137,-75],[-190,-39],[-113,-150],[-137,-4],[72,-111],[-58,-105],[-384,165],[239,-241],[-176,-52],[75,-61],[-2,-77],[-111,-108],[52,-15],[28,-107],[-283,-46],[203,-122],[-64,-51],[77,-51],[-147,53],[-38,-14],[4,-59],[155,-100],[-51,-48],[32,-27],[19,-171],[139,-84],[-16,-80],[-275,-30],[-210,-254],[-132,8],[-29,-120],[-61,-27],[171,37],[106,-91],[-23,-43],[89,-146],[-26,-50],[102,-22],[-39,72],[224,-24],[62,-50],[31,-170],[46,60],[5,86],[-51,48],[38,124],[-257,15],[-157,178]],[[72290,97023],[32,37],[-56,146],[-155,-41],[-41,143],[-52,-3],[22,349],[-92,96],[31,46],[79,-98],[-55,157],[-180,233],[-72,23],[39,-195],[-166,222],[-25,121],[-109,25],[-47,104],[-48,18],[229,-441],[167,-97],[82,47],[5,-143],[-105,-97],[-50,139],[-111,4],[50,-46],[-69,-64],[-121,174],[26,83],[-105,73],[-112,-73],[127,0],[-88,-169],[-101,49],[37,-156],[-227,32],[63,97],[18,184],[122,38],[-64,71],[8,56],[-55,1],[-64,-34],[-55,-143],[8,-112],[-62,-129],[-86,22],[41,-109],[141,-2],[99,-87],[-26,-73],[43,-28],[160,-21],[-39,74],[77,-54],[50,-92],[-6,-91],[98,-39],[192,-297],[114,-92],[-10,-204],[48,-39],[47,28],[-38,122],[101,-149],[104,75],[-90,52],[75,22],[-64,120],[10,94],[-93,43],[46,-137],[-78,28],[-202,183],[-38,107],[205,-149],[29,16],[-5,133],[56,0],[7,-72],[139,-114],[128,-8],[-38,70],[70,78],[41,-175],[53,-22],[-19,60]],[[93628,4831],[26,134],[-54,48],[-117,-57],[-107,279],[-35,-136],[-61,-26],[-191,178],[-25,84],[-149,71],[-104,207],[-45,222],[77,136],[-19,84],[186,203],[-54,301],[-34,22],[-36,-285],[-120,-81],[-147,-453],[19,-183],[115,-194],[-24,-50],[66,-15],[46,-146],[128,-61],[92,-193],[120,-66],[32,-82],[-47,-181],[75,32],[32,-73],[-12,159],[60,102],[28,-137],[91,-27],[100,149],[88,35]],[[93554,10620],[151,66],[4,174],[101,248],[413,101],[-63,172],[193,5],[-71,35],[64,179],[47,7],[-4,209],[40,63],[15,196],[-32,66],[-59,-210],[-45,9],[-82,-117],[4,-132],[84,77],[4,-56],[-110,-77],[7,-123],[-162,-93],[35,-135],[-62,-2],[-89,143],[-110,349],[-1,-176],[133,-315],[-201,-26],[-16,-115],[-214,-141],[-37,-127],[-182,-176],[-26,285],[89,185],[69,-17],[-36,113],[-91,-11],[-93,103],[2,-384],[-33,-19],[-27,120],[-57,51],[-56,-67],[164,-403],[378,-234],[33,22],[-71,178]],[[80479,11492],[11,-393],[80,-24],[29,14],[4,110],[334,145],[-111,427],[-82,-53],[-75,316],[-211,313],[-54,71],[-185,-95],[10,-116],[250,-715]],[[93214,14636],[83,-314],[119,-122],[474,-263],[193,82],[220,-293],[-42,-195],[319,212],[-201,-14],[-158,157],[-72,277],[-149,-88],[-167,20],[-544,384],[-14,170],[58,182],[145,149],[18,70],[-31,96],[-45,-122],[-129,-137],[-77,-251]],[[84137,15762],[-26,147],[97,94],[-56,229],[-193,383],[-102,-73],[64,-146],[-26,-149],[53,-328],[-18,-68],[-223,-120],[-118,-595],[27,-110],[266,-246],[108,-199],[265,-192],[80,-159],[90,236],[17,168],[266,146],[-105,75],[-189,668],[-11,162],[-58,-496],[-239,381],[31,192]],[[95960,14710],[53,79],[24,178],[-200,-163],[-133,98],[-229,5],[-103,99],[-25,173],[78,199],[163,108],[338,79],[-367,-27],[30,201],[-44,169],[-34,2],[36,-231],[-39,-192],[-82,-71],[-52,-123],[-77,-23],[-73,56],[-34,-34],[-65,146],[-103,42],[-94,204],[-74,-73],[-283,131],[-42,-35],[-44,143],[-66,-41],[-44,121],[-11,-110],[-67,0],[-47,135],[38,222],[-75,-122],[-38,-198],[38,-72],[-165,0],[113,72],[-182,493],[-32,-3],[25,-170],[-84,14],[127,-133],[-78,-255],[-85,-18],[-72,243],[46,-317],[109,-1],[89,-98],[-44,-147],[56,-81],[39,175],[125,-50],[115,126],[183,-48],[64,55],[38,-7],[19,-197],[75,153],[139,-135],[64,109],[114,-182],[114,-40],[27,-120],[111,63],[54,-63],[12,-224],[-209,-271],[-20,-43],[31,-67],[320,120],[80,93],[186,9],[120,-133],[123,3]],[[87880,38497],[-217,217],[-470,882],[-157,314],[-195,613],[-41,28],[-49,-118],[-64,-12],[26,277],[41,62],[-60,81],[-37,334],[-45,25],[-32,-88],[-172,271],[113,79],[123,-53],[-32,169],[-53,73],[-167,78],[-59,-78],[17,-325],[-100,-266],[-37,-52],[-76,44],[-59,-99],[-39,13],[0,116],[-112,29],[49,125],[63,-43],[-41,202],[80,134],[19,-120],[58,120],[52,-154],[38,265],[-53,100],[-110,-149],[-321,246],[-38,-86],[75,-98],[-43,-219],[-34,213],[-200,421],[-54,-11],[-9,-148],[100,-183],[-79,-130],[-44,218],[-37,-68],[-70,5],[85,-90],[27,-146],[-97,14],[-34,81],[-62,-54],[-114,268],[-145,73],[-132,-26],[-95,83],[-106,-100],[-86,16],[119,-279],[102,-86],[32,197],[88,-62],[-25,-158],[87,-178],[-37,-19],[0,-76],[89,76],[126,-152],[18,213],[-95,78],[181,-41],[240,-319],[-42,-68],[-59,21],[76,-173],[79,49],[8,137],[-157,255],[209,-110],[-4,-88],[93,148],[39,-167],[96,96],[68,-123],[-50,-24],[95,-102],[-95,-266],[50,73],[-13,-73],[51,49],[9,-110],[61,242],[70,-10],[-39,-71],[49,-122],[79,157],[71,-5],[12,75],[-58,112],[153,-83],[-8,-155],[-141,-147],[-10,-84],[-147,-240],[157,73],[377,392],[-5,-157],[-124,-36],[-61,-224],[142,99],[48,-25],[28,-80],[-91,-213],[140,-25],[150,72],[-62,-120],[113,-124],[142,-21],[167,-363],[53,-311],[-73,-124],[-85,-35],[77,-197],[132,-151],[130,15],[391,-305],[95,100]],[[78705,41582],[-148,184],[-25,231],[-127,109],[-55,304],[-27,-231],[-96,113],[-4,144],[-42,50],[-187,-137],[15,-188],[124,-189],[276,-180],[167,-422],[81,57],[48,155]],[[87637,46450],[-9,195],[-65,73],[-50,220],[-89,146],[-77,357],[-101,230],[-51,-85],[76,-209],[-15,-271],[-75,-217],[-171,-257],[-165,-37],[-421,115],[-145,115],[-264,-56],[19,-91],[-129,-107],[-160,142],[-48,-44],[-31,160],[-44,-11],[-21,-33],[60,-140],[-71,-122],[-133,14],[-129,181],[-208,-145],[-70,72],[-7,-204],[58,-139],[-59,0],[122,-304],[-75,-64],[44,-101],[-26,-129],[-209,-340],[-178,-64],[69,-67],[-1,-110],[-185,-334],[-48,-53],[0,172],[-37,-172],[-101,-32],[1,-62],[108,-41],[-84,-354],[-110,-207],[288,59],[22,56],[-124,17],[82,132],[195,40],[-182,62],[15,158],[229,298],[41,192],[284,438],[69,286],[104,66],[229,-105],[-90,146],[45,75],[-15,39],[-84,-84],[-200,-30],[0,158],[39,88],[450,24],[166,242],[157,16],[273,163],[255,-126],[257,-348],[141,-44],[242,195],[252,21],[87,-78],[-8,142],[86,112]],[[84926,51533],[-509,282],[-91,-22],[310,-371],[47,60],[362,-254],[88,-207],[79,51],[328,-183],[92,-153],[70,-15],[33,-129],[125,-36],[0,-154],[33,-55],[169,-59],[-9,-116],[41,-58],[58,-26],[88,134],[-18,112],[-170,238],[-372,344],[-44,273],[-116,44],[70,57],[-195,-87],[48,284],[-30,50],[-46,-175],[-190,-57],[-251,228]],[[83679,51686],[-63,198],[95,286],[-184,361],[-139,159],[-54,195],[-111,72],[-74,233],[-116,24],[50,136],[-305,150],[90,216],[-60,105],[-96,-50],[-98,-323],[254,-341],[-89,-76],[-475,244],[-350,371],[-134,-53],[-132,53],[-246,290],[-62,-123],[-111,-45],[191,-178],[103,-200],[144,-80],[159,-203],[317,-171],[135,-171],[132,-51],[265,-243],[191,-371],[190,25],[124,-89],[136,91],[159,-95],[-13,-180],[-202,-142],[259,108],[120,-132]],[[80445,54892],[-25,-355],[26,-64],[143,125],[57,148],[77,0],[-26,414],[-93,190],[18,58],[-53,25],[-47,-74],[-77,49],[-28,-317],[28,-199]],[[78604,58608],[-117,-464],[-8,-191],[58,-226],[193,-240],[23,58],[-32,257],[111,639],[-20,490],[69,257],[-26,103],[-37,-17],[52,441],[-76,-76],[-37,74],[-83,-56],[-56,-153],[62,-76],[-6,-69],[-106,-24],[-42,-160],[-62,26],[-22,-98],[-195,-54],[293,-77],[63,-163],[1,-201]],[[90601,79571],[109,-207],[24,126],[44,25],[20,-195],[34,-27],[44,122],[76,-44],[70,107],[-59,-15],[-109,279],[-76,-58],[-183,147],[-62,-134],[-210,-22],[-184,-114],[127,-72],[11,-79],[-300,-387],[-63,130],[-333,155],[228,-224],[6,-59],[-306,-63],[-79,-89],[-81,22],[-164,-128],[-87,-159],[783,295],[428,392],[8,205],[70,99],[214,-28]],[[92327,81235],[471,469],[45,136],[248,237],[67,302],[-124,-242],[-240,-247],[-253,-431],[-219,-111],[-179,49],[184,-162]],[[98596,82134],[185,-53],[0,100],[-298,47],[-97,162],[-45,297],[96,95],[-163,-40],[-304,444],[-381,108],[-103,135],[178,71],[-21,69],[30,32],[297,-1],[-44,76],[-1,116],[45,247],[-43,18],[-134,-95],[62,-164],[-191,-52],[-32,92],[20,104],[-165,-22],[-1,-76],[-63,-46],[102,-74],[-39,-52],[-342,26],[94,-97],[76,22],[-6,-96],[89,-35],[71,-105],[-7,-81],[64,-47],[-514,-209],[-363,-314],[-177,-287],[-177,-70],[203,-34],[97,53],[91,261],[167,122],[90,-39],[7,122],[83,102],[190,60],[86,-135],[45,184],[127,97],[337,36],[-107,-44],[233,-42],[89,-86],[65,-221],[147,-170],[34,-205],[135,-212],[-39,-33],[-113,120],[-51,-14],[104,-156],[121,-45],[105,-151],[6,145],[50,40]],[[80583,84793],[248,-80],[110,-261],[36,30],[-216,698],[31,34],[45,-74],[26,130],[-70,28],[-6,88],[-139,-179],[-74,49],[-16,58],[50,0],[-49,68],[-158,76],[-94,-36],[-80,122],[-36,236],[-75,-363],[-160,-241],[-208,-99],[-91,39],[-58,-148],[-271,-247],[176,29],[263,-184],[296,-96],[189,50],[2,-64],[87,-19],[79,-105],[-19,133],[-58,91],[102,48],[-21,60],[28,35],[131,94]],[[93724,84371],[171,-39],[-251,443],[39,63],[272,-224],[116,-309],[84,-8],[-70,281],[1,329],[135,311],[372,-102],[-197,234],[-35,207],[221,173],[-319,-24],[-392,242],[-991,1255],[-151,314],[-102,-62],[-140,208],[-317,147],[86,74],[249,34],[388,-230],[101,24],[-38,49],[202,-31],[20,43],[-32,37],[127,51],[204,412],[-108,-80],[-84,-164],[-81,-31],[-272,177],[30,84],[-167,12],[-29,-44],[118,-52],[41,-82],[14,-230],[-45,-67],[-359,145],[-35,66],[203,242],[-140,-22],[-61,-131],[-179,-122],[-145,85],[-69,-73],[-371,189],[299,-264],[-45,-77],[49,-171],[-38,-26],[77,-109],[-150,-109],[-103,44],[-96,-112],[-109,-25],[27,-127],[-101,-174],[177,-152],[26,56],[-39,171],[26,79],[154,102],[61,-54],[136,73],[233,-102],[-7,-59],[122,-89],[-38,-25],[37,-106],[152,157],[22,-184],[-34,-62],[93,-207],[8,-159],[-215,196],[-12,-50],[50,-98],[-63,-26],[203,-95],[-153,-73],[152,14],[175,-158],[-8,-79],[-105,32],[-24,-55],[75,-139],[-4,-113],[-284,90],[-328,281],[-43,-19],[25,-76],[-51,7],[-171,156],[-43,-28],[76,-86],[-39,-25],[29,-73],[68,13],[39,-78],[-85,-141],[-154,36],[-39,86],[54,157],[-102,85],[-101,-85],[-191,246],[216,220],[-122,-74],[-120,26],[-38,133],[-144,14],[-93,251],[-144,140],[101,-197],[-71,-113],[135,-302],[-228,-73],[298,19],[465,-412],[-13,-196],[85,22],[205,-290],[-24,-48],[101,0],[31,-88],[77,-24],[300,-489],[-6,152],[55,9],[292,-174],[-12,-48],[119,44],[170,-66],[52,-224],[-72,-142],[35,-370],[153,22],[190,-84],[-197,229],[25,113],[82,100],[194,-52],[148,-141],[71,118]],[[94904,90172],[-221,418],[-36,-17],[23,-46],[-128,74],[127,-319],[166,-123],[118,-193],[754,-791],[76,-12],[157,188],[-151,74],[-98,159],[274,207],[-176,2],[-167,-118],[-79,222],[-124,150],[-102,38],[152,-220],[-87,28],[-243,291],[-4,65],[-198,32],[114,-122],[-74,-33],[-73,46]],[[91415,92118],[-265,-356],[34,-174],[292,-228],[1035,-75],[141,50],[-101,125],[84,276],[-28,141],[-228,331],[-129,77],[-579,-16],[-256,-151]],[[94570,93621],[-206,331],[-63,-122],[-99,5],[-87,-151],[61,-142],[125,-126],[-3,-77],[-78,-114],[-15,-149],[58,-6],[25,173],[55,20],[119,-122],[105,-213],[15,-174],[-27,-129],[-166,-92],[258,-75],[147,312],[-23,154],[38,257],[-13,221],[-38,118],[-188,101]],[[77347,93389],[144,54],[279,-36],[117,113],[128,3],[462,-212],[190,-168],[-143,216],[-250,138],[-355,114],[-217,-76],[-255,178],[-48,117],[-24,192],[24,52],[-39,69],[-85,-70],[15,-120],[64,-37],[7,-234],[278,-168],[-341,-27],[-153,155],[-115,-10],[89,-157],[228,-86]],[[77920,95686],[62,-118],[-77,-80],[-295,249],[-135,-169],[114,-56],[24,-42],[-63,0],[47,-36],[156,-38],[77,-198],[-96,21],[-119,162],[-216,41],[185,-189],[627,-435],[431,-551],[-64,-75],[171,-120],[21,-330],[-78,-51],[74,-351],[319,-177],[40,-154],[89,-112],[-13,-197],[51,-37],[50,88],[63,-106],[245,-817],[215,-194],[22,-83],[-56,-215],[136,-176],[-118,-198],[-101,-47],[53,-65],[214,-58],[253,97],[192,-154],[204,95],[61,85],[13,103],[-90,261],[32,137],[112,136],[-1,62],[-66,-41],[34,114],[251,244],[23,83],[581,-66],[139,-103],[72,16],[138,-225],[99,-67],[514,203],[105,260],[-90,317],[125,32],[77,148],[-28,131],[-143,216],[-18,68],[31,92],[140,-2],[157,-110],[39,-200],[70,208],[236,404],[11,100],[-40,98],[-220,133],[-15,500],[-299,353],[-28,126],[-91,10],[3,221],[-136,273],[-1103,627],[-103,168],[-234,116],[-244,337],[10,-124],[89,-126],[0,-62],[-50,26],[-90,124],[-101,308],[-266,341],[-102,71],[26,-71],[-38,-97],[-35,14],[-91,230],[-37,-27],[10,-71],[-127,7],[-13,-92],[-149,37],[-53,316],[-342,98],[76,75],[-120,68],[-255,-282],[-200,-349],[-71,0],[4,-61],[160,-136],[-233,-89],[-125,42],[66,-150],[-54,-21],[-429,147],[18,-163],[211,-107],[-192,9],[-75,-107],[24,-84],[-139,-162],[192,-24],[-102,-50],[126,-48],[-44,-71],[-210,47],[-87,-78]],[[93788,95857],[-1,-417],[70,-116],[69,-46],[65,97],[272,21],[-12,217],[-82,122],[16,216],[193,425],[-360,-108],[-186,-188],[0,-146],[-44,-77]],[[75732,96781],[-35,9],[13,75],[-61,-73],[83,-11]],[[79315,98211],[140,-171],[-104,4],[8,-42],[150,-125],[186,55],[69,160],[-81,216],[-180,83],[116,42],[-60,93],[-334,26],[166,-146],[-4,-159],[30,-61],[-102,25]],[[90366,99411],[40,-74],[-114,-196],[46,-46],[-23,-139],[47,-23],[159,182],[38,-46],[-95,-169],[62,-77],[157,62],[53,161],[153,71],[-179,24],[103,147],[-87,2],[-16,67],[169,337],[-62,82],[-137,-83],[18,109],[-108,127],[-184,-76],[19,-80],[-96,-93],[-12,-80],[114,-117],[-65,-72]],[[48451,37484],[-44,-87],[-72,11],[-60,-89],[28,132],[-11,49],[159,-16]],[[47643,37500],[645,-59],[-76,-97],[-13,-171],[-102,-27],[38,-70],[-38,-195],[51,-49],[-140,0],[-64,73],[52,-197],[-28,-21],[-11,145],[-204,221],[61,-26],[42,73],[-89,25],[25,73],[-149,302]],[[70421,99999],[36,-77],[-94,-115],[19,-124],[-64,22],[-218,294],[321,0]],[[70688,99961],[65,-213],[-42,-141],[50,-48],[-186,55],[-106,113],[-25,126],[189,46],[-42,100],[97,-38]],[[72013,99999],[-75,-71],[-22,58],[97,13]],[[73505,99877],[86,-197],[-328,319],[111,0],[131,-122]],[[73514,99922],[-27,77],[85,0],[-25,-40],[-33,-37]],[[74341,99922],[-86,-84],[-79,15],[23,-61],[245,-86],[36,21],[-90,75],[0,71],[45,18],[24,108],[511,0],[228,-289],[345,-90],[193,-137],[-114,146],[241,-48],[-12,59],[-421,233],[-100,126],[1161,0],[55,-146],[-19,-122],[-194,-51],[89,-86],[62,-184],[-25,-73],[51,-100],[-51,-48],[51,-74],[-76,-24],[253,-98],[-182,-148],[56,-47],[-39,-17],[-415,168],[-67,-29],[305,-144],[-342,22],[-428,-173],[-94,51],[153,22],[-28,66],[-264,180],[457,-146],[-171,110],[-83,183],[300,-310],[44,17],[-102,195],[-248,270],[-26,86],[82,36],[-20,36],[-278,219],[-43,-11],[166,-146],[-153,76],[18,-49],[159,-125],[-146,-122],[-80,47],[7,-135],[-92,2],[31,-184],[-49,49],[12,-73],[-37,-27],[-344,127],[-25,90],[50,56],[-64,49],[-201,-49],[121,-111],[-47,-13],[-239,98],[62,-74],[-201,-24],[12,-49],[-253,94],[-27,101],[228,322],[13,160],[-21,33],[-67,-96],[-213,103],[-41,68],[52,78],[-16,94],[454,0],[18,-77]],[[75258,99891],[-80,31],[-54,77],[91,0],[43,-108]],[[76799,99999],[295,-88],[-115,-12],[22,-54],[178,-105],[29,-133],[-138,35],[-39,111],[-230,178],[-2,68]],[[86240,99836],[371,-404],[45,-324],[-125,109],[-401,585],[-122,109],[-10,-41],[449,-755],[77,-324],[-184,295],[-121,-44],[179,-266],[0,-88],[163,-255],[4,-101],[-805,537],[-19,174],[134,98],[-318,281],[-69,192],[-179,219],[8,166],[877,0],[46,-163]],[[86985,99999],[108,-272],[-77,272],[780,0],[236,-418],[13,-171],[90,-307],[-204,-254],[-180,-19],[-52,-178],[-123,171],[-254,42],[-69,148],[-198,128],[77,-121],[-77,0],[59,-112],[267,-272],[4,-133],[-64,-112],[15,-56],[-111,19],[-395,454],[-92,333],[50,-31],[15,59],[-40,192],[-11,-146],[-102,344],[-102,121],[-63,173],[-171,146],[671,0]],[[7489,8832],[96,7],[81,91],[13,-49],[-94,-74],[-96,25]],[[5491,15586],[-37,-111],[-46,-46],[34,115],[49,42]],[[12793,49826],[-76,25],[118,95],[60,-44],[-128,-100],[26,24]],[[3923,61217],[152,-15],[-219,-62],[67,77]],[[3087,62252],[65,-44],[-237,-129],[26,78],[146,95]],[[4313,66537],[-1,-76],[54,-55],[-313,156],[260,-25]],[[4373,66967],[-100,-88],[-51,142],[90,52],[61,-106]],[[14496,66897],[-93,-176],[-225,-179],[-128,0],[51,180],[-115,-82],[-89,73],[-8,112],[-132,230],[23,313],[-23,105],[270,122],[186,-26],[89,-66],[136,-366],[151,66],[146,-51],[-102,-188],[-137,-67]],[[13530,67152],[49,76],[76,-11],[125,-244],[-43,-38],[-207,217]],[[10912,69691],[-99,-140],[-368,148],[22,-44],[-58,-310],[52,-126],[200,-58],[-22,-154],[59,-92],[-47,-145],[34,-354],[283,-364],[-104,-335],[-114,0],[119,-65],[33,-107],[-25,-49],[140,-49],[-21,-64],[-130,86],[-159,-158],[117,-171],[107,-49],[-14,-201],[138,-423],[-40,-363],[108,-185],[-82,-135],[-49,-197],[-122,-173],[-33,-250],[-125,-286],[12,-429],[-273,-489],[-18,-231],[-190,56],[11,64],[-62,-48],[74,-102],[2,-84],[85,-83],[67,120],[-31,-97],[132,-196],[-95,-217],[-55,20],[32,94],[-366,-120],[-251,137],[-167,-14],[77,174],[-126,-74],[-13,-100],[38,27],[-25,-95],[25,-27],[-210,-219],[-31,22],[83,147],[-173,418],[52,-246],[-20,-123],[46,-23],[-115,-146],[-164,-27],[63,124],[-64,26],[-25,-26],[26,-49],[-81,16],[-70,-84],[-459,-26],[-241,-150],[-64,62],[-58,-78],[7,-59],[153,-27],[-70,-95],[-13,-133],[-221,-62],[-26,-105],[-197,32],[-38,95],[-37,-180],[-97,-64],[77,-70],[-20,-36],[-216,-94],[-27,-43],[35,-49],[-31,-21],[-418,-76],[30,121],[102,73],[-51,25],[29,104],[-197,36],[-252,-67],[186,-83],[-34,-112],[91,0],[11,-71],[-50,-27],[64,0],[-38,-73],[15,-57],[-90,-148],[-166,-114],[-90,75],[37,-67],[-37,-59],[-13,72],[-40,27],[-85,1],[113,-49],[-77,-158],[14,-135],[-76,122],[-343,0],[126,-48],[-12,-196],[-292,69],[-147,-216],[-107,99],[-151,-49],[-89,49],[9,-90],[-142,-47],[5,-58],[-63,-76],[-76,0],[-13,76],[-143,-123],[-60,-2],[65,98],[-56,-23],[91,172],[-138,-149],[-22,36],[22,125],[-76,48],[-9,-56],[-303,-178],[-82,94],[-114,-142],[26,-25],[-216,-99],[12,99],[-38,49],[534,441],[-86,11],[-357,-219],[-116,-11],[468,379],[252,102],[29,129],[-153,24],[0,73],[-64,51],[27,-148],[-150,-125],[-458,-103],[-287,-214],[-248,-22],[36,83],[155,64],[-20,92],[-56,7],[23,45],[157,23],[87,101],[-76,26],[31,65],[171,106],[-25,-73],[63,27],[25,95],[128,-24],[-52,70],[140,173],[291,146],[-328,-109],[-196,-153],[-34,70],[-469,-295],[10,47],[-175,99],[71,27],[17,86],[-32,91],[-75,42],[-197,-224],[0,198],[-89,9],[13,112],[-25,25],[262,86],[-2,60],[-96,100],[90,73],[-14,52],[431,188],[75,53],[40,121],[31,-92],[52,-5],[33,244],[253,-22],[-39,49],[64,48],[-367,-24],[4,-130],[-80,106],[-349,-104],[-172,96],[-52,-41],[65,-47],[-178,47],[26,-47],[-153,-51],[-45,20],[-32,175],[51,49],[2,83],[75,39],[-14,-49],[64,-51],[29,201],[85,23],[83,120],[192,67],[30,-30],[-19,-157],[121,22],[103,102],[17,75],[-44,69],[86,-12],[8,-189],[114,-56],[139,-18],[87,92],[28,-58],[134,22],[-243,89],[-22,82],[59,-41],[28,16],[-52,51],[66,22],[-15,234],[-214,132],[373,160],[84,95],[127,-35],[-29,72],[-60,3],[13,183],[51,87],[697,25],[406,195],[87,-39],[85,112],[386,74],[-388,74],[16,145],[-33,50],[51,96],[-150,-100],[-228,-441],[-200,-44],[-58,-74],[-87,25],[100,149],[-288,-98],[-168,89],[-35,106],[-68,-2],[52,-95],[-262,-121],[-23,-90],[-425,-84],[207,137],[375,424],[-12,48],[240,90],[14,181],[254,465],[-229,25],[167,244],[213,493],[211,-128],[159,27],[5,57],[-108,89],[109,24],[121,-73],[-77,100],[109,12],[93,-112],[-38,122],[115,147],[-279,0],[153,51],[-52,46],[90,49],[-147,49],[-907,-169],[-101,120],[22,103],[-107,-195],[-30,43],[36,101],[-16,161],[105,70],[-75,85],[90,73],[-128,-25],[28,-104],[-52,-68],[-33,40],[27,129],[-27,55],[-168,-280],[-117,-46],[-67,77],[-110,3],[28,126],[188,119],[-64,23],[39,73],[-113,-90],[-39,43],[62,98],[-118,-28],[-21,-131],[-72,-35],[-98,6],[-90,113],[-210,0],[63,118],[166,28],[-64,99],[124,-39],[15,39],[-176,47],[-84,175],[-94,0],[43,43],[134,-21],[-13,74],[82,-1],[121,-95],[63,69],[-140,130],[331,65],[84,-39],[233,-30],[-392,171],[-26,160],[43,189],[-17,66],[221,87],[413,35],[-103,75],[114,171],[-49,24],[38,98],[-356,0],[-282,-145],[-61,73],[65,147],[-14,119],[172,-24],[50,-122],[20,122],[-50,69],[-36,-36],[-33,147],[-91,100],[2,106],[118,204],[-87,0],[-67,-152],[-52,-12],[-85,137],[153,49],[-127,222],[76,24],[-96,92],[-43,19],[-27,-38],[16,-68],[-66,-5],[25,-73],[-89,-27],[38,-122],[-52,-24],[52,-84],[-111,40],[66,317],[58,97],[-102,47],[199,244],[66,-94],[168,-51],[-85,-129],[-93,56],[-12,-70],[137,-66],[77,85],[-13,101],[58,72],[146,-75],[-63,100],[75,0],[-131,47],[-27,114],[108,34],[145,-74],[394,0],[203,-72],[116,71],[99,-47],[39,-98],[56,25],[0,-125],[40,-22],[-27,-88],[113,-133],[15,-124],[12,221],[82,68],[73,224],[207,2],[153,-97],[334,30],[192,-253],[114,26],[-204,171],[51,100],[228,-25],[-189,133],[76,-13],[23,59],[-263,40],[-5,76],[351,253],[14,161],[44,-99],[431,195],[-112,77],[101,96],[-5,69],[86,88],[-5,89],[70,-49],[31,146],[-318,-146],[22,86],[-39,36],[-287,-268],[133,146],[-6,51],[-63,-2],[-18,79],[-55,-138],[-61,108],[-129,-86],[-201,37],[-35,79],[-186,65],[25,73],[-32,66],[294,250],[334,-43],[-165,97],[29,16],[225,-91],[-278,197],[126,122],[305,-73],[-103,87],[27,90],[100,-6],[-45,86],[-134,-59],[-76,125],[-24,67],[24,20],[59,-42],[97,49],[-167,195],[77,0],[22,99],[103,120],[51,-107],[27,85],[-28,167],[78,199],[133,-49],[121,49],[-28,-129],[332,348],[50,-41],[-100,-130],[177,51],[18,-114],[71,41],[-64,-99],[71,-4],[40,93],[-58,178],[125,147],[-31,-219],[181,-101],[41,-119],[-13,-122],[64,172],[-66,255],[-37,-14],[27,-145],[-153,114],[57,179],[185,73],[92,-125],[-6,-162],[78,-54],[86,-232],[-28,-85],[-185,-148],[147,-23],[-222,-321],[393,319],[36,102],[-51,86],[27,168],[-161,257],[62,138],[-15,129],[85,-22],[17,71],[117,-61],[109,98],[49,-115],[119,7],[-174,183],[-5,83],[-87,78],[29,21],[325,-147],[148,-212],[351,-167],[-6,-73],[-426,-268],[-155,-331],[376,-7],[146,309],[23,212],[145,-74],[240,14],[339,119],[177,134],[111,-60],[116,38],[210,-122],[257,14],[118,-159],[-46,-335],[174,-108],[-34,-222],[185,-146],[122,-235],[37,-194],[158,-132],[-152,217],[29,62],[56,-18],[92,-115],[22,-112],[-5,-100],[-68,-131],[-215,-97],[-84,-104],[-67,-140],[37,-98],[295,267],[321,-1],[70,-81],[41,-213],[66,-101],[19,-190],[70,-111],[-62,-214],[6,-119],[-52,-80],[27,-39],[-76,-73],[-113,231],[61,196],[-59,254],[-234,174],[8,-94],[-33,-52],[166,-73],[-82,-38],[56,-35],[26,-195],[-66,-220],[-88,-100],[239,114],[54,-65],[-4,-239],[-191,-246],[-150,70],[-232,-67],[-58,-449],[-272,-244],[-102,0],[-32,49],[52,25],[-166,61],[-21,66],[-156,19],[301,-301]],[[6968,66223],[140,98],[-215,8],[-29,-161],[-109,-117],[34,-184],[-303,-155],[114,-24],[12,-64],[-63,-110],[27,-98],[153,296],[137,0],[-50,70],[90,106],[-26,165],[88,170]],[[7619,67990],[85,44],[-254,47],[9,64],[-72,186],[13,120],[-102,-98],[39,-146],[-39,-75],[62,-90],[40,39],[39,-96],[-39,-24],[49,-243],[153,-1],[-51,25],[26,73],[-38,24],[80,151]],[[7515,69169],[-119,44],[122,-144],[-3,100]],[[7222,70190],[76,-345],[65,146],[11,198],[-25,49],[-127,-48]],[[8352,70189],[102,49],[-90,146],[13,73],[-89,52],[-49,121],[-115,-75],[223,-237],[5,-129]],[[10215,72313],[-49,-30],[-34,-131],[23,-319],[-178,-275],[128,-109],[186,7],[80,-87],[118,64],[-44,88],[46,30],[-9,72],[135,102],[-11,96],[-81,7],[143,337],[-72,63],[-262,-93],[-92,38],[-27,140]],[[3781,69216],[-180,118],[-21,192],[-178,-22],[-191,73],[88,15],[54,107],[102,-56],[132,80],[197,-24],[38,-95],[-38,0],[-13,-127],[76,0],[-25,-219],[-41,-42]],[[13361,69903],[105,248],[33,279],[208,200],[124,320],[165,136],[168,34],[-45,-234],[118,-218],[-162,-233],[16,-97],[-371,-371],[-39,-121],[-171,99],[-114,-91],[-35,49]],[[6360,73126],[65,139],[86,-139],[-121,-25],[-30,25]],[[10720,74268],[-134,6],[87,51],[120,-64],[-43,-108],[13,75],[-43,40]],[[12322,74985],[-25,147],[26,47],[-81,143],[-7,201],[70,153],[120,68],[-13,51],[184,-66],[71,-100],[63,-253],[-22,-48],[80,-91],[5,-80],[-62,-26],[10,-47],[91,-51],[-41,-32],[27,-161],[-158,-73],[-184,44],[-154,174]],[[10867,75470],[-131,-4],[-110,-167],[-91,-2],[-15,160],[141,114],[-63,157],[-89,41],[8,64],[131,155],[-146,22],[-107,-217],[-193,-180],[-24,182],[102,193],[-62,49],[69,208],[210,147],[24,-12],[-36,-146],[50,-98],[-14,95],[40,80],[309,258],[57,-495],[92,-124],[-16,-84],[52,-49],[12,-168],[-200,-179]],[[12640,76268],[-47,199],[61,35],[159,-147],[109,-264],[20,-111],[-34,-90],[37,-72],[-35,-21],[-161,218],[-45,206],[-64,47]],[[11302,76388],[-76,-81],[-45,-219],[-47,-37],[-139,54],[-45,262],[22,118],[349,215],[-174,-22],[-28,57],[132,250],[329,306],[97,20],[9,-127],[-94,-126],[-290,-670]],[[10788,76941],[-87,-46],[-90,24],[119,233],[58,13],[-14,47],[81,18],[-67,-289]],[[11576,77360],[112,147],[27,-83],[-38,-37],[-101,-27]],[[11790,77726],[42,-50],[-50,-215],[-54,119],[62,146]],[[11790,77923],[90,25],[-26,-149],[-77,-4],[13,128]],[[12032,78289],[-62,-103],[-90,-19],[50,98],[102,24]],[[11602,78266],[-91,-174],[133,51],[18,-56],[-270,-182],[-59,43],[49,64],[-35,51],[-358,-245],[-322,-19],[-50,-73],[-112,49],[-72,161],[103,89],[117,-127],[34,50],[-39,24],[306,73],[118,104],[-246,-82],[-91,76],[142,243],[216,76],[-13,122],[-205,-105],[-87,151],[-303,127],[88,71],[-64,122],[127,50],[49,-42],[18,85],[128,70],[172,-42],[-11,-71],[103,-77],[85,-259],[312,-34],[270,-246],[-9,-71],[-65,25],[57,-124],[-84,-24],[-59,76]],[[10623,78511],[89,73],[103,-122],[-144,2],[-48,47]],[[9324,78427],[-46,157],[412,160],[71,-65],[-260,-181],[-23,-126],[-154,55]],[[9863,78815],[-52,61],[100,62],[105,175],[257,131],[-97,-209],[-206,-196],[-107,-24]],[[10445,80168],[-177,203],[168,184],[170,-55],[40,-49],[-35,-58],[50,0],[-25,-130],[-87,-107],[-104,12]],[[8406,80153],[-177,70],[74,66],[-15,104],[125,76],[23,96],[56,-48],[-38,-76],[113,-146],[-69,-11],[-92,-131]],[[10081,80607],[123,-41],[-216,-25],[93,66]],[[8748,81184],[-143,40],[152,-95],[25,-131],[-25,-113],[-67,28],[-72,-28],[128,0],[113,-122],[-254,-51],[-53,67],[-64,226],[4,124],[-76,73],[121,268],[-71,271],[139,73],[166,-122],[-64,-25],[140,-73],[-51,-52],[-224,199],[-42,-25],[43,-91],[324,-177],[-149,-264]],[[11193,81505],[56,-107],[-110,-4],[-54,96],[108,15]],[[9741,82144],[62,37],[184,-239],[14,91],[-58,115],[123,7],[-65,121],[-103,52],[44,88],[-17,109],[38,0],[121,-196],[166,-142],[82,19],[-42,-106],[80,117],[165,-208],[-25,122],[-120,198],[55,145],[-75,24],[-29,165],[194,203],[291,-404],[38,-405],[-25,-182],[-76,-110],[114,49],[-16,-181],[66,-90],[-101,-95],[201,9],[-61,-109],[129,33],[158,-71],[42,-86],[246,123],[223,-46],[-29,-185],[-52,-83],[-168,-83],[-34,-152],[-249,-295],[-133,-45],[-38,120],[74,201],[84,130],[178,120],[-261,-49],[-107,197],[38,-122],[-120,-244],[-45,218],[-96,46],[-23,-71],[-262,-73],[78,147],[-128,-49],[-63,124],[63,71],[-116,1],[-137,245],[122,81],[195,-130],[-24,48],[-152,143],[-105,-18],[26,49],[-50,24],[24,25],[-24,97],[-89,-73],[-13,124],[-75,-99],[13,-147],[-30,-28],[-214,92],[-163,328],[114,0],[-42,70],[10,88]],[[11119,82106],[-26,76],[50,-49],[-65,-283],[52,-253],[-152,-54],[19,430],[83,36],[-38,97],[77,0]],[[8885,82009],[-114,-49],[108,-109],[-209,-37],[-166,134],[71,156],[310,-95]],[[11170,82206],[-40,54],[52,158],[12,-17],[-24,-195]],[[8942,82647],[-83,-26],[114,-167],[90,20],[-36,-78],[-205,-68],[-38,73],[-103,-100],[311,14],[19,-36],[-44,-97],[-273,0],[-76,119],[52,27],[-230,97],[-53,-43],[-137,92],[127,246],[165,0],[-50,-48],[33,-47],[156,190],[-38,-95],[141,-48],[-38,48],[177,95],[30,-66],[-44,-53],[179,-11],[51,-64],[-64,-96],[-133,122]],[[8926,82980],[52,-30],[-131,-59],[79,89]],[[6313,83230],[-56,102],[128,-51],[-72,-51]],[[9242,83533],[-65,45],[-65,-78],[0,52],[118,97],[34,-24],[-22,-92]],[[9028,83345],[84,-86],[175,186],[131,11],[-89,96],[94,56],[147,-30],[-62,69],[49,51],[-316,70],[-191,125],[113,75],[-12,49],[229,98],[-229,-49],[64,49],[-52,22],[52,75],[-96,-62],[-69,135],[-19,131],[56,113],[-37,49],[177,26],[-68,43],[7,111],[36,44],[229,-100],[-55,-21],[143,-372],[-52,220],[34,75],[131,47],[115,-122],[50,75],[-88,147],[-50,0],[-51,122],[38,24],[-51,49],[191,195],[293,103],[537,512],[115,-109],[71,-221],[-90,-185],[89,-76],[-279,-279],[-1,-84],[-88,-27],[176,-74],[223,149],[-17,-148],[-136,-116],[-309,92],[63,-171],[-13,-75],[-216,-147],[-240,-49],[393,73],[76,-172],[-63,-47],[88,-24],[-133,-124],[-223,48],[166,-170],[-97,-121],[-81,25],[26,-77],[-42,-22],[-129,148],[19,-148],[-87,67],[-80,250],[81,145],[137,50],[-179,0],[-140,-195],[167,-269],[-40,-26],[51,-47],[13,-100],[-233,66],[-35,-66],[77,-44],[41,-130],[-91,-21],[13,-46],[-127,73],[25,-73],[-90,-100],[27,-24],[-186,-160],[-280,370]],[[9637,84709],[-143,-31],[25,46],[-49,88],[46,21],[121,-124]],[[15965,86976],[0,73],[-101,39],[74,126],[104,30],[169,-116],[98,-152],[-27,-48],[65,-49],[-140,-122],[216,51],[-46,-70],[-265,-28],[-147,266]],[[9329,96887],[125,73],[27,-24],[-50,-49],[77,-22],[-90,-97],[164,17],[204,-115],[-16,-76],[-151,27],[90,-97],[77,0],[26,-44],[-26,-56],[70,-68],[-197,-54],[62,-73],[128,49],[-13,-49],[69,-68],[-7,-105],[-83,30],[-316,347],[9,91],[-149,228],[-30,135]],[[9728,97574],[-224,66],[-73,251],[445,-156],[101,-161],[-39,-62],[7,-132],[-58,-74],[-159,268]],[[8607,98673],[252,125],[-12,-49],[164,-146],[177,-73],[-62,-129],[-133,5],[-32,-22],[64,-27],[-140,-73],[24,51],[-60,115],[-27,-18],[51,-97],[-318,122],[177,24],[-233,110],[-39,152],[147,-70]],[[8265,98566],[-192,4],[-7,25],[104,30],[95,-59]],[[8874,99196],[23,141],[228,-87],[139,-297],[0,-82],[278,-150],[-28,-95],[-71,-47],[163,7],[62,-137],[-124,-43],[242,-71],[-30,-153],[61,-33],[-6,-136],[-60,-20],[-227,202],[-98,154],[-92,43],[-42,157],[-63,64],[-205,54],[-3,125],[-86,-43],[-106,94],[-3,79],[83,146],[-35,128]],[[9411,99396],[64,-71],[-95,-75],[51,-182],[-11,152],[184,41],[29,-46],[-49,-27],[162,-39],[-87,-107],[331,-129],[-217,-42],[293,-173],[-192,51],[141,-146],[-106,-18],[-11,-153],[-67,43],[-34,250],[-81,137],[-108,34],[146,-151],[19,-93],[-33,-77],[-221,223],[-181,92],[-237,447],[310,59]],[[10095,99283],[-43,169],[64,82],[38,-167],[63,-100],[178,-125],[-92,-63],[-111,36],[140,-95],[25,-124],[-105,-20],[-108,157],[-28,-13],[63,-185],[-48,23],[-99,172],[21,82],[34,-17],[8,188]],[[10406,99174],[110,140],[84,-20],[-56,-74],[-13,-111],[-84,-18],[-41,83]],[[9831,99114],[-181,440],[44,-6],[226,-483],[-89,49]],[[9881,99550],[146,-301],[10,-83],[-104,48],[-89,228],[37,108]],[[10082,99609],[95,-11],[102,-250],[88,8],[4,-67],[-45,-39],[-114,70],[-72,131],[-17,90],[-41,68]],[[20856,11620],[-5,-183],[26,-133],[-38,67],[-14,323],[31,-74]],[[24809,14781],[-26,260],[97,157],[94,-218],[75,-60],[72,49],[31,-59],[-2,-78],[-44,-15],[-184,116],[-113,-152]],[[24943,15751],[-101,-70],[-22,-209],[-221,151],[-44,-59],[-88,162],[11,181],[153,49],[-15,234],[119,158],[307,148],[139,-74],[47,-246],[-285,-425]],[[27742,16734],[3,-166],[-38,-82],[-58,7],[-31,121],[124,120]],[[28598,18378],[-56,-39],[-13,-154],[-153,-243],[-131,-492],[-355,-418],[-189,336],[-319,46],[-92,308],[34,144],[-21,74],[-115,126],[-49,22],[-159,-118],[-91,-210],[-51,-9],[-44,127],[22,37],[-50,76],[-115,-49],[-76,188],[13,127],[393,361],[114,204],[337,366],[678,343],[64,-49],[-217,-148],[-4,-116],[207,43],[-36,-138],[-113,-81],[19,-154],[162,-139],[127,0],[115,124],[222,-124],[-58,-371]],[[29595,19414],[-279,0],[37,171],[-70,62],[-6,122],[151,86],[319,0],[77,71],[69,-195],[52,142],[15,-92],[160,-187],[14,-111],[-33,-20],[80,-28],[73,-267],[-64,73],[-5,-235],[-96,-19],[-494,427]],[[19888,40649],[-218,336],[12,69],[-62,207],[318,-220],[17,-202],[89,-130],[-61,-302],[-95,242]],[[19504,41964],[-74,-16],[32,-75],[147,48],[-27,-51],[218,-60],[100,-159],[-152,17],[-179,156],[-104,-27],[-124,151],[107,58],[56,-42]],[[18020,43562],[-189,24],[-22,66],[85,32],[126,-122]],[[18060,44515],[-89,246],[177,-32],[0,-139],[102,-99],[4,-171],[-96,186],[-98,9]],[[16197,46031],[335,-216],[10,-94],[-289,36],[-33,30],[-23,244]],[[18473,52397],[-210,123],[-57,-98],[-120,22],[-14,271],[293,0],[115,-90],[23,-81],[-30,-147]],[[17529,53343],[-72,-19],[-186,9],[43,108],[130,107],[145,47],[-60,-252]],[[18203,54368],[-57,-62],[-47,7],[40,58],[64,-3]],[[20065,57529],[-212,-92],[-383,310],[-154,-40],[117,177],[162,93],[-13,-49],[46,7],[194,183],[346,-144],[87,-143],[-185,-167],[-5,-135]],[[20421,58320],[62,-174],[-151,26],[89,148]],[[23642,60528],[307,-180],[7,-95],[-262,-2],[-113,149],[61,128]],[[16696,60923],[-349,-377],[23,-76],[-46,-122],[-193,-48],[-463,51],[-230,278],[-137,52],[-61,259],[-132,208],[-250,-35],[-43,-75],[47,-99],[-96,-32],[-177,42],[-146,-97],[-165,60],[0,220],[102,99],[25,-75],[241,57],[38,129],[-453,6],[-119,176],[128,24],[-97,33],[-4,165],[-64,-98],[-86,42],[36,-93],[-64,-41],[-341,-13],[-61,-53],[-63,-240],[-280,-22],[-144,-170],[-194,109],[-10,107],[-127,77],[509,126],[-63,172],[101,121],[-202,-73],[61,-47],[16,-81],[-35,-76],[-442,0],[-62,-103],[4,61],[-127,97],[258,160],[-29,277],[-178,77],[-165,-48],[38,100],[-15,67],[331,172],[59,61],[33,179],[201,-67],[89,26],[-13,49],[146,-49],[7,122],[112,57],[106,173],[87,-57],[-5,106],[71,41],[251,0],[216,232],[129,46],[220,225],[162,307],[98,438],[0,148],[75,-27],[127,98],[-196,-24],[-134,219],[36,177],[92,169],[126,120],[-112,-46],[-185,324],[58,66],[-23,209],[122,107],[-25,27],[-609,-122],[-139,-149],[-36,-86],[22,-84],[-51,-49],[-144,97],[-312,-97],[52,146],[257,350],[133,57],[307,300],[32,301],[38,-40],[264,415],[642,255],[-87,173],[203,-65],[97,-115],[211,6],[504,225],[449,-418],[6,146],[-189,418],[238,150],[85,-64],[110,-331],[132,-127],[196,41],[51,35],[9,103],[80,47],[-119,-24],[-66,-86],[-232,104],[-103,152],[-224,591],[148,338],[227,295],[-158,3],[-120,119],[-13,488],[72,92],[239,50],[56,77],[-20,41],[72,132],[-121,-48],[-42,114],[226,324],[-108,246],[82,64],[26,131],[-265,-334],[-108,16],[-33,187],[-63,36],[-22,-215],[-155,-221],[-1,-129],[-177,173],[15,168],[-28,51],[61,22],[14,297],[-44,-56],[-1,-159],[-139,-39],[-186,307],[-11,233],[-409,607],[232,746],[128,142],[-1,128],[97,307],[80,68],[71,-58],[96,49],[-116,73],[75,83],[117,39],[168,-78],[187,78],[-128,0],[128,75],[-887,61],[-47,-55],[-82,65],[-21,-399],[-251,-10],[-40,-75],[-136,-17],[-35,40],[39,22],[-12,49],[-76,-149],[63,-71],[-348,-201],[-82,51],[15,109],[-30,66],[-48,-78],[11,-117],[-72,-14],[-160,190],[16,143],[-130,-96],[-159,93],[-85,149],[-44,-135],[17,-84],[135,-183],[-26,-84],[27,-52],[-8,-195],[-63,-78],[-212,73],[-185,267],[-342,206],[-34,101],[-110,18],[-178,-220],[109,-358],[54,-51],[15,-204],[-175,95],[-2,246],[-62,24],[-28,129],[-285,385],[-44,269],[19,194],[103,81],[84,-162],[16,-196],[55,-71],[66,32],[14,51],[-115,329],[78,409],[261,290],[64,388],[110,137],[44,158],[183,124],[61,169],[-61,148],[-68,25],[39,64],[-49,154],[-232,114],[14,60],[-204,195],[110,172],[-47,582],[161,137],[235,-87],[354,-19],[-355,120],[-204,199],[-76,217],[-37,-19],[13,-80],[108,-209],[-134,-15],[-26,281],[204,500],[-178,-336],[-54,26],[-24,194],[-50,-22],[64,-313],[-34,-93],[22,-231],[-115,25],[76,-124],[-129,-325],[-110,49],[-52,264],[-98,183],[-30,-25],[100,-253],[-1,-110],[-158,123],[-17,120],[-113,-273],[75,-219],[-177,76],[-77,182],[27,196],[-27,136],[248,439],[185,114],[113,231],[192,126],[36,94],[-267,-173],[-82,-195],[-221,-163],[-153,-254],[-64,-24],[-43,-149],[-121,2],[-19,62],[-20,-257],[45,-26],[56,-198],[14,-68],[-26,-27],[102,-121],[63,-176],[-214,-221],[-105,-273],[12,-124],[53,-64],[-62,-82],[-41,-302],[-137,-204],[76,-73],[53,-119],[-18,-54],[-169,-186],[-256,-32],[-53,57],[-16,304],[141,176],[14,341],[-26,76],[90,271],[-14,121],[101,94],[84,203],[141,114],[92,201],[-267,-291],[-113,118],[-25,173],[190,317],[-186,-170],[-46,104],[232,434],[-101,-47],[-120,-310],[-31,18],[20,141],[220,410],[85,-38],[-50,159],[91,206],[-178,-173],[102,272],[-16,48],[123,110],[-37,38],[-147,-76],[37,280],[53,88],[177,25],[-166,0],[150,289],[459,22],[167,217],[100,205],[-253,-368],[-276,39],[-51,-50],[-60,160],[-108,-100],[76,222],[131,-65],[213,162],[-242,-124],[-77,51],[214,364],[-36,53],[597,195],[-305,-72],[-144,74],[219,364],[-211,-206],[-64,-170],[-308,-251],[-443,-521],[-179,146],[40,122],[-83,-103],[-112,26],[-276,244],[-9,84],[138,44],[175,-100],[-50,124],[196,141],[209,-70],[192,51],[-172,-25],[-210,93],[-272,-141],[-374,78],[-117,-67],[-113,62],[-21,118],[100,93],[284,33],[114,75],[210,-135],[-64,135],[241,0],[-139,73],[-36,84],[217,57],[136,101],[-156,-68],[-73,21],[90,122],[-344,0],[128,22],[-52,78],[90,268],[141,105],[179,-168],[162,16],[89,72],[-196,-44],[-105,64],[11,95],[-41,31],[-145,24],[-20,27],[27,59],[113,158],[129,34],[162,-104],[292,21],[-36,51],[-223,-51],[-260,184],[102,209],[-34,60],[122,120],[64,15],[180,-171],[73,24],[-176,171],[114,149],[-45,20],[-210,-169],[-264,24],[-16,49],[139,199],[76,-42],[208,103],[82,81],[16,100],[-214,-209],[-141,39],[61,54],[-24,99],[-162,-204],[-186,-17],[-32,141],[26,171],[-89,37],[-25,147],[47,232],[29,0],[-14,73],[66,8],[303,-251],[-25,73],[260,35],[-140,70],[-133,-59],[-63,78],[25,46],[-62,12],[-90,184],[-80,30],[28,191],[105,43],[77,-61],[35,67],[-241,122],[-13,319],[64,124],[144,4],[46,-30],[25,-244],[101,-78],[-37,78],[76,-27],[-1,167],[-126,226],[75,121],[115,-48],[-10,-98],[128,-114],[59,-8],[74,195],[358,-219],[-317,255],[0,62],[50,26],[127,-124],[183,-37],[237,-231],[-49,135],[-231,180],[52,52],[-20,86],[-163,74],[-138,172],[-112,8],[25,76],[-61,114],[35,49],[71,-21],[44,-94],[121,15],[44,58],[-25,122],[25,25],[-38,26],[103,47],[-166,122],[14,75],[-128,149],[2,59],[182,-73],[144,73],[79,-37],[81,73],[363,-173],[-90,100],[102,49],[-228,-17],[-159,163],[-69,173],[37,0],[-18,73],[37,144],[235,-95],[-76,122],[-76,-27],[24,51],[-38,27],[103,61],[101,-61],[-204,181],[0,65],[144,138],[74,301],[282,-83],[59,-163],[-26,-125],[48,61],[29,234],[215,-183],[-187,-385],[276,273],[50,177],[125,5],[169,-104],[0,-78],[-128,-268],[281,319],[68,27],[134,-78],[-26,27],[51,71],[259,35],[97,119],[47,-87],[200,-18],[552,220],[102,-23],[-26,-24],[45,-43],[158,43],[153,-48],[25,72],[-115,124],[70,77],[64,-104],[253,47],[96,-71],[246,-3],[-56,-192],[-148,-264],[20,-101],[100,-5],[21,-62],[-142,-344],[-168,-228],[-304,-146],[-242,-344],[-544,-416],[-79,-171],[-258,-156],[-20,-88],[-153,102],[13,-76],[114,-38],[51,-86],[-39,-144],[-112,22],[-65,-73],[-209,73],[-150,-40],[-173,162],[157,-203],[184,28],[108,-105],[31,1],[-11,60],[184,-103],[104,87],[127,-124],[216,210],[35,-39],[-20,-89],[-367,-481],[-65,7],[14,91],[-50,49],[-232,-170],[-234,-34],[-248,-366],[420,348],[194,-60],[162,108],[-29,-119],[-173,-222],[25,-49],[-121,-30],[-27,-81],[-144,14],[101,-49],[-75,-146],[100,-21],[296,233],[-91,105],[457,24],[393,246],[-38,-73],[101,0],[-38,95],[140,-22],[57,60],[25,123],[153,37],[230,-11],[463,-185],[220,122],[476,-19],[419,-105],[192,22],[62,78],[159,-73],[188,105],[205,-8],[44,-97],[76,24],[191,-246],[55,-313],[72,-101],[-38,-61],[41,-24],[-168,-283],[-241,-268],[-164,-517],[-5,-140],[41,-59],[-255,-479],[-24,-129],[25,-122],[-247,-403],[-197,-180],[-113,-348],[12,-97],[-63,-126],[-343,-313],[-51,-122],[-617,-64],[-329,-300],[-158,-6],[172,-36],[640,365],[153,-108],[-10,-131],[-55,-90],[46,0],[19,-73],[273,-83],[145,-159],[-132,-175],[-251,-131],[-334,48],[-303,-295],[-66,-211],[-332,-131],[-609,85],[-269,219],[-38,-21],[142,-121],[73,-149],[120,-74],[602,-57],[52,-59],[336,-30],[81,-80],[256,80],[151,146],[-24,74],[89,103],[348,-6],[122,-120],[-26,-77],[140,26],[370,-268],[315,-73],[17,-89],[90,-73],[488,-844],[65,45],[63,-94],[-38,-22],[128,0],[126,-100],[25,-124],[-25,-47],[52,-48],[-16,-56],[49,-87],[-8,-383],[62,-233],[-23,-113],[112,-303],[-19,-134],[195,-560],[93,-127],[12,-216],[149,-557],[191,-168],[-37,-43],[51,-131],[-72,-96],[94,-45],[28,119],[63,-78],[585,-228],[416,-298],[75,-108],[4,-97],[135,-167],[143,-448],[173,-107],[80,-205],[293,-172],[-164,-103],[-102,-217],[126,-440],[527,-917],[29,-118],[-33,-129],[-40,-38],[49,171],[-29,26],[-159,100],[-235,-54],[-311,373],[-526,-92],[-172,80],[-165,-112],[63,-49],[135,89],[166,-122],[464,105],[168,-309],[630,-517],[45,-136],[80,-65],[228,-690],[26,-288],[-49,-211],[-313,-277],[-146,-251],[-111,-93],[-22,-94],[177,11],[120,-98],[141,-237],[146,27],[109,-124],[-10,80],[110,178],[87,331],[156,128],[213,61],[525,-139],[85,45],[-89,51],[571,-161],[418,-308],[0,-2802],[-52,-8],[-259,-415],[-126,194],[-197,122],[105,-132],[104,-36],[7,-73],[-380,-27],[394,-24],[-6,-67],[-147,-180],[120,-48],[42,63],[-19,-132],[-106,-118],[-155,-107],[-165,-17],[-124,238],[-32,-107],[-139,-113],[-25,-124],[-324,-97],[115,-98],[281,174],[61,-28],[12,-197],[-75,-195],[75,-24],[-146,-206],[-189,-111],[-223,27],[-152,-98],[-208,-10],[-52,-138],[-81,-50],[278,138],[297,-52],[52,-109],[-152,-9],[-160,-114],[58,-75],[235,-25],[-23,92],[48,32],[71,-195],[394,-54],[229,86],[643,34],[-43,-178],[-88,-24],[66,-373],[-53,-250],[-356,-247],[-232,-65],[-186,-292],[24,-230],[-402,45],[-256,-258],[-480,-141],[-174,-256],[-276,48],[-547,243],[-178,8],[-237,-104],[-668,-89],[-59,-168],[-211,149],[-4,58],[79,72],[-121,52],[18,48],[-37,25],[-151,2],[-66,-217],[-49,-7],[-38,52],[63,172],[-177,0],[76,-89],[-2,-108],[-49,-26],[-584,489],[266,-330],[11,-91],[-385,-140],[-67,-151],[-244,75],[-146,-71],[-159,25],[-153,-129],[-17,80],[-134,24],[-32,71],[-81,-146],[87,51],[62,-114],[92,-17],[-1,-88],[38,-27],[-60,-151],[-185,-24],[-617,179],[-70,-29],[-45,-110],[-10,-77],[68,-98],[-45,-107],[-56,224],[-388,366],[-318,146],[-732,-211],[-66,-133],[-134,-73],[-98,45],[-81,175],[58,-244],[-134,-319],[34,-220],[-83,-16],[-45,-81],[13,-59],[115,-39],[-73,-196],[-81,23],[-13,-79],[-101,-78],[-25,-308],[-28,-18],[-238,-31],[-318,392],[-173,-78],[-18,78],[-82,52],[6,121],[-123,44],[-37,124],[59,149],[-76,0],[-63,-75],[34,-81],[-22,-65],[-114,0],[178,-73],[-64,-23],[89,-51],[-25,-122],[-109,122],[-158,51],[-292,-150],[-329,-47],[-39,100],[-128,-76],[15,-73],[-83,-258],[-92,18],[-180,-125],[-103,-198],[-33,171],[-60,14],[-22,-134],[39,-51],[-152,-170],[102,-25],[26,-103],[-77,-165],[-89,-14],[-83,-183],[-100,121],[-14,124],[-96,187],[-315,179],[-123,-60],[12,-111],[-54,-81],[-262,-27],[-19,109],[39,47],[-28,131],[46,103],[322,207],[135,-89],[93,164],[135,47],[305,345],[-7,176],[192,105],[64,390],[127,87],[25,-150],[164,-22],[-142,145],[2,123],[237,21],[80,176],[-5,92],[175,146],[149,227],[50,125],[-9,315],[60,268],[-7,150],[349,-65],[240,285],[-88,268],[76,0],[-25,146],[850,198],[620,-136],[92,-84],[658,122],[14,-100],[41,146],[-41,320],[55,-3],[60,187],[-28,35],[100,37],[227,315],[189,107],[259,523],[169,238],[142,88],[9,82],[-27,31],[-41,-103],[-114,-37],[-428,-558],[-270,-145],[-232,45]],[[13011,80155],[29,-43],[227,281],[-54,10],[-202,-248]],[[13856,81197],[333,495],[-11,73],[-617,-878],[295,310]],[[16778,86537],[-89,96],[25,52],[-77,145],[90,26],[-126,23],[281,21],[-66,-92],[15,-206],[-53,-65]],[[16802,87159],[-101,198],[-79,-70],[-112,9],[26,-52],[-88,-46],[-157,1],[-66,125],[57,193],[-38,120],[-33,-29],[9,-69],[-64,0],[19,-150],[-44,-67],[-63,24],[-81,211],[42,131],[-11,161],[131,163],[361,-56],[65,-71],[-39,-24],[141,-149],[-127,-36],[-127,-159],[27,-24],[106,-25],[88,93],[70,-65],[76,43],[102,-46],[-13,-76],[194,47],[-3,-58],[-103,-84],[80,-87],[35,9],[-38,100],[127,51],[37,-42],[-13,-120],[-130,-53],[-72,-104],[-191,83]],[[17248,87818],[118,97],[-80,138],[74,26],[104,-72],[-44,-13],[18,-64],[89,26],[-24,-67],[62,-55],[-153,-73],[-31,121],[-70,-21],[5,-56],[-68,13]],[[16529,88204],[226,-69],[-46,-52],[3,-106],[-54,-21],[-161,53],[-54,121],[86,74]],[[17095,88373],[76,-73],[-62,-111],[4,-103],[45,-57],[-87,-25],[-90,123],[0,75],[82,0],[-11,143],[43,28]],[[32194,88197],[-12,112],[47,55],[119,-162],[-46,-135],[-108,130]],[[17562,88400],[-112,-100],[14,73],[-64,0],[-164,-187],[8,92],[171,167],[-29,101],[165,49],[-101,-127],[25,-22],[294,183],[23,-110],[-124,-23],[-103,-174],[-3,78]],[[31789,88198],[-2,278],[25,67],[92,-24],[-101,173],[64,146],[-37,32],[-5,110],[42,5],[145,-342],[-14,-99],[65,-68],[6,-160],[-38,-214],[-113,-99],[-88,58],[-41,137]],[[16759,88744],[-70,-103],[171,-60],[121,-182],[-102,-77],[26,100],[-141,117],[-51,7],[27,-78],[-89,0],[-127,224],[127,0],[80,96],[28,-44]],[[19265,89399],[-90,-64],[-11,53],[48,96],[78,15],[-46,-45],[21,-55]],[[31981,90184],[7,-60],[-89,72],[-58,-36],[0,-111],[-75,-158],[12,-52],[89,99],[-38,-98],[26,-146],[-91,-82],[-69,159],[2,177],[132,260],[-117,12],[-12,61],[-78,-45],[42,218],[88,0],[-77,147],[91,22],[136,-241],[60,-16],[158,-331],[-139,-97],[75,73],[-39,166],[-36,7]],[[32225,90311],[-143,-16],[-126,328],[-12,124],[88,149],[-27,55],[58,42],[137,-73],[187,-346],[16,-206],[-30,-55],[-111,-103],[-118,47],[77,-4],[4,58]],[[32459,90720],[-72,49],[-23,169],[-123,-19],[-90,135],[162,34],[-18,98],[41,73],[361,93],[7,-221],[-102,-195],[64,-167],[-126,27],[-81,-76]],[[31979,91052],[-180,195],[59,139],[38,-164],[42,32],[-77,236],[173,-206],[-3,-115],[-52,-117]],[[19748,91321],[-59,-90],[55,173],[-14,56],[55,23],[-14,-97],[35,-6],[-54,-154],[-4,95]],[[18429,91532],[-27,-40],[-92,71],[89,69],[30,-100]],[[20120,91709],[103,34],[18,-86],[36,19],[-44,-221],[-89,55],[5,116],[-29,83]],[[20219,92486],[36,-39],[-15,-92],[-189,-43],[180,-95],[-116,-108],[6,-54],[83,-11],[-108,-85],[-83,85],[14,-98],[-63,-24],[75,-22],[-38,-100],[77,73],[-65,-173],[70,58],[-5,-80],[63,-73],[-140,-73],[18,-57],[-44,-21],[52,-46],[-31,-41],[17,-47],[52,-34],[-38,-79],[-63,5],[33,-190],[-85,40],[4,-149],[-54,-93],[25,-227],[-25,-43],[-38,73],[-30,-33],[18,84],[-138,70],[37,132],[61,20],[-49,95],[49,0],[-11,63],[123,427],[-49,146],[36,106],[-79,-17],[82,230],[-114,-146],[-52,143],[-99,52],[114,-171],[-13,-51],[-77,51],[-12,-112],[-26,39],[-68,-123],[-133,132],[112,86],[-69,94],[-39,-111],[-43,62],[-142,-45],[-83,80],[-38,163],[95,94],[168,-66],[-14,49],[138,35],[27,-135],[38,27],[-25,73],[68,69],[90,-63],[19,-79],[52,73],[-52,51],[38,95],[154,27],[-143,69],[-11,77],[-95,-22],[19,119],[-101,27],[-13,220],[-63,-125],[-35,42],[35,58],[-239,-7],[43,102],[56,0],[53,160],[133,-171],[131,11],[-177,98],[128,146],[-14,100],[191,-51],[-16,98],[42,77],[17,-155],[-81,-237],[38,0],[-38,-27],[38,-24],[-38,-120],[76,25],[-139,-322],[87,27],[-2,64],[50,37],[118,20],[-114,98],[43,47],[21,-69],[79,118],[122,-240],[-134,-69],[109,2],[39,-84],[76,151],[11,-51],[45,100],[71,22],[-165,-268],[78,74]],[[31367,92053],[6,58],[151,-18],[25,97],[-122,69],[2,183],[-50,165],[43,48],[233,-441],[-20,-124],[-61,3],[90,-125],[24,-181],[-101,-25],[-40,158],[-79,-45],[-101,178]],[[20307,92285],[123,146],[105,5],[-120,-150],[-108,-1]],[[31700,92546],[27,109],[-126,76],[25,47],[-45,86],[-117,14],[-55,192],[121,-132],[229,-77],[82,-108],[-4,-187],[-97,-60],[-40,40]],[[32609,92655],[-198,-24],[-330,392],[158,40],[319,265],[50,201],[106,1],[41,-43],[-12,-696],[-105,-53],[-29,-83]],[[20636,93097],[-50,11],[-103,208],[217,0],[24,-73],[100,-33],[-56,-81],[-158,41],[26,-73]],[[20344,93267],[-102,0],[108,-133],[-57,-88],[33,-179],[-142,43],[6,-81],[-105,57],[-48,415],[16,77],[62,11],[14,-107],[50,-15],[-32,293],[53,137],[42,-62],[140,47],[-6,-197],[32,-69],[-26,-75],[-127,97],[89,-171]],[[31079,93187],[16,262],[111,-160],[-14,-112],[-42,-19],[-71,29]],[[20507,93819],[-24,109],[107,160],[46,-75],[-59,-122],[65,49],[58,159],[107,-81],[-44,-66],[50,-24],[-112,-148],[36,-49],[-89,-96],[52,-118],[-27,-30],[-240,48],[0,125],[42,3],[-17,94],[49,62]],[[31195,94249],[-38,109],[-89,34],[111,47],[-22,-47],[107,0],[-16,-44],[102,-211],[-155,112]],[[30910,94651],[-79,85],[-9,112],[104,88],[72,-245],[-38,-82],[-31,10],[13,93],[-32,-61]],[[31219,95003],[-102,-195],[-24,356],[74,61],[61,-148],[12,101],[-46,169],[52,-10],[41,-205],[9,117],[63,27],[-26,48],[76,-48],[49,-207],[-36,-98],[-137,-129],[-66,161]],[[31241,97194],[60,-222],[-101,45],[-33,89],[74,88]],[[31505,97484],[-228,-38],[-35,101],[54,-21],[50,73],[-229,49],[114,112],[1,58],[82,32],[580,-178],[-194,-98],[38,58],[-24,67],[-209,-215]],[[31658,97954],[-147,90],[60,1],[11,70],[-126,117],[-2,102],[175,-98],[75,69],[59,-99],[-105,-252]],[[42568,613],[229,-43],[-102,-138],[-169,128],[42,53]],[[42819,644],[108,291],[76,-51],[-8,122],[68,158],[92,-74],[-71,-114],[73,-111],[-15,-48],[-308,-234],[-15,61]],[[37887,16249],[-49,-310],[-42,-4],[-112,358],[20,200],[156,-55],[25,-124],[48,6],[-46,-71]],[[37491,16718],[112,44],[11,-261],[-78,-72],[-83,203],[38,86]],[[40186,20903],[-138,-321],[53,-423],[144,-217],[-84,-438],[18,-98],[39,0],[-62,-141],[23,-151],[-49,-208],[11,-270],[-89,-773],[31,-63],[-80,-459],[3,-105],[58,-104],[-51,-29],[-73,-181],[22,-183],[-25,-135],[-81,-87],[-7,-72],[-41,103],[-99,-32],[-279,345],[-141,25],[-93,-147],[-172,220],[-110,55],[45,-132],[77,-9],[-114,-280],[50,-339],[-36,-199],[-319,-419],[-253,195],[-89,-79],[-51,-165],[3,91],[-79,33],[28,173],[-22,62],[-43,-16],[-38,344],[-102,22],[25,73],[-25,27],[-40,-38],[-33,140],[-42,-5],[-13,171],[-48,12],[-68,188],[110,285],[-108,275],[58,173],[-34,152],[142,382],[-36,644],[45,-8],[90,-188],[90,-4],[-113,73],[75,219],[-50,-72],[69,322],[-59,164],[-112,55],[-51,-54],[52,0],[-52,-146],[4,67],[-80,128],[24,391],[-56,41],[169,102],[40,151],[-49,209],[23,461],[-64,140],[-103,73],[16,257],[-27,161],[-89,150],[-74,302],[-140,-88],[-37,26],[37,122],[-42,19],[-59,-192],[-27,105],[-12,114],[62,59],[43,177],[-118,135],[151,545],[-10,118],[-57,49],[26,127],[31,41],[36,-46],[7,-187],[143,-212],[390,-85],[144,93],[79,155],[126,87],[102,-25],[108,120],[108,273],[77,46],[154,304],[252,111],[54,322],[35,29],[76,41],[50,-46],[18,-171],[20,-24],[13,95],[0,-95],[88,-27],[4,86],[162,-110],[-26,-73],[64,-98],[0,-146],[50,121],[-25,51],[125,34],[1,-60],[77,-49],[-101,-368],[58,74],[18,-98],[117,36],[87,-61],[-139,-24],[-31,-218],[-124,-28],[128,-73],[128,51],[-52,-98],[91,-125],[112,-48],[-122,-161],[85,-144],[75,-282],[22,-305],[130,-234],[-120,-496],[-113,-135]],[[37551,23506],[0,85],[90,73],[34,-142],[-23,-77],[-150,-75],[-9,-179],[-68,8],[35,164],[91,143]],[[39698,23878],[31,172],[26,25],[5,-246],[-62,49]],[[39579,24035],[101,87],[15,-133],[-108,-13],[-8,59]],[[38054,27651],[258,138],[-118,136],[-44,-15],[62,86],[-41,48],[-112,-48],[-6,136],[205,189],[32,152],[-37,27],[20,106],[91,75],[-14,173],[144,-61],[34,158],[453,199],[126,250],[220,-34],[103,-171],[93,266],[-13,209],[-55,113],[50,99],[-5,130],[56,90],[-25,268],[140,49],[77,-98],[-19,-93],[30,-77],[23,-500],[-73,-578],[63,-219],[64,-49],[-41,168],[71,-175],[59,-1489],[-26,-152],[-264,-540],[-3,-880],[-54,-80],[10,-99],[-60,-57],[3,-74],[-101,24],[-26,-100],[123,22],[11,-83],[-159,-180],[11,-222],[-111,-73],[23,-75],[-23,-71],[73,73],[-50,-198],[-235,111],[46,111],[-101,98],[24,73],[-76,-73],[0,51],[-191,46],[-266,257],[8,69],[-33,40],[43,169],[132,43],[92,156],[-248,64],[-7,107],[-165,-47],[13,47],[-88,26],[115,79],[-15,116],[140,71],[-63,76],[76,48],[-25,49],[50,122],[-76,98],[-278,-120],[0,155],[-52,89],[128,34],[17,128],[146,106],[-81,233],[-71,-14],[-188,173],[63,74],[-52,0],[30,71],[-60,171]],[[42375,28186],[106,-220],[-31,-42],[-114,170],[39,92]],[[40896,28981],[21,-135],[-84,18],[5,25],[58,92]],[[41538,29364],[-91,2],[-81,151],[-45,-78],[-17,60],[-72,-54],[-37,45],[-19,-76],[-163,5],[-75,71],[-10,95],[105,119],[156,-50],[44,4],[11,82],[102,-4],[-9,-52],[47,-21],[120,242],[57,-100],[-24,-207],[-77,-86],[68,-81],[10,-67]],[[33638,30375],[143,73],[19,-82],[-92,-55],[-70,64]],[[40451,30574],[-3,-128],[-75,-61],[-32,73],[42,136],[68,-20]],[[43813,83797],[-119,-99],[-114,54],[-33,179],[96,11],[-114,32],[0,118],[431,45],[-12,-217],[-41,-18],[-28,80],[-66,-185]],[[43676,84367],[-128,-132],[-97,74],[-11,-124],[-91,263],[221,240],[250,87],[13,171],[30,22],[97,-22],[127,-195],[-5,-374],[-178,-99],[-147,7],[-81,82]],[[42678,87595],[-102,24],[22,189],[148,-33],[-68,-180]],[[42282,87872],[144,43],[8,-56],[-69,-105],[-59,16],[-24,102]],[[32546,87942],[350,-22],[20,-133],[-45,-30],[-325,185]],[[33518,88487],[-81,-128],[-181,-46],[-53,56],[5,91],[102,78],[208,-51]],[[43321,87749],[-91,148],[-300,17],[-14,88],[59,17],[-52,69],[-4,114],[-76,-49],[33,-73],[-33,-73],[-88,120],[21,-149],[-124,-22],[14,56],[-77,103],[-92,39],[-23,-1],[15,-121],[-52,-25],[-26,195],[-147,-117],[-81,91],[-11,223],[-65,-126],[10,183],[66,161],[-82,75],[-63,-97],[-49,32],[-58,211],[31,90],[-126,109],[98,223],[34,-15],[-26,-161],[25,-21],[42,44],[10,109],[-73,163],[10,244],[-56,152],[-22,214],[-31,-45],[-69,149],[100,384],[76,82],[116,-424],[75,400],[-11,139],[-118,81],[-42,-81],[-253,-24],[-100,-115],[43,-58],[-14,-366],[51,-151],[118,-96],[59,-194],[-133,-258],[-196,-62],[-72,606],[-242,185],[-79,-57],[287,-234],[29,-168],[-26,-271],[-31,-34],[-235,122],[244,-374],[201,-91],[-62,-289],[129,-164],[-82,-197],[-201,84],[2,-185],[-59,-35],[-31,-292],[-44,24],[32,-268],[-65,195],[-18,-270],[-70,270],[-24,-170],[38,-94],[-46,-85],[-172,-41],[88,80],[3,89],[-193,-122],[-79,55],[31,-143],[-34,-73],[-312,-62],[-63,28],[61,92],[-118,221],[-44,-67],[-129,208],[-9,-159],[-27,19],[-71,285],[-55,-56],[-114,18],[213,-298],[134,-79],[-5,-111],[-38,51],[-88,-51],[63,-98],[-177,-48],[25,-52],[-59,-25],[-196,25],[100,-102],[-23,-17],[-103,9],[-10,-58],[-142,50],[-25,-50],[80,-2],[-119,-66],[-75,68],[-52,-173],[333,0],[-267,-337],[-436,9],[-15,-62],[197,-27],[-127,76],[211,-57],[3,-67],[-291,-71],[179,20],[83,-58],[-309,-277],[-116,-29],[-107,72],[66,-97],[2,-116],[-75,-165],[-288,-262],[-87,-174],[-121,-54],[-64,-111],[-51,53],[-123,-194],[-22,-129],[-170,53],[-6,-99],[-98,2],[-203,-149],[52,-24],[-83,-119],[-7,-101],[-39,-42],[-82,77],[-65,-152],[-130,40],[-52,100],[103,75],[-94,224],[-47,-7],[44,-142],[-37,-138],[-136,-125],[41,-58],[-542,-93],[-5,-78],[-64,25],[-22,-108],[-66,83],[0,-100],[-349,0],[-228,66],[-32,81],[-139,-98],[-36,68],[-135,-48],[-12,-108],[-129,-48],[-13,134],[163,143],[53,-43],[58,148],[-393,-195],[113,195],[-30,19],[-147,-189],[13,170],[-77,-73],[-115,73],[343,147],[-214,-23],[-178,169],[56,-220],[-141,-2],[-30,53],[13,195],[-63,-246],[174,-197],[-346,38],[-121,159],[70,40],[54,160],[143,20],[-38,26],[39,63],[317,230],[-305,-173],[-89,185],[42,100],[72,-39],[25,75],[-39,52],[-125,-29],[12,-266],[-119,-6],[-397,153],[-625,353],[-60,106],[-43,225],[-293,42],[-33,113],[-138,0],[-107,99],[11,50],[-149,235],[-174,451],[91,105],[7,302],[77,91],[-65,221],[148,-174],[17,65],[-140,162],[76,22],[-24,43],[-103,8],[51,169],[305,-220],[-27,-207],[27,-185],[37,219],[153,27],[7,98],[59,5],[442,-420],[253,-26],[-204,48],[-113,173],[88,173],[166,120],[799,246],[-508,-71],[-355,-124],[-234,-333],[-109,209],[16,73],[124,51],[-77,97],[-139,-26],[-109,172],[28,134],[437,159],[-218,4],[103,206],[198,194],[283,191],[255,17],[-274,11],[-296,-197],[-77,25],[-51,115],[281,46],[-69,114],[-50,-109],[-47,68],[-101,-73],[-64,122],[-38,-94],[-77,23],[85,177],[246,215],[26,-50],[100,289],[559,176],[-72,40],[-314,-63],[-184,-99],[78,165],[61,298],[-47,-22],[-91,-355],[-156,-323],[-233,-204],[-82,98],[-26,-98],[50,-76],[-132,-90],[-71,166],[0,159],[495,109],[-91,55],[-147,-66],[-228,17],[-175,215],[-56,-48],[49,-111],[-11,-113],[-91,-62],[-74,89],[-22,-147],[-93,-75],[255,74],[127,-158],[13,-122],[-287,-38],[-50,-108],[-122,-60],[64,146],[-111,295],[-47,-26],[45,-50],[-32,-282],[-116,-138],[-129,107],[-5,348],[-53,-93],[-9,-294],[-50,37],[-45,389],[-29,-16],[-2,-206],[-63,-33],[-123,284],[-54,20],[-36,291],[112,52],[-76,73],[264,362],[77,6],[51,-195],[25,146],[-51,122],[166,244],[30,-162],[-46,-255],[13,-165],[-131,-115],[0,-136],[184,124],[44,210],[-30,70],[75,210],[292,-47],[-12,-199],[72,7],[64,167],[168,-4],[0,76],[-169,-59],[-78,55],[126,191],[133,32],[32,96],[153,-104],[97,33],[506,390],[-573,-342],[-126,73],[64,293],[-64,-70],[-37,-178],[-153,-69],[-216,213],[13,104],[-75,-70],[-65,46],[179,99],[-5,100],[59,74],[369,103],[21,77],[-65,59],[116,214],[162,123],[358,106],[-46,21],[-17,125],[-105,-133],[-176,-64],[-56,325],[125,61],[123,219],[-14,82],[141,49],[138,195],[166,74],[113,150],[255,-51],[-127,-306],[12,-86],[-89,-159],[-37,-453],[25,-195],[10,297],[97,265],[-19,123],[153,392],[275,323],[259,70],[253,-46],[50,94],[-380,0],[216,293],[-54,6],[-245,-308],[-370,-251],[-119,38],[191,269],[-737,-466],[-133,85],[-88,210],[114,-329],[-223,-39],[129,-46],[-89,-173],[38,-73],[-39,-114],[-266,38],[-151,-343],[-117,-69],[39,-222],[-31,-228],[-133,-67],[12,51],[-35,15],[-29,-117],[-31,14],[-107,161],[13,76],[162,16],[40,104],[-141,-38],[-39,72],[53,101],[-38,157],[152,124],[-202,-73],[-65,-146],[-99,-40],[-91,86],[56,51],[-18,98],[267,100],[-204,0],[65,144],[-114,-122],[177,417],[128,132],[-179,-159],[-12,73],[-198,-539],[-163,-161],[-53,-145],[-107,87],[38,51],[-127,73],[89,95],[-239,-22],[162,195],[-259,47],[0,137],[107,14],[-162,108],[68,133],[223,27],[-89,124],[25,71],[-49,83],[128,194],[315,-333],[180,-72],[148,57],[-7,61],[119,130],[-6,424],[60,192],[-37,39],[50,180],[-160,-50],[58,172],[-36,20],[-155,-215],[-108,0],[-13,-246],[-419,-243],[-143,48],[-255,317],[265,-148],[-265,321],[113,-26],[-38,73],[-172,61],[-196,209],[101,31],[553,-311],[45,-35],[11,-128],[70,-127],[45,-17],[-38,97],[152,-122],[-117,163],[117,-41],[-38,147],[-108,146],[-132,10],[-89,102],[215,132],[-26,95],[34,46],[334,82],[-106,32],[-16,41],[46,49],[-44,-9],[-269,-140],[-62,-162],[-195,18],[-37,96],[-6,-85],[-62,-67],[-24,54],[27,27],[-159,34],[-120,380],[55,51],[122,-55],[9,-217],[34,-40],[-4,261],[82,76],[-5,71],[-116,-73],[-100,24],[-35,69],[6,129],[112,143],[123,11],[328,-159],[226,-20],[27,-111],[34,42],[-13,152],[124,91],[209,-54],[-78,89],[326,105],[31,-35],[-18,-144],[153,191],[435,15],[296,-101],[15,-125],[-44,-44],[216,75],[21,-40],[-59,-157],[64,0],[3,90],[71,109],[284,181],[63,202],[437,-128],[59,-176],[162,-8],[100,-282],[-252,-256],[169,101],[160,-4],[146,-135],[-45,-233],[95,129],[27,95],[-19,95],[-126,47],[-148,314],[-25,147],[308,61],[104,108],[394,-140],[-165,149],[150,154],[331,44],[165,121],[-568,-121],[-55,26],[-42,246],[-44,46],[127,325],[354,382],[-418,-343],[-153,24],[84,-115],[-7,-56],[-121,-181],[108,-132],[45,-197],[69,-51],[-101,-99],[-169,73],[-142,-136],[-341,-121],[-66,88],[159,169],[-202,-73],[-623,219],[254,429],[38,164],[-25,43],[-183,-443],[-71,-46],[-70,77],[-48,-68],[67,-229],[-134,12],[62,-54],[14,-162],[-133,-115],[-280,38],[-146,83],[-55,125],[-187,-127],[-207,54],[140,146],[-178,-122],[-253,-51],[-39,33],[-1,113],[-61,-146],[-357,-69],[-247,-203],[-165,62],[-68,115],[-193,-85],[-62,85],[126,49],[-341,73],[28,88],[303,-88],[-15,73],[65,0],[-152,132],[-272,-15],[-60,29],[141,76],[-96,-33],[-108,57],[114,124],[265,85],[78,113],[144,-76],[77,-247],[31,59],[-31,174],[-119,109],[341,69],[357,-20],[-146,59],[-723,-79],[-196,-117],[-96,86],[-14,105],[84,92],[34,-100],[29,127],[74,22],[-12,51],[-303,-51],[399,123],[31,77],[242,-82],[49,55],[336,-124],[275,197],[127,-2],[64,-106],[63,11],[-152,146],[-484,-165],[-43,27],[6,67],[-279,2],[-208,107],[-73,52],[3,107],[403,25],[-392,122],[520,-23],[-291,96],[131,98],[-206,-52],[-484,27],[-53,151],[91,168],[-26,47],[25,29],[122,13],[133,-116],[78,27],[-78,95],[119,60],[-232,-33],[380,244],[-25,26],[150,23],[-87,73],[193,175],[521,-86],[124,-138],[-189,-48],[-40,-72],[596,108],[-78,-380],[172,345],[198,-201],[152,-44],[-228,245],[431,0],[173,-99],[166,-10],[88,34],[127,202],[144,8],[204,-114],[76,126],[-88,-22],[-172,95],[-227,-66],[-147,-189],[-403,110],[-302,-28],[-388,124],[-151,-97],[-139,119],[430,98],[-990,75],[-502,-149],[-106,74],[77,195],[163,-47],[136,160],[16,84],[166,-23],[-355,294],[-184,24],[-32,49],[63,24],[-84,82],[-18,40],[39,25],[-25,48],[192,102],[172,-155],[-9,-120],[89,-104],[247,-160],[19,-197],[138,259],[103,-39],[-50,77],[-322,119],[55,189],[62,54],[311,-94],[73,-155],[164,-117],[-151,196],[-2,97],[352,120],[89,-48],[37,-97],[-9,-157],[-126,-245],[-13,-112],[169,241],[33,188],[166,-145],[12,-111],[292,46],[293,-71],[-515,171],[-196,268],[-100,53],[-5,95],[256,-74],[-216,146],[148,214],[525,237],[153,-327],[290,-392],[12,-115],[-49,-105],[114,95],[-20,88],[-303,539],[-51,191],[19,80],[185,43],[120,-156],[-38,197],[304,147],[316,-121],[-10,-223],[233,-364],[10,-212],[-123,-259],[92,-116],[281,98],[89,-51],[-71,101],[-222,-108],[-93,44],[-11,59],[118,195],[1,318],[139,27],[178,-106],[188,110],[193,-177],[-76,146],[-149,89],[-244,-40],[-379,138],[-79,159],[114,24],[-230,278],[-176,37],[63,49],[-186,-3],[-541,-188],[-173,122],[-152,0],[412,146],[20189,0],[-31,-99],[91,-198],[-78,-46],[54,-90],[3,-127],[159,-78],[63,-124],[-52,-49],[357,-146],[-201,-109],[47,109],[-113,-49],[0,-195],[-66,-282],[-48,-59],[41,-22],[-80,-127],[64,-83],[-127,-39],[-11,-108],[-77,-91],[37,-180],[-39,-53],[19,-86],[-30,-84],[126,-10],[-63,-73],[51,-279],[156,43],[57,-74],[-33,-281],[-117,15],[-131,250],[-59,31],[38,-146],[-70,17],[-86,142],[-238,14],[242,-124],[-74,-99],[-116,-23],[50,-51],[-178,-22],[279,-98],[-304,25],[115,-73],[-166,-47],[242,-75],[-198,-38],[160,-84],[-77,-49],[88,-51],[-38,-122],[33,-85],[94,25],[-100,-113],[-55,74],[-60,-135],[181,-222],[137,-83],[-230,51],[27,-71],[151,-75],[-79,4],[-200,116],[154,-160],[60,-146],[-113,-111],[65,-47],[-52,-148],[45,-94],[-69,-30],[100,-68],[-57,-130],[33,-95],[-52,-46],[165,-27],[-148,-72],[-18,-156],[87,-52],[22,-124],[54,-4],[67,-204],[-45,-29],[2,-61],[43,-9],[1,-115],[98,-51],[-276,-266],[132,8],[197,-162],[-75,-48],[29,-46],[436,89],[155,-141],[-102,-86],[64,-246],[60,-40],[131,-20],[-26,129],[164,181],[190,53],[104,-44],[38,-124],[-51,-147],[242,-168],[83,-183],[221,-112],[-103,-97],[52,-100],[114,100],[244,-23],[86,-199],[-89,-24],[330,-171],[-76,-39],[-302,115],[-155,219],[26,-126],[216,-267],[-102,76],[51,-138],[159,-135],[79,65],[55,-357],[23,122],[-23,121],[135,22],[155,-119],[19,-233],[95,-160],[-80,276],[23,103],[95,23],[14,-176],[145,-432],[190,-126],[49,-109],[9,75],[64,-22],[-6,-223],[-62,4],[-275,339],[82,-158],[-12,-119],[-115,-176],[-199,-42],[-38,-80],[571,58],[80,-46],[-51,-129],[-153,-61],[-115,117],[-62,-108],[-307,-172],[-38,-86],[78,-28],[-65,-72],[-75,51],[49,-106],[-86,-79],[-289,-176],[-193,-208],[-205,4],[64,-73],[-102,-24],[83,-129],[83,-20],[-57,-42],[-220,38],[-54,53],[88,0],[-47,129],[-67,-52],[-59,39],[-54,-56],[26,-109],[-61,-40],[-104,40],[254,-244],[-95,-48],[188,27],[44,-52],[64,154],[117,47],[281,-139],[22,38],[-63,170],[89,0],[-128,147],[107,-8],[237,-212],[-127,-24],[190,-135],[-49,-79],[-186,-36],[-287,30],[-49,23],[12,75],[-99,-40],[-28,-35],[76,-122],[-63,1],[-7,-62],[246,-167],[27,-65],[-209,133],[136,-182],[35,23],[-25,-74],[69,21],[-11,-110],[-148,-8],[-100,-75],[63,-45],[-228,-97],[101,73],[-25,24],[25,45],[-59,-4],[-157,-92],[-79,-127],[-98,5],[14,-75],[-69,23],[-20,-23],[29,-56],[-106,-212],[0,-147],[-114,-24],[-12,-195],[-44,57],[-15,150],[-162,149],[55,-187],[-54,-79],[16,105],[-62,29],[-15,215],[51,488],[-67,-22],[-41,-220],[-83,100],[52,180],[-65,134],[27,-122],[-115,-146],[6,-220],[32,-50],[-46,-186],[-55,-34],[92,-138],[-52,-85],[-116,28],[101,-146],[-65,-25],[-201,147],[41,-89],[-36,-194],[71,-58],[-279,24],[63,-98],[-25,-100],[-152,-8],[0,-65],[-210,5],[-140,117],[-109,-49],[103,-48],[-39,-98],[154,-48],[-98,-128],[-218,87],[-39,-57],[88,-5],[63,-95],[-206,-57],[-1279,157],[39,-124],[-140,0],[197,-67],[90,83],[99,-169],[40,18],[57,183],[144,-84],[219,8],[208,-121],[-12,76],[88,-25],[-6,-123],[82,-47],[-25,-47],[50,0],[-18,-60],[196,-137],[-178,-49],[17,-51],[-194,-122],[-568,203],[-54,-30],[543,-249],[17,-170],[96,30],[16,-103],[-266,51],[127,-124],[-3,-63],[53,7],[-12,56],[145,16],[-82,-138],[-89,-24],[178,-120],[-25,-27],[59,-108],[2,-98],[-63,-1],[40,-61],[-60,-113],[-296,259],[219,-422],[-92,-94],[127,-120],[-117,-36],[16,-61],[-103,146],[-14,-87],[128,-187],[54,35],[87,-202],[-102,48],[77,-146],[-84,-15],[-75,126],[-23,-98],[-111,12],[-13,121],[76,-26],[-239,277],[-39,-53],[19,-50],[158,-123],[-38,-51],[6,-98],[-170,76],[11,-73],[-49,26],[456,-541],[-133,54],[-172,262],[-227,199],[36,-105],[511,-581],[-40,0],[25,-51],[-240,76],[79,-154],[-68,-17],[88,-117],[-126,-129],[-12,122],[-66,0],[40,-71],[-40,-75],[40,-49],[-50,-22],[211,-34],[78,-203],[-8796,0],[19,40],[-52,46],[27,55],[-2,291],[-92,-48],[-60,194],[18,76],[120,13],[27,57],[-144,-34],[-182,73],[7,-63],[-86,9],[2,84],[193,212],[-109,12],[-120,189],[-57,6],[89,76],[-19,73],[25,37],[96,38],[-25,47],[38,48],[-55,36],[118,298],[-32,168],[20,110],[64,76],[24,259],[90,82],[-70,35],[-80,270],[137,109],[-23,45],[-266,-65],[-2,-51],[-87,-19],[-181,-202],[-102,24],[25,-73],[-62,21],[-4,133],[70,190],[149,195],[-26,24],[26,40],[89,58],[-76,32],[-75,-108],[-65,222],[-3,-228],[-54,-225],[-234,-256],[87,146],[-110,45],[120,84],[-48,79],[2,87],[-144,-151],[144,346],[-166,-268],[-149,-6],[-61,-71],[-22,260],[93,12],[-14,71],[78,99],[-102,136],[32,170],[56,87],[-38,0],[-12,195],[-90,159],[14,103],[-75,38],[103,320],[-3,127],[-63,73],[0,208],[-166,111],[141,135],[-128,60],[146,257],[236,70],[62,-29],[72,-257],[81,-101],[-81,281]],[[48099,87493],[180,88],[85,156],[-63,0],[26,73],[-52,124],[-52,-124],[14,-73],[-165,-49],[-59,135],[236,433],[-26,312],[65,49],[-27,60],[-44,15],[-44,-97],[-71,166],[-43,2],[-22,-151],[-34,-20],[-16,68],[-102,-8],[22,62],[-71,0],[-44,75],[-43,-35],[43,-89],[-119,-4],[-32,102],[69,75],[5,73],[-179,-64],[-24,40],[26,71],[-407,-184],[-126,64],[-190,-24],[-88,-111],[74,-108],[-140,14],[-49,205],[-102,-122],[21,-199],[-102,17],[71,-114],[-2,-123],[50,-126],[-25,-45],[162,-399],[17,-335],[74,-170],[-114,-122],[-53,102],[-82,19],[-72,147],[-84,51],[64,144],[-161,122],[-208,27],[26,70],[-26,76],[-191,-59],[-76,-112],[-63,74],[26,-122],[-82,-160],[18,-60],[-61,-68],[-28,-324],[-89,-163],[-130,63],[43,222],[-192,215],[89,-142],[9,-331],[54,-59],[-89,-8],[-24,95],[-76,-65],[89,-146],[115,73],[-54,-222],[19,-164],[72,-110],[168,-49],[-205,-313],[25,-47],[-140,-198],[-153,-48],[-134,-253],[42,-82],[363,74],[126,234],[85,54],[-95,-235],[-134,-136],[75,-60],[91,33],[166,175],[-39,98],[411,202],[72,92],[-38,50],[51,27],[-116,119],[131,-38],[81,144],[359,16],[-114,-279],[93,-117],[135,28],[217,420],[208,131],[102,-28],[174,149],[116,-104],[302,249],[74,115],[-34,42],[15,106],[160,47],[-23,86],[112,357],[-75,171]],[[44810,87468],[-32,131],[57,64],[-25,244],[-248,296],[-171,119],[-124,189],[-34,163],[106,200],[-11,62],[126,22],[-175,122],[0,-186],[-101,84],[-17,256],[-61,-63],[5,-163],[-43,-50],[53,-143],[-16,-174],[-44,-9],[-159,182],[131,-264],[41,-425],[97,-208],[-78,-56],[44,-91],[-32,-107],[49,-71],[-24,-99],[86,-65],[77,-244],[29,26],[-102,416],[37,285],[-56,229],[-71,74],[-25,332],[65,146],[76,-301],[491,-466],[32,-173],[-43,-115],[90,-169]],[[42988,89099],[8,132],[-137,-306],[-246,-249],[84,-82],[28,91],[-47,7],[234,208],[76,199]],[[43047,89796],[-29,336],[25,121],[-61,303],[-281,395],[-15,-67],[106,-177],[9,-148],[136,-168],[36,-475],[19,-89],[55,-31]],[[43022,92934],[82,282],[-32,51],[12,-75],[-139,15],[-146,269],[-84,306],[42,105],[-114,57],[-237,288],[-82,-12],[189,-274],[-14,-146],[-188,8],[-224,135],[-30,109],[50,120],[-15,56],[-239,336],[-263,208],[-55,306],[-24,-281],[368,-353],[133,-234],[-8,-226],[47,-135],[677,-516],[197,-271],[-31,-234],[117,-323],[11,429]],[[45545,94737],[-226,-25],[80,-233],[76,-32],[-16,156],[74,37],[-51,22],[63,75]],[[47031,96622],[-152,244],[-191,146],[344,-450],[457,-198],[49,-36],[52,-191],[51,7],[-90,232],[-126,148],[13,-49],[-44,-29],[-363,176]],[[44067,98095],[-56,142],[64,-26],[-43,202],[-96,-176],[51,-105],[22,-195],[55,29],[3,129]],[[44321,99199],[66,409],[-73,103],[-126,-55],[61,-87],[29,-237],[-98,-429],[-93,-8],[0,-146],[-127,49],[-50,-195],[225,-187],[67,-179],[24,-210],[90,-85],[-55,246],[1,212],[-50,82],[28,272],[104,161],[-23,284]],[[49860,86684],[-21,97],[34,98],[64,75],[51,-51],[-139,173],[-39,-220],[-70,-13],[-115,-130],[-22,-100],[-490,-493],[-9,-262],[-45,-161],[-61,-15],[-38,-176],[-75,-49],[-122,-330],[-99,-117],[-73,-208],[-156,-810],[-127,-265],[128,-541],[180,44],[159,559],[164,160],[59,196],[119,183],[148,374],[-14,125],[77,156],[-38,111],[99,230],[81,51],[138,231],[153,-34],[200,230],[-45,32],[34,65],[-22,47],[-219,77],[140,149],[0,244],[74,316],[-63,-48]],[[50953,85673],[158,-148],[21,119],[278,108],[355,28],[-609,99],[-112,-34],[-91,-172]],[[50182,86005],[-92,-106],[329,-47],[102,74],[-339,79]],[[52615,88557],[26,84],[-108,-91],[-146,47],[-382,-147],[-112,84],[-312,12],[-29,109],[-41,-209],[-172,149],[-273,70],[-267,-170],[-325,74],[-54,-50],[341,-120],[248,57],[45,-35],[-64,-22],[44,-74],[146,-5],[39,-71],[-147,-122],[224,-120],[233,0],[159,95],[-76,100],[1003,355]],[[55347,88502],[152,190],[232,16],[-375,33],[-189,142],[-56,120],[61,314],[94,82],[-53,115],[8,94],[-113,101],[-57,302],[-34,-34],[19,-245],[-239,133],[96,40],[27,171],[55,35],[-114,118],[12,80],[-63,95],[-92,-203],[-327,-17],[229,-63],[-88,-194],[61,-69],[-11,-66],[114,-246],[-63,273],[22,214],[79,78],[-38,25],[151,-28],[-26,-72],[26,-47],[-101,-74],[2,-55],[326,-237],[91,-196],[-114,-222],[6,-105],[-63,18],[-83,159],[-222,8],[-31,66],[60,126],[-114,-21],[-197,209],[11,176],[-91,-114],[130,-293],[-28,-57],[38,-185],[-95,110],[5,-96],[-36,-1],[-250,241],[-148,22],[-137,209],[-88,-54],[114,-172],[-214,3],[-102,143],[-172,26],[-37,-124],[-110,-110],[-96,31],[-80,153],[-132,114],[-66,-17],[-49,-25],[94,-172],[-27,-60],[-164,-36],[90,-50],[-48,-48],[-157,40],[-120,-182],[-68,42],[-28,116],[-100,-42],[38,-48],[-393,72],[110,-152],[157,-40],[634,22],[38,47],[114,-47],[140,101],[264,-308],[155,-4],[-13,63],[-353,229],[271,64],[159,-121],[217,-341],[102,56],[385,-84],[-1,-86],[-119,-35],[75,-146],[-127,-74],[344,-22],[-90,266],[224,-75],[192,-163],[41,-126],[4,129],[-42,65],[52,46],[176,-46],[-13,-48],[89,-48],[-52,-26],[32,-20],[97,68],[-77,48],[162,-5],[72,-43],[19,-120],[18,201]],[[52438,91505],[217,124],[-170,-7],[-47,-117]],[[54131,92349],[299,280],[58,96],[-7,152],[-74,41],[-79,-90],[115,-97],[-29,-27],[-238,-49],[-56,-107],[-339,-163],[-209,-250],[-259,-69],[38,-145],[-70,-57],[-6,-91],[-153,27],[-286,-100],[-94,51],[51,-118],[284,97],[221,-46],[66,-105],[-1,89],[77,-17],[-63,122],[47,43],[-22,84],[77,69],[-39,75],[259,-7],[114,268],[121,34],[-33,-90],[52,-59],[44,73],[95,-12],[39,98]],[[50102,94109],[76,111],[-190,50],[-190,-142],[-57,110],[-385,185],[-105,202],[-57,25],[-57,-37],[51,-23],[-58,-126],[-97,-58],[54,-112],[278,-205],[78,-115],[-11,-104],[54,-43],[38,81],[108,-53],[-50,97],[41,24],[214,32],[49,-171],[-112,-76],[97,-12],[69,-88],[32,391],[130,57]],[[32945,98981],[-165,-85],[-286,5],[-83,119],[192,0],[-162,62],[72,60],[-25,46],[36,66],[247,37],[56,-71],[138,-16],[-20,-223]],[[32984,99091],[74,124],[-37,22],[18,94],[-68,176],[59,146],[92,74],[107,15],[83,-113],[20,-108],[147,-87],[-379,-308],[-116,-35]],[[32598,99387],[256,114],[-24,-121],[-232,7]],[[32588,99445],[-141,-36],[-22,104],[70,14],[93,-82]],[[33706,99802],[243,-122],[-448,-30],[-125,126],[330,26]],[[45418,3631],[176,-12],[0,-75],[-176,87]],[[48854,4796],[-72,135],[-38,330],[73,69],[29,-22],[-51,-47],[146,-26],[147,-133],[110,-296],[-73,-159],[-271,149]],[[48489,5558],[134,69],[144,-147],[-172,-71],[-105,72],[-1,77]],[[44344,8363],[77,-62],[22,42],[96,-163],[-38,-175],[-64,13],[-109,156],[-28,141],[44,48]],[[51066,13215],[-140,-412],[-532,-1155],[13,-195],[-104,-497],[-134,-322],[22,-528],[275,-257],[17,-85],[-30,44],[-46,-93],[-27,87],[-41,-133],[61,-186],[58,12],[-34,-32],[32,-112],[105,-61],[-1,-138],[-27,23],[-8,-74],[69,-29],[21,-102],[-119,-40],[0,-98],[-203,-174],[-119,-445],[74,-445],[-75,-72],[-160,171],[-46,-50],[-186,150],[-187,-112],[-179,95],[-47,99],[-142,98],[-176,43],[-172,542],[-214,354],[-282,243],[-430,-40],[-114,138],[-217,114],[-271,364],[-216,91],[-323,339],[-193,333],[-273,22],[-49,151],[-106,118],[-525,-12],[-151,310],[-133,48],[-146,470],[70,92],[25,208],[-27,114],[72,300],[-18,87],[154,180],[60,-33],[100,192],[78,-19],[38,54],[12,238],[54,-42],[106,-368],[154,-178],[296,198],[-12,208],[86,173],[197,-50],[58,110],[147,49],[100,-171],[36,-249],[226,27],[51,-59],[11,-135],[193,-198],[258,-97],[426,270],[116,-91],[352,-31],[293,122],[148,-18],[228,133],[183,272],[321,107],[335,-212],[166,100],[117,303],[-6,85],[15,-170],[86,-37],[200,91],[238,251],[228,-98],[-152,-173],[-18,-97],[30,2]],[[44999,12212],[-49,72],[76,24],[101,-75],[-128,-21]],[[44591,12322],[-78,84],[-2,62],[52,-17],[28,-129]],[[49923,14046],[90,-197],[-38,-49],[-71,116],[19,130]],[[49912,14219],[25,-100],[-108,74],[-13,88],[44,84],[61,-1],[40,-145],[-49,0]],[[49618,14541],[106,48],[48,-55],[-29,-108],[-125,115]],[[49232,14491],[-63,15],[-17,90],[62,-37],[18,-68]],[[50346,15318],[97,53],[-41,-110],[-56,57]],[[47894,22365],[190,-97],[0,-71],[-140,-75],[-56,48],[6,195]],[[54411,29635],[-20,-25],[212,-31],[194,-140],[126,0],[167,-173],[-672,273],[-23,-39],[-92,110],[108,25]],[[53351,29463],[26,51],[-39,-2],[14,42],[89,31],[116,-24],[28,-77],[-95,-94],[-139,73]],[[53428,30002],[-394,122],[126,124],[-139,47],[165,26],[191,-100],[386,74],[184,-47],[127,-171],[-421,18],[-225,-93]],[[52008,30450],[-10,97],[-56,43],[150,83],[229,-38],[-80,-159],[-273,-57],[40,31]],[[52539,31055],[232,81],[160,-105],[-116,144],[178,-20],[80,-27],[126,-183],[253,15],[609,-149],[-969,-6],[-553,250]],[[52691,31618],[-50,146],[484,-61],[226,-85],[-25,-24],[178,-122],[-86,-139],[-403,-34],[-236,73],[-146,119],[-30,54],[38,-27],[50,100]],[[52223,31811],[181,-13],[172,-204],[-79,-28],[-262,174],[-12,71]],[[52257,32134],[84,55],[205,-82],[-238,-31],[-51,58]],[[51203,32761],[168,-163],[-127,35],[-126,133],[85,-5]],[[50421,33480],[24,22],[287,-387],[-160,119],[-151,246]],[[50711,33822],[115,-295],[-162,113],[-181,328],[228,-146]],[[50364,33522],[-4,-49],[-136,143],[-219,499],[-246,316],[-38,124],[194,-258],[98,-37],[-13,-48],[42,-26],[34,-163],[325,-406],[-39,-63],[-116,93],[118,-125]],[[50350,34099],[-223,308],[-12,100],[303,-342],[53,-173],[-58,116],[-63,-9]],[[49671,34531],[86,-101],[-63,4],[-28,41],[5,56]],[[49555,34971],[59,-69],[-4,-21],[-76,-18],[-17,66],[38,42]],[[49250,35168],[89,-76],[33,-61],[-38,11],[-84,126]],[[49561,35412],[74,-36],[-4,-222],[-83,74],[13,184]],[[49822,36107],[317,-450],[-126,73],[13,51],[-77,62],[-114,33],[102,-77],[151,-301],[91,-87],[-103,219],[395,-487],[-166,97],[94,-104],[8,-91],[-165,71],[77,-119],[-81,45],[-59,101],[25,48],[-39,74],[52,46],[-127,27],[-52,126],[-228,217],[39,49],[-77,197],[-266,513],[207,-367],[71,-75],[-6,106],[44,3]],[[48959,35945],[-139,31],[36,107],[-87,405],[115,-111],[23,-302],[230,-418],[-41,-6],[-137,201],[52,0],[-52,93]],[[48624,36274],[26,-158],[-58,26],[-8,80],[83,126],[-43,-74]],[[49455,36781],[-12,51],[51,-51],[-76,173],[98,22],[32,-63],[-29,-54],[152,-176],[68,-193],[-18,-50],[-202,268],[25,-74],[-101,27],[-77,120],[89,0]],[[48883,36613],[-54,33],[-12,196],[-59,65],[-66,266],[14,125],[108,-125],[62,22],[-6,163],[39,-14],[-76,156],[85,0],[106,-102],[-39,-176],[27,-419],[-27,-22],[38,-120],[-1,-204],[77,-164],[-10,-60],[48,-40],[-113,-50],[-84,130],[-62,182],[5,158]],[[49657,37419],[-100,0],[-26,-26],[18,-77],[-62,-19],[-175,125],[-9,78],[331,0],[23,-81]],[[53479,84930],[-58,-18],[-28,102],[83,-16],[3,-68]],[[53350,85172],[-36,145],[118,46],[-4,-66],[-42,-7],[34,-33],[-31,-58],[74,-81],[90,11],[-99,-70],[-104,113]],[[54983,87148],[-124,222],[44,192],[-7,156],[35,38],[82,-281],[-49,-255],[19,-72]],[[54606,99999],[402,0],[-85,-77],[2,-61],[88,-85],[-270,22],[-137,201]],[[62461,8196],[-50,-153],[-12,-42],[25,219],[37,-24]],[[60821,11392],[6,-130],[-59,-7],[-362,612],[0,149],[75,164],[91,53],[61,-225],[266,-173],[60,-173],[127,-127],[18,-109],[-190,122],[-93,-156]],[[60203,12896],[-76,292],[76,-46],[-120,344],[-32,-52],[-5,-308],[-84,-84],[-75,173],[98,357],[14,228],[13,-73],[38,71],[96,-193],[94,100],[2,195],[38,-25],[-25,318],[63,0],[103,-466],[-53,-146],[81,-176],[72,102],[-13,-51],[228,-487],[13,-173],[-19,-60],[-113,-13],[-220,205],[-63,-16],[-29,-90],[-102,74]],[[60532,13702],[-88,393],[-47,73],[74,124],[36,-60],[-24,-86],[89,-51],[-64,-246],[119,23],[34,-45],[-36,0],[48,-173],[-82,-27],[-59,75]],[[60985,14653],[-46,-192],[-25,0],[0,26],[71,166]],[[60871,14580],[61,215],[89,24],[-150,-239]],[[60740,14626],[-89,110],[-10,133],[108,8],[-84,-136],[75,-115]],[[60431,15416],[99,120],[58,-98],[22,-310],[-61,-164],[17,-34],[31,96],[-4,-246],[-20,-46],[-27,46],[13,-73],[-27,24],[-11,-73],[-61,15],[-2,-88],[-84,153],[-107,-204],[33,435],[131,447]],[[59580,16847],[53,-134],[-80,34],[-62,167],[89,-67]],[[59477,17396],[-443,294],[-92,425],[-149,171],[-55,189],[-69,25],[-18,157],[-35,-33],[-5,96],[-44,24],[76,161],[244,33],[97,78],[178,-122],[-26,-176],[-171,-132],[-4,-87],[36,-48],[-25,-49],[152,-97],[-7,-78],[-43,2],[67,-469],[178,-120],[91,29],[67,-273]],[[57312,83152],[-14,-190],[-74,-20],[-174,37],[-83,-418],[89,-36],[-91,-356],[20,-27],[-1221,0],[28,172],[62,106],[303,338],[256,467],[161,129],[108,-11],[60,178],[110,126],[105,-54],[14,-147],[72,-141],[90,234],[-27,75],[140,33],[-28,-85],[36,-34],[170,72],[9,-96],[132,-199],[-183,-65],[-9,-132],[-61,44]],[[57666,83600],[42,-68],[-61,-151],[-84,44],[-88,164],[114,255],[230,49],[32,-70],[183,-25],[-79,-71],[-89,31],[-200,-158]],[[57755,85338],[218,-57],[48,-40],[-151,-89],[-67,42],[-48,144]],[[56141,87238],[-185,-76],[-42,20],[126,173],[176,62],[-124,-127],[49,-52]],[[55798,87373],[-60,51],[-89,-42],[98,198],[209,7],[-70,-47],[36,-6],[-15,-57],[-82,38],[8,-98],[-35,-44]],[[56321,87541],[-108,15],[-26,63],[38,20],[-20,63],[238,214],[20,-98],[-142,-277]],[[56944,88232],[-151,-111],[-16,10],[57,114],[110,-13]],[[56541,88363],[85,10],[-107,-57],[-326,252],[217,-4],[279,-142],[-178,46],[30,-105]],[[56990,88400],[-93,73],[61,78],[98,-19],[-66,-132]],[[56929,88752],[-1,-110],[-118,-73],[8,113],[-81,131],[111,20],[81,-81]],[[55814,88744],[-61,130],[264,-65],[-84,-3],[34,-50],[-19,-37],[-134,25]],[[57308,88887],[-17,-55],[-70,98],[41,19],[46,-62]],[[57210,88953],[-61,62],[24,55],[93,5],[-56,-122]],[[56634,89126],[-3,-89],[-56,-29],[-75,217],[51,44],[36,-48],[38,46],[-49,54],[108,127],[240,-19],[-197,-181],[-55,12],[-3,-132],[-35,-2]],[[56957,89544],[199,214],[111,87],[-186,-261],[-124,-40]],[[57195,89566],[-50,61],[147,190],[90,-73],[-109,-22],[-78,-156]],[[57403,90337],[-208,-2],[122,240],[68,-38],[18,-200]],[[60855,90814],[66,43],[42,-111],[-60,0],[-48,68]],[[61092,90899],[-38,-29],[25,-80],[-129,96],[142,13]],[[59784,90922],[-4,65],[107,155],[200,-89],[-303,-131]],[[60346,91100],[-160,16],[82,155],[135,-50],[-57,-121]],[[59576,91066],[-89,-35],[-33,27],[29,72],[-31,41],[-147,51],[16,76],[125,112],[115,-26],[115,-294],[-93,-121],[-7,97]],[[60059,91160],[-78,11],[25,44],[109,94],[-56,-149]],[[60262,91324],[-77,-124],[-53,18],[-3,57],[133,49]],[[59633,91383],[38,222],[66,-149],[-5,134],[78,-85],[-53,-127],[16,-70],[-140,75]],[[60524,91537],[-22,-76],[-66,124],[45,20],[43,-68]],[[62270,91454],[-207,-36],[-59,63],[140,24],[-114,49],[138,125],[154,-52],[-76,-95],[44,-20],[-20,-58]],[[56950,91818],[99,-174],[-153,-18],[-21,97],[30,63],[-31,42],[76,-10]],[[61828,91651],[-216,100],[153,73],[177,-73],[-114,-100]],[[58502,91773],[22,-117],[-34,-102],[-107,47],[-26,126],[45,62],[-1,111],[78,101],[103,-73],[67,-177],[1,-116],[-45,-8],[-103,146]],[[60530,91765],[-42,38],[9,77],[88,-62],[-55,-53]],[[59582,91678],[-162,43],[16,103],[171,122],[-143,-20],[-98,-175],[5,86],[-68,145],[69,196],[-69,12],[2,-132],[-91,8],[101,-220],[-26,-119],[-127,73],[13,73],[-75,-23],[177,-223],[64,73],[-27,-169],[28,-148],[-146,13],[-32,-26],[-1,-129],[-70,190],[-121,-79],[-71,75],[-81,-92],[-215,684],[66,-4],[11,-93],[38,109],[114,62],[-39,73],[87,-25],[-58,-181],[91,-209],[6,149],[63,-54],[76,320],[24,-125],[53,38],[-5,62],[-78,160],[-59,-112],[-71,120],[-78,30],[113,162],[126,6],[39,-164],[127,0],[76,-80],[-24,98],[128,-22],[183,-153],[-19,-93],[178,-27],[-128,-193],[39,-73],[-102,-122]],[[59912,91888],[11,131],[152,-46],[-89,-200],[-19,157],[-55,-42]],[[62197,92032],[74,-59],[-46,-108],[-71,13],[43,154]],[[60723,91923],[-6,170],[121,-74],[-77,-73],[14,-46],[-52,23]],[[60696,92379],[17,-117],[-98,-69],[46,185],[35,1]],[[61659,92419],[44,50],[65,-142],[-95,44],[-14,48]],[[56300,92391],[-44,493],[51,-7],[38,-146],[89,-122],[-101,46],[18,-49],[119,-262],[66,41],[69,-216],[-305,222]],[[61290,92726],[-34,-52],[-36,63],[47,51],[23,-62]],[[61913,92817],[17,-64],[-93,67],[-60,155],[-44,-49],[-4,135],[112,9],[163,-122],[-36,0],[0,-119],[-55,-12]],[[61701,92791],[-127,60],[19,76],[-58,143],[91,-63],[75,-216]],[[61591,93383],[59,-116],[-24,-103],[38,-67],[-157,175],[84,111]],[[61455,94129],[151,-19],[0,-47],[-151,66]],[[61689,94367],[-128,99],[114,74],[129,-147],[-86,-72],[-18,-107],[-215,33],[179,22],[-14,51],[39,47]],[[61753,95276],[61,130],[96,-152],[-157,22]],[[66815,1318],[89,-23],[12,-170],[-164,122],[63,71]],[[70884,2143],[-78,-236],[-190,-124],[-274,142],[-328,-119],[-383,28],[-176,-103],[-293,24],[-445,-191],[-683,-22],[37,392],[-75,187],[-284,44],[-119,165],[-179,81],[-3,57],[-202,-31],[-165,82],[-286,-51],[-115,151],[-159,-8],[-139,77],[-265,-96],[-135,33],[-171,260],[64,49],[-26,188],[64,216],[-25,61],[38,444],[45,131],[28,-317],[73,-81],[110,41],[22,148],[-36,338],[72,135],[54,-54],[0,-341],[70,-147],[386,-51],[60,115],[67,5],[-23,128],[62,40],[126,-56],[37,-156],[-37,-102],[-189,6],[-17,-59],[213,-167],[121,98],[25,-390],[138,-77],[705,282],[222,-83],[101,73],[115,-73],[26,73],[151,-73],[4,-175],[40,-38],[554,-5],[144,-175],[382,197],[197,-48],[-77,-149],[8,-105],[41,69],[14,-86],[-49,-49],[-36,-226],[29,-177],[124,-65],[64,26],[123,223],[152,38],[152,135],[109,-64],[-21,-36],[40,-34],[92,41],[148,276],[64,12],[0,98],[50,0],[-16,-66],[-86,-132],[62,-266],[40,45],[-67,-169],[-13,-181]],[[65327,5002],[100,-127],[4,-128],[-69,109],[-35,146]],[[64910,5874],[-113,-28],[-152,247],[-13,472],[80,183],[124,-290],[170,-254],[-84,-74],[-12,-256]],[[68421,7587],[30,-100],[-76,21],[-152,225],[198,-146]],[[68857,7916],[-99,-201],[-115,-80],[69,220],[145,61]],[[67272,7855],[50,195],[76,-65],[22,-102],[119,-11],[-116,178],[21,61],[100,-86],[110,75],[23,-50],[0,-233],[-114,-84],[-291,-51],[0,173]],[[62517,8042],[41,-55],[-7,-132],[-25,73],[-26,-27],[17,141]],[[67899,8124],[-39,-98],[-68,121],[57,48],[50,-71]],[[67706,8377],[86,-59],[-96,-174],[-65,132],[75,101]],[[67919,8930],[-64,98],[0,75],[115,-49],[114,-307],[-102,-161],[-77,266],[14,78]],[[68668,8759],[-63,60],[-39,138],[87,122],[28,-1],[-52,-246],[39,-73]],[[68724,8957],[3,196],[80,96],[-38,15],[27,59],[164,148],[-27,-63],[65,-37],[13,100],[50,0],[-56,-222],[31,-146],[-65,-122],[-104,-105],[-143,81]],[[67652,9393],[-25,51],[-38,-122],[-16,64],[-131,27],[32,178],[146,73],[31,-73],[1,-198]],[[64989,9910],[119,-12],[7,-97],[-80,30],[-46,79]],[[65717,10227],[185,26],[-152,-75],[-16,-107],[-227,-62],[210,218]],[[67524,10337],[-36,-159],[-141,-144],[64,219],[-14,146],[-50,1],[13,94],[114,174],[-11,-147],[97,-120],[-9,-77],[-27,13]],[[68312,10324],[-51,27],[38,97],[-25,23],[55,60],[-5,220],[64,-8],[67,-358],[-156,-158],[13,97]],[[65622,10792],[84,124],[82,-102],[-83,-66],[-83,44]],[[67202,11233],[93,146],[65,0],[51,-109],[-12,-111],[-190,-353],[-33,21],[26,406]],[[68616,11353],[65,-122],[292,-73],[25,-122],[-59,-188],[-106,4],[-319,355],[-31,115],[133,31]],[[68032,11099],[-36,-51],[-108,48],[135,90],[9,-87]],[[65687,11386],[-85,286],[255,0],[-69,-271],[-101,-15]],[[68451,11379],[-251,468],[-53,-4],[-10,99],[-103,171],[-42,-45],[-60,191],[18,119],[159,123],[94,-133],[20,-157],[228,-80],[-38,-191],[77,-97],[-51,-149],[68,-72],[-68,-169],[12,-74]],[[65736,12382],[-140,-25],[65,49],[-52,51],[76,-27],[46,77],[66,-27],[29,-150],[50,0],[-63,-46],[-39,-146],[-95,-52],[-109,52],[27,123],[85,-4],[54,125]],[[67570,12357],[-108,219],[-80,-89],[29,-57],[-57,-30],[-107,204],[25,48],[-76,156],[-152,14],[12,122],[-51,38],[51,111],[-47,185],[-109,-1],[68,179],[-18,49],[-81,-90],[10,68],[-26,0],[38,122],[-178,75],[77,74],[-46,180],[-728,15],[-64,197],[-38,-27],[77,170],[-40,203],[-201,141],[-14,120],[-96,164],[-451,547],[-109,74],[-138,-15],[-60,100],[-124,52],[-25,-39],[66,-48],[-19,-70],[-275,-80],[8,114],[367,256],[19,73],[76,27],[14,120],[61,64],[318,131],[134,-115],[24,-153],[76,-47],[102,-415],[210,-174],[0,-68],[238,-30],[58,-153],[192,-131],[399,-11],[153,-95],[-54,-63],[0,-130],[195,-273],[-81,-172],[-7,-123],[37,-97],[-35,-17],[124,-412],[0,-230],[171,-245],[89,17],[158,-91],[203,74],[-14,-268],[27,-78],[-52,-266],[-145,-100]],[[67931,15301],[-128,-40],[-24,70],[-64,-108],[-63,120],[77,49],[-32,128],[-96,-4],[-50,120],[-77,0],[48,117],[17,236],[190,-158],[9,-204],[193,-268],[0,-58]],[[65902,16813],[380,-320],[-95,-135],[-139,45],[6,90],[-152,320]],[[65663,16815],[101,-106],[-14,-69],[-30,34],[-53,-132],[-121,51],[117,222]],[[66581,17067],[33,-25],[-9,-74],[-132,-319],[-115,-56],[223,474]],[[66760,17328],[30,40],[5,-62],[46,-1],[-23,-145],[-53,1],[-5,167]],[[68606,18019],[-104,-280],[-12,0],[-21,170],[43,169],[94,-59]],[[68098,21826],[-33,31],[-210,-176],[-102,183],[-130,61],[3,192],[89,224],[140,173],[166,-73],[101,-173],[-50,-42],[50,-55],[-38,-137],[14,-208]],[[65324,83209],[-46,-51],[-61,59],[6,60],[101,-68]],[[66707,84392],[-95,-109],[-61,135],[86,71],[54,-13],[16,-84]],[[65329,85487],[-225,146],[-48,-136],[-86,-35],[5,-124],[-82,-84],[-162,35],[27,-75],[-124,-173],[-169,-137],[-167,-11],[-21,-45],[87,-55],[-63,-60],[-99,-14],[-89,111],[-104,-62],[-56,67],[-57,-109],[-51,77],[-284,-137],[-95,-116],[-12,-211],[-122,-318],[6,-115],[-344,-284],[-99,249],[63,0],[163,352],[115,-11],[102,244],[-242,100],[-145,246],[-233,71],[-46,134],[120,-12],[-64,153],[132,-82],[43,128],[80,-2],[-121,280],[-210,281],[128,-47],[50,73],[124,-21],[174,-322],[45,270],[184,173],[29,-128],[82,-30],[28,240],[63,55],[261,29],[222,149],[121,-171],[63,49],[100,-44],[139,125],[163,-10],[355,-176],[106,-177],[198,-76],[144,-156],[-15,-51],[-118,85],[-44,-34],[75,-71]],[[65229,85840],[-305,243],[7,75],[107,14],[63,170],[79,16],[271,-128],[7,-134],[97,-185],[-70,-82],[-155,50],[-101,-39]],[[63867,87432],[-2,126],[133,78],[52,174],[202,-28],[33,-34],[-42,-102],[84,-129],[186,13],[179,-88],[29,-171],[121,-158],[47,-183],[-298,-28],[-23,-46],[36,-105],[-76,-50],[-124,56],[90,96],[-14,38],[-78,-19],[-75,-64],[-152,-370],[-184,-57],[-171,105],[63,76],[-88,176],[-18,195],[-107,146],[-106,51],[-241,-31],[-278,172],[20,59],[802,102]],[[65507,87412],[-418,-6],[-55,213],[418,20],[91,-153],[-36,-74]],[[67622,89443],[-54,122],[53,70],[64,-144],[-63,-48]],[[63744,90591],[168,29],[-179,-75],[11,46]],[[66396,90938],[70,49],[58,-26],[-69,-76],[-59,53]],[[64554,91111],[-7,107],[52,24],[-38,52],[117,10],[-86,-194],[-38,1]],[[63671,91044],[-55,142],[3,155],[100,-82],[-12,82],[52,22],[36,-55],[-13,-246],[-61,42],[-50,-60]],[[64528,91364],[132,153],[86,-101],[-30,-43],[-188,-9]],[[62833,91515],[152,-6],[-76,-41],[-76,47]],[[64506,91760],[13,-82],[-39,-27],[39,-24],[12,-160],[-216,-230],[51,-51],[-52,-98],[-88,-26],[-51,124],[-90,-171],[-58,116],[34,106],[-117,-137],[-111,-38],[6,333],[-95,86],[330,97],[-343,27],[61,256],[54,12],[-48,-129],[28,-17],[645,154],[141,209],[121,27],[-12,-81],[-215,-276]],[[62624,91590],[-121,-108],[-104,23],[49,100],[-26,79],[66,67],[266,-24],[-77,-49],[41,-51],[-142,0],[48,-37]],[[63040,91826],[56,-53],[-113,-95],[49,-51],[-52,-66],[-109,42],[-28,97],[197,126]],[[63503,91614],[23,131],[150,23],[-121,-112],[31,-55],[-83,13]],[[63512,91861],[-120,-130],[-42,69],[115,174],[47,-113]],[[63577,92033],[-243,-54],[30,40],[-24,38],[-42,18],[-75,-9],[76,0],[-34,-70],[-154,37],[-7,50],[103,115],[218,-15],[166,-90],[-14,-60]],[[62917,92151],[-92,-90],[-94,98],[157,26],[29,-34]],[[63654,92333],[192,-116],[-203,-100],[38,100],[-139,0],[112,116]],[[63316,92291],[-63,59],[264,33],[-18,-34],[-183,-58]],[[63234,92429],[110,8],[3,-25],[-192,-77],[79,94]],[[62780,92239],[-215,208],[112,87],[-88,121],[36,101],[211,-174],[34,-97],[-103,0],[88,-100],[86,-8],[17,-38],[-63,-27],[63,-49],[-178,-24]],[[62408,92712],[-35,19],[60,156],[93,61],[-118,-236]],[[83026,611],[-312,-68],[-457,343],[-74,361],[-103,176],[14,92],[-102,441],[-2,155],[145,-154],[112,-18],[122,143],[138,340],[178,35],[330,-141],[68,30],[119,272],[12,370],[-29,218],[277,-139],[662,-107],[431,109],[228,205],[95,-24],[372,219],[177,143],[94,153],[255,114],[506,378],[-37,-173],[-806,-816],[-146,-325],[-162,-10],[-88,-152],[-44,-408],[280,-469],[89,-243],[-162,80],[-101,-20],[-176,-157],[-188,149],[-149,-48],[-62,-122],[-26,-284],[-50,-110],[-114,-24],[-57,-105],[-138,-82],[-71,38],[-2,-100],[-258,-160],[-321,-20],[-142,-250],[38,-201],[-166,0],[-51,315],[-146,51]],[[72235,3206],[-242,-173],[-52,83],[96,186],[207,47],[-9,-143]],[[72514,3270],[-40,-41],[12,58],[-92,112],[48,110],[-10,244],[-82,184],[85,142],[23,183],[49,88],[5,297],[119,100],[-4,-368],[-107,-267],[-9,-116],[120,-242],[-32,-86],[62,-120],[-9,-76],[-48,19],[-83,-98],[-7,-123]],[[74325,6054],[-60,-35],[-77,-246],[64,-46],[-38,-100],[25,-73],[-178,24],[-113,-130],[-194,-399],[-87,-85],[-89,90],[-38,134],[78,302],[6,168],[-135,264],[162,142],[58,258],[179,250],[405,313],[121,-12],[71,113],[32,-62],[-25,-74],[19,-161],[-47,-55],[-139,-580]],[[73180,6182],[58,47],[130,-22],[-17,-77],[-50,-14],[-95,-3],[-26,69]],[[70086,6608],[-192,31],[-24,76],[70,76],[161,-135],[-15,-48]],[[69188,6631],[139,122],[-28,215],[-99,56],[25,46],[131,-105],[72,-188],[-49,-197],[-191,51]],[[73015,6733],[-118,29],[-4,113],[-88,-49],[-34,58],[7,164],[18,-56],[84,78],[76,-146],[5,-102],[79,18],[-25,-107]],[[71042,7370],[-25,-171],[-59,-29],[-96,144],[-8,142],[62,32],[86,-99],[115,73],[-77,173],[127,-68],[66,-129],[-191,-68]],[[73755,7265],[39,49],[-105,68],[29,32],[-89,0],[51,146],[136,107],[-85,-131],[114,24],[-25,-51],[25,-219],[-90,-25]],[[72603,7454],[-58,-95],[-90,70],[75,125],[73,-100]],[[69086,8196],[190,-295],[-67,-209],[-173,260],[-52,0],[20,147],[82,97]],[[72177,8003],[-6,-221],[-102,133],[16,176],[60,56],[51,-48],[139,256],[191,185],[216,60],[138,-160],[-262,-141],[-156,-225],[-152,51],[-133,-122]],[[69301,8330],[103,137],[-1,-127],[-81,-45],[-21,35]],[[70353,8497],[-206,-301],[-230,-89],[-31,89],[198,49],[32,98],[-32,48],[234,173],[-40,73],[89,73],[140,-146],[-154,-67]],[[69645,8513],[76,100],[64,-73],[-140,-27]],[[72136,9028],[-120,154],[1,67],[179,-146],[-25,-25],[64,-148],[63,27],[-2,-225],[-87,27],[-18,-82],[-71,-13],[-62,71],[78,293]],[[69541,8818],[-190,-181],[-50,173],[-63,71],[-13,173],[-74,171],[355,420],[98,-143],[16,-218],[-27,-292],[-52,-174]],[[70067,9294],[-67,-23],[-37,100],[100,49],[4,-126]],[[71948,9373],[-65,-16],[-1,95],[-81,129],[65,63],[77,-47],[-10,-90],[79,-201],[-91,-4],[27,71]],[[71386,10095],[30,-65],[-14,-133],[-54,105],[15,258],[60,6],[65,-90],[-102,-81]],[[69086,10617],[76,126],[55,-145],[33,95],[130,-110],[-15,-62],[-92,-32],[-10,-67],[-177,-22],[36,182],[-36,35]],[[70797,10969],[-471,-198],[-8,70],[189,366],[228,-20],[155,154],[150,38],[-243,-410]],[[71979,11231],[-151,9],[-49,152],[-98,85],[-203,-130],[-27,268],[137,145],[211,76],[130,-18],[230,-219],[-39,146],[89,27],[138,-78],[-66,-76],[61,-86],[-7,-79],[-280,-103],[-76,-119]],[[70628,13996],[45,-415],[-93,-66],[-3,-220],[-133,-80],[-38,-146],[-83,24],[-119,217],[-38,-22],[0,98],[-44,-9],[18,106],[164,98],[51,146],[-12,173],[-65,49],[-12,170],[-127,108],[-76,161],[27,185],[271,85],[127,-51],[82,-169],[14,74],[52,4],[37,-78],[-36,-178],[-42,-19],[60,-72],[-27,-173]],[[69550,14445],[-58,213],[116,27],[62,-100],[-32,-173],[-88,33]],[[71369,16140],[-24,229],[-39,92],[-127,-20],[204,-338],[0,-75],[-107,-55],[-152,-11],[-243,147],[-204,42],[-145,218],[255,173],[126,162],[-25,69],[-171,20],[-229,-397],[-324,192],[-101,125],[38,148],[-24,25],[139,246],[36,-73],[179,22],[25,73],[26,-49],[189,122],[2,197],[367,0],[-13,-79],[116,-93],[-66,-191],[292,-397],[-16,-55],[151,-362],[-5,-94],[-130,-13]],[[70329,19050],[194,3],[-15,-179],[-179,176]],[[69238,19355],[-76,-46],[38,-27],[-52,-89],[55,-203],[-39,-106],[-99,72],[-10,82],[-95,98],[76,111],[-54,105],[-99,-92],[52,-27],[-89,-144],[25,25],[56,-150],[-85,-10],[-59,35],[40,150],[-54,-76],[-25,73],[-139,-73],[38,73],[-38,73],[39,151],[-64,266],[355,48],[111,-198],[116,101],[63,146],[126,49],[-24,-49],[24,-122],[-89,-88],[-24,-158]],[[69746,20093],[177,288],[310,129],[85,-78],[-17,-228],[91,34],[0,-74],[-456,-174],[-190,103]],[[69734,21415],[76,-126],[-5,-101],[-196,-123],[-105,60],[-165,239],[191,119],[204,-68]],[[73408,21407],[-10,-97],[39,-62],[-138,57],[47,143],[62,-41]],[[73243,21754],[-47,171],[36,76],[16,-48],[94,58],[180,-36],[56,-100],[-237,-172],[-98,51]],[[77541,39851],[376,479],[93,68],[-403,-518],[-187,-186],[-141,-82],[262,239]],[[83249,41256],[190,-95],[-32,-47],[-779,171],[485,-16],[59,-59],[77,46]],[[80595,42387],[60,-258],[119,-132],[838,-274],[177,-119],[-1085,405],[-109,181],[-32,214],[32,-17]],[[77143,91161],[265,-142],[-26,-37],[-239,179]],[[73873,91083],[-132,-74],[-33,59],[32,113],[133,-98]],[[72155,91426],[108,-205],[-3,-88],[-81,29],[-60,235],[36,29]],[[69635,91840],[35,82],[-96,70],[21,137],[190,-183],[-75,-61],[-14,-85],[-61,40]],[[75094,92152],[-18,159],[64,7],[269,-221],[-49,-94],[-266,149]],[[74866,92377],[139,-42],[28,-147],[-140,112],[-27,77]],[[71309,92511],[176,154],[93,-70],[-147,-77],[-45,-96],[-77,89]],[[75183,93130],[-69,64],[25,173],[78,-14],[25,-77],[7,-58],[-66,-88]],[[46612,86416],[63,-90],[-32,-163],[-70,31],[26,75],[-101,-97],[-87,59],[72,171],[129,14]],[[47337,88664],[12,-69],[-76,0],[36,-100],[-74,24],[-13,-51],[-50,152],[-77,-3],[122,109],[120,-62]],[[47740,86876],[78,52],[38,-72],[-58,-215],[-173,-26],[-50,193],[25,107],[65,3],[50,-134],[25,92]],[[73199,85262],[-58,-6],[-57,34],[47,43],[68,-71]],[[75226,95365],[-116,139],[107,16],[113,-98],[-104,-57]],[[73974,96526],[49,-173],[-165,23],[67,-112],[-190,-179],[-195,-5],[166,100],[-483,98],[-76,75],[144,19],[97,-70],[115,44],[48,-93],[129,1],[-61,69],[35,30],[-28,35],[-79,22],[-7,138],[67,37],[180,-119],[187,60]],[[73440,95790],[45,-61],[-8,-61],[76,-50],[-114,50],[-112,-92],[-289,262],[48,47],[214,-71],[-49,70],[-267,39],[-206,133],[282,108],[151,-84],[-12,-48],[201,-22],[25,-76],[-25,-74],[65,-24],[-25,-46]],[[75076,96202],[-470,-74],[4,-59],[-92,-19],[-49,203],[-53,1],[39,23],[253,-42],[63,67],[-37,122],[63,-26],[-3,56],[39,19],[90,-25],[153,-246]],[[74683,96548],[-192,-73],[76,143],[217,128],[165,-25],[-75,-148],[-77,73],[-51,-149],[-63,51]],[[74593,96931],[17,315],[174,-40],[-13,-168],[40,-51],[62,25],[-50,148],[131,64],[59,-42],[-102,-48],[100,-76],[65,-193],[-336,-52],[-57,123],[-90,-120],[38,98],[-38,17]],[[75736,97916],[-142,-17],[103,92],[-245,173],[-104,131],[-18,115],[52,22],[-14,49],[330,58],[234,135],[223,-71],[33,99],[76,16],[80,-25],[39,-194],[-165,4],[127,-146],[-50,-73],[176,-124],[-12,148],[-75,76],[96,196],[-58,169],[177,-97],[69,-208],[117,-129],[-47,-31],[38,-146],[101,-125],[-152,0],[-4,56],[-111,69],[-72,-34],[23,-91],[-51,-48],[15,-56],[-60,-141],[39,-73],[-35,-28],[15,-93],[-202,-48],[77,-86],[-115,-112],[-112,98],[-193,2],[-140,270],[-21,140],[-68,29],[26,49]],[[79214,97082],[64,-57],[54,-157],[-231,135],[59,149],[103,106],[14,-176],[-63,0]],[[79252,97160],[0,-1],[1,-2],[-1,3]],[[79467,96963],[-102,108],[0,113],[93,-40],[9,-181]],[[79035,96669],[-53,-10],[-61,87],[70,-24],[44,-53]],[[78908,96524],[-53,-97],[-61,70],[114,27]],[[78526,96302],[-66,13],[-59,61],[88,-23],[37,-51]],[[79607,95948],[-142,2],[-48,82],[209,107],[50,-28],[-83,-55],[14,-108]],[[80823,95720],[-207,212],[8,119],[76,3],[125,-120],[-38,-47],[63,-123],[-27,-44]],[[80952,95910],[-90,73],[77,19],[174,-105],[68,-133],[88,-48],[-122,8],[-220,186],[25,0]],[[78263,96063],[164,-31],[-216,-22],[52,53]],[[77627,95588],[96,-65],[17,-27],[-75,9],[-38,83]],[[78818,94172],[55,85],[56,16],[-30,-130],[-81,29]],[[87276,98306],[25,-72],[-16,-165],[-97,-56],[-31,308],[119,-15]],[[86316,98222],[131,-209],[-85,-16],[-93,217],[47,8]],[[87628,98481],[63,-210],[-77,-160],[14,-232],[-180,-107],[8,-129],[-123,66],[27,331],[102,219],[-13,191],[106,107],[73,-76]],[[26892,59241],[28,-82],[19,-158],[18,-69],[66,-89],[29,-54],[6,-71],[-53,-73],[-11,-33],[37,-157],[-19,-79],[37,-38],[26,-65],[40,-15],[68,3],[24,-16],[27,-71],[69,-81],[45,-118],[35,-35],[185,-95],[25,23],[55,118],[34,44],[43,33],[244,94],[48,-18],[31,-36],[57,-125],[22,-68],[15,-21],[51,-14],[15,-33],[21,-85],[-26,-60],[15,-103],[49,-201],[3,-114],[9,-40],[54,-70],[113,-63],[45,6],[81,37],[63,62],[26,2],[27,-10],[12,-18],[-3,-29],[-18,-40],[23,-21],[119,-1],[83,-36],[37,-43],[30,-67],[15,-138],[1,-167],[16,-146],[65,-75],[7,23],[14,6],[47,110],[15,21],[25,11],[80,8],[77,-12],[104,-71],[42,1],[117,61],[39,5],[36,-21],[62,-84],[78,-71],[50,-134],[34,-20],[14,17],[-1,47],[23,12],[64,-51],[12,-24],[-5,-37],[-62,-68],[-28,-64],[-10,-65],[-35,-143],[-5,-65],[26,-16],[57,25],[19,-12],[31,-154],[24,-62],[-1,-24],[-87,-65],[-47,-60],[-17,-69],[8,-4],[13,-107],[-15,1],[129,-78],[141,25],[292,-99],[55,12],[258,159],[77,15],[20,17],[17,40],[13,57],[15,114],[-14,64],[16,63],[198,248],[50,29],[8,-53],[21,-11],[58,15],[17,-28],[-3,-63],[-14,-136],[-20,27],[-11,-4],[-35,-95],[-1,-100],[-71,-220],[-8,-57],[25,-50],[87,-45],[29,-66],[4,-46],[-5,-31],[-26,-93],[-16,-24],[-4,-21],[27,-77],[0,-134],[16,-27],[49,-8],[122,43],[38,3],[34,-23],[69,-86],[37,-26],[66,-24],[22,-26],[79,-143],[61,-65],[43,-15],[83,29],[40,1],[75,-103],[13,-53],[-24,-25],[-6,-51],[5,-33],[9,-14],[44,-2],[24,47],[90,-44],[35,-39],[89,-203],[8,-32],[-9,-103],[12,-32],[40,-13],[129,101],[58,-34],[43,-1],[11,40],[22,38],[46,29],[121,-45],[23,12],[24,40],[20,13],[82,-41]],[[28425,60268],[16,-137],[-9,-172],[26,-90],[45,-60],[56,-31],[59,-8],[88,16],[5,34],[-5,45],[4,41],[20,26],[176,33],[48,-9],[226,-91],[35,-28],[10,-47],[0,-77],[27,-39],[23,-13],[219,4],[42,16],[84,80],[230,140],[91,87],[73,121],[25,133]],[[30113,60247],[54,-2],[102,-59],[87,-7],[35,23],[9,62],[-11,35],[-56,92],[1,36],[16,53],[-22,30],[97,68],[99,44],[78,6],[15,-30],[-3,-60],[-15,-44],[-4,-35],[35,-31],[78,9],[60,-18],[28,3],[44,28],[143,212],[61,38],[27,-3],[65,-40],[19,-30],[4,-54],[-20,-105],[14,-63],[-81,46],[-21,-4],[-10,-43],[39,-20],[129,-6],[106,-50],[40,13],[47,55],[71,127],[20,77],[11,22],[28,9],[61,-53],[36,-84],[-6,-59],[-21,-57],[-7,-78],[12,-34],[64,-86],[38,-133],[32,-21],[106,3],[32,-50],[1,-127],[33,-10],[69,21],[220,-11],[38,17],[115,88],[40,-6],[43,-33],[34,-54],[13,-69],[6,-82],[43,-43],[105,-39],[63,-63],[133,16],[30,-22],[38,-65],[25,-25],[57,18],[32,-3],[21,-63],[-26,-31],[-6,-41],[42,-55],[-36,-23],[-40,-1],[12,-51],[-23,-74],[-14,-24],[-22,23],[-15,-11],[-14,-82],[25,-42],[-29,-87],[-73,-142],[41,14],[36,-14],[-77,-170],[-52,-29],[-133,-182],[4,-80],[30,-55],[41,-35],[69,-34],[-3,-42],[-19,-82],[34,-24],[39,0],[29,53],[17,16],[18,-9],[57,-67],[161,5],[41,-16],[134,-6],[38,9]],[[32945,53706],[44,26],[43,57],[18,56],[-32,21],[21,25],[38,118],[34,44],[10,31],[-10,50],[-14,14],[-37,6],[-13,12],[-6,26],[12,67],[16,28],[-3,27],[-10,21],[-35,-1],[-48,29],[-7,75],[-43,108],[-12,23],[-24,18],[-39,15],[-19,41],[-11,45],[-3,43],[8,34],[22,18],[-18,21],[9,52],[49,-6],[-17,33],[-63,52],[8,34],[64,138],[18,60],[15,24],[40,18],[16,18],[20,49],[-21,40],[3,49],[11,19],[51,39],[5,28],[-3,75],[50,72],[15,105],[30,34],[69,42],[28,36],[22,100],[16,33],[39,5],[29,28],[12,-16],[17,-60],[46,-18],[42,8],[28,28],[14,3],[24,-29],[8,-33],[2,-62],[28,-15]],[[32945,53706],[59,-98],[32,-38],[46,-27],[118,-35],[35,-44],[25,-103],[32,14],[158,12],[27,13],[18,34],[23,11],[4,42],[10,21],[65,13],[-12,33],[106,15],[53,-7],[51,-26],[91,-86],[49,-34],[37,-5]],[[36270,46730],[-110,-65],[-81,-86],[41,-33],[1,-36],[-8,-20],[-45,-9],[2,-25],[15,-34],[-3,-19],[-32,-40],[-76,38],[-22,-8],[0,-22],[25,-47],[3,-20],[-6,-34],[-37,-62],[-51,-28],[-129,8],[-49,-14],[-82,-43],[-15,8],[-20,34],[-54,22],[-40,32],[-11,58],[34,101],[-51,-6],[-92,35],[-92,-21],[-48,9],[-34,22],[-68,-36],[5,-40],[28,-92],[-14,-30],[-27,-30],[-30,-23],[-49,-14],[-3,-68],[-48,-36],[-27,-47],[-23,-56],[-9,-46],[220,29],[34,21],[56,-62],[19,-37],[-14,-39],[-56,-36],[-27,-48],[-27,-8],[-35,-47],[-12,-73],[8,-89],[-126,-121],[-54,-73],[-35,-76],[-121,-148],[-56,-25],[3,-61],[-34,-25],[-7,-22],[-46,-22],[-18,-23],[-25,-57],[23,-66],[-43,-81],[-123,-124],[-200,-82],[-89,-69],[-28,-125],[32,-95],[6,-39],[-3,-50],[-23,-65],[-32,-133],[29,-58],[1,-60],[-7,-30],[-41,-54],[-61,-43],[-67,-94],[-133,-96],[-249,-303],[-25,-43],[6,-47],[45,-67],[-66,-110],[-64,-147],[-21,-30],[-7,-40],[8,-32],[5,-62],[-3,-24],[-22,-27],[100,-82],[28,-39],[22,-54],[3,-40],[-66,-207],[-14,-101],[1,-71],[-8,-24],[-51,-19],[-36,7],[-111,-73],[-45,-38],[-7,-43],[20,-49],[32,-55],[-44,-144],[44,36],[84,26],[85,5],[63,-38],[60,41],[94,149],[119,105],[48,67],[-10,83],[-13,7],[-31,-19],[-27,29],[-43,170],[9,48],[92,164],[60,70],[57,25],[61,3],[60,21],[158,144],[119,31],[123,-5],[276,-95],[28,-18],[18,-36],[4,-68],[-14,-59],[-48,-77],[-10,-41],[35,-82],[66,-93],[42,-97],[-66,-170],[-32,-128],[-17,-123],[16,-60],[147,-43],[29,-37],[-2,-27],[-37,-70],[6,3],[3,-35],[-4,-95],[34,-20],[43,42],[42,-25],[134,-199],[41,-177],[23,-65]],[[35226,40804],[-27,-17],[-19,-33],[-27,-91],[-25,-57],[-38,-43],[-81,-44],[-58,-2],[-6,-59],[-11,-5],[-11,23],[-28,19],[-79,-44],[-24,-52],[-10,-59],[4,-128],[21,-148],[37,-76],[50,-50],[73,-26],[67,-82],[60,-20],[23,-22],[11,-53],[-30,-113],[3,-29],[28,-68],[10,-148],[14,-52],[85,-64],[80,-83],[46,-123],[118,-88],[-2,-44],[-54,-148],[-70,-118],[10,-104],[20,-72],[0,-56],[-51,-57],[-47,-105],[-48,52],[-65,-25],[-67,-41],[-24,-31],[-32,-77],[-27,-34],[-74,-15],[-10,-30],[19,-36],[-4,-22],[-60,-40],[-66,32],[-68,51],[-65,15],[-64,-58],[-64,-6],[-64,-50],[-34,-38],[-22,-41],[33,-68],[30,-35],[6,-86],[22,-53],[19,-23],[65,-8],[49,-49],[5,-47]],[[35226,40804],[83,-125],[43,-35],[57,-15],[60,1],[56,14],[191,118],[139,-20],[59,28],[110,108],[55,32],[39,6],[38,77],[31,21],[189,-63],[56,-57],[38,-78],[23,-10],[47,16],[89,-43],[51,1],[44,-14],[23,16],[11,74],[38,2],[5,68],[20,52],[27,29],[149,47],[37,55],[22,68],[14,183],[14,37],[18,19],[59,14],[80,94],[41,116],[-6,131],[-54,142],[-50,64],[26,65],[37,49],[40,25],[80,24],[38,35],[91,161],[74,57],[30,62],[-1,36],[-20,28],[16,45],[39,56],[51,36],[103,30],[53,-13],[25,-49],[8,-80],[-5,-211],[-30,-185],[-7,-92],[8,-87],[20,-57],[34,-38],[100,-61],[52,-72],[117,-231],[54,-29],[86,-68],[33,-2],[53,51],[16,-7],[13,-34],[14,-13],[87,-3],[28,-13],[47,-84],[-28,-84],[-53,-86],[-42,-127],[60,-17],[106,-76],[25,-36],[50,-134],[26,-93],[3,-62],[-26,-142],[74,30],[60,-36],[56,-14],[59,98],[46,120],[7,61],[-21,59],[-76,40],[-16,34],[-16,65],[-24,36],[4,27],[61,75],[-33,125],[8,40],[48,50],[58,31],[15,33],[6,44],[-4,80],[7,47],[34,68],[135,122],[33,114],[43,34],[38,63],[27,128],[55,151],[11,79],[-2,45],[-25,127],[4,96],[-3,36],[-25,23],[-18,48],[15,88],[32,86],[35,43],[90,15],[37,-13],[2,-44],[61,-68],[20,10],[28,70],[44,34],[6,-23],[12,-417],[71,-66],[37,-128],[24,-44],[39,-35],[43,-22],[212,-3],[35,19],[28,52],[2,110],[20,30],[20,0],[45,-37],[24,-7],[162,102],[80,18],[36,-3],[38,-14],[47,-40],[12,-58],[1,-71],[12,-78],[27,-49],[73,-87],[19,-61],[1,-81],[62,-1],[78,39],[51,44],[25,68],[-24,64],[-76,104],[-25,70],[1,33],[10,48],[14,35],[52,70],[14,78],[-14,40],[-169,66],[-29,49],[33,74],[-16,14],[-14,46],[-2,33],[8,38],[3,104],[71,113],[31,143],[193,80],[48,0],[29,-32],[4,-40],[-10,-74],[8,-38],[76,-35],[36,-52],[45,-18],[64,8],[133,-46],[34,8],[25,57],[15,89],[1,92],[-14,69],[-38,43],[-79,11],[-34,52],[-15,68],[9,34],[20,26],[18,42],[2,91],[7,33],[32,27],[22,45],[-4,49],[-14,52],[-3,53],[51,87],[17,147]],[[39854,45581],[59,132],[63,100],[26,120],[71,118],[18,55],[2,151],[-53,61],[-69,41],[-55,108],[-14,84]],[[39854,45581],[-31,-68],[-32,-121],[-4,-120],[49,-168],[1,-76],[-17,-47],[-50,-77],[2,-33],[155,-41],[38,16]],[[39965,44846],[51,85],[13,93],[-19,91],[-44,81],[-55,42],[0,31],[18,54],[2,26],[-42,112],[13,49],[-48,71]],[[41581,44158],[-5,76],[23,122],[-10,60],[-79,92],[-39,82],[-29,36],[-20,0],[-54,-40],[-47,-71],[-32,-82],[-1,-67],[-46,-3],[-36,13],[-30,-7],[-28,-63],[-16,-103],[-19,-36],[-80,-55],[-48,-18],[-39,2],[-80,34],[-41,32],[-72,90],[-198,85],[-46,46],[-23,44],[-3,34],[18,177],[-27,19],[3,41],[-350,145],[-31,6],[-97,-16],[-34,13]],[[47594,42927],[-57,-3],[-224,96],[-79,4],[-53,60],[-113,-11],[-81,19],[-189,-54],[-74,5],[-39,21],[-118,96],[-152,47],[-433,41],[-105,92],[-63,27],[-62,-18],[-68,54],[-92,13],[-134,-16],[-88,71],[-101,24],[-75,41],[-64,75],[-35,114],[-16,79],[-31,26],[-77,27],[-29,30],[-4,71],[17,92],[0,43],[-17,79],[-30,26],[-77,4],[-26,12],[-42,68],[-84,35],[27,36],[0,32],[-25,74],[-19,123],[-12,35],[19,63],[113,82],[39,71],[1,94],[-44,20],[-119,-31],[-187,-129],[-132,-8],[-82,-38],[-79,-56],[-64,-67],[-84,-17],[-57,-57],[-21,-7],[-35,18],[-60,59],[-63,3],[-98,27],[-44,-5],[-90,-38],[-32,16],[-33,40],[-32,11],[-35,-22],[-77,-109],[-57,4],[-58,37],[-66,19],[-129,-29],[-129,-55],[-33,-26],[-120,-157],[-15,-44],[-19,-126],[-35,-110],[-3,-69],[-36,-33],[-42,-94],[-26,-36],[-26,-5],[-96,22],[-112,-35],[-67,58],[-72,-12],[-75,49],[-59,-15],[-11,31],[50,62],[9,25],[-18,36],[-142,112],[-28,10],[-221,-74],[-77,12],[-60,64]],[[47388,39245],[64,-93],[34,-12],[216,14],[87,-75],[25,-34],[128,-32],[63,90],[87,50],[24,44],[-40,64],[0,38],[7,25],[13,12],[78,-22],[97,-99],[49,-23],[49,-4],[48,12],[136,75],[114,-57],[86,-22],[85,10],[71,55],[107,116],[25,60],[18,146],[12,46],[83,144],[24,72],[14,21],[31,19],[21,-16],[3,-169],[17,-45],[124,-139],[4,-28],[-6,-81],[36,-43],[172,-102],[30,-101],[77,-22],[79,38],[36,84],[7,76],[33,2],[74,-78],[44,-8],[39,-36],[91,-3],[153,-179],[84,-15],[180,90],[81,7],[67,104],[-94,85],[-26,61],[-26,170],[-24,82],[-2,29],[36,31],[17,55],[103,52],[39,0],[-41,100],[-39,58],[-29,-13],[-19,-31],[-40,29],[-29,65],[-31,33],[-4,15],[12,41],[15,25],[75,56],[232,105],[22,24],[-10,71],[9,34],[20,13],[63,-18],[71,60],[118,-28],[72,4],[74,41],[18,36],[-1,51],[-29,117],[30,130],[-3,243],[14,72],[22,44],[8,37],[-26,54],[-97,69],[-51,73],[-26,80],[0,90],[27,101],[34,89],[31,57],[40,27],[164,-16],[35,30],[38,85],[54,45],[121,13],[120,89],[92,26],[39,26],[61,71],[14,49],[-3,161],[67,-18],[22,5],[47,69],[23,6],[89,-89],[46,-9],[66,22],[43,-1],[8,11],[-3,39],[-51,63],[-5,30],[2,87],[-29,147],[2,52],[54,81],[122,69],[27,41],[14,-26],[11,26],[22,-22],[68,-4],[63,-73],[76,0],[63,-62]],[[47594,42927],[-3,-53],[-18,-41],[-2,-91],[-21,-56],[-34,-25],[-109,-9],[-45,-57],[-40,-74],[-45,-63],[-130,-105],[-47,-18],[-20,-32],[-60,-155],[-48,-40],[25,-78],[11,-90],[25,-46],[7,-49],[15,-31],[51,10],[-27,63],[84,-18],[26,-20],[52,-14],[34,-32],[56,-74],[47,-10],[55,8],[43,-12],[14,-66],[-53,-131],[-206,-211],[-42,-76],[15,-21],[4,-23],[-5,-25],[-52,-68],[88,-139],[56,5],[59,39],[64,20],[31,-68],[-27,-142],[-72,-222],[-6,-122],[28,-75],[52,-38],[95,-24],[91,-95],[128,-78],[147,-336],[20,-30],[45,-23],[3,-10],[-15,-47],[-72,-121],[-88,-13],[-73,54],[-91,-11]],[[52025,44152],[-114,-90],[-83,-27],[-29,-33],[10,-16],[2,-25],[-13,-111],[-1,-125],[21,-88],[39,-33],[21,-55],[4,-83],[-35,58],[-20,19],[-75,18],[-126,84],[-51,13],[-52,-5],[-125,-68],[-49,-3],[-142,28],[-30,24],[-5,-100],[-11,-31],[-43,-28],[-68,9],[-39,-13],[-29,-29],[-36,-127],[-34,-36],[-56,-13],[-83,83],[-55,28],[-339,-24],[-265,38],[-106,-46],[-69,-130],[-36,68],[-26,6],[-67,-55],[-64,-3],[-24,-13],[-31,-60],[-21,-60],[-28,-113],[-34,-105],[-51,-37],[-48,-10],[-16,16],[-31,-19],[-42,-76],[-13,-44],[-33,3],[-57,-69],[-76,-21],[-28,-53],[-33,-128],[-32,-19],[-24,35],[-21,61],[-25,46],[-64,-20],[-31,6],[-58,36],[-25,53],[-19,6],[-63,-18],[-393,15],[-23,8],[-104,120],[-58,30],[-125,-9],[-169,107],[-56,12],[-146,-26],[-150,42]],[[53601,50372],[-64,95],[-25,236],[-44,79],[-30,3],[-107,-38],[-130,85],[-100,3],[-24,22],[-35,136],[-180,65],[-49,33],[-50,-21],[-73,9],[-32,-28],[-94,-205],[-20,-24],[-29,-11],[-35,30],[-41,-10],[-259,49],[-171,-13],[-98,54],[-186,173],[-3,42],[-9,16],[-32,-11],[-2,38],[-14,16],[-44,-6],[19,32],[-15,-1],[-34,27],[-48,10],[-10,18],[-7,44],[-11,10],[-73,-5],[-97,-57],[-84,13],[-143,103],[-153,75],[-92,101],[-40,29],[-82,35],[-89,58],[-41,15],[-87,1],[-26,41],[-14,0],[-8,-15],[-10,-67],[-36,-47],[-141,-48],[-37,1],[13,51],[0,48],[-21,99],[-144,15],[-103,45],[-47,-12],[-1,-48],[-25,-76],[7,-309],[-56,-294],[24,-80],[-21,-63],[-38,-4],[-96,50],[-96,17],[-28,-14],[-19,-77],[-18,-42],[-10,-68],[-97,-110],[-35,-72],[-7,-97],[1,-109],[-9,-93],[-37,-47],[-31,2],[-45,91],[-55,-7],[-6,15],[-2,46],[-12,14],[-29,-3],[-83,-42],[-95,56],[-45,67],[-27,-24],[-41,-141],[-30,-38],[-96,-53],[-52,-46],[-18,-3],[-183,83],[-263,38],[-63,34],[-47,68],[-17,69],[14,15],[13,33],[23,7],[3,22],[-5,22],[-33,28],[-59,112],[-125,87],[-74,77],[-35,25],[-75,25]],[[49648,58422],[40,-1],[67,23],[211,-19],[4,30],[-5,148],[1,20],[29,56],[-2,103],[-28,50],[-30,29],[-8,41],[66,54],[14,46],[35,-40],[94,-25],[16,-35],[47,-42],[21,5],[23,84],[24,20],[22,-13],[8,-54],[18,-53],[105,-2],[49,-30],[30,-58],[-2,-35],[-16,-37],[-13,-66],[6,-51],[17,-62],[41,-98],[99,-83],[22,-67],[-6,-104],[12,-30],[26,-10],[55,91],[78,7],[370,-158],[21,-17],[38,-63],[20,-7],[154,45],[46,-5],[10,-46],[93,-195],[63,-4],[110,51],[31,-5],[24,-30],[41,-104],[10,-50],[-4,-42],[-31,-38],[4,-34],[79,18],[114,136],[79,-9],[86,-72],[31,9],[23,35],[27,82],[24,6],[67,-2],[61,-19],[56,-39],[158,-205],[17,-68],[-58,-30],[7,-39],[-16,-48],[-2,-49],[5,2],[-72,-103],[-31,-9],[-60,20],[-29,-11],[-14,-47],[-28,-29],[-61,-53],[-38,-20],[12,-50],[-37,10],[-15,-57],[18,-63],[60,-14],[24,-92],[32,-44],[49,27],[102,-7],[13,-33],[4,-97],[33,-54],[83,-38],[41,-35],[124,-250],[56,-72],[20,-68],[21,-122],[18,-45],[32,-52],[64,-73],[78,-50],[75,7],[57,96],[41,37],[76,150],[42,45],[73,3],[44,14],[48,72],[22,19],[67,-13],[10,66],[38,-10],[28,-58],[23,-11],[12,31],[-4,47],[-24,39],[-3,87],[-19,64],[-34,46],[-45,33],[-35,44],[-32,145],[-21,65],[-59,108],[0,50],[50,38],[42,-7],[80,-59],[43,7],[190,-66],[87,-76],[82,14],[22,-8],[-4,-10],[17,-85],[11,-31],[19,-24],[65,-51],[44,-16],[87,4],[38,-21],[-34,-17],[28,-44],[1,-92],[13,-37],[25,-23],[20,65],[41,4],[40,-40],[17,-67],[10,-7],[29,7],[54,82],[89,10],[165,-36],[43,14],[32,32],[55,94],[15,53],[12,10],[31,-15],[49,-77],[-28,-131],[4,-36],[20,-24],[29,-66],[-18,-54],[-37,-40],[-79,-58],[-50,-24],[-89,-5],[-20,-12],[-14,-36],[4,-26],[90,-142],[29,-16],[54,21],[101,-46],[0,-12],[-18,-18],[-6,-20],[6,-20],[38,-52],[38,-126],[141,-185],[67,-17],[67,25],[55,61],[108,13],[60,23],[9,15],[-3,36],[-13,25],[-40,0],[-8,81],[57,-18],[108,-88],[-12,-66],[24,-35],[118,-27],[87,-82],[65,-24],[22,-20],[31,-99],[37,-38],[26,7],[52,56],[-12,12],[75,12],[72,-32],[137,-95],[43,1],[73,58],[28,-21],[11,-65],[-5,-54],[8,-44],[50,-33],[-51,-74],[1,-96],[32,-108],[43,-112],[19,-104],[12,-27],[24,-22],[84,-16],[60,-78],[24,-18],[84,25],[28,-26],[8,-28],[12,-123],[39,-129],[26,-152],[6,-74],[-8,-59]],[[52025,44152],[30,19],[24,30],[88,150],[99,81],[12,26],[5,63],[52,43],[8,54],[17,40],[26,4],[69,-18],[75,12],[39,-6],[52,-45],[17,13],[114,19],[-8,39],[-27,32],[-79,20],[23,28],[104,62],[7,19],[-6,19],[-60,31],[-13,47],[12,52],[39,32],[42,74],[9,42],[-23,43],[-30,4],[-63,-40],[-25,22],[16,81],[0,31],[-13,23],[-30,0],[-11,13],[-7,59],[29,78],[-6,63],[57,41],[26,31],[13,48],[-8,59],[-56,154],[-27,31],[1,21],[22,27],[-5,137],[19,45],[23,8],[25,-22],[22,-48],[199,120],[95,97],[-7,144],[21,30],[54,29],[19,46],[3,55],[-15,45],[-25,34],[-32,23],[10,69],[-15,72],[-33,57],[-40,24],[-61,-14],[-122,65],[-51,-15],[-137,80],[58,104],[28,-31],[34,36],[74,51],[16,20],[10,30],[-3,47],[11,35],[68,40],[78,-13],[148,-75],[23,-21],[31,-107],[21,-28],[20,-16],[104,-21],[16,5],[21,26],[36,76],[25,27],[27,-94],[70,-17],[147,48],[135,24],[38,23],[-37,44],[-9,36],[-4,117],[-12,72],[-3,62],[28,40],[-12,22],[-18,67],[-65,54],[0,39],[87,34],[30,31],[19,36],[18,110],[-23,19],[-2,15],[26,32],[14,53],[1,22],[-19,29],[116,126]],[[52806,42863],[-27,154],[-63,71],[-68,142],[-100,88],[-14,49],[17,36],[35,22],[26,33],[-11,67],[-27,25],[-60,17],[-1,61],[-26,-6],[-54,104],[-30,116],[8,40],[23,53],[24,84],[4,32],[-8,18],[-44,13],[-36,60],[-19,15],[-253,-29],[-77,24]],[[57224,40825],[-27,-2],[-19,-29],[-57,-30],[-32,-30],[-20,-1],[-24,30],[-18,-38],[-17,-58],[-19,-14],[-22,4],[-74,51],[-91,43],[-35,-10],[-42,-56],[-17,-83],[-30,-43],[-41,-106],[-22,-37],[-80,-92],[-48,-24],[-42,26],[-30,-27],[-64,-108],[-49,-42],[-38,5],[-31,53],[-30,1],[-62,-40],[-31,17],[-32,46],[-43,1],[-56,58],[-35,14],[-152,0],[-48,-38],[-42,-10],[-195,73],[-158,0],[-17,-13],[-20,-54],[-22,-6],[0,15],[-37,84],[-53,53],[-226,94],[-42,3],[-15,14],[-20,166],[-14,34],[-87,124],[-68,42],[-79,22],[-158,9],[-38,-46],[-12,58],[-19,11],[-44,-23],[-37,-3],[-6,10],[3,32],[-11,61],[-20,-45],[-69,45],[0,25],[50,22],[-17,31],[-59,20],[-50,244],[-75,129],[-20,17],[-151,7],[-117,108],[-21,31],[-10,39],[-15,27],[-98,107],[-64,146],[-95,145],[-32,126],[6,55],[-18,59],[-51,81],[-10,0],[-9,-28],[-37,47],[-71,32],[-14,-51],[-12,0],[-23,63],[-56,47],[-99,184],[-40,37],[-80,30],[-12,-12],[-8,-32],[-11,0],[-25,33],[-90,78]],[[57098,53608],[-76,-3],[-34,-17],[-76,-88],[-52,-3],[-127,62],[-66,-38],[-82,15],[-38,-31],[-10,-29],[-4,-66],[-10,-32],[-15,-19],[-61,-41],[-79,-122],[-41,-34],[-54,15],[-5,-169],[-112,-111],[-249,-123],[-55,-65],[-44,-91],[-35,-109],[-23,-118],[-7,-95],[3,-181],[-13,-79],[-38,-82],[-55,-65],[-61,-35],[-99,9],[-45,-9],[-39,-31],[-25,-63],[-25,-163],[-16,-49],[-34,-42],[-74,6],[-46,-10],[-29,-32],[-64,-140],[-33,-34],[-356,-179],[-68,14],[-56,76],[-27,17],[-44,-17],[-70,-58],[-33,-8],[-211,136],[-89,30],[-83,-23],[-99,-92],[-17,-33],[-11,-68],[-27,-43],[-63,-70],[-46,-99],[-93,-344],[-51,-96],[-5,-67]],[[53978,48233],[-43,51],[-103,57],[10,59],[-29,30],[20,102],[19,30],[-24,34],[-37,86],[-75,42],[-46,66],[-13,56],[-1,77],[-8,65],[-29,128],[0,73],[-70,63],[-21,76],[-13,15],[15,55],[-8,28],[-49,56],[-52,16],[-6,22],[38,330],[67,137],[24,82],[61,72],[14,63],[-18,168]],[[53978,48233],[67,53],[163,-53],[121,-24],[58,-62],[190,-330],[18,-22],[83,-38],[63,-122],[23,-30],[58,17],[66,-54],[34,-42],[34,-65],[121,-85],[155,-55],[532,45],[228,-31],[69,8],[138,74],[379,57],[83,-8],[68,-39],[55,-14],[54,8],[45,36],[61,91],[33,31],[90,37],[-71,67],[-54,69],[-12,67],[23,223],[-6,41],[-16,27],[24,39],[53,21],[18,19],[49,134],[33,34],[265,77],[27,16],[78,-5],[111,21],[230,-36],[20,6],[111,91],[250,-7],[99,91],[4,38],[-5,43],[23,60],[12,94]],[[57023,37500],[-14,30],[-87,26],[-22,37],[-69,193],[-20,26],[-23,-16],[-14,-60],[-18,-13],[-28,34],[-31,91],[-26,6],[-39,-28],[-59,12],[-27,-15],[-1,-32],[12,-94],[-45,2],[-48,25],[-46,40],[-100,137],[-35,22],[-131,15],[-28,17],[-84,83],[-44,24],[-46,-13],[-20,-35],[-6,-89],[-13,-38],[-32,-28],[-39,-11],[-77,11],[-41,26],[-102,127],[-30,21],[-29,0],[-27,-20],[-143,-224],[-140,-59],[-38,20],[-33,42],[-104,184],[-50,67],[-55,42],[-61,5],[-40,-28],[-69,-100],[-38,-32],[-61,2],[-107,-24],[27,98],[-44,-32],[-22,-6],[-24,11],[19,43],[-12,44],[-15,12],[-17,-48],[-96,-32],[-210,179],[-43,-122],[-88,-9],[-20,-16],[-165,104],[-79,81],[-36,108],[-51,-51],[9,51],[-9,49],[-18,-46],[-42,56],[-28,14],[13,-49],[-38,-6],[-11,20],[-2,59],[-15,75],[-15,21],[-51,-59],[-20,-46],[-35,-42],[-10,-40],[-57,-54],[-11,-43],[-1,-57],[-24,-28],[-47,-9],[-369,150],[-107,5],[-87,-81],[-61,-183],[-25,-55],[-86,-57],[-14,-33],[5,-44],[-4,-41],[-47,-126],[-30,-152],[-45,-17],[-68,21],[-71,42],[-52,45],[-170,231],[-32,59],[-39,139],[-29,64],[-23,25],[-40,11],[-17,17],[9,74],[-16,32],[-42,16],[-43,-11],[-177,6],[-100,-22],[-60,-76],[-21,-77],[5,-240],[-8,-56],[-44,-154],[0,-66],[17,-84]],[[57098,53608],[183,-22],[54,-41],[-16,-60],[15,-152],[-7,-118],[10,-40],[83,-4],[72,53],[40,12],[72,-53],[19,-2],[103,41],[14,28],[17,114],[37,10],[4,24],[-13,32],[30,116],[25,51],[27,32],[66,28],[57,-1],[46,18],[192,260],[26,-13],[31,-69],[48,-47]],[[57571,37500],[13,74],[-25,229],[-20,79],[-47,76],[-2,32],[28,34],[104,-14],[40,11],[7,58],[-37,120],[41,13],[22,-16],[55,-96],[36,-19],[39,-3],[78,14],[21,41],[14,8],[32,-47],[160,10],[27,37],[5,84],[-19,72],[-36,23],[-164,24],[-55,23],[-188,119],[-100,80],[-15,109],[-25,36],[-55,22],[-42,-1],[-42,52],[-56,41],[-3,72],[40,30],[47,10],[16,49],[-28,62],[-26,36],[-9,42],[-2,66],[25,89],[125,-26],[54,72],[-21,51],[-82,46],[-18,22],[-26,63],[-17,17],[-64,-45],[-43,-56],[-34,-1],[-18,24],[-37,81],[-16,17],[17,165],[42,51],[61,126],[-10,51],[-84,84],[-16,46],[-16,162],[-95,160],[-7,22],[14,51],[5,98],[82,14],[14,23],[-6,28],[-58,70],[32,45],[32,28],[-11,55]],[[58333,41585],[-23,-35],[21,-91],[-48,-36],[-36,-75],[-31,-34],[-60,-28],[-48,-95],[-31,-14],[-102,-11],[-37,-37],[-22,-88],[-21,-36],[-52,-14],[-162,23],[-41,32],[-28,71],[-41,21],[-43,-24],[-29,-68],[-2,-106],[-33,-12],[-47,9],[-44,-42],[-7,-26],[20,-59],[-2,-11],[-11,-7],[-35,22],[-114,11]],[[8492,9617],[-101,1010],[-112,290],[28,159],[79,127],[51,333],[254,431],[63,451],[209,70],[68,155],[184,-63],[141,622],[-146,11],[-143,-93],[-117,352],[-278,544],[-78,78],[44,82],[-19,89],[52,221],[87,220],[-41,138],[41,290],[222,292],[175,128],[-18,177],[172,390],[-23,189],[-56,107],[-91,64],[-171,-33],[-20,233],[-167,145],[14,212],[-141,252],[25,415],[-159,129],[-216,358],[-77,307],[693,-17],[300,68],[52,286],[-13,101],[134,212],[5,201],[84,325],[-141,335],[-111,58],[-51,222],[51,158],[255,142],[15,108],[140,218],[-105,189],[-11,117],[82,259],[-70,241],[67,232],[-46,394],[5,296],[38,59],[-234,568],[66,143],[189,30],[74,159],[17,178],[202,389],[279,97],[216,295],[0,71],[107,49],[77,307],[137,262],[-123,207],[-174,126],[-175,46],[-79,-83],[-71,20],[-66,289],[98,456],[-95,55],[7,213],[-70,71],[-24,-76],[-195,-37],[-180,189],[-11,-106],[-44,-39],[-167,1],[-88,82],[-109,-87],[-174,163],[-101,-85],[4,-222],[-39,-81],[-321,-132],[-94,-129],[-49,167],[-86,44],[-57,-117],[-110,-24],[-31,58],[28,113],[-212,93],[-323,-148],[-18,200],[-71,-168],[-91,-11],[-102,-169],[-242,-21],[4,140],[-80,66],[-18,130],[250,487],[-79,114],[-122,-12],[-1,211],[-33,89],[-231,-185],[-519,-181],[-81,-183],[-148,-110]],[[8802,73461],[-200,-101],[-93,-134],[-7,-187],[-67,-68],[-19,-247],[-163,-249],[0,-184],[-197,11],[-224,-138],[-139,89],[-155,-123],[41,-35],[1,-91],[112,-107],[58,29],[114,-89],[79,35],[5,-72],[-332,-257],[-213,40],[-130,-201],[-188,-91],[218,-342],[100,-29],[95,-203],[131,-50],[44,-270],[281,-39],[177,-216],[198,-53],[162,73],[-20,-31],[57,-53],[156,-26],[-42,124],[70,56],[-3,-140],[32,1],[63,146],[-28,49],[22,59],[177,96],[14,99],[-117,148],[45,83],[-14,65],[121,53],[90,161],[112,66],[256,-256],[43,-174],[-48,-56],[83,-59],[92,-206],[80,-67],[93,49],[100,-107],[-59,-355],[77,-95],[282,92],[187,-16],[42,169],[157,-45]],[[12332,4812],[-108,275]],[[12335,5861],[-36,0]],[[16828,2775],[-56,-33],[-38,66],[-6,99],[35,56]],[[18106,2105],[53,-306],[246,-264],[83,-13],[68,-218],[389,-442],[-188,-517],[210,-345]],[[24869,28912],[-169,354],[8,50],[-354,-7],[-115,231],[-257,89],[-54,-42],[-201,169],[-164,48],[-126,-24],[-10,-268],[-32,-67],[49,-53],[10,-111],[-40,-51],[-434,-8],[-102,126],[-146,-174],[-69,148],[-128,58],[-385,-148],[-148,114],[-72,156],[-7,124],[-136,-33],[-163,201],[-187,-185],[-204,62],[-3,-85],[-62,-41],[-147,275],[-170,125],[-36,221],[-340,5],[-158,138],[-224,68],[-267,177],[-39,99],[53,94],[-115,-58],[-33,-213],[-168,42],[-57,131],[115,191],[41,386],[-53,77],[-235,68],[-53,-116],[-63,-16],[-62,180],[-171,-23],[-15,98],[-77,81],[6,160]],[[25383,28581],[27,163],[81,53],[-96,94],[16,72],[-211,30],[-120,112],[-142,-29],[-28,-140],[-41,-24]],[[24869,28912],[-42,-236],[41,8],[39,-98],[-78,-62],[74,-186],[128,-19],[227,132],[27,108],[98,22]],[[28113,28326],[-176,-15],[-105,137],[-177,17],[-269,-208],[-182,-21],[-93,-119],[41,-121],[-211,47],[-62,-94],[-128,93],[-43,114],[-269,160],[-260,-44],[-136,-208],[-100,-39],[-84,72],[-68,249],[-408,235]],[[34678,37500],[3,-255],[93,-147],[412,-195],[27,-306],[74,-223],[-176,-6],[-48,-130],[21,-76],[-203,-327],[47,-211],[105,-138],[-76,-78],[-13,-184],[192,-405],[317,-151],[363,-298],[583,187],[-25,-116],[89,-272],[-110,-264],[-283,-457],[45,-262]],[[35995,33012],[-57,72],[-76,-146]],[[37063,0],[283,281],[129,246],[-48,120],[103,247],[-32,542],[95,591],[242,622],[-211,171],[-42,127],[-8,277],[87,483],[-25,408],[-122,350],[-30,277],[63,747],[77,389],[-19,349],[88,383],[6,284],[-115,137],[-236,81],[3,123],[483,489],[58,250],[-102,126],[12,57],[261,70],[162,117],[-73,368]],[[44737,99999],[237,-588],[52,-176],[6,-186],[-289,-1818],[472,-510],[366,-125],[508,-705],[-90,-438],[-186,-302],[-66,-344],[-355,10],[-479,-169],[229,-884],[196,-346],[233,-610],[-28,-327],[-197,-354],[64,-351],[-20,-284],[-119,-239],[-289,-330],[-272,-215],[-373,13],[-172,-106],[-12,-122],[110,-190],[-9,-254],[-128,-194],[-284,-188],[5,-171],[197,-709],[51,-320],[-218,-1062],[-55,-191],[-97,-96],[-239,-23],[-57,33],[-27,342]],[[58333,48846],[58,120],[190,58],[98,-107],[129,12],[36,-181],[84,30],[199,-100],[327,260],[54,157],[175,86],[80,-66],[96,99],[179,533],[113,177],[0,169],[560,153],[602,-285],[205,105],[77,-55],[111,158],[218,39],[111,-83],[42,-125],[129,-25],[40,-189],[119,-242],[151,-138],[315,140],[276,10],[101,103]],[[57436,37020],[-234,-16],[-133,94],[-83,196],[53,77],[-16,129]],[[51416,37500],[-63,-260],[79,-294],[-106,-149],[2,-60],[163,-321],[154,99],[149,-304],[110,-52],[30,-126],[-71,-173],[204,-69],[80,-377],[-40,-137],[120,-64],[-28,-276],[52,-265],[206,-450],[161,-94],[47,-150],[114,-76],[329,-543],[63,-247],[689,-922],[344,-179],[30,-92],[-35,-300],[41,-178],[204,-313],[78,-227],[345,-378],[63,-289],[-152,-84]],[[54913,29967],[89,102],[204,-34],[87,-332],[677,-674],[395,-246]],[[56365,28783],[101,19],[-10,90],[117,175],[-19,202],[-176,435],[54,162],[-73,265],[34,202],[160,109],[185,-13],[-34,366],[126,364],[-45,31],[314,325],[-23,61],[189,20],[128,-285],[60,113],[83,36],[-111,365],[-77,132],[-41,-15],[10,71],[-85,96],[10,59],[123,140],[144,-142],[125,105],[135,-11]],[[56365,28783],[0,-235],[103,-183],[6,-93]],[[58333,53805],[105,-399],[144,-45],[-14,-141],[263,-31],[20,-356],[53,-80],[-112,-233],[70,-63],[127,11],[155,121],[208,-185],[158,484],[275,107],[62,189],[193,-31],[29,70],[197,-113],[114,104],[156,2],[164,-248],[260,-146],[182,222],[103,17],[-8,86],[-65,66],[38,52],[132,33],[128,-82],[123,174],[310,-141],[355,48],[133,-76],[122,-190],[115,101],[269,-245],[53,-108],[35,-240],[53,-49],[291,-91],[33,-114],[229,-48],[94,-120],[277,-74]],[[57436,37020],[-45,176],[50,38],[89,-71],[121,169],[-25,80],[-58,6],[3,82]],[[59708,41457],[-134,134],[-251,-9],[-196,73],[-256,-123],[-225,157],[-313,-104]],[[57769,32260],[41,0],[65,199],[174,72],[118,-243],[39,109],[93,-37],[-8,200],[55,108],[-84,411],[-430,698],[26,158],[81,40],[143,-142],[304,14],[167,209],[-37,96],[-35,-40],[-107,120],[-105,242],[-43,-34],[-148,171],[-39,195],[-63,102],[-278,69],[-89,250],[60,240],[-22,312],[92,72],[17,134],[240,498],[101,593],[-116,111],[-200,-15],[-28,69],[-317,-221]],[[59898,29741],[16,226],[-31,58],[-264,213],[-144,35],[-348,491],[-105,-84],[-124,-2],[-82,67],[-88,203],[-214,38],[-418,743],[-333,251],[-32,197],[38,83]],[[58083,26258],[-35,390],[46,89],[-38,148],[41,273],[-168,215],[-13,96],[232,480],[31,173],[317,566],[62,258],[101,149],[85,-2],[44,-169],[-21,-266],[32,-110],[92,-91],[196,137],[138,16],[106,167],[48,-39]],[[64383,70915],[-127,-48],[-5589,335],[-131,71]],[[61046,22676],[3,-169],[-43,-131],[170,-378],[-31,-359],[-112,-157],[-39,-152],[-47,-46],[-133,43],[-128,-177],[-1,-213],[-62,-210],[-70,-90],[-5,-226],[-66,-129],[14,-146],[-38,-157],[-129,-96],[-269,-12],[-60,-67],[-44,-184],[-146,-24],[37,-245],[147,-358],[-47,-121],[-170,71],[-8,-157],[44,-114],[-99,-233],[-63,15],[-51,-108],[-176,164],[-166,38]],[[59379,28738],[72,380],[-146,251],[18,100],[77,79],[198,-111],[64,215],[236,89]],[[59379,28738],[162,-189],[97,-263],[-22,-95],[83,-263],[177,-7],[310,-381],[90,-314],[92,-581],[-68,-216],[9,-96]],[[59708,41457],[75,128],[298,11],[45,97],[244,-159],[118,29],[65,67],[21,113],[64,15],[-10,161],[110,108],[371,-57],[63,-73],[122,161],[84,26],[64,360],[188,114],[-66,216],[86,250],[18,204],[176,80],[74,169],[122,107],[6,70],[-64,71],[60,222],[149,152],[12,218],[108,122],[43,180],[-72,104],[243,295],[104,241],[78,446],[258,344],[-23,354],[35,87],[285,246],[85,313],[121,178],[227,43],[52,167],[57,18],[201,-108],[138,51],[212,200],[21,168],[135,99],[77,159]],[[64243,34744],[-19,275],[-244,156],[-134,457],[26,97],[106,27],[59,192],[222,-85],[109,82],[11,65],[-120,170],[-209,67],[-192,267],[-107,34],[-224,-201],[-222,-579],[-108,-45],[-151,238],[-94,319],[-257,143],[-183,-76],[-186,37],[-145,322],[-337,44],[-99,149],[24,88],[335,117],[-37,160],[-200,87],[-106,142],[131,119],[38,219],[96,95],[-2,92],[-162,195],[-308,106],[-185,265],[-89,-55],[-204,159],[-306,465],[-91,59],[-12,50],[74,132],[-85,268],[58,525],[-38,51],[-71,-109],[-72,25],[-78,162],[-17,137],[-120,217],[-404,318],[-89,274],[-117,195]],[[59898,29741],[243,100],[41,80],[-88,157],[15,100],[132,90],[59,123],[63,-9],[88,161],[47,206],[-80,50],[-41,265],[307,224],[92,-12],[84,-143],[-46,-19],[-2,-148],[308,-255],[162,-30],[102,-351],[115,12],[42,-303],[52,-87],[274,-142],[-55,-367],[345,-85],[119,-172],[147,54],[103,-63],[16,-79],[-71,-83],[-31,-261],[-183,-364],[-3,-224],[-188,-159],[89,-342]],[[61046,22676],[-47,206],[-190,61],[-132,-108],[-90,69],[-117,579],[-143,65],[-21,193],[-121,314],[-34,378],[77,55],[31,157],[-163,332],[-15,200],[168,127],[-64,532],[94,212],[-17,243],[47,42]],[[60309,26333],[65,-84],[76,85],[71,-106],[77,81],[50,144],[9,485],[103,179],[358,175],[175,193],[122,-103],[136,-249],[114,-21],[-8,206],[133,267],[116,-29],[-18,87],[31,24],[236,-2]],[[61091,74189],[-120,34]],[[64660,24413],[-168,19],[-138,-92],[-45,-534],[-41,-93],[-112,145],[-101,-197],[-257,-41],[-132,64],[-132,-24],[-11,74],[-180,57],[-189,-143],[-102,108],[-258,-194],[-27,-156],[-205,-320],[-34,-144],[-149,15],[-192,-220],[-133,122],[-194,29],[-203,-171],[-208,33],[-403,-74]],[[61209,77044],[254,43],[73,281],[181,218],[170,47],[327,252],[164,7],[759,384],[223,-97],[550,20],[286,-167],[478,225],[60,-36],[111,-279],[85,-71],[93,24],[111,168],[214,54],[358,-153],[417,87],[34,-92],[246,20],[520,-275],[333,147],[177,-118],[124,12],[366,387],[309,99],[47,135],[72,-74],[117,-433],[185,-368],[1091,-203],[64,-189],[892,-851],[188,-380],[372,-232],[211,-40]],[[64383,70915],[-161,346],[3,416],[80,549],[200,197],[21,191],[-43,191],[-133,87],[5,76],[-220,95],[-126,393],[-581,11],[-323,-151],[-91,56],[-45,175],[-113,-54],[-355,178],[-270,230],[-187,7],[-239,341],[-199,-147]],[[62155,27665],[209,-40],[260,250],[124,16],[83,91],[182,-111],[126,7],[321,230],[42,-150],[99,-53]],[[63208,49659],[11,589],[318,400],[38,267],[65,136],[5,222],[80,111],[69,299],[132,77],[36,283]],[[64588,48024],[-84,115],[54,176],[-13,68],[-99,156],[-103,90],[-259,-69],[-92,287],[-138,233],[-230,2],[-91,181],[-17,198],[-78,29],[28,165],[-130,52],[-79,-56],[-49,8]],[[64243,34744],[-158,-192],[-25,-395],[-108,-25],[-57,-133],[-193,-95],[-93,-662],[73,-177],[30,-254],[114,-136],[22,-321],[75,-303],[144,-161],[76,-10],[50,-106],[127,-55],[132,-187],[42,-170],[105,-182],[181,-112],[6,-87],[-54,-237],[-132,-256],[-102,-154],[-98,-50],[-91,-331],[-113,-54],[-190,45],[-107,-51],[-145,-202],[103,-285],[-76,-186],[-31,-389],[184,-232],[16,-179],[-45,-188],[-73,-48],[-85,-235],[-146,-44]],[[63601,27905],[345,-658],[347,-303],[222,-89],[78,-524],[121,-369],[117,-105],[-19,-168],[-116,-239],[34,-692],[-32,-77],[7,-218],[-45,-50]],[[63962,52043],[39,48],[152,-152],[208,6],[185,-181],[22,57],[-44,118],[-4,185],[-251,264],[-44,-27],[104,408],[-34,384],[-74,128],[-72,393],[232,519],[112,83],[509,927],[620,845],[385,425],[70,199],[121,75],[433,55],[55,315],[179,171],[-41,227],[43,91],[-62,216],[11,81],[-100,54],[-26,54],[24,85],[-96,33],[-30,113],[65,101],[255,10],[23,62],[-303,290],[-45,164],[-80,83],[-14,200],[-92,210],[37,52],[-21,44],[-224,242],[-102,272],[-97,44],[-2,124],[93,110],[-10,85],[35,37],[-91,177],[27,94],[-89,61],[-16,72]],[[75144,33004],[-266,-21],[-395,95],[-445,312],[-127,514],[-353,-159],[-163,290],[-463,-53],[-182,205],[-63,178],[-280,79],[-135,117],[-265,-74],[-242,-173],[-820,-198],[-296,-143],[-179,-279],[-223,-229],[-283,-494],[-203,-52],[-213,-168],[-284,-73],[-279,195],[-316,51],[-218,110],[-478,-21],[-443,210],[-201,-152],[-368,-25],[-771,320],[-278,-18],[-200,154],[-296,21],[-358,-138],[-393,-49],[-127,143],[44,349],[58,114],[217,99],[31,110],[-16,110],[-231,106],[-398,377]],[[65713,69425],[-49,152],[70,144],[-42,323],[-46,152],[-175,221],[-440,309],[-124,-31],[-33,53],[17,112],[-96,44],[-50,101],[-232,69],[-130,-159]],[[71514,49139],[-582,-168],[-61,-423],[-181,-359],[-779,-209],[-908,-128],[-80,-72],[-257,-484],[-340,-118],[-163,306],[-239,159],[-85,243],[-169,127],[-246,30],[-330,-197],[-412,229],[-284,-96],[-139,190],[-402,65],[-189,-123],[-187,78],[-238,310],[-171,65],[-75,-96],[-66,-228],[-109,-87],[-148,78],[-16,-163],[-70,-44]],[[64660,24413],[445,-69],[79,59],[45,165],[118,68],[71,-103],[164,109],[182,-7],[184,-96],[111,114],[152,-8],[42,101],[218,126],[102,-95],[94,95],[63,-46],[32,42],[-8,224],[54,36],[173,-87],[48,127],[101,58],[84,-172],[265,45],[132,121],[130,-433],[220,-112],[139,-218],[37,-2],[17,161],[153,29],[399,-229],[255,-342],[492,142],[86,125],[238,-66],[243,157],[131,-132],[442,192],[102,265],[-55,164],[22,230],[-49,37],[-30,228],[-111,115],[-3,188],[293,175],[115,-127],[110,-6]],[[65937,60776],[-85,135],[25,0],[-57,134],[-20,236],[52,47],[-27,63],[27,232],[126,197],[-63,120],[51,122],[12,246],[89,170],[-72,323],[-108,132],[-124,11],[-46,204],[-178,3],[8,61],[-381,146],[8,111],[-53,64],[420,786],[327,273],[309,103],[246,197],[74,107],[25,152],[-39,646],[31,98],[-12,194],[-96,225],[63,299],[-172,324],[-389,1317],[-48,468],[-65,149],[-82,554]],[[65713,69425],[262,-146],[297,106],[76,-28],[170,99],[232,-61],[230,100],[110,-94],[52,-137],[224,-26],[279,255],[256,127],[72,-106],[186,40],[28,159],[-72,261],[66,61],[6,88],[150,54],[314,-63],[157,156],[92,289],[303,-31],[165,182],[176,-242],[-97,-34],[50,-93],[-80,-72],[56,-110],[255,-57],[203,99],[48,285],[-129,162],[-43,140],[-245,-63],[-65,63],[2,90],[153,271],[34,309],[203,215],[-1,140],[-58,197],[23,370],[106,138],[8,230],[162,247],[497,108],[160,307],[15,202],[58,102],[305,-43],[82,63],[237,-89],[103,338],[266,207],[-59,96],[-450,28],[-140,68],[91,360],[82,113],[-21,202],[135,264],[-19,275]],[[65937,60776],[33,-6],[8,55],[-63,264],[64,86],[223,55],[251,-88],[104,-136],[74,15],[487,472],[125,391],[147,187],[613,8],[520,101],[250,137],[397,-98],[770,25],[579,-99],[175,-157],[431,-22],[70,-161],[408,-15],[350,-186],[548,27],[50,-35],[21,-297],[163,-46],[-43,-199],[25,-28],[262,15],[126,114],[399,-123],[23,-74],[-76,-270],[93,-104],[145,191],[13,243],[59,99],[82,-17],[147,-169],[214,-12],[258,337],[65,-40],[24,-139],[98,-97],[43,-165],[235,155],[265,-65],[62,-371],[48,-56],[75,31],[46,-148],[42,98],[1,196],[89,175],[118,94],[217,38],[152,218],[180,-97],[123,-301],[2,-227],[171,-321],[153,109],[118,-40],[72,187],[116,44],[129,147],[115,-26],[71,-157],[168,-34],[106,124],[486,70],[318,-294],[-6,-220],[71,-126],[135,-48],[206,-202],[75,244],[108,115],[-11,101],[24,12],[-50,183],[-56,31],[-4,88],[60,54],[-103,195],[39,74],[-113,73],[38,71],[-52,75],[77,71],[25,273],[101,22],[40,173],[-52,24],[97,104],[-16,103],[134,194],[13,87],[87,9],[41,64],[-14,74],[102,66],[72,145],[82,-16],[-1,94],[-54,9],[13,131],[329,73],[246,-148],[140,212],[145,71],[706,-60]],[[72875,82241],[-61,-41],[-434,119],[-194,212],[-200,65],[-143,-199],[-238,-23],[-143,-159],[-167,-16],[-127,163],[-248,134],[-238,375],[-267,251],[-18,244],[-411,47],[-116,240],[-238,-39],[-111,181],[-402,257],[-80,138],[-57,-18],[-2,-61],[64,-154],[-96,-81],[-56,23],[-65,238],[-135,31],[-268,-217],[-245,-107],[-155,56],[-90,-159],[-279,-9],[-171,-132],[-118,-174],[-133,31]],[[70451,22280],[127,30],[85,233],[99,126],[27,185],[24,-48],[39,124],[81,-41],[-18,63],[120,136],[-48,93],[64,61],[12,83],[-91,154],[26,144],[-41,28],[35,108],[-28,125],[28,148],[-29,61],[170,70],[237,307],[94,-80],[76,101],[-68,910],[-35,-76],[-207,205],[21,97],[-264,134]],[[70987,25761],[-32,109],[34,164],[76,97],[279,27],[61,276],[-30,67],[116,168],[243,-30],[81,87],[72,-63],[221,109],[200,310],[235,-93],[79,138],[106,-14],[228,-366],[277,-315],[31,19],[-23,64],[109,104],[144,54],[237,-78],[-6,172],[379,-80]],[[71471,75596],[84,102],[191,-46],[147,83],[293,432],[316,20],[207,-162],[160,157],[165,-116],[285,-16],[97,459],[184,132],[68,202],[184,170],[57,130],[370,202],[70,-51]],[[71514,49139],[131,56],[215,-59],[172,-176],[19,-87],[56,72],[110,-136],[-57,-83],[141,-58],[-2,-178],[125,-157],[-38,-48],[13,-51],[47,27],[88,-108],[-33,-90],[51,-71],[-33,-58],[96,-115],[0,-148],[76,-71],[-64,-51],[127,-220],[14,-122],[-43,-11],[60,-173],[230,-306],[83,-318],[190,-112],[-7,-305],[120,-244],[178,-111],[102,-255],[34,-213],[80,-58],[-11,-50],[176,-242],[165,-49],[101,-219],[72,-490],[233,-763],[-52,-418],[50,-101],[0,-170],[-103,-274],[-23,-229],[-128,-189],[66,-182],[-101,-392],[-14,-209],[79,-344],[-22,-333],[77,-227],[24,-462],[-111,-28],[-85,-110],[146,-120],[47,-234],[62,-117]],[[74443,39149],[33,113],[98,100],[429,-45],[-7,178],[72,75],[-48,198],[-69,81],[76,158],[86,52],[28,162],[173,55],[0,124],[126,91],[4,413],[401,172],[-33,314],[142,333],[-11,78],[-141,195],[21,221],[-47,299],[49,179],[441,298],[42,-127],[-2,-345],[-41,-101],[32,-74],[153,144],[43,267],[126,-200],[154,245],[53,-31],[-10,-182],[112,-43],[106,-178],[87,44],[16,169],[90,20],[21,153],[159,-260],[52,-211],[138,114],[249,-8],[129,82],[46,110],[-101,0],[-117,140],[-21,115],[-60,-9],[-127,140],[-5,79],[72,15],[22,77],[-34,144],[36,443],[-42,238],[-71,-9],[-86,168],[-165,13],[-108,167],[-254,147],[80,411],[-59,109],[-93,-113],[-78,185],[124,86],[-1,352],[67,94],[-44,227],[-140,51],[-41,-160],[-91,-49],[-78,101],[-40,206],[-84,44],[-126,243],[-94,-58],[-49,72],[-70,297],[119,285],[28,373],[77,137],[-113,121],[108,289],[-117,73],[-90,303],[-117,-22],[-81,-138],[-124,13],[-218,321],[-62,311],[-417,154],[-101,-21],[-74,-300],[-112,204],[33,99],[-46,74],[-115,-146],[-60,20],[9,100],[76,99],[-10,170],[-261,-109],[-51,53],[-20,128],[-158,-76],[-27,26],[36,140],[-40,111],[-278,87],[-114,212],[-147,153],[-293,34],[-38,24],[-4,94],[-186,-42],[-186,-218],[-114,88],[-247,-269],[-317,139],[-8,-141],[-167,-32],[-206,144],[-101,-90],[16,-258],[-93,-8],[-103,137],[-115,-254]],[[74349,77294],[127,458],[-93,354],[-5,243],[-132,227],[61,165],[-213,142],[-56,356],[-214,198],[99,226],[-10,51],[-235,183],[-293,-97],[161,404],[66,304],[-10,91],[-117,128],[263,197],[30,470],[-370,352],[-240,147],[32,351],[-325,-3]],[[72875,82241],[-46,198],[100,70],[17,277],[216,123],[-10,206],[95,80],[-54,45],[326,62],[183,130],[-46,105],[-203,99],[19,177],[-11,86],[-70,44],[-2,300],[-250,476],[-2,350],[112,270],[-267,1285],[124,430],[436,416],[240,605],[89,346],[-16,63],[144,110],[216,-5],[38,51],[-178,51],[335,80],[9,67],[-152,230],[-158,152]],[[73718,93046],[1246,1358],[247,102],[339,482],[751,532],[214,331],[268,269],[100,219],[218,128],[267,293],[117,240],[251,242],[1240,1660],[515,390],[102,203],[348,418],[128,86]],[[74349,77294],[300,-357],[146,164],[411,0],[128,-218],[47,-241],[190,-91],[94,150],[317,170],[642,-250],[124,-168],[-111,-97],[-67,-275],[5,-132],[241,-303],[376,320],[225,3],[189,256],[149,13],[219,-89],[174,129],[497,-230],[22,-142],[198,-127],[16,-189],[181,-47],[89,-207],[196,60],[120,-141],[13,-133],[-37,-126],[37,-24],[-71,-146],[69,-228],[-199,-231],[-31,-134],[306,-439],[45,-113],[-25,-105],[65,-280],[-171,5],[42,-183],[-34,-69],[-190,-93],[21,-180],[-108,-170],[5,-157],[389,-287],[34,-122],[197,-11],[116,-167],[-191,-462],[267,-158],[140,-359],[74,-422],[337,-305],[426,-178],[64,-162],[95,17],[44,-218],[-15,-108],[-52,-284],[-121,-313],[238,-64],[389,116],[383,-174],[151,-166],[130,-2],[89,-131],[-168,-149],[56,-264],[273,-269],[136,5],[-7,-106],[101,15],[34,-81],[-28,-261],[24,-112],[-254,-38],[29,-57],[-49,-34],[-212,6],[2,-81],[43,-10],[-103,-252],[-288,-285],[-97,3],[-27,-100],[-155,-59],[-199,68],[-147,-42],[-249,86],[-106,286],[-269,65],[-107,-56],[-221,18],[-70,-64],[-28,-333],[-82,-44],[-134,-222],[140,-133],[121,-318],[217,-140],[103,-221],[18,-220],[-166,-153],[274,-480],[-128,-27],[30,-57],[-47,-45],[70,-105],[-10,-285],[47,-108],[-10,-113],[-66,-106],[119,-166],[126,-48],[-32,-176],[149,-186],[3,-176]],[[77146,38271],[24,203],[-41,262],[-149,174],[-257,127],[-201,48],[-75,-77],[-99,5],[-100,-124],[-372,-233],[-38,-138],[-43,-22],[-181,155],[-78,-3],[1,-105],[-57,-64],[80,-107],[-172,-62],[-246,76],[-457,267],[-91,282],[10,71],[-161,143]],[[81044,62859],[175,-3],[96,-253],[130,66],[213,-24],[255,143],[82,78],[94,416],[71,100],[-51,143],[26,123],[76,19],[160,-71],[88,33],[365,-229],[220,36],[120,-76],[224,224],[92,7],[191,220],[438,-103],[113,69],[55,-251],[329,244],[215,-4],[484,-700],[-5,-387],[72,-206],[-9,-146],[92,0],[152,-187],[11,-75],[112,-16],[169,-201],[50,-143],[2,-147],[-70,-99],[-532,-150],[-17,-84],[112,-78],[24,-133],[131,-248],[-13,-348],[-58,-82],[114,-110],[98,18],[16,-121],[-46,-119],[-181,-187],[177,-80],[167,108],[262,-97],[176,16],[64,-191],[59,-46],[264,25],[238,141],[246,-24],[120,-532],[54,-64],[252,24],[86,-78],[-42,-91],[-101,-26],[13,-173],[105,-102],[-1,-140],[68,-153],[2,-130],[110,-125],[13,-267],[43,-68],[-143,-79],[-25,-88],[88,-433],[39,-87],[175,-93],[54,-263],[76,-88],[159,-24],[75,130],[185,149],[497,-7],[118,-134],[184,-366],[87,-23],[174,106],[234,-132],[-3,-170],[111,-55],[76,34],[87,166],[308,226],[645,138],[163,189],[241,59],[37,-25],[83,-303],[220,-176],[-3,-335],[241,-422],[349,-270],[156,-369],[307,145],[15,427],[233,2],[104,-286],[262,-116],[309,61],[42,-183],[306,-172],[158,-222],[206,25],[198,225],[195,-461],[123,-65],[215,83],[211,-91],[121,-395],[331,-254],[162,39],[202,196],[245,-101],[-177,-331],[50,-219],[181,-329],[-33,-314],[-351,-433],[-62,-274],[-440,-98],[-13,-179],[157,-267],[276,-61],[78,-92],[109,126],[83,-67],[-28,-140],[-117,-144],[-363,64],[-142,-218],[-132,-570],[377,-48],[64,-227],[-51,-39],[5,-55],[147,-384],[-201,-243],[128,-104],[134,52],[67,-72],[-29,-135],[-155,-188],[-94,-226],[-26,-153],[26,-144],[-154,-77],[67,-191],[-69,-459],[-108,-76],[-242,69],[-330,-30],[-133,84],[-382,-62],[-138,101],[-386,-31],[-111,-241],[-67,-370],[-134,22],[-185,-203],[-388,-69],[-110,-159],[-61,-249],[-5,-356],[-124,-273],[19,-94],[185,-52],[-30,-124],[-151,-175],[25,-318]],[[83361,480],[-98,-34],[-16,65],[67,11],[-5,97],[-136,-47],[-89,66],[-11,78],[-51,2],[-62,-107],[-59,18],[-12,-82]],[[84632,1689],[25,87],[-73,142],[6,67],[66,39],[-13,-134],[59,64],[49,-55],[107,125],[80,0],[17,187],[25,0],[46,-164],[-162,-42],[-52,-82],[111,-167],[-39,-100],[100,-20]],[[84780,1701],[24,5],[-66,39],[41,-44]],[[88724,5063],[127,33],[44,-206],[285,-167],[32,358],[41,104],[133,25],[16,126],[37,24],[112,-24],[28,834],[144,-99],[54,92],[341,12],[-29,275],[-131,96],[29,145],[-75,124],[-40,253],[63,191],[7,313],[131,743],[601,-266],[100,-168],[-7,-230],[71,-80],[95,111],[255,27],[378,-87],[385,350],[307,101],[561,443],[188,85],[473,-188],[342,-486],[112,-92],[569,26],[384,-142],[974,289],[786,508],[415,427],[207,78],[339,266],[347,80],[565,-206],[516,37],[963,351]],[[88832,535],[126,-76],[414,-5],[88,216],[109,-209],[134,1],[-7,-113],[-88,-5],[-10,-152],[-118,-142],[17,-50]],[[89608,0],[11,0]],[[99999,31015],[-149,77],[-633,34],[-305,271],[-60,155],[-189,-5],[-244,166],[-250,-15],[-253,286],[-413,298],[-245,-121],[-531,252],[-253,-47],[-69,-98],[-136,-522]],[[99999,8043],[-338,-544],[-800,-298],[-201,-577],[-75,-1051],[219,-839],[16,-608],[-39,-220],[-150,-355],[-34,-456],[-77,-441],[5,-1607],[-327,-1047]],[[99999,24966],[-96,54],[-75,-44],[-175,-255],[-197,147],[-8,93],[-116,-37],[-220,127]],[[25825,28442],[28,-72],[72,1],[-59,149],[-41,-78]],[[45158,33659],[26,-76],[113,-29],[55,157],[-2,121],[-126,-21],[-66,-152]],[[45282,26439],[3,-1],[0,4],[-2,0],[-1,-3]],[[84701,1804],[24,-3],[0,36],[-20,-2],[-4,-31]]]}