{"type":"Topology","transform":{"scale":[0.0001169190591905919,8.649099490994907e-05],"translate":[3.35,47.270265]},"objects":{"data":{"type":"GeometryCollection","geometries":[{"type":"Polygon","arcs":[[0,1]],"properties":{"ags":"01001","name":"Flensburg"}},{"type":"Polygon","arcs":[[2,3,4]],"properties":{"ags":"01002","name":"Kiel"}},{"type":"Polygon","arcs":[[5,6,7,8,9],[10]],"properties":{"ags":"01003","name":"Lübeck"}},{"type":"Polygon","arcs":[[11,12,13]],"properties":{"ags":"01004","name":"Neumünster"}},{"type":"MultiPolygon","arcs":[[[14,15,16,17,18]],[[19]]],"properties":{"ags":"01051","name":"Kreis Dithmarschen"}},{"type":"MultiPolygon","arcs":[[[20,21,22,-9,23,24,25]],[[-11]]],"properties":{"ags":"01053","name":"Kreis Herzogtum Lauenburg"}},{"type":"MultiPolygon","arcs":[[[26,27,-15,28]],[[29]],[[30]],[[31]],[[32]],[[33]],[[34]],[[35]],[[36]],[[37]],[[38]],[[39]],[[40]],[[41]]],"properties":{"ags":"01054","name":"Kreis Nordfriesland"}},{"type":"MultiPolygon","arcs":[[[42,43,44,45,-6]],[[46]],[[47]],[[48]]],"properties":{"ags":"01055","name":"Kreis Ostholstein"}},{"type":"MultiPolygon","arcs":[[[49,50,51,52]],[[53]],[[54]],[[55,56,57,58]],[[59]],[[60]],[[61,62,63]],[[64,65]]],"properties":{"ags":"01056","name":"Kreis Pinneberg"}},{"type":"Polygon","arcs":[[-12,66,-4,67,-45,68]],"properties":{"ags":"01057","name":"Kreis Plön"}},{"type":"Polygon","arcs":[[-17,69,70,71,72,-5,-67,-14,73,74],[75],[76]],"properties":{"ags":"01058","name":"Kreis Rendsburg-Eckernförde"}},{"type":"MultiPolygon","arcs":[[[-28,77,78,-2,79,-70,-16]],[[80]],[[-72,81]]],"properties":{"ags":"01059","name":"Kreis Schleswig-Flensburg"}},{"type":"Polygon","arcs":[[82,-74,-13,-69,-44,83,84,85,86,-51]],"properties":{"ags":"01060","name":"Kreis Segeberg"}},{"type":"MultiPolygon","arcs":[[[87]],[[-18,-75,-83,-50,88]],[[89,-56]],[[-76]]],"properties":{"ags":"01061","name":"Kreis Steinburg"}},{"type":"MultiPolygon","arcs":[[[-84,-43,-10,-23,90]],[[91,-86]]],"properties":{"ags":"01062","name":"Kreis Stormarn"}},{"type":"MultiPolygon","arcs":[[[92,93,94,95]],[[96,97,-62]],[[-87,-92,-85,-91,-22,98,99,100,-52]],[[101]],[[102]]],"properties":{"ags":"02000","name":"Hamburg"}},{"type":"Polygon","arcs":[[103,104,105,106,107]],"properties":{"ags":"03101","name":"Braunschweig"}},{"type":"Polygon","arcs":[[108,109,-107,110,111,112]],"properties":{"ags":"03102","name":"Salzgitter"}},{"type":"Polygon","arcs":[[113,114]],"properties":{"ags":"03103","name":"Wolfsburg"}},{"type":"Polygon","arcs":[[115,116,117,118,119,120,-114,121,-104,122]],"properties":{"ags":"03151","name":"Landkreis Gifhorn"}},{"type":"Polygon","arcs":[[123,124,125,-112,126,127,128,129]],"properties":{"ags":"03153","name":"Landkreis Goslar"}},{"type":"Polygon","arcs":[[-105,-122,-115,-121,130,131,132]],"properties":{"ags":"03154","name":"Landkreis Helmstedt"}},{"type":"MultiPolygon","arcs":[[[133,134]],[[135,136,137,-124,138,139]]],"properties":{"ags":"03155","name":"Landkreis Northeim"}},{"type":"Polygon","arcs":[[140,-123,-108,-110,141]],"properties":{"ags":"03157","name":"Landkreis Peine"}},{"type":"MultiPolygon","arcs":[[[-111,-106,-133,142,-127]],[[-113,-126,143]]],"properties":{"ags":"03158","name":"Landkreis Wolfenbüttel"}},{"type":"Polygon","arcs":[[-134,144,-139,-130,145,146,147,148,149,150,151,152]],"properties":{"ags":"03159","name":"Landkreis Göttingen"}},{"type":"Polygon","arcs":[[153,154,155,156,-116,-141,157,158]],"properties":{"ags":"03241","name":"Region Hannover"}},{"type":"Polygon","arcs":[[159,160,161,162,163,164,165,166]],"properties":{"ags":"03251","name":"Landkreis Diepholz"}},{"type":"Polygon","arcs":[[167,-159,168,169,170]],"properties":{"ags":"03252","name":"Landkreis Hameln-Pyrmont"}},{"type":"Polygon","arcs":[[171,-169,-158,-142,-109,-144,-125,-138]],"properties":{"ags":"03254","name":"Landkreis Hildesheim"}},{"type":"Polygon","arcs":[[172,173,-170,-172,-137]],"properties":{"ags":"03255","name":"Landkreis Holzminden"}},{"type":"Polygon","arcs":[[-166,174,175,-155,176,177]],"properties":{"ags":"03256","name":"Landkreis Nienburg (Weser)"}},{"type":"Polygon","arcs":[[-177,-154,-168,178,179]],"properties":{"ags":"03257","name":"Landkreis Schaumburg"}},{"type":"Polygon","arcs":[[180,181,-117,-157]],"properties":{"ags":"03351","name":"Landkreis Celle"}},{"type":"Polygon","arcs":[[182,183,184,185,186,187,188,189],[190]],"properties":{"ags":"03352","name":"Landkreis Cuxhaven"}},{"type":"MultiPolygon","arcs":[[[191,192,-99,-21,193,194]],[[195]],[[196]]],"properties":{"ags":"03353","name":"Landkreis Harburg"}},{"type":"Polygon","arcs":[[197,198,199,200,201,202]],"properties":{"ags":"03354","name":"Landkreis Lüchow-Dannenberg"}},{"type":"Polygon","arcs":[[-194,-26,203,-199,204,205,206,207,208,209],[-197],[-196]],"properties":{"ags":"03355","name":"Landkreis Lüneburg"}},{"type":"Polygon","arcs":[[210,211,212,213,-190],[214]],"properties":{"ags":"03356","name":"Landkreis Osterholz"}},{"type":"Polygon","arcs":[[-211,-189,215,-192,216,217]],"properties":{"ags":"03357","name":"Landkreis Rotenburg (Wümme)"}},{"type":"Polygon","arcs":[[-176,218,-217,-195,-210,219,-208,220,-206,221,-181,-156]],"properties":{"ags":"03358","name":"Landkreis Heidekreis"}},{"type":"MultiPolygon","arcs":[[[-188,222,-100,-193,-216]],[[-186,223]],[[-58,224]],[[225]],[[226,-93]],[[-65,227,-63,-98,228,-95,229]],[[230]]],"properties":{"ags":"03359","name":"Landkreis Stade"}},{"type":"MultiPolygon","arcs":[[[-222,-205,-198,231,-118,-182]],[[-209,-220]],[[-207,-221]]],"properties":{"ags":"03360","name":"Landkreis Uelzen"}},{"type":"Polygon","arcs":[[232,-212,-218,-219,-175,-165]],"properties":{"ags":"03361","name":"Landkreis Verden"}},{"type":"Polygon","arcs":[[233,234,-163,235]],"properties":{"ags":"03401","name":"Delmenhorst"}},{"type":"Polygon","arcs":[[236,237,238]],"properties":{"ags":"03402","name":"Emden"}},{"type":"Polygon","arcs":[[239,240,241]],"properties":{"ags":"03403","name":"Oldenburg (Oldb)"}},{"type":"Polygon","arcs":[[242,243]],"properties":{"ags":"03404","name":"Osnabrück"}},{"type":"Polygon","arcs":[[244,245]],"properties":{"ags":"03405","name":"Wilhelmshaven"}},{"type":"Polygon","arcs":[[246,247,248,249,250,-240]],"properties":{"ags":"03451","name":"Landkreis Ammerland"}},{"type":"MultiPolygon","arcs":[[[251,252,253,-237]],[[254]],[[255]],[[256]],[[257]]],"properties":{"ags":"03452","name":"Landkreis Aurich"}},{"type":"Polygon","arcs":[[258,-248,259,260,261,262],[263]],"properties":{"ags":"03453","name":"Landkreis Cloppenburg"}},{"type":"Polygon","arcs":[[264,265,266,-263,267,268]],"properties":{"ags":"03454","name":"Landkreis Emsland"}},{"type":"MultiPolygon","arcs":[[[269,-250,270,271,272,-246,273]],[[274]]],"properties":{"ags":"03455","name":"Landkreis Friesland"}},{"type":"Polygon","arcs":[[-265,275,276,277]],"properties":{"ags":"03456","name":"Landkreis Grafschaft Bentheim"}},{"type":"MultiPolygon","arcs":[[[278,279,-238,-254,280,-271,-249,-259,-267]],[[281]],[[282]]],"properties":{"ags":"03457","name":"Landkreis Leer"}},{"type":"Polygon","arcs":[[-260,-247,-242,283,-236,-162,284]],"properties":{"ags":"03458","name":"Landkreis Oldenburg"}},{"type":"MultiPolygon","arcs":[[[-244,285,-268,-262,286,-160,287,288,289,290,291]],[[-264]]],"properties":{"ags":"03459","name":"Landkreis Osnabrück"}},{"type":"Polygon","arcs":[[-261,-285,-161,-287]],"properties":{"ags":"03460","name":"Landkreis Vechta"}},{"type":"Polygon","arcs":[[-234,-284,-241,-251,-270,292,293,-183,-214,294]],"properties":{"ags":"03461","name":"Landkreis Wesermarsch"}},{"type":"MultiPolygon","arcs":[[[295,-272,-281,-253]],[[296]],[[297]]],"properties":{"ags":"03462","name":"Landkreis Wittmund"}},{"type":"MultiPolygon","arcs":[[[-213,-233,-164,-235,-295]],[[-215]],[[298,299]]],"properties":{"ags":"04011","name":"Bremen"}},{"type":"MultiPolygon","arcs":[[[300,-300,301,-184,-294]],[[-191]]],"properties":{"ags":"04012","name":"Bremerhaven"}},{"type":"Polygon","arcs":[[302,303,304]],"properties":{"ags":"05111","name":"Düsseldorf"}},{"type":"Polygon","arcs":[[305,306,307,-303,308,309,310]],"properties":{"ags":"05112","name":"Duisburg"}},{"type":"Polygon","arcs":[[311,312,313,314,315,316,317,318]],"properties":{"ags":"05113","name":"Essen"}},{"type":"Polygon","arcs":[[319,-310,320,321]],"properties":{"ags":"05114","name":"Krefeld"}},{"type":"Polygon","arcs":[[322,323,324]],"properties":{"ags":"05116","name":"Mönchengladbach"}},{"type":"Polygon","arcs":[[325,-319,326,-307]],"properties":{"ags":"05117","name":"Mülheim an der Ruhr"}},{"type":"Polygon","arcs":[[327,328,-312,-326,-306]],"properties":{"ags":"05119","name":"Oberhausen"}},{"type":"Polygon","arcs":[[329,330,331,332]],"properties":{"ags":"05120","name":"Remscheid"}},{"type":"Polygon","arcs":[[333,334,-333,335]],"properties":{"ags":"05122","name":"Solingen"}},{"type":"Polygon","arcs":[[336,337,338,-330,-335]],"properties":{"ags":"05124","name":"Wuppertal"}},{"type":"Polygon","arcs":[[339,340,341,342]],"properties":{"ags":"05154","name":"Kreis Kleve"}},{"type":"Polygon","arcs":[[-304,-308,-327,-318,343,-337,-334,344,345,346,347]],"properties":{"ags":"05158","name":"Kreis Mettmann"}},{"type":"Polygon","arcs":[[348,349,-324,350,-321,-309,-305,-348,351,352]],"properties":{"ags":"05162","name":"Kreis Rhein-Kreis Neuss"}},{"type":"Polygon","arcs":[[-343,353,-322,-351,-323,354,355]],"properties":{"ags":"05166","name":"Kreis Viersen"}},{"type":"Polygon","arcs":[[-354,-342,356,357,358,-328,-311,-320]],"properties":{"ags":"05170","name":"Kreis Wesel"}},{"type":"Polygon","arcs":[[359,360]],"properties":{"ags":"05314","name":"Bonn"}},{"type":"Polygon","arcs":[[-352,-347,361,362,363,364]],"properties":{"ags":"05315","name":"Köln"}},{"type":"Polygon","arcs":[[-346,365,-362]],"properties":{"ags":"05316","name":"Leverkusen"}},{"type":"MultiPolygon","arcs":[[[366]],[[367]],[[368]],[[369,370,371,372]],[[373]]],"properties":{"ags":"05334","name":"Städteregion Aachen"}},{"type":"Polygon","arcs":[[374,-349,375,376,-371]],"properties":{"ags":"05358","name":"Kreis Düren"}},{"type":"Polygon","arcs":[[-353,-365,377,378,-376]],"properties":{"ags":"05362","name":"Kreis Rhein-Erft-Kreis"}},{"type":"Polygon","arcs":[[379,380,-372,-377,-379,381,382,383]],"properties":{"ags":"05366","name":"Kreis Euskirchen"}},{"type":"Polygon","arcs":[[-355,-325,-350,-375,-370,384]],"properties":{"ags":"05370","name":"Kreis Heinsberg"}},{"type":"Polygon","arcs":[[385,-331,-339,386,387,388,389,390]],"properties":{"ags":"05374","name":"Kreis Oberbergischer Kreis"}},{"type":"Polygon","arcs":[[391,-363,-366,-345,-336,-332,-386]],"properties":{"ags":"05378","name":"Kreis Rheinisch-Bergischer Kreis"}},{"type":"Polygon","arcs":[[392,-382,-378,-364,-392,-391,393,394,395,-361]],"properties":{"ags":"05382","name":"Kreis Rhein-Sieg-Kreis"}},{"type":"Polygon","arcs":[[-359,396,-313,-329]],"properties":{"ags":"05512","name":"Bottrop"}},{"type":"Polygon","arcs":[[397,398,399,-315]],"properties":{"ags":"05513","name":"Gelsenkirchen"}},{"type":"Polygon","arcs":[[400,401,402]],"properties":{"ags":"05515","name":"Münster"}},{"type":"Polygon","arcs":[[-341,403,-277,404,405,406,-357]],"properties":{"ags":"05554","name":"Kreis Borken"}},{"type":"Polygon","arcs":[[-406,407,-403,408,409,410,411]],"properties":{"ags":"05558","name":"Kreis Coesfeld"}},{"type":"Polygon","arcs":[[412,413,414,-398,-314,-397,-358,-407,-412,415]],"properties":{"ags":"05562","name":"Kreis Recklinghausen"}},{"type":"Polygon","arcs":[[-405,-276,-269,-286,-243,-292,416,-401,-408]],"properties":{"ags":"05566","name":"Kreis Steinfurt"}},{"type":"Polygon","arcs":[[417,-409,-402,-417,-291,418,419]],"properties":{"ags":"05570","name":"Kreis Warendorf"}},{"type":"Polygon","arcs":[[420,421,422]],"properties":{"ags":"05711","name":"Bielefeld"}},{"type":"Polygon","arcs":[[-290,423,-423,424,425,426,-419]],"properties":{"ags":"05754","name":"Kreis Gütersloh"}},{"type":"Polygon","arcs":[[427,-421,-424,-289,428]],"properties":{"ags":"05758","name":"Kreis Herford"}},{"type":"Polygon","arcs":[[429,-173,-136,430,431,432,433]],"properties":{"ags":"05762","name":"Kreis Höxter"}},{"type":"Polygon","arcs":[[-425,-422,-428,434,-179,-171,-174,-430,435]],"properties":{"ags":"05766","name":"Kreis Lippe"}},{"type":"Polygon","arcs":[[-288,-167,-178,-180,-435,-429]],"properties":{"ags":"05770","name":"Kreis Minden-Lübbecke"}},{"type":"Polygon","arcs":[[436,-426,-436,-434,437]],"properties":{"ags":"05774","name":"Kreis Paderborn"}},{"type":"Polygon","arcs":[[-400,438,-414,439,440,-316]],"properties":{"ags":"05911","name":"Bochum"}},{"type":"Polygon","arcs":[[-440,-413,441,442,443]],"properties":{"ags":"05913","name":"Dortmund"}},{"type":"Polygon","arcs":[[-443,444,445,446]],"properties":{"ags":"05914","name":"Hagen"}},{"type":"Polygon","arcs":[[-410,-418,447,448]],"properties":{"ags":"05915","name":"Hamm"}},{"type":"Polygon","arcs":[[-439,-399,-415]],"properties":{"ags":"05916","name":"Herne"}},{"type":"Polygon","arcs":[[449,-387,-338,-344,-317,-441,-444,-447]],"properties":{"ags":"05954","name":"Kreis Ennepe-Ruhr-Kreis"}},{"type":"Polygon","arcs":[[450,451,452,-438,-433,453,454]],"properties":{"ags":"05958","name":"Kreis Hochsauerlandkreis"}},{"type":"Polygon","arcs":[[-388,-450,-446,455,456,-452,457]],"properties":{"ags":"05962","name":"Kreis Märkischer Kreis"}},{"type":"Polygon","arcs":[[458,-389,-458,-451,459]],"properties":{"ags":"05966","name":"Kreis Olpe"}},{"type":"Polygon","arcs":[[460,461,-460,-455,462,463,464]],"properties":{"ags":"05970","name":"Kreis Siegen-Wittgenstein"}},{"type":"Polygon","arcs":[[-457,465,-448,-420,-427,-437,-453]],"properties":{"ags":"05974","name":"Kreis Soest"}},{"type":"Polygon","arcs":[[-416,-411,-449,-466,-456,-445,-442]],"properties":{"ags":"05978","name":"Kreis Unna"}},{"type":"Polygon","arcs":[[466,467]],"properties":{"ags":"06411","name":"Darmstadt"}},{"type":"Polygon","arcs":[[468,469,470,471,472,473,474]],"properties":{"ags":"06412","name":"Frankfurt am Main"}},{"type":"Polygon","arcs":[[-472,475,476]],"properties":{"ags":"06413","name":"Offenbach am Main"}},{"type":"Polygon","arcs":[[477,478,479,480,481]],"properties":{"ags":"06414","name":"Wiesbaden"}},{"type":"MultiPolygon","arcs":[[[482,483,484,485,486,487,488,489]],[[490],[491]],[[492,493]]],"properties":{"ags":"06431","name":"Landkreis Bergstraße"}},{"type":"Polygon","arcs":[[494,-468,495,496,497,498,-488,499]],"properties":{"ags":"06432","name":"Landkreis Darmstadt-Dieburg"}},{"type":"Polygon","arcs":[[500,501,-479,502,-474,503,-500,-487,504]],"properties":{"ags":"06433","name":"Landkreis Groß-Gerau"}},{"type":"Polygon","arcs":[[505,506,507,508,-469,509]],"properties":{"ags":"06434","name":"Landkreis Hochtaunuskreis"}},{"type":"Polygon","arcs":[[510,-476,-471,511,512,513,514,515,516]],"properties":{"ags":"06435","name":"Landkreis Main-Kinzig-Kreis"}},{"type":"Polygon","arcs":[[-478,517,-510,-475,-503]],"properties":{"ags":"06436","name":"Landkreis Main-Taunus-Kreis"}},{"type":"Polygon","arcs":[[-499,518,519,520,521,522,-493,523,-489]],"properties":{"ags":"06437","name":"Landkreis Odenwaldkreis"}},{"type":"Polygon","arcs":[[-467,-495,-504,-473,-477,-511,524,-496]],"properties":{"ags":"06438","name":"Landkreis Offenbach"}},{"type":"Polygon","arcs":[[525,-506,-518,-482,526,527]],"properties":{"ags":"06439","name":"Landkreis Rheingau-Taunus-Kreis"}},{"type":"Polygon","arcs":[[-470,-509,528,529,530,-512]],"properties":{"ags":"06440","name":"Landkreis Wetteraukreis"}},{"type":"Polygon","arcs":[[531,532,-530,533]],"properties":{"ags":"06531","name":"Landkreis Gießen"}},{"type":"Polygon","arcs":[[534,-465,535,-534,-529,-508,536]],"properties":{"ags":"06532","name":"Landkreis Lahn-Dill-Kreis"}},{"type":"Polygon","arcs":[[537,538,-537,-507,-526]],"properties":{"ags":"06533","name":"Landkreis Limburg-Weilburg"}},{"type":"Polygon","arcs":[[-536,-464,539,540,541,-532]],"properties":{"ags":"06534","name":"Landkreis Marburg-Biedenkopf"}},{"type":"Polygon","arcs":[[-533,-542,542,543,544,-513,-531]],"properties":{"ags":"06535","name":"Landkreis Vogelsbergkreis"}},{"type":"MultiPolygon","arcs":[[[-150,545]],[[-152,546]]],"properties":{"ags":"06611","name":"Kassel"}},{"type":"Polygon","arcs":[[-514,-545,547,548,549,550,551,552,553]],"properties":{"ags":"06631","name":"Landkreis Fulda"}},{"type":"Polygon","arcs":[[-544,554,555,556,-548]],"properties":{"ags":"06632","name":"Landkreis Hersfeld-Rotenburg"}},{"type":"MultiPolygon","arcs":[[[-149,557,558,559,-431,-140,-145,-135,-153,-547,-151,-546]],[[560]]],"properties":{"ags":"06633","name":"Landkreis Kassel"}},{"type":"Polygon","arcs":[[-541,561,-559,562,-555,-543]],"properties":{"ags":"06634","name":"Landkreis Schwalm-Eder-Kreis"}},{"type":"Polygon","arcs":[[-463,-454,-432,-560,-562,-540]],"properties":{"ags":"06635","name":"Landkreis Waldeck-Frankenberg"}},{"type":"Polygon","arcs":[[-563,-558,-148,563,564,565,-556],[-561]],"properties":{"ags":"06636","name":"Landkreis Werra-Meißner-Kreis"}},{"type":"Polygon","arcs":[[566,567,568]],"properties":{"ags":"07111","name":"Koblenz"}},{"type":"Polygon","arcs":[[-383,-393,-360,-396,569,570,571]],"properties":{"ags":"07131","name":"Landkreis Ahrweiler"}},{"type":"Polygon","arcs":[[-394,-390,-459,-462,572,573]],"properties":{"ags":"07132","name":"Landkreis Altenkirchen (Westerwald)"}},{"type":"Polygon","arcs":[[574,575,576,577,578,579]],"properties":{"ags":"07133","name":"Landkreis Bad Kreuznach"}},{"type":"Polygon","arcs":[[580,581,582,-575,583,584]],"properties":{"ags":"07134","name":"Landkreis Birkenfeld"}},{"type":"Polygon","arcs":[[585,586,587,588]],"properties":{"ags":"07135","name":"Landkreis Cochem-Zell"}},{"type":"Polygon","arcs":[[589,-571,590,591,-569,592,593,-587]],"properties":{"ags":"07137","name":"Landkreis Mayen-Koblenz"}},{"type":"MultiPolygon","arcs":[[[-570,-395,-574,594,-591],[595]],[[596]]],"properties":{"ags":"07138","name":"Landkreis Neuwied"}},{"type":"Polygon","arcs":[[597,-588,-594,598,599,-576,-583]],"properties":{"ags":"07140","name":"Landkreis Rhein-Hunsrück-Kreis"}},{"type":"Polygon","arcs":[[-593,-568,600,-538,-528,601,-599]],"properties":{"ags":"07141","name":"Landkreis Rhein-Lahn-Kreis"}},{"type":"MultiPolygon","arcs":[[[-567,-592,-595,-573,-461,-535,-539,-601],[-597]],[[-596]]],"properties":{"ags":"07143","name":"Landkreis Westerwaldkreis"}},{"type":"Polygon","arcs":[[602]],"properties":{"ags":"07211","name":"Trier"}},{"type":"Polygon","arcs":[[603,604,-589,-598,-582,605]],"properties":{"ags":"07231","name":"Landkreis Bernkastel-Wittlich"}},{"type":"Polygon","arcs":[[-380,606,-604,607,608]],"properties":{"ags":"07232","name":"Landkreis Eifelkreis Bitburg-Prüm"}},{"type":"Polygon","arcs":[[-384,-572,-590,-586,-605,-607]],"properties":{"ags":"07233","name":"Landkreis Vulkaneifel"}},{"type":"Polygon","arcs":[[609,-608,-606,-581,610,611],[-603]],"properties":{"ags":"07235","name":"Landkreis Trier-Saarburg"}},{"type":"Polygon","arcs":[[612,613,614]],"properties":{"ags":"07311","name":"Frankenthal (Pfalz)"}},{"type":"Polygon","arcs":[[615,616]],"properties":{"ags":"07312","name":"Kaiserslautern"}},{"type":"MultiPolygon","arcs":[[[617]],[[618]],[[619,620,621]]],"properties":{"ags":"07313","name":"Landau in der Pfalz"}},{"type":"Polygon","arcs":[[-614,622,623]],"properties":{"ags":"07314","name":"Ludwigshafen am Rhein"}},{"type":"Polygon","arcs":[[-480,-502,624]],"properties":{"ags":"07315","name":"Mainz"}},{"type":"Polygon","arcs":[[625,626,627]],"properties":{"ags":"07316","name":"Neustadt an der Weinstraße"}},{"type":"Polygon","arcs":[[628]],"properties":{"ags":"07317","name":"Pirmasens"}},{"type":"Polygon","arcs":[[629,630,631]],"properties":{"ags":"07318","name":"Speyer"}},{"type":"Polygon","arcs":[[-485,632,633,634]],"properties":{"ags":"07319","name":"Worms"}},{"type":"Polygon","arcs":[[635,636]],"properties":{"ags":"07320","name":"Zweibrücken"}},{"type":"Polygon","arcs":[[-578,637,-505,-486,-635,638,639]],"properties":{"ags":"07331","name":"Landkreis Alzey-Worms"}},{"type":"Polygon","arcs":[[640,-616,641,642,-639,-634,643,-626,644,-620,645]],"properties":{"ags":"07332","name":"Landkreis Bad Dürkheim"}},{"type":"Polygon","arcs":[[646,-579,-640,-643,647]],"properties":{"ags":"07333","name":"Landkreis Donnersbergkreis"}},{"type":"Polygon","arcs":[[648,649,650,651,652,653,654]],"properties":{"ags":"07334","name":"Landkreis Germersheim"}},{"type":"Polygon","arcs":[[655,656,-648,-642,-617,-641,657]],"properties":{"ags":"07335","name":"Landkreis Kaiserslautern"}},{"type":"Polygon","arcs":[[658,659,-584,-580,-647,-657,660]],"properties":{"ags":"07336","name":"Landkreis Kusel"}},{"type":"Polygon","arcs":[[-621,-645,-628,661,-650,662,663],[-619],[-618]],"properties":{"ags":"07337","name":"Landkreis Südliche Weinstraße"}},{"type":"Polygon","arcs":[[-633,-484,664,-615,-624,665,666,-632,667,-651,-662,-627,-644]],"properties":{"ags":"07338","name":"Landkreis Rhein-Pfalz-Kreis"}},{"type":"Polygon","arcs":[[-600,-602,-527,-481,-625,-501,-638,-577]],"properties":{"ags":"07339","name":"Landkreis Mainz-Bingen"}},{"type":"Polygon","arcs":[[668,-637,669,-658,-646,-622,-664,670],[-629]],"properties":{"ags":"07340","name":"Landkreis Südwestpfalz"}},{"type":"Polygon","arcs":[[671,672,673,674]],"properties":{"ags":"08111","name":"Stuttgart"}},{"type":"Polygon","arcs":[[675,676,677,-675,678,679,680]],"properties":{"ags":"08115","name":"Landkreis Böblingen"}},{"type":"MultiPolygon","arcs":[[[-679,-674,681,682,683]],[[684]]],"properties":{"ags":"08116","name":"Landkreis Esslingen"}},{"type":"Polygon","arcs":[[685,686,687,688,689,-683],[690]],"properties":{"ags":"08117","name":"Landkreis Göppingen"}},{"type":"MultiPolygon","arcs":[[[-678,691,692,693,-672]],[[694,695]]],"properties":{"ags":"08118","name":"Landkreis Ludwigsburg"}},{"type":"Polygon","arcs":[[-673,-694,696,-695,697,698,699,-686,-682]],"properties":{"ags":"08119","name":"Landkreis Rems-Murr-Kreis"}},{"type":"Polygon","arcs":[[700]],"properties":{"ags":"08121","name":"Heilbronn"}},{"type":"Polygon","arcs":[[701,702,703,704,705,706,-698,-696,-697,-693],[-701]],"properties":{"ags":"08125","name":"Landkreis Heilbronn"}},{"type":"Polygon","arcs":[[-706,707,708,709]],"properties":{"ags":"08126","name":"Landkreis Hohenlohekreis"}},{"type":"Polygon","arcs":[[-699,-707,-710,710,711,712]],"properties":{"ags":"08127","name":"Landkreis Schwäbisch Hall"}},{"type":"Polygon","arcs":[[713,714,715,716,717,718,-711,-709]],"properties":{"ags":"08128","name":"Landkreis Main-Tauber-Kreis"}},{"type":"MultiPolygon","arcs":[[[719,-688,720,721,722,723]],[[724,725]]],"properties":{"ags":"08135","name":"Landkreis Heidenheim"}},{"type":"MultiPolygon","arcs":[[[-691]],[[-700,-713,726,727,-721,-687]]],"properties":{"ags":"08136","name":"Landkreis Ostalbkreis"}},{"type":"MultiPolygon","arcs":[[[728]],[[729]],[[730],[731],[732],[733]],[[734]]],"properties":{"ags":"08211","name":"Baden-Baden"}},{"type":"Polygon","arcs":[[-653,735]],"properties":{"ags":"08212","name":"Karlsruhe"}},{"type":"MultiPolygon","arcs":[[[736,737]],[[-652,-668,-631,738,-703,739,740,741,-654,-736]]],"properties":{"ags":"08215","name":"Landkreis Karlsruhe"}},{"type":"MultiPolygon","arcs":[[[742,-655,-742,743,-738,744,745,746],[-731],[-735],[747],[748],[749],[-729],[-730]],[[-732]],[[-734]],[[-733]]],"properties":{"ags":"08216","name":"Landkreis Rastatt"}},{"type":"Polygon","arcs":[[750,751]],"properties":{"ags":"08221","name":"Heidelberg"}},{"type":"Polygon","arcs":[[-483,752,-751,753,-666,-623,-613,-665]],"properties":{"ags":"08222","name":"Mannheim"}},{"type":"Polygon","arcs":[[-522,754,-520,755,-714,-708,-705,756]],"properties":{"ags":"08225","name":"Landkreis Neckar-Odenwald-Kreis"}},{"type":"MultiPolygon","arcs":[[[-630,-667,-754,-752,-753,-490,-524,-494,-523,-757,-704,-739],[-491]],[[-492]],[[-755,-521]]],"properties":{"ags":"08226","name":"Landkreis Rhein-Neckar-Kreis"}},{"type":"Polygon","arcs":[[757,758]],"properties":{"ags":"08231","name":"Pforzheim"}},{"type":"Polygon","arcs":[[-745,-737,-744,-741,759,-759,760,-676,761,762]],"properties":{"ags":"08235","name":"Landkreis Calw"}},{"type":"Polygon","arcs":[[-760,-740,-702,-692,-677,-761,-758]],"properties":{"ags":"08236","name":"Landkreis Enzkreis"}},{"type":"Polygon","arcs":[[763,-746,-763,764,765,766]],"properties":{"ags":"08237","name":"Landkreis Freudenstadt"}},{"type":"Polygon","arcs":[[767,768]],"properties":{"ags":"08311","name":"Freiburg im Breisgau"}},{"type":"Polygon","arcs":[[769,770,-769,771,772,773,774]],"properties":{"ags":"08315","name":"Landkreis Breisgau-Hochschwarzwald"}},{"type":"Polygon","arcs":[[-768,-771,775,776,777,-772]],"properties":{"ags":"08316","name":"Landkreis Emmendingen"}},{"type":"MultiPolygon","arcs":[[[778,-747,-764,779,780,-777]],[[-749]],[[-750]],[[-748]]],"properties":{"ags":"08317","name":"Landkreis Ortenaukreis"}},{"type":"Polygon","arcs":[[-780,-767,781,782,783]],"properties":{"ags":"08325","name":"Landkreis Rottweil"}},{"type":"Polygon","arcs":[[-778,-781,-784,784,785,786,787,-773]],"properties":{"ags":"08326","name":"Landkreis Schwarzwald-Baar-Kreis"}},{"type":"Polygon","arcs":[[-783,788,789,790,-785]],"properties":{"ags":"08327","name":"Landkreis Tuttlingen"}},{"type":"MultiPolygon","arcs":[[[-786,-791,791,792,793]],[[794]],[[795]],[[796]]],"properties":{"ags":"08335","name":"Landkreis Konstanz"}},{"type":"Polygon","arcs":[[-775,797,798]],"properties":{"ags":"08336","name":"Landkreis Lörrach"}},{"type":"Polygon","arcs":[[-798,-774,-788,799]],"properties":{"ags":"08337","name":"Landkreis Waldshut"}},{"type":"MultiPolygon","arcs":[[[800,801,-680,-684,-690,802,803,804],[-685]],[[805]],[[806]]],"properties":{"ags":"08415","name":"Landkreis Reutlingen"}},{"type":"Polygon","arcs":[[-765,-762,-681,-802,807],[-807],[-806]],"properties":{"ags":"08416","name":"Landkreis Tübingen"}},{"type":"Polygon","arcs":[[-782,-766,-808,-801,808,-789]],"properties":{"ags":"08417","name":"Landkreis Zollernalbkreis"}},{"type":"Polygon","arcs":[[809,810]],"properties":{"ags":"08421","name":"Ulm"}},{"type":"Polygon","arcs":[[-803,-689,-720,811,-725,812,813,-811,814,815]],"properties":{"ags":"08425","name":"Landkreis Alb-Donau-Kreis"}},{"type":"Polygon","arcs":[[-804,-816,816,817,818,819,820,821,822]],"properties":{"ags":"08426","name":"Landkreis Biberach"}},{"type":"Polygon","arcs":[[-793,823,824,825,826]],"properties":{"ags":"08435","name":"Landkreis Bodenseekreis"}},{"type":"Polygon","arcs":[[827,-822,828,829,830,831,-825]],"properties":{"ags":"08436","name":"Landkreis Ravensburg"}},{"type":"Polygon","arcs":[[-790,-809,-805,-823,-828,-824,-792]],"properties":{"ags":"08437","name":"Landkreis Sigmaringen"}},{"type":"Polygon","arcs":[[832,833,834]],"properties":{"ags":"09161","name":"Ingolstadt"}},{"type":"Polygon","arcs":[[835,836,837]],"properties":{"ags":"09162","name":"München"}},{"type":"Polygon","arcs":[[838]],"properties":{"ags":"09163","name":"Rosenheim"}},{"type":"Polygon","arcs":[[839,840,841,842]],"properties":{"ags":"09171","name":"Landkreis Altötting"}},{"type":"Polygon","arcs":[[843,844]],"properties":{"ags":"09172","name":"Landkreis Berchtesgadener Land"}},{"type":"Polygon","arcs":[[845,846,847,848,849,850]],"properties":{"ags":"09173","name":"Landkreis Bad Tölz-Wolfratshausen"}},{"type":"Polygon","arcs":[[851,852,853,854,-837,855]],"properties":{"ags":"09174","name":"Landkreis Dachau"}},{"type":"Polygon","arcs":[[856,857,858,859]],"properties":{"ags":"09175","name":"Landkreis Ebersberg"}},{"type":"Polygon","arcs":[[860,861,862,863,864,865,-833,866]],"properties":{"ags":"09176","name":"Landkreis Eichstätt"}},{"type":"Polygon","arcs":[[867,868,869,870,-858]],"properties":{"ags":"09177","name":"Landkreis Erding"}},{"type":"Polygon","arcs":[[871,-854,872,873,874,-869]],"properties":{"ags":"09178","name":"Landkreis Freising"}},{"type":"Polygon","arcs":[[875,-856,-836,876,877,878]],"properties":{"ags":"09179","name":"Landkreis Fürstenfeldbruck"}},{"type":"Polygon","arcs":[[879,880,-851,881]],"properties":{"ags":"09180","name":"Landkreis Garmisch-Partenkirchen"}},{"type":"Polygon","arcs":[[882,883,884,-879,885,886]],"properties":{"ags":"09181","name":"Landkreis Landsberg am Lech"}},{"type":"Polygon","arcs":[[-849,887,888,889]],"properties":{"ags":"09182","name":"Landkreis Miesbach"}},{"type":"Polygon","arcs":[[-859,-871,890,891,-840,892,893]],"properties":{"ags":"09183","name":"Landkreis Mühldorf a.Inn"}},{"type":"Polygon","arcs":[[894,-877,-838,-855,-872,-868,-857,895,-888,-848]],"properties":{"ags":"09184","name":"Landkreis München"}},{"type":"Polygon","arcs":[[896,-867,-835,897,898]],"properties":{"ags":"09185","name":"Landkreis Neuburg-Schrobenhausen"}},{"type":"Polygon","arcs":[[-853,899,-898,-834,-866,900,-873]],"properties":{"ags":"09186","name":"Landkreis Pfaffenhofen a.d.Ilm"}},{"type":"MultiPolygon","arcs":[[[-896,-860,-894,901,902,-889],[-839]],[[903]],[[904]],[[905]]],"properties":{"ags":"09187","name":"Landkreis Rosenheim"}},{"type":"Polygon","arcs":[[-886,-878,-895,-847,906]],"properties":{"ags":"09188","name":"Landkreis Starnberg"}},{"type":"Polygon","arcs":[[-902,-893,-843,907,-844,908],[-904],[-905],[-906]],"properties":{"ags":"09189","name":"Landkreis Traunstein"}},{"type":"Polygon","arcs":[[909,-887,-907,-846,-881]],"properties":{"ags":"09190","name":"Landkreis Weilheim-Schongau"}},{"type":"Polygon","arcs":[[910]],"properties":{"ags":"09261","name":"Landshut"}},{"type":"Polygon","arcs":[[911,912]],"properties":{"ags":"09262","name":"Passau"}},{"type":"Polygon","arcs":[[913]],"properties":{"ags":"09263","name":"Straubing"}},{"type":"Polygon","arcs":[[914,915,916,917,918,919],[920]],"properties":{"ags":"09271","name":"Landkreis Deggendorf"}},{"type":"Polygon","arcs":[[-917,921,922,923]],"properties":{"ags":"09272","name":"Landkreis Freyung-Grafenau"}},{"type":"Polygon","arcs":[[-865,924,925,926,-874,-901]],"properties":{"ags":"09273","name":"Landkreis Kelheim"}},{"type":"Polygon","arcs":[[-875,-927,927,928,929,930,-891,-870],[-911]],"properties":{"ags":"09274","name":"Landkreis Landshut"}},{"type":"Polygon","arcs":[[931,-918,-924,932,-913,933]],"properties":{"ags":"09275","name":"Landkreis Passau"}},{"type":"Polygon","arcs":[[934,935,936,-922,-916]],"properties":{"ags":"09276","name":"Landkreis Regen"}},{"type":"Polygon","arcs":[[-892,-931,937,-919,-932,938,-841]],"properties":{"ags":"09277","name":"Landkreis Rottal-Inn"}},{"type":"MultiPolygon","arcs":[[[-929,939,940,-935,-915,941],[-914]],[[-921]]],"properties":{"ags":"09278","name":"Landkreis Straubing-Bogen"}},{"type":"Polygon","arcs":[[-930,-942,-920,-938]],"properties":{"ags":"09279","name":"Landkreis Dingolfing-Landau"}},{"type":"Polygon","arcs":[[942]],"properties":{"ags":"09361","name":"Amberg"}},{"type":"Polygon","arcs":[[943]],"properties":{"ags":"09362","name":"Regensburg"}},{"type":"Polygon","arcs":[[944]],"properties":{"ags":"09363","name":"Weiden i.d.OPf."}},{"type":"Polygon","arcs":[[945,946,947,948,949],[-943]],"properties":{"ags":"09371","name":"Landkreis Amberg-Sulzbach"}},{"type":"Polygon","arcs":[[950,951,-936,-941,952]],"properties":{"ags":"09372","name":"Landkreis Cham"}},{"type":"Polygon","arcs":[[953,954,-950,955,956,-925,-864]],"properties":{"ags":"09373","name":"Landkreis Neumarkt i.d.OPf."}},{"type":"Polygon","arcs":[[957,958,959,960,-948],[-945]],"properties":{"ags":"09374","name":"Landkreis Neustadt a.d.Waldnaab"}},{"type":"Polygon","arcs":[[-928,-926,-957,961,-953,-940],[-944]],"properties":{"ags":"09375","name":"Landkreis Regensburg"}},{"type":"Polygon","arcs":[[-962,-956,-949,-961,962,-951]],"properties":{"ags":"09376","name":"Landkreis Schwandorf"}},{"type":"MultiPolygon","arcs":[[[963,964,965,-959]],[[966]]],"properties":{"ags":"09377","name":"Landkreis Tirschenreuth"}},{"type":"Polygon","arcs":[[967]],"properties":{"ags":"09461","name":"Bamberg"}},{"type":"MultiPolygon","arcs":[[[968]],[[969]]],"properties":{"ags":"09462","name":"Bayreuth"}},{"type":"Polygon","arcs":[[970]],"properties":{"ags":"09463","name":"Coburg"}},{"type":"Polygon","arcs":[[971]],"properties":{"ags":"09464","name":"Hof"}},{"type":"MultiPolygon","arcs":[[[972,973,974,975,976,977,978,979,980],[-968]],[[981]]],"properties":{"ags":"09471","name":"Landkreis Bamberg"}},{"type":"Polygon","arcs":[[-979,982,983,984,985,-964,-958,-947,986,987],[-969],[-970],[-967]],"properties":{"ags":"09472","name":"Landkreis Bayreuth"}},{"type":"Polygon","arcs":[[-977,988,989,990,991,992],[-971]],"properties":{"ags":"09473","name":"Landkreis Coburg"}},{"type":"Polygon","arcs":[[-980,-988,993,994]],"properties":{"ags":"09474","name":"Landkreis Forchheim"}},{"type":"Polygon","arcs":[[995,996,997,998,999,-985,1000],[-972]],"properties":{"ags":"09475","name":"Landkreis Hof"}},{"type":"Polygon","arcs":[[1001,-992,1002,1003,1004,-996,1005]],"properties":{"ags":"09476","name":"Landkreis Kronach"}},{"type":"Polygon","arcs":[[1006,-1006,-1001,-984]],"properties":{"ags":"09477","name":"Landkreis Kulmbach"}},{"type":"Polygon","arcs":[[-993,-1002,-1007,-983,-978]],"properties":{"ags":"09478","name":"Landkreis Lichtenfels"}},{"type":"Polygon","arcs":[[-986,-1000,1007,-965]],"properties":{"ags":"09479","name":"Landkreis Wunsiedel i.Fichtelgebirge"}},{"type":"Polygon","arcs":[[1008]],"properties":{"ags":"09561","name":"Ansbach"}},{"type":"Polygon","arcs":[[1009,1010,1011,1012]],"properties":{"ags":"09562","name":"Erlangen"}},{"type":"Polygon","arcs":[[-1011,1013,1014]],"properties":{"ags":"09563","name":"Fürth"}},{"type":"MultiPolygon","arcs":[[[1015]],[[1016,1017,1018,1019,1020,1021,-1014,-1010]]],"properties":{"ags":"09564","name":"Nürnberg"}},{"type":"Polygon","arcs":[[-1020,1022]],"properties":{"ags":"09565","name":"Schwabach"}},{"type":"Polygon","arcs":[[-712,-719,1023,1024,1025,1026,1027,-727],[-1009]],"properties":{"ags":"09571","name":"Landkreis Ansbach"}},{"type":"Polygon","arcs":[[-981,-995,1028,-1017,-1013,1029,1030],[-982]],"properties":{"ags":"09572","name":"Landkreis Erlangen-Höchstadt"}},{"type":"Polygon","arcs":[[-1022,1031,-1025,1032,-1030,-1012,-1015]],"properties":{"ags":"09573","name":"Landkreis Fürth"}},{"type":"Polygon","arcs":[[1033,-1018,-1029,-994,-987,-946,-955],[-1016]],"properties":{"ags":"09574","name":"Landkreis Nürnberger Land"}},{"type":"Polygon","arcs":[[-718,1034,1035,-973,-1031,-1033,-1024]],"properties":{"ags":"09575","name":"Landkreis Neustadt a.d.Aisch-Bad Windsheim"}},{"type":"Polygon","arcs":[[-1026,-1032,-1021,-1023,-1019,-1034,-954,-863,1036]],"properties":{"ags":"09576","name":"Landkreis Roth"}},{"type":"Polygon","arcs":[[-1027,-1037,-862,1037]],"properties":{"ags":"09577","name":"Landkreis Weißenburg-Gunzenhausen"}},{"type":"Polygon","arcs":[[1038,1039]],"properties":{"ags":"09661","name":"Aschaffenburg"}},{"type":"Polygon","arcs":[[1040]],"properties":{"ags":"09662","name":"Schweinfurt"}},{"type":"Polygon","arcs":[[1041]],"properties":{"ags":"09663","name":"Würzburg"}},{"type":"Polygon","arcs":[[-525,-517,1042,1043,-1040,1044,-497]],"properties":{"ags":"09671","name":"Landkreis Aschaffenburg"}},{"type":"Polygon","arcs":[[1045,-515,-554,1046,1047],[1048]],"properties":{"ags":"09672","name":"Landkreis Bad Kissingen"}},{"type":"MultiPolygon","arcs":[[[-1049]],[[-553,1049,1050,1051,1052,-1047]]],"properties":{"ags":"09673","name":"Landkreis Rhön-Grabfeld"}},{"type":"Polygon","arcs":[[-1052,1053,-989,-976,1054],[1055],[1056]],"properties":{"ags":"09674","name":"Landkreis Haßberge"}},{"type":"Polygon","arcs":[[1057,1058,-974,-1036]],"properties":{"ags":"09675","name":"Landkreis Kitzingen"}},{"type":"Polygon","arcs":[[-498,-1045,-1039,-1044,1059,-715,-756,-519]],"properties":{"ags":"09676","name":"Landkreis Miltenberg"}},{"type":"Polygon","arcs":[[-1043,-516,-1046,1060,1061,-716,-1060]],"properties":{"ags":"09677","name":"Landkreis Main-Spessart"}},{"type":"MultiPolygon","arcs":[[[-975,-1059,1062,-1061,-1048,-1053,-1055],[-1041]],[[-1057]],[[-1056]]],"properties":{"ags":"09678","name":"Landkreis Schweinfurt"}},{"type":"Polygon","arcs":[[-1062,-1063,-1058,-1035,-717],[-1042]],"properties":{"ags":"09679","name":"Landkreis Würzburg"}},{"type":"Polygon","arcs":[[1063,1064]],"properties":{"ags":"09761","name":"Augsburg"}},{"type":"Polygon","arcs":[[1065]],"properties":{"ags":"09762","name":"Kaufbeuren"}},{"type":"Polygon","arcs":[[1066]],"properties":{"ags":"09763","name":"Kempten (Allgäu)"}},{"type":"Polygon","arcs":[[-829,-821,1067,-819,1068]],"properties":{"ags":"09764","name":"Memmingen"}},{"type":"Polygon","arcs":[[-885,1069,-1064,1070,1071,-899,-900,-852,-876]],"properties":{"ags":"09771","name":"Landkreis Aichach-Friedberg"}},{"type":"Polygon","arcs":[[1072,1073,1074,-1071,-1065,-1070,-884,1075,1076]],"properties":{"ags":"09772","name":"Landkreis Augsburg"}},{"type":"Polygon","arcs":[[-723,1077,-1074,1078]],"properties":{"ags":"09773","name":"Landkreis Dillingen a.d.Donau"}},{"type":"Polygon","arcs":[[1079,-813,-726,-812,-724,-1079,-1073,1080]],"properties":{"ags":"09774","name":"Landkreis Günzburg"}},{"type":"Polygon","arcs":[[-817,-815,-810,-814,-1080,1081]],"properties":{"ags":"09775","name":"Landkreis Neu-Ulm"}},{"type":"Polygon","arcs":[[-826,-832,1082,1083]],"properties":{"ags":"09776","name":"Landkreis Lindau (Bodensee)"}},{"type":"Polygon","arcs":[[1084,1085,-1076,-883,-910,-880,1086,1087],[-1066]],"properties":{"ags":"09777","name":"Landkreis Ostallgäu"}},{"type":"MultiPolygon","arcs":[[[-830,-1069,-818,-1082,-1081,-1077,-1086,1088]],[[-1068,-820]]],"properties":{"ags":"09778","name":"Landkreis Unterallgäu"}},{"type":"Polygon","arcs":[[-722,-728,-1028,-1038,-861,-897,-1072,-1075,-1078]],"properties":{"ags":"09779","name":"Landkreis Donau-Ries"}},{"type":"Polygon","arcs":[[-1083,-831,-1089,-1085,1089,1090],[-1067]],"properties":{"ags":"09780","name":"Landkreis Oberallgäu"}},{"type":"Polygon","arcs":[[1091,1092,1093,1094]],"properties":{"ags":"10041","name":"Regionalverband Saarbrücken"}},{"type":"Polygon","arcs":[[1095,-612,1096,1097]],"properties":{"ags":"10042","name":"Landkreis Merzig-Wadern"}},{"type":"Polygon","arcs":[[1098,1099,-659,1100,-1093]],"properties":{"ags":"10043","name":"Landkreis Neunkirchen"}},{"type":"Polygon","arcs":[[1101,-1098,1102,-1099,-1092]],"properties":{"ags":"10044","name":"Landkreis Saarlouis"}},{"type":"Polygon","arcs":[[-1094,-1101,-661,-656,-670,-636,-669,1103]],"properties":{"ags":"10045","name":"Landkreis Saarpfalz-Kreis"}},{"type":"Polygon","arcs":[[-1100,-1103,-1097,-611,-585,-660]],"properties":{"ags":"10046","name":"Landkreis St. Wendel"}},{"type":"Polygon","arcs":[[1104,1105,1106,1107,1108,1109,1110,1111,1112]],"properties":{"ags":"11000","name":"Berlin"}},{"type":"MultiPolygon","arcs":[[[1113,1114]],[[1115]],[[1116,1117]]],"properties":{"ags":"12051","name":"Brandenburg an der Havel"}},{"type":"Polygon","arcs":[[1118]],"properties":{"ags":"12052","name":"Cottbus"}},{"type":"Polygon","arcs":[[1119,1120,1121]],"properties":{"ags":"12053","name":"Frankfurt (Oder)"}},{"type":"Polygon","arcs":[[1122,-1112,1123]],"properties":{"ags":"12054","name":"Potsdam"}},{"type":"Polygon","arcs":[[-1106,1124,1125,1126,1127],[1128]],"properties":{"ags":"12060","name":"Landkreis Barnim"}},{"type":"Polygon","arcs":[[-1109,1129,1130,1131,1132,1133]],"properties":{"ags":"12061","name":"Landkreis Dahme-Spreewald"}},{"type":"Polygon","arcs":[[1134,1135,1136,-1133,1137,1138]],"properties":{"ags":"12062","name":"Landkreis Elbe-Elster"}},{"type":"Polygon","arcs":[[1139,1140,-1113,-1123,1141,-1118,1142,-1115,1143,1144,1145]],"properties":{"ags":"12063","name":"Landkreis Havelland"}},{"type":"Polygon","arcs":[[-1107,-1128,1146,-1120,1147]],"properties":{"ags":"12064","name":"Landkreis Märkisch-Oderland"}},{"type":"MultiPolygon","arcs":[[[-1141,1148,1149,1150,-1125,-1105]],[[-1129]]],"properties":{"ags":"12065","name":"Landkreis Oberhavel"}},{"type":"Polygon","arcs":[[-1138,-1132,1151,1152,1153]],"properties":{"ags":"12066","name":"Landkreis Oberspreewald-Lausitz"}},{"type":"Polygon","arcs":[[-1108,-1148,-1122,1154,1155,-1130]],"properties":{"ags":"12067","name":"Landkreis Oder-Spree"}},{"type":"MultiPolygon","arcs":[[[1156,1157,1158,1159,-1149,-1140]],[[1160]]],"properties":{"ags":"12068","name":"Landkreis Ostprignitz-Ruppin"}},{"type":"Polygon","arcs":[[1161,1162,-1144,-1114,-1143,-1117,-1142,-1124,-1111,1163,1164],[-1116]],"properties":{"ags":"12069","name":"Landkreis Potsdam-Mittelmark"}},{"type":"Polygon","arcs":[[-201,1165,-1158,1166]],"properties":{"ags":"12070","name":"Landkreis Prignitz"}},{"type":"Polygon","arcs":[[-1131,-1156,1167,1168,1169,-1152],[-1119]],"properties":{"ags":"12071","name":"Landkreis Spree-Neiße"}},{"type":"Polygon","arcs":[[1170,-1164,-1110,-1134,-1137]],"properties":{"ags":"12072","name":"Landkreis Teltow-Fläming"}},{"type":"Polygon","arcs":[[-1151,1171,1172,1173,-1126]],"properties":{"ags":"12073","name":"Landkreis Uckermark"}},{"type":"MultiPolygon","arcs":[[[1174,1175]],[[1176]]],"properties":{"ags":"13003","name":"Rostock"}},{"type":"MultiPolygon","arcs":[[[1177,1178],[1179]],[[1180]]],"properties":{"ags":"13004","name":"Schwerin"}},{"type":"Polygon","arcs":[[1181,1182,1183,1184,-1172,-1150,-1160]],"properties":{"ags":"13071","name":"Landkreis Mecklenburgische Seenplatte"}},{"type":"MultiPolygon","arcs":[[[1185,-1175,1186,1187,-1183,1188,1189]],[[1190]]],"properties":{"ags":"13072","name":"Landkreis Rostock"}},{"type":"MultiPolygon","arcs":[[[1191,1192,-1184,-1188]],[[1193]],[[1194]],[[1195]],[[1196]],[[1197]],[[1198]],[[1199]],[[1200]],[[1201]],[[1202]],[[1203]],[[1204]],[[1205]],[[1206]],[[1207]],[[1208]],[[1209]],[[1210]],[[1211]],[[1212]],[[1213]],[[1214]],[[1215]],[[1216]],[[1217]],[[1218]],[[1219]],[[1220]],[[1221]],[[1222]],[[1223]],[[1224]]],"properties":{"ags":"13073","name":"Landkreis Vorpommern-Rügen"}},{"type":"MultiPolygon","arcs":[[[-24,-8,1225,-1190,1226,-1179,1227],[-1181],[1228]],[[1229]],[[1230]],[[1231]],[[1232]],[[1233]]],"properties":{"ags":"13074","name":"Landkreis Nordwestmecklenburg"}},{"type":"MultiPolygon","arcs":[[[-1193,1234,1235,-1173,-1185]],[[1236]],[[1237]],[[1238]],[[1239]],[[1240,1241]],[[1242]],[[1243]],[[1244]],[[1245]],[[1246]],[[1247]],[[1248]],[[1249]],[[1250]],[[1251]],[[1252]],[[1253]],[[1254]]],"properties":{"ags":"13075","name":"Landkreis Vorpommern-Greifswald"}},{"type":"MultiPolygon","arcs":[[[-25,-1228,-1178,-1227,-1189,-1182,-1159,-1166,-200,-204]],[[-1180]],[[-1229]]],"properties":{"ags":"13076","name":"Landkreis Ludwigslust-Parchim"}},{"type":"Polygon","arcs":[[1255,1256,1257]],"properties":{"ags":"14511","name":"Chemnitz"}},{"type":"Polygon","arcs":[[1258,1259,-1257,1260,1261]],"properties":{"ags":"14521","name":"Landkreis Erzgebirgskreis"}},{"type":"Polygon","arcs":[[1262,1263,1264,1265,1266,1267,1268,-1261,-1256]],"properties":{"ags":"14522","name":"Landkreis Mittelsachsen"}},{"type":"Polygon","arcs":[[-998,1269,1270,1271,-1259,1272]],"properties":{"ags":"14523","name":"Landkreis Vogtlandkreis"}},{"type":"Polygon","arcs":[[-1272,1273,1274,-1263,-1258,-1260]],"properties":{"ags":"14524","name":"Landkreis Zwickau"}},{"type":"Polygon","arcs":[[1275,1276,1277]],"properties":{"ags":"14612","name":"Dresden"}},{"type":"Polygon","arcs":[[-1277,1278,-1153,-1170,1279,1280,1281]],"properties":{"ags":"14625","name":"Landkreis Bautzen"}},{"type":"Polygon","arcs":[[-1280,-1169,1282]],"properties":{"ags":"14626","name":"Landkreis Görlitz"}},{"type":"Polygon","arcs":[[1283,-1139,-1154,-1279,-1276,1284,-1267]],"properties":{"ags":"14627","name":"Landkreis Meißen"}},{"type":"Polygon","arcs":[[-1268,-1285,-1278,-1282,1285]],"properties":{"ags":"14628","name":"Landkreis Sächsische Schweiz-Osterzgebirge"}},{"type":"Polygon","arcs":[[1286,1287]],"properties":{"ags":"14713","name":"Leipzig"}},{"type":"Polygon","arcs":[[1288,1289,1290,-1288,1291,-1265,1292]],"properties":{"ags":"14729","name":"Landkreis Leipzig"}},{"type":"Polygon","arcs":[[-1291,1293,1294,1295,-1135,-1284,-1266,-1292,-1287]],"properties":{"ags":"14730","name":"Landkreis Nordsachsen"}},{"type":"MultiPolygon","arcs":[[[1296,1297]],[[1298]]],"properties":{"ags":"15001","name":"Dessau-Roßlau"}},{"type":"Polygon","arcs":[[1299]],"properties":{"ags":"15002","name":"Halle (Saale)"}},{"type":"Polygon","arcs":[[1300,1301,1302,1303,1304]],"properties":{"ags":"15003","name":"Magdeburg"}},{"type":"Polygon","arcs":[[-232,-203,1305,1306,-119]],"properties":{"ags":"15081","name":"Landkreis Altmarkkreis Salzwedel"}},{"type":"MultiPolygon","arcs":[[[1307,-1295,1308,1309,1310,-1162,1311,-1298],[-1299]],[[1312]],[[1313]]],"properties":{"ags":"15082","name":"Landkreis Anhalt-Bitterfeld"}},{"type":"Polygon","arcs":[[1314,-131,-120,-1307,1315,1316,1317,1318,-1305,1319]],"properties":{"ags":"15083","name":"Landkreis Börde"}},{"type":"MultiPolygon","arcs":[[[1320,1321,1322,1323,-1289,1324,1325,1326,1327]],[[1328]]],"properties":{"ags":"15084","name":"Landkreis Burgenlandkreis"}},{"type":"Polygon","arcs":[[1329,-128,-143,-132,-1315,1330,1331]],"properties":{"ags":"15085","name":"Landkreis Harz"}},{"type":"Polygon","arcs":[[1332,-1303,1333,-1301,-1319,1334,-1317,1335,-1145,-1163,-1311]],"properties":{"ags":"15086","name":"Landkreis Jerichower Land"}},{"type":"Polygon","arcs":[[1336,-1332,1337,1338,1339,1340,1341,1342,1343]],"properties":{"ags":"15087","name":"Landkreis Mansfeld-Südharz"}},{"type":"MultiPolygon","arcs":[[[1344,-1339,1345,-1309,-1294,-1290,-1324],[-1300]],[[-1341,1346]],[[-1343,1347]]],"properties":{"ags":"15088","name":"Landkreis Saalekreis"}},{"type":"MultiPolygon","arcs":[[[-1331,-1320,-1304,-1333,-1310,-1346,-1338],[-1313],[-1314]],[[-1334,-1302]]],"properties":{"ags":"15089","name":"Landkreis Salzlandkreis"}},{"type":"MultiPolygon","arcs":[[[-1335,-1318]],[[-1306,-202,-1167,-1157,-1146,-1336,-1316],[-1161]]],"properties":{"ags":"15090","name":"Landkreis Stendal"}},{"type":"Polygon","arcs":[[-1308,-1297,-1312,-1165,-1171,-1136,-1296]],"properties":{"ags":"15091","name":"Landkreis Wittenberg"}},{"type":"Polygon","arcs":[[1348,1349,1350,1351]],"properties":{"ags":"16051","name":"Erfurt"}},{"type":"Polygon","arcs":[[1352,-1327,1353]],"properties":{"ags":"16052","name":"Gera"}},{"type":"Polygon","arcs":[[1354,1355]],"properties":{"ags":"16053","name":"Jena"}},{"type":"Polygon","arcs":[[1356,1357,1358]],"properties":{"ags":"16054","name":"Suhl"}},{"type":"Polygon","arcs":[[1359]],"properties":{"ags":"16055","name":"Weimar"}},{"type":"Polygon","arcs":[[-147,1360,1361,1362,-564],[1363]],"properties":{"ags":"16061","name":"Landkreis Eichsfeld"}},{"type":"MultiPolygon","arcs":[[[-146,-129,-1330,-1337,1364,-1361]],[[-1364]]],"properties":{"ags":"16062","name":"Landkreis Nordhausen"}},{"type":"MultiPolygon","arcs":[[[-549,-557,-566,1365,1366,1367],[1368]],[[-551,1369]]],"properties":{"ags":"16063","name":"Landkreis Wartburgkreis"}},{"type":"Polygon","arcs":[[-1366,-565,-1363,1370,1371,1372]],"properties":{"ags":"16064","name":"Landkreis Unstrut-Hainich-Kreis"}},{"type":"Polygon","arcs":[[-1371,-1362,-1365,-1344,-1348,-1342,-1347,-1340,-1345,-1323,1373]],"properties":{"ags":"16065","name":"Landkreis Kyffhäuserkreis"}},{"type":"MultiPolygon","arcs":[[[-1370,-550,-1368,1374,1375,-1359,1376,-1050,-552]],[[-1369]]],"properties":{"ags":"16066","name":"Landkreis Schmalkalden-Meiningen"}},{"type":"Polygon","arcs":[[-1367,-1373,1377,-1352,1378,-1375]],"properties":{"ags":"16067","name":"Landkreis Gotha"}},{"type":"Polygon","arcs":[[-1372,-1374,-1322,1379,-1349,-1378],[-1329]],"properties":{"ags":"16068","name":"Landkreis Sömmerda"}},{"type":"Polygon","arcs":[[-1377,-1358,1380,1381,1382,-990,-1054,-1051]],"properties":{"ags":"16069","name":"Landkreis Hildburghausen"}},{"type":"Polygon","arcs":[[-1381,-1357,-1376,-1379,-1351,1383,1384]],"properties":{"ags":"16070","name":"Landkreis Ilm-Kreis"}},{"type":"Polygon","arcs":[[-1384,-1350,-1380,-1321,1385,-1356,1386,1387],[-1360]],"properties":{"ags":"16071","name":"Landkreis Weimarer Land"}},{"type":"Polygon","arcs":[[-1383,1388,-1003,-991]],"properties":{"ags":"16072","name":"Landkreis Sonneberg"}},{"type":"Polygon","arcs":[[-1385,-1388,1389,1390,-1004,-1389,-1382]],"properties":{"ags":"16073","name":"Landkreis Saalfeld-Rudolstadt"}},{"type":"Polygon","arcs":[[-1390,-1387,-1355,-1386,-1328,-1353,1391,1392]],"properties":{"ags":"16074","name":"Landkreis Saale-Holzland-Kreis"}},{"type":"Polygon","arcs":[[-1393,1393,-1270,-997,-1005,-1391]],"properties":{"ags":"16075","name":"Landkreis Saale-Orla-Kreis"}},{"type":"Polygon","arcs":[[-1392,-1354,-1326,1394,-1274,-1271,-1394]],"properties":{"ags":"16076","name":"Landkreis Greiz"}},{"type":"Polygon","arcs":[[-1325,-1293,-1264,-1275,-1395]],"properties":{"ags":"16077","name":"Landkreis Altenburger Land"}},{"type":"MultiPolygon","arcs":[[[-68,-3,-73,-82,-71,-80,-1,-79,1395,-1242,1396,-1235,-1192,-1187,-1176,-1186,-1226,-7,-46],[-49],[-48],[-47],[-1233],[-1230],[-1232],[-1234],[-1191],[-1198],[-1196],[-1194],[-1195],[-1199],[-1202],[-1201],[-1203],[-1204],[-1200],[-1205],[-1206],[-1207],[-1208],[-1213],[-1221],[-1210],[-1209],[-1212],[-1222],[-1218],[-1220],[-1214],[-1211],[-1215],[-1217],[-1225],[-1237],[-1240],[-1239],[-1223],[-1238],[-1224],[-1246],[-1247],[-1243],[-1245],[-1244],[-1251],[-1250],[-1252],[-1249],[-1248],[-1255],[-1254],[-1253],[-81],[-1231],[-1177],[-1197],[-1219],[-1216]],[[-77]],[[-280,1397,-29,-19,-89,-53,-101,-223,-187,-224,-185,-302,-299,-301,-293,-274,-245,-273,-296,-252,-239],[-282],[-256],[-283],[-255],[-257],[-258],[-297],[-298],[-275],[-60],[-61],[-35],[-39],[-102],[-34],[-37],[-30],[-32],[-20],[-38],[-31],[-36],[-42],[-40],[-41],[-88],[-226],[-225,-57,-90,-59],[-54],[-55],[-231],[-94,-227,-96,-229,-97,-64,-228,-66,-230],[-103],[-33]]],"properties":{"ags":"offshore","name":"Offshore"}}]}},"arcs":[[[51941,87327],[36,-71],[2,-9],[6,-10],[19,-27],[11,-17],[11,-7],[6,-8],[12,2],[12,-10],[2,-6],[5,1],[3,-4],[2,-7],[-30,-57],[-35,-4],[-12,-20],[28,-57],[10,-8],[5,-7],[3,-9],[4,-10],[3,-40],[6,-6],[13,-8],[2,13],[-4,80],[-3,34],[14,35],[10,14],[6,8],[14,0],[90,32],[4,1],[12,13],[33,102],[13,17],[8,5],[9,10],[13,13],[9,7],[8,6],[20,13],[13,-8],[37,-11],[53,15],[5,1],[24,-3],[6,-2],[16,-4],[4,3],[38,11],[15,-13]],[[52532,87320],[2,-29],[-11,-8],[10,-53],[58,-12],[44,-33],[12,-9],[-14,-70],[-35,-6],[51,-34],[-2,-13],[-55,-11],[6,-29],[60,-57],[-15,-16],[6,-23],[-22,-5],[11,-28],[-19,-66],[22,-32],[-13,-39],[29,-2],[-84,-27],[-15,9],[-15,-24],[-159,36],[-4,-33],[-27,-41],[-93,-58],[14,-90],[-81,-13],[-123,18],[-504,-5],[-19,39],[-42,26],[12,14],[-20,12],[-50,117],[-68,96],[14,18],[399,165],[7,35],[-32,69],[-2,46],[74,96],[-5,29],[-29,7],[-20,32],[31,-5],[32,24],[10,-33],[83,23]],[[58318,82813],[29,-69],[3,-4],[62,-86],[6,-9],[12,-18],[7,-6],[8,-7],[41,-39],[27,-81],[5,-7],[7,-23],[-29,-70],[-2,-6],[4,-6],[-3,-3],[-2,-7],[4,-7],[20,-46],[-6,-3],[-4,-3],[-23,2],[-6,2],[-30,5],[-1,-6],[-24,3],[-2,-5],[-12,0],[0,4],[-8,0],[-12,-2],[-6,0],[-12,-6],[-4,-2],[-112,-46],[-3,-6],[11,-41],[5,-3],[7,-10],[14,5],[15,-29],[-60,-26],[-40,-66],[-9,-13],[-53,-1],[-9,3],[-36,8],[-2,-7],[13,-2],[-38,-16],[75,-1],[-2,-19],[-76,-1],[111,-28],[-5,-10],[-37,12],[-11,-18],[35,-18],[-2,-13],[-36,21],[-12,-21],[-24,-62],[119,-103],[20,-83],[-3,-9],[-46,-50],[-12,-18],[-19,-28],[-8,-9],[7,-3],[-14,-15],[7,-4],[-41,-62],[-54,-36],[-13,-28],[6,-1],[42,30],[6,-3],[13,9],[4,3],[3,-2],[7,-4],[25,21],[12,4],[8,3],[-7,18],[17,-16],[3,-11],[10,12],[-13,39],[145,84],[27,24],[-32,27],[52,23],[7,3],[11,10],[-2,44],[-1,4],[2,4],[-2,20],[-5,9]],[[58367,81806],[51,19],[40,-30],[6,-35],[65,17],[14,-17],[83,-7],[26,-39],[-10,-60],[-60,-74],[32,-27],[86,65],[40,-1],[7,-57],[-30,-20],[25,-17],[-41,-41],[-34,-3],[-7,20],[-152,-40],[-14,-69],[24,-41],[1,-68],[-19,-1],[1,-28],[135,-93],[-6,-35],[-16,-1],[9,-23],[41,-4],[2,-23],[-14,-59],[-22,-20],[-22,13],[6,21],[-13,9],[-20,-14],[3,-38],[-19,-14],[4,-23],[42,-22],[-30,-57],[-106,-58],[-26,-76],[-79,-4],[-25,26],[5,19],[-86,8],[-28,20],[-43,-12],[-2,-75],[-68,15],[-87,55],[-103,-24]],[[57933,80763],[1,29],[-63,8],[-22,25],[-163,26],[-45,43],[-48,18],[20,12],[8,43],[38,19],[0,62],[30,79],[-46,31],[-43,0],[-129,-53],[-98,36],[12,101],[-61,5],[-39,14],[12,25],[-6,29],[-24,22],[2,39],[51,32],[-83,9],[6,121],[59,71],[27,65],[24,-6],[22,-3],[3,-42],[73,-19],[17,-30],[37,-5],[90,38],[15,-30],[139,74],[-15,16],[44,34],[-23,31],[8,29],[-27,58],[7,6],[-35,36],[-45,-25],[19,-24],[-14,-5],[-128,-17],[-7,14],[-52,-20],[-26,9],[36,28],[-28,15],[-224,-30],[-48,11],[-2,27],[-22,3],[-11,0],[11,60],[13,57],[33,12],[123,-15],[81,16],[51,38],[9,84],[49,11],[51,-30],[182,32],[141,-32],[11,51],[42,13],[5,40],[22,6],[94,104],[-55,63],[16,18],[-27,166],[19,48],[102,-31],[61,159],[37,32],[-4,22],[44,31],[47,-12],[4,23]],[[61834,76625],[93,-8],[22,-33],[103,-48],[211,4],[38,-51],[-20,-57],[51,-16],[113,42],[21,34],[-1,44],[28,25],[-4,23],[130,75],[96,42],[72,-22],[24,62],[89,49],[83,4],[135,38],[29,1],[33,39],[90,-31],[-3,30],[38,14],[-7,20],[125,18],[39,23],[44,-45],[56,57],[-6,23],[125,15],[-3,14],[57,-14],[86,48],[3,42],[54,-2],[-18,60],[25,25],[92,21],[-74,32],[33,40],[40,3],[-11,30],[-28,16],[19,87],[57,30],[-27,23],[8,30],[54,13],[-4,22],[26,23],[74,40],[-21,32],[29,36],[-17,6],[-42,3],[-4,22],[-19,8],[9,12],[-10,17]],[[64069,77715],[127,25],[85,-17],[113,-77],[46,-75],[2,-15],[1,-13],[-2,-18],[-19,-91],[38,-68],[-15,-12],[-7,-2],[-14,-4],[1,-8],[181,-31]],[[64606,77309],[0,-29],[38,-35],[12,-58],[-112,-119],[-11,-132],[31,-26],[36,20],[86,0],[99,-25],[45,-41],[81,12],[86,-75],[115,11],[47,-57],[-27,-23],[-46,29],[27,13],[-53,-9],[-59,-63],[-57,0],[-55,-42],[-44,0],[-144,-33],[-44,7],[-62,56],[-2,35],[8,27],[75,64],[-5,12],[-141,37],[-46,29],[-27,45],[-20,0],[-40,-22],[-32,-53],[-7,-44],[-133,-59],[-31,-53],[-62,3],[6,-67],[-15,-27],[-66,-17],[-32,19],[-31,-32],[-49,-15],[-64,6],[-33,-60],[-66,-26],[8,-36],[-23,-30],[-53,-49],[-235,-28],[-58,-72],[-7,-43],[-39,-27],[-3,-37],[-100,-78],[4,-17],[47,-17],[-36,-41],[-12,-128],[86,-70],[-5,-15],[44,-83],[3,-96]],[[63403,75625],[-49,-11],[-14,-28],[-9,25],[-24,-46],[-16,40],[-41,-17],[24,36],[-18,32],[-29,12],[22,10],[-108,135],[-87,-49],[-37,-54],[60,-20],[36,10],[51,-48],[27,-53],[-21,-13],[38,-26],[-39,-28],[-63,-3],[11,-30],[-192,-91],[17,-20],[12,13],[20,-44],[-64,-8],[-89,-42],[-103,-19],[-70,30],[-13,32],[-42,-11],[-13,15],[-29,-31],[-56,-18],[21,-45],[-99,-19],[-29,25],[93,40],[-45,7],[-9,19],[158,43],[6,25],[-78,17],[10,33],[-21,0],[10,46],[-17,3],[-26,-65],[-129,1],[-9,15],[-47,-15],[38,-42],[129,28],[-21,-76],[-93,-10],[0,-23],[58,10],[11,-17],[-70,-10],[6,-44],[22,4],[18,-20],[-38,-6],[0,-23],[66,6],[11,-30],[-76,9],[2,-37],[-3,-27],[-63,13],[-99,40],[-60,-5],[30,15],[-12,7],[12,12],[-10,21],[-42,-4],[-14,-22],[-42,10],[-152,162],[39,18],[32,12],[33,-30],[46,35],[14,27],[-6,43],[14,16],[-22,17],[4,51],[-80,84],[-109,-99]],[[61857,75550],[-27,29],[-17,-37],[-108,203],[-55,5],[-28,57],[78,34],[11,54],[117,36],[66,-19],[48,31],[66,-7],[132,59],[56,48],[-51,41],[-103,2],[-89,24],[-20,25],[20,22],[-40,13],[-11,37],[59,59],[-2,65],[-200,107],[-41,-2],[-17,53],[32,47],[36,-10],[8,53],[82,14],[-25,32]],[[62336,75375],[5,-22],[59,7],[-2,28],[-62,-13]],[[57175,79298],[-5,-11],[17,-6],[-24,-16],[-65,-1],[-6,-46],[-50,-40],[33,-62],[-15,-18],[12,-24],[-3,-34],[-19,-33],[0,-45],[46,-20],[-7,-20],[-24,-1],[14,-22],[-9,-16],[23,-13],[-18,-38],[-24,-4],[-4,-28],[-15,1],[5,-31],[-22,-38],[129,-51],[28,7],[-6,-39],[21,-35],[-114,-82],[-1,-29],[56,-24],[71,3],[37,-25],[119,12]],[[57355,78469],[15,-18],[6,-46],[-124,-25],[-15,-19],[87,-48],[-99,44],[-36,-111],[-73,-21],[-41,33],[-66,-17],[6,-13],[-54,1],[10,-35],[-16,-49],[-47,-1],[-17,-43],[-157,9],[-67,34],[-4,-19],[-50,-22],[-6,-25],[12,-21],[-17,-5],[-16,22],[-21,-15],[11,-30],[-85,15],[-56,-33],[-25,6],[-9,43]],[[56401,78060],[15,11],[-16,19],[12,13],[-6,44],[12,77],[29,5],[10,16],[-8,28],[20,12],[-17,44],[50,11],[8,36],[-19,45],[-23,7],[-55,-16],[-148,6],[25,18],[6,27],[-20,79],[9,33],[29,24],[12,89],[-15,114],[-70,103],[40,50],[-13,4],[0,37],[15,-10],[112,30],[9,40],[-29,29],[93,166],[69,24],[17,72],[12,-12],[60,46],[69,-8],[-9,69],[23,77],[99,22],[30,-1],[109,-88],[54,-14],[15,13],[62,-20],[-49,-37],[-14,-42],[72,-25],[88,-29]],[[46997,80880],[78,3],[223,-45],[168,10],[19,27],[-9,202],[49,61],[151,66],[180,211],[116,41],[126,38],[50,64],[115,99],[18,40],[-4,26],[-98,108],[-13,88],[15,73],[30,52],[120,110],[71,35],[125,-13],[98,-100],[146,-30],[203,-45],[67,20],[43,68],[95,-48],[50,-33],[13,-70],[148,-59],[56,-13],[31,-27],[9,-36],[-22,-66],[15,-19],[151,-20],[-12,-24],[-63,-37],[-8,-34],[25,-89],[76,-23],[151,-15],[-90,113],[40,51],[80,41]],[[49829,81681],[130,-18],[48,-33],[0,-31],[-34,-48],[-22,-72],[3,-17],[23,-2],[64,68],[99,57],[88,-46],[33,7],[7,45],[-4,51],[27,86],[-80,49],[-11,28],[17,12],[91,-1],[54,-53],[55,-22],[42,4],[79,41],[27,-7],[49,-43],[-56,-54],[1,-32],[22,-30],[76,-28],[44,-27],[-58,-95],[30,-95],[-126,10],[-2,-41],[28,-30],[86,-12],[2,-19],[-48,-32],[2,-22],[135,-60],[3,-21],[-20,-37],[45,-113],[76,-9],[87,-39],[66,57],[67,10],[49,58],[76,9],[46,-27],[180,-9],[-15,84],[14,42],[33,23],[93,8],[6,-64],[36,-24],[98,32]],[[51690,81149],[27,-30],[13,-28],[50,-33],[-25,-39],[28,-41],[-36,-20],[34,-24],[1,-52],[59,-55],[88,40],[13,-61],[78,-8],[9,-23],[3,-69],[28,-32],[49,-14],[16,-59],[-10,-29],[-86,-24],[23,-72],[-9,-51],[61,-24],[5,-19],[-50,-44],[9,-48],[-40,-21],[-34,-28],[11,-42],[77,-86],[-12,-19],[20,-48],[-78,-2],[-5,-11],[35,-20],[-32,3],[-2,-16],[-33,-9],[8,-21],[28,3],[-7,-18],[23,0],[6,-17],[53,-10],[-1,-57],[26,-53],[-128,-68],[-316,-110],[-270,-118],[-13,-7],[-137,-87],[-35,4],[-74,-34],[-57,-63],[-88,-46],[-68,-28],[83,-80],[-9,-57],[7,-128],[28,-120],[-30,-40],[-42,-10],[41,-122],[-9,-44],[20,-2],[-26,-67],[3,-31],[-6,-18]],[[50985,78542],[-57,-236],[-61,23],[-22,-8],[4,-29],[-49,13],[4,-24],[-28,0],[-13,-28],[30,-32],[20,13],[27,-53],[-23,-17],[84,4],[-27,-127],[60,-7],[0,-39],[-15,-28],[7,-24],[-31,-17],[11,-26],[-30,-18],[16,-29],[-12,-18],[-38,-74],[34,-26],[-27,-17],[5,-34],[-27,5],[-8,-22],[-34,0],[-11,-19],[32,-10],[8,-31],[-31,-15],[4,-16],[-110,-20],[-103,-101],[-163,-148],[-5,-41],[-134,-132],[8,50],[-61,-63],[-60,-16],[19,-33],[-64,-30],[-25,-171],[-3,-24],[-15,-134],[-28,-1],[1,-69],[6,-20],[102,-9],[7,-56],[-138,-28]],[[50021,76530],[-122,-1],[0,-16],[-20,-5],[-26,-1],[-60,-1],[-17,-1],[-1,23],[-248,-18],[-13,19],[-36,-21],[-26,0],[-55,0],[10,8],[-30,13],[-6,3],[-36,-14],[-9,-1],[-40,9],[-11,2],[-144,-10],[-10,0],[-58,11],[-13,3],[-116,54],[-20,6],[-4,1],[-75,22],[-7,-15],[-49,14],[-49,14],[-49,14],[-10,-19],[-70,19],[-83,-20],[0,-19],[-22,-14],[9,-46],[-10,-7],[-18,93],[9,18],[-113,-54],[-42,-17],[-103,-28],[-96,3],[-64,54],[-154,79],[-12,27],[17,14],[-82,75],[-63,56],[-101,51],[-35,51],[-19,-8],[-55,89],[2,20],[-117,179],[18,15],[14,57],[-41,64],[-63,18],[-52,85],[28,45],[33,11],[-9,21],[80,31],[8,-20],[21,9],[-11,67],[-173,19],[-52,28],[-38,60],[-52,3],[-43,60],[21,7],[-11,22],[19,5],[-131,213],[-66,58],[-24,20],[37,85],[6,7],[9,8],[16,12],[18,7],[18,5],[193,41],[78,-14],[13,19],[114,-28],[24,-29],[124,-37],[25,7],[23,-32],[43,15],[29,-23],[-2,-38],[185,41],[109,25],[28,8],[19,7],[9,3],[91,64],[20,31],[9,20],[15,48],[5,16],[9,34],[9,44],[-1,22],[-35,31],[-5,4],[-47,-9],[-72,20],[-5,1],[-66,-10],[-4,13],[5,20],[29,-6],[122,37],[-12,23],[14,4],[-23,23],[-162,156],[-13,13],[-27,32],[-3,6],[-18,0],[1,4],[23,7],[-19,9],[-6,1],[-2,5],[10,5],[-1,5],[-40,99],[-20,48],[-56,135],[-24,60],[-38,81],[-8,9],[-13,10],[-148,31],[-23,-7],[-19,-5],[-71,-10],[-11,1],[-61,-31],[-41,-21],[-44,-28],[-27,-9],[-21,-9],[-38,-24],[-51,-38],[11,18],[-19,5],[1,16],[32,-1],[51,31],[-83,-19],[61,39],[-57,-22],[40,46],[-43,-23],[-18,10],[11,-27],[-10,-31],[7,-45],[-24,39],[7,46],[-15,20],[-129,40],[-45,50],[1,12],[-46,52],[-13,17],[-5,6],[-6,13],[-8,26],[-12,31],[-11,38],[-8,61],[-38,99],[-5,11],[-31,19],[-17,7],[-24,22],[-3,14],[0,1],[-5,28],[12,34],[12,19],[22,45],[-15,61],[91,184],[62,5],[69,117],[26,68],[7,132],[-36,52],[-9,40],[36,136],[3,19],[9,18],[5,4],[18,2],[0,45],[0,29],[-11,6],[19,4],[0,21]],[[45584,78487],[53,84],[17,15],[65,27],[29,-23],[-58,-39],[-6,-5],[-36,-33],[50,-12],[14,-2],[12,-2],[38,-18],[-68,-27],[-13,-34],[-54,1],[28,-37],[13,-13],[81,-23],[-27,-9],[-98,24],[-15,10],[-1,0],[-2,2],[-14,20],[-6,16],[-2,78]],[[60890,70708],[-336,143],[-273,153],[-193,154],[-167,16],[-215,-14],[-138,84],[-57,11]],[[59511,71255],[-1,19],[88,6],[7,28],[-36,22],[6,16],[90,99],[-123,31],[-31,-109],[-49,1],[-57,67],[29,21],[-77,55],[-177,102],[28,44],[-63,22],[6,36],[-13,25],[-39,-8],[-8,21],[12,7],[-20,15],[-50,-10],[-24,26],[-93,43],[-11,72],[-18,17],[14,62]],[[58901,71985],[41,42],[-23,46],[33,52],[43,5],[57,-39],[111,13],[8,27],[2,27],[20,20],[-12,17],[26,49],[-20,28],[27,27],[3,26],[45,18],[64,-25],[19,-9],[-11,-13],[33,-38],[55,12],[25,42],[0,27],[62,18],[-5,38],[-129,45],[2,38],[83,57],[13,18],[-5,26],[45,13],[-18,18],[9,17],[63,30],[82,20],[-3,19],[34,35],[91,20],[10,23],[61,6],[5,32],[50,41],[41,-20],[43,35],[55,11],[38,25],[137,33],[35,32],[-4,39],[57,58],[154,86],[-9,35],[11,23],[84,38],[62,-1],[127,-78],[172,-23],[90,36],[116,29],[123,76],[39,93],[11,39],[-49,3],[-3,42],[-72,29],[-7,21],[-17,26],[-36,31],[-165,-8],[-32,33],[-49,-5],[14,-25],[-51,-9],[-67,20],[-16,8],[1,41],[-42,16],[-5,18],[-80,55],[-19,29],[41,44],[-27,42],[-142,76],[-36,2],[-39,49],[-40,28],[14,19],[-28,33],[25,33],[-12,23],[20,45],[-8,12],[46,50],[2,33],[21,23],[-18,70],[-21,7],[15,30],[-10,5],[175,0],[68,-31],[32,6],[16,25],[-2,93],[18,34],[-45,27],[-8,33],[49,61],[-73,4],[-25,26],[-40,-2],[-12,16],[-36,-27],[-62,64],[-65,33],[-78,-58],[-26,106],[84,-9],[23,21],[97,19],[42,13],[95,-29],[62,36],[0,31],[27,21],[-49,47],[23,33],[114,60],[90,79],[30,-6],[19,21],[102,-18],[3,-31],[78,-65],[70,-43],[19,6],[-6,28],[45,31],[4,23],[52,20],[13,-14],[82,2],[71,34],[4,26],[-27,30],[29,16],[-34,54],[60,61],[61,17],[-16,38],[-43,36],[16,41],[99,27],[23,-17],[35,11],[40,43],[133,36],[1,32],[13,11]],[[63403,75625],[33,-57],[-16,-34],[31,-46],[32,-25],[8,-55],[-15,-34],[-21,-8],[-1,-28],[-19,-66],[-7,-8],[37,-51],[-39,-60],[-33,-18],[-33,-60],[-12,-59],[12,-127],[119,22],[180,-68],[28,-18],[101,-49],[11,-28],[-10,-27],[17,-24],[-30,-8],[-1,-20],[33,-91],[122,-111],[60,-7],[68,-36],[32,7],[23,-41],[55,15],[-25,-45],[12,-19],[20,4],[1,18],[73,4],[9,19],[41,-1],[29,-24],[78,6],[4,21],[61,17],[149,-27],[97,-48],[47,4],[27,-65],[4,-26],[-62,-6],[-2,-14],[22,-14],[55,10],[16,-35],[68,9],[40,-32],[21,-120],[-38,-12],[18,-50],[-28,-34],[34,-22],[-9,-14],[31,-42],[29,26],[11,-10],[-6,-26],[47,4],[-23,-127]],[[65019,73734],[-20,-27],[-40,18],[23,-51],[-155,-158],[-15,-67],[-47,-239],[-41,-34],[10,-58],[42,-59],[2,-58],[-108,-134],[-26,-15],[-114,13],[-97,-38],[-96,-7],[-82,-45],[-57,17],[-50,-10],[-36,40],[0,32],[-19,26],[-33,19],[-58,-10],[-53,19],[-35,-14],[2,-27],[32,-63],[-5,-89],[-15,-37],[24,-24],[31,-112],[9,-22],[-114,-104],[0,-82],[26,-29],[-61,-23],[9,-21],[78,-27],[-3,-48],[-117,29],[-207,-67],[-14,-30],[-8,-17],[-53,-106],[1,-23],[-108,-48],[-78,-88],[-33,10],[-179,-56],[-38,22],[-21,-41],[-31,-20],[-163,25],[-74,-267],[-104,28],[-246,45],[-42,-47],[-52,-22],[-53,6],[-1,-18],[-21,4],[9,-28],[-26,-15],[2,-27],[-40,-62],[3,-19],[27,-9],[-42,-21],[11,-18],[-18,-33],[15,-13],[-22,-7],[-12,-29],[-6,-30],[17,-24],[-37,-5],[15,-59],[-20,-48],[10,-42],[-13,-14],[11,-57],[-18,-15],[37,-11],[-20,-61],[24,-3],[-23,-17],[8,-21],[-14,-16],[2,-65],[-21,-17],[9,-26],[-91,-61],[-61,-17],[-19,-85],[-27,-30],[11,-46]],[[61966,70454],[-64,-31],[-113,-12],[-150,96],[-260,20],[-78,10],[-157,39],[-254,132]],[[45228,88344],[188,-29],[73,30],[101,-9],[233,-111],[93,-62],[82,-33],[60,3],[171,45],[40,-27],[147,-22],[-5,33],[193,81],[1,24],[105,16],[25,-23],[39,0],[45,33],[111,-16],[100,-94],[97,-7],[50,37],[59,-6],[62,31],[26,0],[77,33],[159,-12],[25,-20],[93,14],[201,-9],[214,-69],[96,-52],[261,-66],[126,-70],[-3,-25],[63,-28],[101,-45],[80,12],[48,-21],[132,7],[107,-17],[190,38]],[[49294,87908],[-15,-29],[0,-86],[47,-30],[-22,-25],[-45,-122],[4,-92],[-41,-57],[13,-24],[-5,-39],[-7,-17],[-55,10],[-154,-104],[16,-14],[-39,-27],[120,-30],[41,19],[19,-8],[115,-230],[-8,-48],[74,-34],[-70,-102],[-37,-29],[31,-103],[-123,-41],[-54,-55],[-106,-38],[15,-127],[-54,-26],[-19,-49],[35,-18],[33,-50],[-4,-106],[-23,-72],[36,-41],[18,-47],[-18,-35],[-70,-61],[-84,-10],[43,-21],[69,-29],[92,-5],[49,-31],[170,-5],[108,-27],[163,25],[33,82],[20,12],[160,-10],[28,-15],[-25,-78],[-25,-2],[11,-62],[42,-41],[47,-150],[76,-101],[57,-32],[252,-120],[-96,-76],[20,-65],[-54,-30],[0,-22],[122,-28],[90,-55],[1,-46],[82,-65],[2,-80],[70,-6],[30,-37],[103,0],[4,-47],[-97,-14],[4,-103],[22,-1],[-68,-129],[106,-44],[194,-38],[59,-125],[55,-3],[24,18],[82,-27],[3,-73],[-159,-194],[19,-34],[80,-34],[-28,-14],[-91,-115],[-82,-48],[24,-54],[25,-155],[115,-72],[13,-72],[90,-78],[48,-26],[2,-44],[-42,-70],[81,-62],[42,-68],[-11,-26],[10,-49],[-12,-15],[-23,-22],[1,-32],[-34,-37],[-40,3],[-45,-40],[16,-39],[-12,-18],[-59,7],[-37,-16],[-72,-61],[10,-36],[-10,-8],[-43,-22],[-45,9],[8,-42],[-43,-39],[22,-33],[-51,-32],[-5,-17],[16,-22],[-38,-13],[0,-34],[-44,-2],[11,-37],[-11,-13],[-47,-42],[33,-30],[12,-42],[-31,-23],[-27,-48],[29,-16],[-12,-31],[26,-4],[16,-30],[-57,-17],[-231,62],[-55,45],[-95,17],[-8,45],[-32,5],[9,-29],[-36,-19],[31,-212],[-104,34],[-48,-53],[34,-6],[-10,-41],[-58,4],[-12,-21],[3,-31],[-30,-4],[3,-17],[29,5],[8,-32],[-121,-1],[-11,-59],[39,-107]],[[46997,80880],[-36,10],[-1,3],[24,10],[5,2],[-18,123],[-10,19],[-10,19],[-42,53],[-17,17],[-18,17],[-12,10],[-38,11],[-12,2],[-16,0],[-102,-45],[-25,-11],[-21,-10],[-36,-15],[-82,-29],[-17,-1],[-137,-1],[-5,3],[-18,22],[-5,43],[-2,13],[-73,20],[-101,-14],[-74,54],[-138,-58],[-114,9],[-34,-13],[-58,-43],[7,-8],[-115,-68],[14,-48],[-8,-9],[-3,-10],[-32,-5],[25,-24],[14,-34],[-38,-16],[-42,31],[30,10],[-129,95],[-248,144],[-247,212],[-66,90],[-16,66],[2,142],[19,3],[7,-30],[20,-2],[-33,84],[11,35],[106,36],[67,-21],[96,-64],[85,9],[74,55],[-47,8],[-7,19],[62,43],[37,-3],[9,-20],[277,100],[13,143],[-29,56],[-135,-3],[-83,-35],[-80,48],[-63,79],[-17,-13],[-7,-95],[13,-12],[-16,-1],[-22,-19],[-9,3],[-22,15],[25,4],[-56,98],[7,19],[96,140],[26,2],[11,-40],[68,65],[11,10],[16,4],[8,0],[5,1],[19,12],[29,18],[16,10],[16,10],[5,0],[18,-1],[31,-2],[80,-11],[90,-18],[-1,17],[222,22],[-8,-18],[142,4],[522,112],[66,13],[65,-31],[132,7],[202,-70],[146,31],[-5,10],[146,59],[28,8],[15,8],[62,33],[79,24],[187,188],[56,39],[71,20],[48,121],[35,43],[178,53],[16,4],[13,4],[74,20],[-2,6],[35,9],[78,35],[-33,11],[49,97],[45,-15],[21,16],[15,10],[50,-20],[32,-10],[9,1],[-5,15],[-32,9],[-147,54],[19,27],[37,0],[47,35],[-27,1],[-9,73],[-8,28],[-137,230],[-25,91],[-5,23],[-69,13],[-189,-80],[-131,-54],[28,-135],[-156,-111],[-83,-243],[-44,11],[38,-23],[-218,-111],[-150,-3],[-57,10],[-165,4],[-33,1],[-103,25],[-5,1],[-55,-4],[-71,28],[-13,5],[-56,32],[-38,22],[-7,18],[1,18],[2,9],[5,8],[54,72],[36,49],[5,7],[-9,25],[-64,24],[-7,4],[-10,23],[-8,20],[-7,18],[-2,5],[1,5],[1,14],[0,9],[5,0],[1,-8],[8,4],[-2,7],[50,63],[124,45],[65,-2],[163,108],[84,75],[42,39],[-11,13],[28,3],[-20,16],[34,18],[19,52],[5,3],[13,49],[2,12],[2,16],[0,14],[-37,133],[-16,22],[-11,6],[-15,35],[4,31],[65,129],[16,29],[12,21],[111,205],[-62,141],[-175,76],[-161,115],[-123,249],[-37,33],[-167,75],[-79,58],[-13,2],[-159,60],[-99,70],[-95,74],[-14,18],[-15,6],[11,8],[-2,4],[-11,-1],[-27,93],[15,76],[4,19],[-1,6],[-2,8],[-41,53],[-11,32],[-35,108],[-185,108],[-92,-25],[-25,3],[-112,14],[-8,49],[-30,8],[-4,1],[-14,4],[34,0],[3,5],[-13,12],[1,8],[44,-18],[59,42],[25,1],[60,11],[37,24],[-7,9],[-50,59],[-4,87],[-37,59],[-54,43],[2,80],[-48,124],[-94,149],[-33,30],[-90,1],[-70,30],[-2,6],[-3,7],[-14,31],[-53,138],[-48,83],[-316,259],[42,432],[-79,84],[-269,-17],[-66,-4],[-149,-6],[1,-22],[-58,-4],[-2,22],[-277,-25],[-23,-8],[-98,-43],[-44,-22],[14,-19],[-57,-25],[-13,16],[-82,-59],[-6,-2],[-7,-8],[-7,-6],[-4,-5],[-10,0],[-60,-46],[-152,-32],[-56,-33],[-108,-4],[-40,-40],[26,-28],[-53,-22],[-17,-3],[-37,3],[-29,8],[-9,1],[-20,4],[-71,36],[-14,11],[-132,69],[-9,8],[-63,103],[-11,25],[-12,29],[-7,18],[-9,12],[-42,7],[-63,-2],[-40,1],[-21,-20],[5,25],[-25,28],[-8,11],[-8,8],[-6,1],[-5,-5],[-4,-5],[-34,-47],[-20,-33],[-1,-10],[-1,-8],[9,-69],[-20,-30],[-12,-6],[-200,-43],[-9,-11],[-14,-16],[-8,-7],[-8,-8],[-26,-63],[-3,-45],[-25,-36],[7,-77],[-29,-102],[18,-56],[13,-26],[30,-21],[-12,-25],[-11,-18],[-8,-36],[20,-78],[5,-2],[0,-9],[-47,-57],[0,-52],[-20,-93],[42,-107],[17,-4],[6,-2],[8,30],[10,-67],[-20,-46],[6,-37],[-2,-13],[9,-11],[-5,-8],[-11,2],[-46,-66],[29,1],[-15,-16],[-3,-11],[-3,-11],[-1,-13],[2,-27],[2,-16],[13,-47],[-19,0],[-81,33],[-18,15],[-35,30],[31,503],[17,415],[3,11],[0,13],[28,498],[22,146],[64,246],[102,232],[104,220],[3,5],[8,17],[15,32],[9,18],[146,244],[78,173],[254,505],[133,203],[106,51],[89,12],[192,-96],[182,-47],[-31,-20],[-12,-2],[-51,-5],[-15,-6],[-57,-7],[-52,46],[-20,13],[-14,7],[-33,3],[-16,-4],[-61,-17],[-172,0],[-20,-1],[-26,-9],[-6,-10],[-3,-11],[20,-72],[8,-21],[51,-24],[123,11],[47,-17],[15,-19],[11,-13],[5,-11],[12,-27],[28,-32],[10,0],[59,-27],[-2,-15],[-1,-46],[-7,-9],[4,-6],[-4,-4],[-4,-2],[-8,0],[-120,-53],[-10,-6],[-11,-5],[-40,-22],[2,-5],[-15,-1],[-170,-40],[-16,-10],[-13,-9],[-62,-38],[-36,-23],[-7,-4],[-9,-8],[-13,-15],[-15,-21],[-16,-13],[-28,-35],[-91,-169],[-59,-73],[41,-63],[5,-5],[0,-4],[17,-43],[12,-1],[-3,-9],[-26,-62],[7,-24],[12,-21],[17,-41],[2,-21],[-4,-10],[-20,-94],[2,-5],[14,-57],[3,-10],[1,-7],[-2,-29],[4,-5],[37,5],[-25,-25],[-14,-6],[-6,-52],[15,-24],[-6,-18],[-3,-9],[-1,-27],[4,-11],[65,-116],[55,-58],[275,-133],[9,-8],[13,-3],[9,-3],[192,-59],[159,7],[10,2],[12,-1],[13,-3],[11,2],[71,9],[11,-2],[43,5],[20,2],[18,-3],[25,-1],[13,-5],[36,-8],[8,30],[19,7],[14,-17],[44,21],[129,46],[449,24],[49,2],[263,8],[245,52],[51,29],[22,39],[-7,135],[10,23]],[[44433,83189],[23,38],[122,-45],[-3,-2],[-20,-31],[-56,-25],[-6,-1],[-4,0],[-8,2],[-47,62],[-1,2]],[[45916,83201],[0,3],[3,1],[132,13],[6,2],[9,-5],[-9,-3],[-66,-58],[-75,47]],[[44798,83816],[4,115],[61,50],[22,5],[40,1],[26,0],[43,2],[10,3],[44,11],[38,-9],[12,0],[10,3],[77,29],[52,47],[6,4],[4,27],[18,14],[33,9],[7,0],[17,-1],[42,-2],[125,15],[120,73],[44,11],[41,4],[116,-20],[17,-11],[-32,-106],[17,-55],[-1,-5],[-1,-6],[-22,-43],[-12,-24],[-51,-97],[-77,-22],[18,-8],[15,-69],[-19,-47],[2,-5],[111,-94],[-30,-14],[-57,59],[-39,34],[-13,12],[-40,-82],[-17,-34],[-13,-15],[-66,-49],[-151,-35],[-185,-30],[-72,8],[-12,5],[-12,7],[-42,29],[-16,9],[-27,25],[-14,36],[-28,32],[-13,6],[-68,45],[-17,20],[-17,28],[-9,16],[-18,67],[-1,22]],[[44109,83909],[48,21],[33,-5],[-81,-16]],[[44123,84468],[6,22],[37,15],[106,-29],[13,-5],[42,-12],[22,4],[43,11],[1,-7],[12,2],[-3,6],[80,33],[12,-1],[63,-27],[4,-12],[53,-98],[59,-27],[3,-53],[-20,-24],[-59,-17],[-139,0],[-30,15],[-33,50],[-22,24],[-136,55],[-12,1],[-30,4],[-15,8],[-52,53],[-5,9]],[[42375,85514],[85,156],[67,85],[41,66],[9,4],[93,92],[12,16],[23,27],[49,41],[7,6],[8,4],[33,14],[18,7],[34,-10],[-12,-10],[-32,-29],[-14,-19],[-31,-30],[-19,-7],[-28,-21],[-15,-18],[-24,-44],[-35,-57],[24,-81],[95,-89],[29,-78],[3,-8],[20,-79],[28,-30],[11,-88],[37,-34],[21,-8],[40,-9],[52,-42],[19,-18],[8,-10],[8,-7],[7,-11],[-18,5],[-12,-70],[46,-54],[16,-6],[50,-6],[18,1],[10,14],[1,6],[19,0],[-1,-4],[0,-3],[20,1],[0,-10],[13,-21],[-348,-45],[-56,22],[-93,82],[-121,119],[-26,63],[-172,176],[-17,49]],[[45843,85120],[33,78],[32,20],[20,-17],[127,40],[14,13],[19,-14],[-18,-18],[-7,-16],[8,-3],[13,-28],[-1,-9],[-38,-55],[-15,-8],[-30,-25],[-78,-17],[-79,59]],[[44294,85061],[8,11],[6,5],[26,42],[15,18],[16,-13],[14,2],[8,38],[7,3],[44,-2],[12,-5],[31,-4],[26,0],[83,15],[15,1],[11,3],[12,4],[6,3],[7,8],[24,8],[8,1],[46,1],[6,-1],[201,31],[143,43],[42,10],[9,3],[26,9],[17,4],[56,16],[35,17],[101,76],[31,-11],[60,-5],[-25,-107],[-32,-34],[-18,-17],[-15,-1],[-20,-6],[-11,-17],[-18,-8],[-4,-2],[-7,-1],[-9,-1],[-110,-17],[8,-3],[-3,-2],[-18,-6],[-86,-5],[-133,-39],[-71,36],[-102,-22],[-18,-23],[-6,-3],[-43,-14],[-65,-44],[-62,3],[-7,-17],[-6,-13],[-8,-6],[-7,-4],[-36,-11],[3,-13],[-25,-12],[-8,-1],[-25,-17],[2,-11],[-2,-1],[-8,-1],[-5,3],[-4,5],[-64,53],[-9,2],[-16,5],[-14,8],[-22,11],[-6,0],[-17,22]],[[45597,85622],[23,4],[8,-1],[51,3],[70,54],[121,-11],[-38,-61],[14,-11],[-5,-16],[-19,1],[-162,-4],[-14,10],[0,-14],[-2,-2],[-27,5],[-5,9],[-5,7],[-6,12],[-4,15]],[[43149,86064],[44,105],[7,16],[4,11],[26,54],[56,81],[79,66],[61,39],[82,23],[220,20],[85,29],[27,-1],[29,-5],[17,-30],[44,5],[15,3],[144,21],[30,10],[30,-1],[0,-15],[47,-3],[34,26],[13,2],[-15,-22],[102,43],[10,7],[65,-6],[240,-51],[115,-61],[46,-54],[-12,-8],[8,-28],[-14,-84],[-19,-5],[16,-38],[92,-97],[-105,-61],[-73,-123],[-5,-7],[4,-57],[2,-6],[-20,-35],[-10,-6],[2,-7],[24,11],[5,-16],[-14,-7],[-11,-8],[-3,-2],[-7,-13],[-9,-18],[-4,-19],[-8,-23],[-7,-19],[-5,-11],[-17,-19],[-11,-3],[-87,-8],[-183,23],[-27,4],[-39,-6],[-14,-6],[-47,3],[-52,8],[-22,0],[-19,-4],[-62,-6],[-28,0],[-57,2],[-26,-1],[-44,3],[-26,5],[-36,9],[-86,26],[-47,39],[-16,17],[-59,46],[-23,-2],[-4,-1],[-5,-6],[-15,-4],[4,8],[-121,15],[-34,10],[-8,2],[-104,39],[-25,10],[-13,5],[-17,4],[-46,3],[-55,46],[-13,114]],[[46523,84190],[14,5],[7,0],[16,4],[12,6],[92,28],[14,-1],[23,-9],[13,-3],[8,-6],[133,-49],[-4,-46],[-6,-9],[-30,-22],[-10,0],[-10,0],[-8,3],[-59,30],[-79,35],[-73,5],[-12,5],[-41,24]],[[46691,84789],[18,-7],[39,-9],[9,9],[62,24],[8,-11],[71,-10],[-78,-34],[-31,-58],[-14,-7],[-7,1],[-17,9],[-9,5],[-51,88]],[[46282,85159],[11,11],[5,3],[50,12],[6,1],[12,-8],[4,-5],[3,-5],[-2,-2],[-4,0],[-82,-11],[-3,4]],[[61834,76625],[-19,22],[53,40],[-36,38],[-144,-13],[-14,58],[-67,-15],[-78,11],[-17,13],[0,20],[-36,12],[-4,34],[-29,25]],[[61443,76870],[32,21],[45,68],[66,33],[-5,57],[30,30],[-79,32],[39,36],[-38,77],[-31,-3],[-29,20],[17,19],[-30,19],[-74,-10],[-12,25],[-60,27],[-14,27],[-12,45],[23,46],[0,32],[55,46],[54,8],[-7,93],[-62,11],[-46,-18],[-2,-33],[-26,-2],[-116,15],[-5,43],[-55,29],[-306,27],[-82,-38],[3,27],[45,18],[56,77],[69,77],[-7,26],[47,40],[20,41],[58,34],[39,-3],[18,37],[-4,26],[30,-2],[79,73],[67,7],[42,-26],[-5,-21],[34,-27],[59,-2],[137,-47],[20,88],[77,24],[41,49],[-48,40],[-29,80],[12,21],[-10,10],[15,41],[19,-4],[-7,36],[56,-1],[-15,33],[33,5],[-7,67],[41,101],[-108,8],[-77,-38],[-30,20],[-61,1],[-88,53],[-136,7],[-80,-28],[-13,-74],[-83,-62],[-75,18],[-185,0],[-51,85],[-48,30],[13,23],[-38,16],[-26,-15],[-164,130]],[[60448,78771],[18,43],[58,38],[10,38],[-5,84],[-50,28],[15,55],[-10,31],[5,64],[60,74],[68,45],[25,-17],[-62,-78],[129,21],[83,-29],[0,-48],[22,-25],[171,-80],[9,59],[16,12],[-22,62],[13,5],[-7,27],[124,56],[54,3],[176,-45],[35,10],[43,-25],[56,48],[-9,47],[22,21],[-14,16],[24,44],[-214,70],[-107,234],[-28,11],[-18,-21],[-67,1],[43,68],[-9,33],[-76,-35],[24,54],[-44,43],[12,17],[-14,28],[55,26],[4,33],[45,27],[69,14],[35,-16],[49,20],[57,-27],[54,25],[27,30],[9,62],[39,8],[19,44],[-10,13],[29,62],[15,61],[-16,38],[8,18],[-25,16],[9,24],[80,-31],[17,27],[-30,65],[-31,3],[-5,23],[-15,1],[5,20],[149,29],[36,45],[40,-23],[57,35],[49,-54],[62,-9],[75,28],[15,-18],[42,13],[9,-13],[23,13],[7,32],[33,-4],[27,-26],[-38,-19],[-21,-75],[145,29],[31,-45],[129,-4],[-8,-30],[11,-16],[73,-24],[15,-7],[-6,-27],[34,-15],[69,6],[45,-60],[13,-28],[-14,-15],[20,-31],[-14,-38],[8,-30],[25,-37],[22,-5],[19,33],[69,30],[39,53],[65,6],[12,38],[46,8],[91,98],[-48,8],[-4,37],[11,10],[-104,-7],[5,63],[-9,93],[50,55],[58,17],[-6,15],[51,39],[37,50],[-18,21],[16,12],[-19,25],[7,21],[-38,54],[25,39],[29,-1],[-7,17],[65,45],[9,27],[-137,48],[-24,30],[-2,48],[-21,12],[13,56],[-14,-4],[-11,25],[46,49],[50,18],[-11,13],[2,25],[14,5],[-4,54],[-33,30]],[[62982,81336],[13,3],[19,4],[51,15],[8,6],[56,15],[23,2],[25,5],[12,1],[112,-30],[9,-5],[97,0],[17,2],[29,6],[52,14],[33,11],[132,55],[17,8],[15,8],[8,7],[2,1],[244,150],[13,10],[113,103],[44,50],[4,6],[15,12],[197,161],[134,60],[93,12],[16,6],[72,40],[13,12],[5,3],[59,52],[18,20],[16,16],[34,28],[14,8],[169,36],[13,8],[33,-14],[4,-4],[25,-11],[8,2],[4,-4],[7,0],[17,-2],[3,-2],[9,0],[6,1],[80,2],[11,-4],[23,-2],[21,2],[220,-18],[10,-2],[10,2],[130,4],[12,-4],[23,-21],[-14,4],[-6,-1],[-4,-20],[-31,-2],[-8,-2],[-18,-4],[3,5],[19,39],[-24,-34],[-62,-16],[-11,-4],[-23,-6],[12,10],[12,6],[0,19],[-41,-18],[22,30],[-67,-42],[-13,17],[12,15],[-34,-22],[-10,-3],[-4,2],[1,6],[28,20],[-20,10],[-52,-36],[-6,4],[1,13],[4,6],[-5,23],[-28,2],[-27,-34],[18,-24],[30,-9],[-1,-3],[-25,-3],[80,-38],[68,-8],[9,4],[8,7],[32,22],[3,3],[15,-8],[10,-12],[44,-24],[10,-4],[58,-11],[35,1],[17,3],[247,74],[11,7],[30,1],[14,-5],[11,1],[13,1],[3,0],[10,1],[47,18],[46,37],[8,16],[12,13],[10,11],[14,15],[29,40],[11,21],[7,10],[55,31],[8,1],[5,1],[12,4],[45,10],[40,31],[19,-13],[-12,-30],[3,-3],[5,-5],[26,-22],[-42,18],[-10,-22],[20,-19],[75,37],[0,15],[1,9],[10,-9],[45,-23],[7,-4],[15,-9],[3,-1],[8,-6],[8,-12],[4,-65],[-37,-108],[-3,-4],[-4,-3],[-7,-2],[-300,-179],[-5,-6],[-37,-30],[-12,-13],[-6,-7],[-5,3],[-95,58],[-74,-5],[-6,-10],[-11,-17],[-8,-12],[-4,-7],[0,-23],[10,-22],[24,-54],[3,-12],[4,-1],[2,-1],[24,0],[15,2],[6,2],[6,3],[11,8],[36,13],[-5,-2],[-12,-15],[-4,-11],[-2,-9],[22,-348],[2,-16],[6,-53],[3,-16],[5,-35],[5,-24],[9,-43],[22,-82],[8,-33],[17,-192],[-6,-54],[-2,-26],[-3,-196],[43,-206],[6,-25],[15,-57],[3,-14],[26,-251],[-9,-11],[-34,-5],[-12,1],[-72,-20],[-106,-55],[-161,-162],[-263,-136],[-7,-6],[-22,-9],[-12,-3],[-80,-48],[-7,-5],[-9,-4],[-389,-202],[-7,-6],[-36,-38],[-10,6],[-43,-43],[-1,-1],[1,0],[4,-5],[-10,-7],[-52,-66],[-12,-9],[-11,-15],[-11,-7],[-59,-71],[-157,-119],[-5,-6],[-7,-6],[-6,-5],[-11,-11],[-12,-13],[-67,-73],[-61,-65],[-91,-54],[-11,-4],[-60,-24],[-6,-3],[-35,-5],[-35,24],[-25,15],[-235,3],[-92,24],[-11,5],[-13,9],[-26,38],[19,-5],[-12,12],[8,70],[-38,59],[-12,-2],[29,-51],[-11,-24],[9,-34],[-30,-10],[-70,28],[4,-42],[-17,-3],[17,-4],[-6,-22],[20,-4],[1,31],[8,-38],[24,1],[-37,-13],[-2,-6],[-12,-58],[-7,-12],[-68,-94],[-56,-49],[-6,-12],[-13,-8],[-6,-3],[-6,-4],[-8,-8],[-8,-6],[-5,-2],[-38,-25],[-9,-7],[-12,-5],[-30,-17],[-7,-5],[-7,-2],[-20,-10],[-6,-7],[-75,-84],[-38,-104],[7,-92],[180,-322],[123,-136],[123,-62],[71,18],[8,-2],[20,0],[-22,16],[-8,-4],[-5,14],[31,-9],[12,-3],[5,0],[78,2],[146,-34]],[[67201,82610],[1,6],[0,1],[15,6],[10,-8],[1,-10],[-3,-6],[-24,11]],[[66129,82878],[37,4],[6,-5],[5,0],[6,1],[28,-4],[-11,-7],[-2,-9],[2,-4],[-4,-5],[-9,-1],[-55,28],[-3,2]],[[65466,83000],[1,12],[1,8],[32,183],[4,33],[0,17],[3,38],[4,14],[2,8],[8,27],[-3,48],[42,95],[8,16],[12,29],[45,73],[14,20],[57,105],[68,85],[230,190],[3,1],[9,3],[42,-35],[17,-7],[300,-44],[17,-1],[63,-14],[16,-7],[200,-36],[8,0],[84,-8],[12,-3],[33,-4],[8,0],[64,-6],[20,-6],[139,-64],[13,-6],[8,-17],[-4,-2],[1,-5],[7,-10],[7,-9],[10,-4],[16,-10],[84,-27],[8,-2],[18,-9],[112,-30],[39,4],[7,0],[14,-5],[-9,-13],[39,-1],[-6,-13],[33,-2],[1,-14],[3,-9],[21,-28],[12,-9],[14,-7],[21,-17],[5,-11],[9,-41],[78,-210],[121,-82],[9,-10],[7,-8],[59,-72],[3,-7],[5,-29],[9,-45],[0,-6],[17,-40],[11,-8],[42,-61],[9,-16],[6,-7],[21,-13],[45,-34],[11,-13],[7,-11],[24,-87],[5,-22],[16,-38],[7,-4],[13,-13],[6,-24],[18,-46],[24,-18],[13,-9],[2,-8],[-1,-7],[7,-60],[-16,-11],[-266,41],[-178,61],[-108,15],[-8,-1],[-17,2],[-14,1],[-206,-4],[-17,-5],[-12,1],[-67,-14],[-14,-5],[-19,-9],[-6,5],[-36,-18],[-3,-13],[-26,27],[-4,12],[-1,37],[18,10],[-5,-15],[10,-3],[72,3],[10,3],[35,9],[5,6],[2,6],[-1,16],[-4,13],[-36,2],[-5,-2],[-18,3],[-14,7],[-76,17],[0,-10],[-9,2],[-13,15],[5,16],[-49,-17],[-12,-5],[-24,0],[-15,4],[-24,-1],[-3,-6],[6,-10],[-17,9],[-3,6],[-16,-11],[-1,-8],[-6,-10],[-14,-16],[-10,-15],[4,-4],[-3,-4],[-8,-1],[-13,-9],[-5,-6],[123,-84],[36,37],[-3,17],[19,-10],[-46,-61],[-9,-7],[-116,-24],[-248,19],[-11,-2],[-11,3],[-11,1],[-11,-3],[-8,2],[-60,-3],[-26,-8],[-22,8],[9,7],[-39,8],[-5,-1],[-19,13],[-3,4],[-142,43],[-4,3],[3,28],[6,8],[9,57],[-1,12],[-2,8],[-8,10],[-9,28],[55,95],[4,9],[-17,58],[-5,0],[-22,-4],[9,15],[-2,6],[-8,5],[-8,4],[6,13],[3,6],[3,32],[-11,21],[-60,3],[-12,26],[-9,3],[-11,6],[-74,16],[-6,-16],[8,-3],[-1,-7],[-7,-7],[-11,-15],[-6,4],[0,7],[0,6],[6,24],[-25,23],[-79,15],[-8,-7],[-6,0],[-62,-24],[5,-17],[-5,-30],[-20,-4],[-8,28],[-19,2],[-121,-27],[-5,-3],[-3,-2],[-3,-5],[-12,-19],[-15,-2],[-11,3],[-4,5],[-19,15],[-21,-11],[-2,-3],[-2,-4],[-3,-4],[-1,-5],[3,-13],[-1,-6],[-5,-11],[5,-29],[34,-12],[12,-3],[43,13],[30,-43],[2,-8],[10,-16],[14,-4],[40,-4],[32,-26],[-18,4],[-8,1],[-20,2],[-23,7],[-54,28],[-34,22],[-182,98],[-3,4],[-7,9],[-8,14],[-5,17],[-8,31]],[[52751,74500],[125,40],[86,-3],[67,-28],[168,36],[118,50],[-23,61],[-27,10],[-35,84],[2,27],[-83,158],[599,229],[72,28],[52,91],[112,243],[86,365],[22,84],[21,40],[-6,27],[-8,48],[13,3],[-73,55],[-81,-13],[-22,12],[-51,144],[15,6],[-29,53],[-26,58],[34,26],[53,62],[51,-3],[73,36],[35,1],[160,8],[177,7],[123,10],[200,17]],[[54751,76572],[83,-161],[21,-69],[248,-146],[273,-171],[-27,-56],[75,-31],[-61,-93],[-14,-49],[88,-7],[113,-95],[34,48],[-56,49],[64,48],[95,-80],[24,-25],[123,-101],[24,-11],[2,-75],[16,-38],[-135,-224],[48,-9],[4,-31],[218,-47],[23,-55],[-4,-58],[-11,-71],[-24,-41],[-40,-29],[178,-49],[25,27],[190,41],[21,-22],[183,123],[32,26],[-18,18],[21,18],[54,20],[9,-30],[61,-35],[35,-47],[-58,-24],[14,-18],[-21,-27],[27,-23],[-49,-82],[1,-18],[34,-7],[-109,-165],[-53,22],[-4,-22],[-16,12],[10,38],[-26,-4],[-21,-79],[27,5],[-2,-14],[42,-22],[-72,-104],[-61,-90],[31,-4],[-43,-19],[17,-39],[-41,-41],[17,-115],[-58,-68],[8,-10],[-17,-14],[2,-17],[19,-13],[1,-66],[39,-49],[-11,-2],[26,-93],[-25,-1],[12,-47],[24,-18]],[[56410,73796],[-77,4],[-11,-15],[-86,13],[-36,27],[-28,-15],[-24,9],[-6,-26],[-64,-3],[-16,-7],[0,-116],[-38,-24],[4,-30],[-33,-26],[-5,-32],[-35,-9],[20,-17],[-57,-32],[-24,-41],[39,-14],[-49,-9],[-97,-68],[-39,-73],[-52,-25],[-34,-58],[1,-30],[-114,-35],[6,-21],[-49,1],[3,-27],[-29,-11],[0,-46],[-100,-35],[-75,19],[-99,88],[-61,27],[-55,58],[-13,33],[60,18],[13,23],[-27,29],[-32,-12],[-17,28],[-159,55],[-15,77],[12,53],[-56,1],[-2,-30],[-29,-5],[-18,-74],[-38,-59],[48,-24],[-30,-97],[-62,16],[-42,-73],[32,-67],[-13,-32],[-40,-32],[-11,-37],[-30,-14],[11,-23],[28,5],[14,-24],[-47,-10],[-22,-140]],[[54605,72782],[-163,19],[-4,0],[-6,2],[-185,38],[-2,-9],[-9,1],[-34,5],[-19,2],[-108,20],[-9,4],[-8,7],[-3,7],[2,10],[8,8],[5,9],[-15,1],[-53,16],[-82,68],[-3,6],[-71,49],[-128,71],[-39,7],[8,-16],[-13,-6],[-58,25],[-9,3],[-67,35],[-7,4],[-13,9],[-96,65],[-5,5],[-68,39],[-8,4],[-8,2],[-9,7],[-242,118],[-9,6],[2,31],[54,43],[9,10],[16,22],[4,10],[7,11],[16,-5],[36,-15],[-4,-36],[26,-32],[40,-8],[-55,45],[0,40],[14,10],[-30,24],[-88,81],[-78,122],[-6,8],[-1,8],[-17,71],[33,60],[-3,59],[-35,67],[-36,79],[-7,5],[-8,16],[2,4],[-5,3],[-9,19],[-2,8],[-108,182],[-61,119],[8,11],[-38,5]],[[52896,73738],[1,16],[3,11],[23,50],[27,20],[18,70],[-10,27],[4,3],[17,-20],[0,-10],[17,-167],[68,-118],[32,-13],[10,-2],[42,-28],[3,-5],[0,-1],[1,-2],[-2,-17],[-5,-7],[-10,-17],[-5,-11],[-5,-8],[-5,-7],[-6,-7],[-5,-5],[-7,-4],[-52,27],[-4,7],[-22,42],[-5,7],[-16,18],[-72,74],[-5,7],[-20,25],[-6,15],[-3,15],[-1,15]],[[53017,73718],[57,-38],[8,-30],[1,-8],[3,-9],[4,-12],[-18,5],[-54,87],[-1,5]],[[52568,74452],[36,10]],[[52604,74462],[114,-62],[6,-4],[27,-34],[11,-16],[56,-131],[4,-9],[12,-33],[24,-120],[3,-22],[2,-6],[-1,-8],[-32,-88]],[[52830,73929],[-52,98],[-9,16]],[[52769,74043],[-66,127],[-10,76],[-3,15],[-15,24],[-13,15],[-20,33],[-5,11],[-7,9],[-62,99]],[[38652,79980],[8,8],[12,2],[50,-8],[42,4],[7,3],[7,4],[14,-12],[41,-37],[-16,-10],[20,-6],[6,-23],[3,-12],[-3,-2],[-6,4],[-20,-26],[41,-8],[-14,-12],[23,-19],[-40,-29],[-18,49],[-36,12],[-53,80],[-68,38]],[[38928,79975],[43,0],[17,4],[10,5],[8,5],[46,14],[15,-2],[15,-3],[10,-45],[0,-5],[-28,-30],[7,-13],[-32,-1],[-12,-2],[-30,-2],[-6,6],[-49,50],[-14,19]],[[54570,72698],[-1,-5]],[[54569,72693],[-119,11]],[[54450,72704],[120,-6]],[[54308,72722],[-69,18]],[[54239,72740],[55,-8],[14,-10]],[[57175,79298],[18,38],[95,-28],[19,20],[66,5],[24,-15],[-6,-17],[100,-43],[59,19],[2,34],[84,16],[3,26],[33,13],[14,-21],[102,-41],[80,1],[24,34],[-8,30],[-30,19],[-4,34],[122,36],[21,22],[-73,62],[19,29],[-14,19],[14,14],[-56,57],[58,72],[-2,28],[-32,16],[2,24],[11,57],[-15,41],[22,58],[-9,26],[-39,17],[-9,19],[75,55],[0,54],[-12,19],[29,44],[3,40],[36,4],[-29,41],[3,9],[-33,15],[-2,64],[-17,13],[25,59],[31,15],[9,30],[-65,21],[-134,42],[-80,21],[96,106],[110,34],[20,24],[-2,34]],[[58367,81806],[1,19],[4,9],[-9,3],[22,21],[12,17],[0,11],[0,26],[12,19],[2,7],[1,6],[-6,29],[-4,6],[143,55],[3,2],[11,38],[-16,38],[5,10],[8,17],[3,5],[0,3],[0,3],[-7,13],[-14,20],[-4,5],[31,16],[15,2],[10,4],[8,6],[58,72],[9,45],[5,8],[6,13],[-2,18],[-5,7],[-3,15],[48,22],[7,3],[5,6],[-13,2],[28,33],[6,7],[-10,21],[1,6],[50,54],[11,5],[27,29],[-3,5],[-13,7],[91,22],[17,1],[21,3],[27,5],[17,1],[153,12],[6,-2],[7,2],[5,3],[37,6],[19,0],[2,2],[2,2],[47,-7],[10,-1],[4,2],[5,6],[3,6],[73,1],[0,21],[1,4],[4,2],[6,0],[15,2],[9,45],[-8,-7],[-10,-4],[-4,4],[-23,-5],[-4,-4],[-5,2],[-9,-2],[-4,-6],[-9,-8],[-7,-3],[-1,-5],[-5,-5],[-8,-1],[-7,-8],[-2,-5],[-6,-4],[-7,-3],[-22,-3],[-12,17],[97,62],[39,20],[82,48],[5,5],[7,2],[7,1],[21,3],[4,4],[5,-2],[13,2],[6,4],[7,-2],[17,4],[2,3],[7,-2],[14,3],[4,2],[2,3],[5,-2],[18,1],[4,3],[7,-2],[15,1],[5,4],[2,-3],[16,-1],[3,2],[10,-1],[6,-1],[4,1],[12,1],[6,-2],[11,0],[3,3],[4,-3],[19,-2],[5,2],[5,-3],[6,-2],[6,-1],[5,1],[12,-2],[4,-2],[26,-4],[5,-2],[3,1],[10,-2],[5,-2],[7,-2],[6,0],[33,-8],[3,-2],[6,-2],[5,0],[64,-16],[19,-3],[10,-5],[7,-2],[6,2],[3,-4],[14,-5],[6,1],[5,-4],[72,-17],[5,3],[7,-3],[5,-3],[7,1],[119,-34],[6,-3],[6,-1],[31,-11],[2,-5],[19,-5],[0,-6],[106,-71],[7,-2],[53,-32],[7,-5],[9,-2],[3,-5],[2,-5],[15,-3],[1,-4],[14,-6],[6,0],[4,-5],[6,-4],[8,-2],[160,-68],[-11,-7],[9,-10],[11,-7],[18,-8],[13,-6],[21,-10],[24,-7],[30,-15],[24,-13],[198,-85],[33,-10],[14,-3],[57,-17],[14,-4],[37,-6],[8,-1],[9,-2],[10,-1],[10,0],[26,-4],[16,-5],[17,-4],[6,-4],[73,-22],[79,-20],[14,-2],[12,0],[27,-3],[44,-17],[57,-27],[250,-94],[12,-2],[9,-2],[4,-3],[93,-28],[35,-13],[9,-1],[2,-5],[246,-128],[15,-5],[15,-9],[10,-8],[11,-7],[6,-6],[11,-6],[7,-5],[6,-4],[14,-13],[3,-9],[16,-20],[9,-7],[2,-5],[5,-7],[14,-23],[4,-8],[18,-33],[7,-7],[7,-13],[-2,-12],[-2,-7],[1,-4],[10,-11],[116,-75],[21,-12],[47,-21],[22,-8],[33,-14],[2,-9],[21,-24],[-20,-15],[-2,-5],[48,-69],[49,-28],[92,-31],[113,-5]],[[60448,78771],[-12,-7],[25,-122],[-192,-15],[-195,24],[-7,20],[33,33],[-31,27],[-34,2],[-14,-20],[-86,51],[19,64],[-1,56],[-34,68],[-7,102],[-54,-9],[-150,-34],[-251,-26],[24,-17],[-5,-12],[-110,-10],[-66,23],[-28,-34],[-19,9],[-48,-40],[-21,-23],[7,-8],[-124,-54],[-95,-1],[-35,41],[-21,-19],[-4,-24],[17,-26],[52,10],[21,-24],[-81,-16],[-59,-58],[-100,21],[-111,-59],[-79,-2],[-5,-39],[-91,-13],[-22,-61],[-64,-49],[-83,-8],[-66,-43],[-46,-7],[-13,21],[-48,0],[-74,38],[-128,-24],[-18,-22],[-35,31],[-89,3],[-162,-38],[-75,31],[-54,-25],[-97,21],[-47,-9]],[[51690,81149],[5,34],[104,67],[-72,0],[-40,55],[5,18],[44,-14],[30,-34],[25,-6],[3,15],[-51,61],[27,13],[-13,16],[16,61],[-16,20],[-2,83],[-35,-7],[0,19],[-53,5],[150,197],[64,61],[70,-21],[144,-3],[175,-86],[39,16],[34,22],[14,-32],[25,14],[11,-24],[5,18],[109,14],[11,16],[8,-13],[29,13],[-2,14],[42,3],[27,44],[86,53],[125,16],[38,-10],[16,10],[-13,28],[11,9],[100,17],[51,-11],[45,26],[77,170],[-40,122],[-117,194],[115,53],[-52,29],[-3,16],[11,111],[-30,71],[16,49],[24,21],[95,38],[75,-7],[114,20],[73,67],[64,23],[67,-1],[53,54],[26,-5],[160,93],[-12,57],[15,14],[-15,20],[-100,38],[29,35],[-9,5],[11,47],[40,25],[66,43],[-7,27],[75,22],[54,52],[23,-3],[115,63],[-16,18],[20,17]],[[54098,83544],[6,-4],[5,-5],[26,0],[4,2],[27,4],[11,-5],[18,-13],[44,-21],[-6,-11],[-4,-4],[6,-7],[6,-1],[35,-2],[5,-1],[2,-1],[6,0],[5,3],[90,16],[17,16],[3,6],[10,17],[6,16],[-15,72],[-4,10],[-10,45],[-9,17],[-64,63],[-8,1],[-31,35],[7,12],[41,-25],[50,8],[12,-1],[51,1],[7,5],[3,36],[-3,9],[2,14],[6,7],[20,44],[1,9],[21,16],[45,-8],[-20,-16],[3,-44],[-12,-10],[-4,-5],[1,-13],[6,-1],[11,0],[1,-4],[16,5],[-6,0],[4,23],[22,6],[8,0],[13,4],[3,4],[33,9],[7,-3],[23,-3],[-32,24],[-5,3],[-6,10],[2,9],[16,-3],[1,-6],[48,27],[-15,48],[-8,10],[-3,7],[-1,6],[15,3],[9,-2],[22,15],[-3,6],[11,64],[14,3],[6,6],[6,20],[0,6],[56,16],[5,-3],[31,9],[8,5],[13,11],[4,4],[2,6],[0,11],[7,21],[7,10],[51,35],[7,1],[8,5],[62,-10],[1,-4],[-42,-45],[10,1],[7,3],[7,2],[8,3],[5,4],[1,5],[35,30],[15,10],[30,26],[17,14],[43,26],[3,2],[65,46],[2,7],[8,6],[111,101],[11,10],[5,6],[13,30],[-9,14],[23,10],[25,-17],[3,-3],[6,-2],[5,2],[33,13],[77,23],[4,7],[8,33],[-1,9],[5,26],[19,-6],[2,-4],[0,-1],[-2,-3],[-5,-18],[4,-2],[7,1],[6,4],[6,1],[23,9],[3,7],[-4,22],[60,5],[9,4],[17,13],[8,9],[137,41],[8,0],[75,61],[3,4],[5,4],[2,4],[24,21],[10,1],[27,7],[7,7],[54,44],[16,7],[10,6],[5,8],[1,3],[92,31],[10,0],[34,10],[7,7],[44,20],[16,31],[39,4],[2,5],[-1,3],[23,8],[-8,-8],[-1,-3],[5,0],[3,2],[11,0],[6,-1],[7,11],[-2,3],[8,20],[-26,23],[4,10],[8,4],[24,31],[4,9],[15,39],[22,4],[3,2]],[[56409,85170],[27,-20],[58,-18],[13,-29],[-25,-3],[2,-14],[54,0],[-7,-31],[44,-11],[14,65],[39,10],[-2,60],[34,7],[-8,19],[-33,-3],[-11,65],[14,22],[85,-11],[34,-91],[96,47],[107,24],[45,-22],[75,10],[57,-71],[23,-6]],[[57144,85169],[2,-13],[0,-9],[18,-162],[-23,-74],[-5,-16],[-19,-71],[-18,-129],[-2,-94],[16,-43],[-22,-2],[-22,-11],[1,-13],[43,0],[-19,-24],[1,-19],[7,-116],[-3,-7],[0,-29],[2,-7],[1,-10],[-1,-13],[1,-3],[5,-126],[-2,-7],[-50,-40],[-12,-5],[-12,-3],[-38,-30],[-6,-11],[-4,-7],[-60,-138],[-77,-114],[-5,-5],[-8,-5],[-13,-5],[-22,-12],[-11,-8],[-7,-5],[-6,-7],[-34,-46],[-14,-4],[-76,-33],[-10,-18],[-65,-57],[-117,-42],[-8,1],[-11,-7],[-76,-45],[-5,-5],[-93,-31],[-9,-1],[-42,-13],[-38,-13],[-7,-3],[-6,0],[-13,-5],[-184,-85],[-11,-3],[-8,-4],[-14,-8],[-118,-45],[-9,1],[-13,-6],[-26,-11],[-72,-19],[-59,43],[-33,0],[-16,0],[-72,-3],[-17,-4],[-51,-26],[51,16],[25,-11],[-3,-15],[-3,-13],[-1,-49],[4,-14],[14,-43],[7,-14],[62,-65],[10,-13],[18,-19],[85,-50],[128,8],[16,2],[245,28],[23,5],[11,2],[21,9],[10,7],[9,4],[11,10],[30,54],[10,-6],[-12,-21],[13,-1],[67,42],[0,5],[-55,-5],[-11,-1],[-13,-7],[10,25],[28,-4],[17,0],[17,2],[68,9],[156,34],[14,4],[27,7],[11,2],[17,0],[14,2],[168,11],[22,-2],[26,1],[22,3],[20,4],[20,11],[95,48],[131,22],[10,0],[18,-1],[12,2],[20,3],[266,37],[11,3],[7,4],[11,2],[6,3],[229,21],[15,2],[13,3],[72,15],[17,2],[22,4],[6,3],[14,0],[27,3],[4,3],[149,-13],[15,-7],[159,-83],[25,-12],[6,-4],[9,-5],[248,-192],[57,-24],[17,2],[14,-6],[-3,-4],[-41,-69],[-5,-1],[-39,-12],[-9,0],[-38,-17],[-47,-81],[-6,-13],[-8,-8],[-11,-17],[-51,-9],[-2,-14],[0,-8],[-3,-7]],[[56401,78060],[-45,-5],[19,-20],[-8,-19],[-72,7],[-26,-27],[-82,-12],[-111,24],[-6,-24],[-52,-25],[7,-38],[-42,6],[-162,-16],[-104,37]],[[55717,77948],[-63,20],[-7,66],[-363,37],[18,14],[12,57],[-17,6],[3,49],[36,62],[-16,50],[-16,41],[-99,43],[-182,-19],[-137,51],[-174,-32],[-59,-57],[10,42],[-151,-72],[-89,-6],[-40,32],[-13,39],[-46,23],[-57,10],[-63,-24],[-19,20],[-24,-6],[-19,35],[18,87],[-25,21],[-29,-25],[9,-9],[-20,-47],[-27,-35],[-121,-70],[-130,10],[-145,9],[-174,2],[-29,162],[46,19],[3,42],[-42,-17],[-87,32],[-25,78],[-15,-3],[-56,61],[9,9],[-13,22],[18,3],[3,24],[15,9],[-11,4],[-113,60],[-90,-24],[-33,26],[-135,6],[-40,-23],[-21,34],[-75,10],[38,38],[38,-6],[24,18],[-8,6],[-69,-1],[-3,-23],[-80,-10],[-70,-56],[-55,-3],[-79,-75],[-160,65],[-181,-37],[-20,-87],[-43,13],[-75,-38],[1,-14],[29,-8],[-15,-71],[-57,22],[-11,-5],[11,-18],[-43,-21],[-64,39],[-9,-13],[70,-72],[-65,-22],[-23,90],[-41,-1],[3,-17],[-32,-8],[-20,9],[-5,24],[-14,-7],[2,-32],[-219,-39],[-27,66],[-137,-19],[-67,37],[-35,-5],[-93,-77],[-131,26],[2,-12],[-89,-20]],[[51867,78669],[15,-31],[22,-7],[-15,19],[43,55],[62,23],[-5,34],[-48,21],[-74,-114]],[[54657,83871],[44,-6],[78,41],[92,-15],[16,21],[-117,3],[-64,-39],[-49,-5]],[[49294,87908],[256,-6],[251,-79],[115,-35],[12,-23],[73,-25],[77,0],[300,-104],[40,-71],[-81,-99],[3,-48],[88,-162],[35,-86],[199,24],[91,-25],[18,-59],[74,-30],[6,16],[-29,33],[12,33],[307,-40],[8,-16],[114,-45],[15,22],[-28,17],[9,40],[29,-5],[83,98],[62,2],[4,23],[85,44],[-12,12],[32,81],[-17,23],[3,25],[35,-3],[24,27],[-5,23],[15,21],[78,-10],[94,25],[7,-19],[31,40],[33,0],[60,-47],[4,-19],[-19,-8],[-1,-24],[36,-22]],[[51920,87427],[-7,-13],[4,-4],[0,-6],[-2,-5],[2,-9],[6,-22],[18,-41]],[[52532,87320],[54,6],[7,2],[29,28],[7,36],[3,4],[4,5],[10,8],[47,44],[1,8],[50,46],[22,1],[5,-2],[28,-22],[28,29],[5,9],[4,3],[6,5],[6,0],[58,61],[5,5],[7,4],[6,0],[15,9],[5,7],[9,5],[14,6],[47,19],[14,8],[15,4],[23,4],[90,29],[8,5],[7,5],[6,12],[0,5],[10,3],[28,-3],[-11,27],[10,16],[17,34],[41,10],[12,-5],[29,4],[12,8],[15,21],[-14,36],[11,12],[2,10],[-1,14],[64,59],[-6,-21],[93,-8],[9,-2],[50,0],[9,3],[13,14],[0,-30],[-16,-11],[-18,-14],[-13,-11],[-29,-20],[-5,0],[-21,-16],[-13,-16],[-58,-96],[-8,-18],[-15,-42],[-3,-11],[-1,-3],[-2,-14],[1,-61],[13,-24],[4,-4],[2,-5],[5,-15],[12,-22],[4,-4],[4,-5],[3,-4],[4,-4],[4,-4],[12,-8],[5,-13],[53,-61],[7,-4],[8,-4],[14,-2],[7,1],[122,21],[91,-40],[83,-48],[8,-7],[10,-2],[7,-3],[22,-11],[10,-4],[32,-16],[5,14],[-1,9],[9,-1],[13,1],[6,2],[38,11],[32,-18],[103,-32],[9,-3],[23,-6],[12,-4],[3,-2],[4,-2],[9,-3],[14,-6],[7,-5],[21,-10],[9,-2],[12,-6],[43,-19],[10,-3],[53,-23],[9,-5],[73,-27],[12,1],[103,-21],[26,-8],[8,-4],[10,-1],[107,-23],[7,-2],[9,-1],[22,-6],[24,-6],[7,2],[12,-2],[9,-5],[33,-7],[4,3],[46,-31],[14,-13],[13,-5],[55,-19],[148,24],[81,-154],[167,-170],[26,-27],[19,-18],[16,-13],[6,-9],[7,-12],[13,-14],[12,-11],[150,-67],[77,-6],[-2,-6],[50,-14],[7,-2],[67,-3],[34,22],[2,42],[39,72],[108,82],[-6,-11],[-2,-6],[1,-5],[3,-6],[-1,-5],[-6,0],[1,-8],[7,0],[15,4],[5,4],[8,-2],[4,-5],[16,-8],[8,1],[19,-28],[-1,-6],[0,-12],[18,4],[0,6],[10,54],[1,3],[-32,54],[-8,-1],[-12,-19],[-8,12],[29,79],[8,16],[2,9],[1,9],[-17,14],[-6,49],[38,107],[29,31],[-3,-18],[34,-33],[19,-9],[28,-10],[274,-147],[9,-4],[11,-2],[36,-9],[13,-41],[8,-21],[8,-15],[15,-25],[11,-14],[28,-34],[10,-12],[9,-8],[64,-90],[13,-74],[28,-207],[36,-96],[34,-82],[84,-88],[77,-49],[14,-15],[18,-15],[22,-24],[21,-13],[71,-54],[19,-13],[13,-5],[9,-8],[36,-30],[17,-39],[-20,-165],[-4,-7],[-7,5],[2,13],[-14,37],[16,11],[-34,9],[-6,-5],[-10,-1],[-1,5],[47,28],[-23,-2],[-5,-1],[-3,2],[1,6],[13,20],[33,-7],[5,12],[-29,11],[-29,-26],[-35,-4],[1,3],[5,2],[42,32],[16,12],[-7,12],[-37,-32],[-33,-3],[-9,0],[16,10],[14,4],[14,16],[3,6],[10,9],[4,5],[11,21],[-18,-6],[-14,22],[-9,-45],[-2,-5],[-9,2],[0,3],[-29,4],[-4,2],[1,2],[5,1],[20,2],[-21,6],[1,4],[4,2],[14,26],[-50,5],[0,17],[-72,-59],[-4,-3],[-8,-4],[-38,0],[-27,-11],[-6,-6],[-26,-55],[-5,-2],[-58,16],[-2,30],[5,4],[44,34],[-24,72],[5,5],[3,22],[-5,16],[-2,3],[-5,2],[-41,12],[-17,5],[-8,-1],[-4,-4],[-3,-5],[1,-4],[-3,-14],[-8,-2],[0,-7],[6,-4],[1,-4],[-27,-20],[-1,-6],[-28,-13],[-7,-1],[-5,-2],[0,-4],[1,-4],[6,-4],[2,-5],[-2,-5],[-19,-19],[9,-7],[6,-3],[9,-7],[5,-2],[7,1],[22,-15],[0,-8],[-1,-33],[-16,-16],[-46,7],[-14,4],[-23,2],[-17,-20],[-9,-16],[-19,-16],[-19,-4],[-29,-5],[-5,-2],[-20,-1],[-2,3],[-45,2],[-36,-29],[-1,-7],[-9,-10],[-4,-3],[-4,-3],[-11,-5],[-20,0],[-7,-8],[5,-1],[15,-9],[-8,-11],[-6,-8],[-3,-8],[-1,-19],[1,-37],[-28,-44],[8,-37],[3,-18],[-24,-66],[3,-7],[-7,-41],[-23,-66],[7,-66],[-8,-6],[14,-30],[22,19],[1,4],[-1,12],[23,-21],[-3,-5],[-53,-49],[-12,-6],[-5,-4],[-110,14],[-15,5],[-12,5],[-4,3],[-2,7],[3,38],[-26,11],[-4,-6],[-12,-11],[-6,-4],[-6,-6],[-1,-6],[0,-7],[17,-15],[5,-1],[18,-13],[-35,-16],[-10,-2],[-7,-4],[-11,-6],[-13,-4],[-8,-1],[-92,-47],[-2,-5],[-41,-30],[-3,-2],[-8,-8],[-52,-88],[-51,-19],[-9,-4],[-29,-13],[-5,-6],[-86,-57],[-14,-6],[-81,1],[-8,-2],[-8,-5],[-5,-6],[-5,-7],[-17,-3],[-19,-3],[-6,-3],[-4,-2],[-9,-4],[-12,-5],[-10,-9],[-1,-5],[2,-12],[5,-6],[5,-2],[6,0],[37,-3],[-85,-22],[-18,-5],[-13,-6],[-16,-14],[-20,-44],[-3,-2],[4,-7],[5,-11],[-29,-13],[-8,11],[-41,25],[-12,10],[26,20],[86,52],[-94,-16],[4,-14],[-17,-10],[12,-8],[-24,-19],[-40,5],[-26,-30],[-2,-4],[-1,-4],[-4,-15],[-5,-4],[-3,-36],[4,-2],[2,-7],[24,19],[-2,4],[-1,3],[6,3],[28,44],[2,7],[3,5],[2,0],[5,-4],[4,-7],[13,-13],[6,0],[23,-4],[-5,-11],[-5,-4],[-23,-33],[4,-4],[-70,-22],[-16,1],[-36,-8],[-1,-4],[-63,-46],[-13,0],[-117,19],[-12,1],[-12,13],[16,15],[46,6],[9,4],[4,11],[-30,-3],[-5,-3],[-5,0],[-4,-2],[-27,-1],[-6,20],[-3,4],[-21,-7],[-5,-4],[-6,-2],[-11,-40],[1,-5],[-2,-9],[-4,-6],[-14,-43],[0,-10],[-5,-21],[-3,0],[2,-8],[3,-1],[21,-9],[24,16],[-4,-30],[-24,-15],[-15,-8],[-53,-30],[-4,-8],[-24,-14],[-8,-4],[-3,-4],[-3,-3],[-7,-37],[-25,-30],[-5,-11],[-14,-12],[-7,-6],[-10,-11],[-7,-7],[-11,-9],[-41,-52],[-2,-42],[2,-2],[-2,-4],[-29,-59],[0,-8],[-13,-5],[-10,0],[-32,-9],[-8,-3],[-14,-4],[-13,2],[-8,1],[-5,5],[-3,8],[-19,25],[-9,1],[-1,0],[-47,-18],[33,-20],[6,-2],[11,-12],[-7,-2],[-50,-108],[-51,-8],[-8,-3],[-20,-3],[-6,3],[-12,59],[-7,12],[-7,8],[-53,9],[-14,-4],[-166,-18],[-30,-2],[-8,-1],[-71,-25],[-11,-1],[-35,3],[-9,-1],[-5,-3],[-29,3],[-3,4],[-13,7],[-8,0],[-7,-13],[8,-2],[31,-16],[-27,3],[-6,4],[-13,3],[-7,-1],[-26,-2],[-9,-1],[-7,-2],[-5,-4],[-11,-7],[-4,-4],[-7,-31],[0,-7],[-18,-43],[-69,100],[15,24],[42,13],[3,6],[2,9],[-4,10],[-17,25],[-8,10],[-27,6],[-3,-5],[-14,-3],[-10,0],[-25,-9],[-4,-3],[-17,-6],[-5,0],[-3,-1],[-3,-2],[-12,-5],[-7,0],[-16,-1],[-7,-3],[-44,-7],[-13,0],[-6,-2],[-7,-3],[-2,-5],[21,-45],[-30,-27],[-16,-1],[-33,-14],[-16,-15],[-2,-3],[-17,-15],[5,-5],[-12,-8],[-4,3],[-39,-30],[3,-12],[3,-10],[-30,-2],[-42,5],[-23,10],[-38,8],[5,-5],[-64,1],[2,5],[-45,-7],[-6,-5],[-6,0],[-6,-1],[-10,4],[0,5],[1,15],[-15,-5],[-46,-13],[-31,-24],[-7,-4],[31,-24],[7,-3],[38,-32],[62,-26],[170,3],[85,30],[6,1],[8,3],[15,18],[135,13],[97,37],[11,1],[8,7],[42,8],[26,-21],[7,-6],[45,-12],[3,9],[30,15],[56,-13],[5,-3],[8,-1],[121,-25],[41,-49],[0,-8],[18,-39],[11,-14],[6,-7],[4,-3],[11,-8],[4,-1]],[[53125,83682],[27,24],[-5,-24],[14,-7],[-36,7]],[[56409,85170],[-1,9],[-3,4],[-2,33],[-29,25],[-8,10],[-19,19],[4,27],[-15,26],[-1,6],[9,11],[10,4],[7,5],[6,6],[1,4],[-1,4],[1,5],[4,4],[-11,49],[-12,0],[-1,26],[10,14],[2,8],[9,10],[7,31],[-2,11],[46,45],[7,2],[8,10],[0,15],[69,30],[160,-21],[82,-48],[37,4],[1,-32],[-1,-8],[-9,-32],[21,19],[1,7],[45,-1],[5,-2],[8,-11],[3,13],[-3,2],[6,50],[22,37],[32,-9],[-1,-18],[3,-16],[4,-9],[1,-7],[0,-6],[2,-6],[26,-47],[1,-9],[43,-13],[4,8],[18,21],[64,-2],[56,-1],[10,22],[-9,1],[0,4],[6,4],[7,2],[1,2],[7,7],[2,10],[0,6],[-5,5],[-36,33],[60,-22],[-3,-17],[-3,-14],[-2,-12],[-13,-49],[-44,2],[-92,11],[-22,-39],[17,-5],[30,-8],[43,-11],[66,24],[-4,-30],[5,-1],[16,1],[-18,-37],[-10,-206]],[[54751,76572],[88,115],[20,4],[4,42],[-12,17],[-43,16],[-4,27],[28,12],[-7,18],[-26,46],[7,120],[135,-25],[61,129],[226,-34],[5,32],[-14,24],[30,40],[42,10],[-41,109],[26,20],[-15,16],[-36,63],[-46,-11],[-24,25],[-99,4],[-12,19],[14,7],[-89,99],[2,68],[135,38],[90,-22],[135,-141],[13,-25],[-11,-52],[19,-22],[12,-21],[56,24],[28,32],[-3,60],[25,113],[-66,-10],[-11,53],[46,34],[-51,49],[102,4],[-28,71],[255,179]],[[61443,76870],[-19,19],[-24,-9],[-35,-77],[-82,19],[-37,-22],[-28,-29],[-46,-14],[-2,-45],[33,-28],[-10,-21],[-146,3],[-59,-20],[-117,-3],[-41,22],[-83,17],[-55,-36],[-144,0],[27,-48],[-32,-3],[2,-23],[67,1],[4,-18],[62,-18],[-17,-47],[6,-22],[-19,-1],[-14,-26],[-27,0],[-16,-34],[-13,-13],[-5,-3],[-6,-31],[-29,20],[-96,-22],[-3,-37],[11,-10],[-9,-11],[-36,38],[-30,-53],[-116,1],[44,-49],[-45,-24],[-82,33],[-68,-3],[-122,-60],[-9,-15],[17,-24],[-65,-31],[-117,52],[-15,2],[-8,36],[6,21],[39,18],[9,22],[-8,21],[-99,6],[-35,35],[-84,-20],[4,-24],[-19,-26],[-4,-148],[-61,33],[-135,-21],[-48,14],[-45,-39],[13,-20],[-18,-55],[-95,6],[-18,-53],[-79,-48],[-10,15],[-26,-5],[-23,-50],[-81,-22],[3,-23],[-51,-32],[-5,-37],[18,-38],[2,-24],[98,-6],[17,-15],[11,-21],[-25,-6],[-22,-54],[-31,-32],[5,-45],[92,-42],[-12,-14],[40,-2],[9,-124],[67,11],[-9,-17],[-50,1],[6,-30],[-40,-8],[-255,-19],[-111,14],[-5,64],[-17,29],[-163,135],[-146,-124],[-223,-47],[-69,-63],[20,-27],[-37,-34],[-44,-17],[-34,-50],[30,-34],[62,-23],[28,-43],[-40,-38],[16,-9],[-30,-36],[-23,-16],[-47,12],[-1,-50],[-35,-19],[8,-34],[-12,-7],[-57,13],[-105,-19],[-23,108],[52,153],[-25,23],[-80,-12],[-32,4],[-3,15],[-83,-44],[-26,16],[-60,-25],[-141,5],[-78,-54],[-40,34],[-27,10],[-41,-134],[-127,-49],[41,-276],[35,11],[-8,-37],[34,2],[8,-39],[-30,14],[10,-32],[117,6],[24,-28],[72,-16],[1,-18],[25,-9],[-12,-31],[89,-26],[23,17]],[[57500,74451],[-28,-39]],[[57472,74412],[-79,-107],[95,1]],[[57488,74306],[-1,-17],[-17,8],[-13,-17],[-18,-67],[-43,-7],[8,-26],[47,-2],[-10,-11],[28,-65],[-160,-29],[-83,59],[-360,-6],[-54,-64],[-17,-73],[7,-129],[-30,-34],[24,-54],[-42,-42],[-89,30],[-13,-18],[-41,27],[-30,-21],[-100,32],[-9,-14],[-24,4],[-38,26]],[[51651,75495],[197,-330],[25,-59],[9,-24],[7,-78],[-90,139],[-6,12],[-108,249],[-11,25],[-23,66]],[[52751,74500],[-15,13],[-11,-1],[-41,22],[-16,13],[-30,18],[-142,72],[-183,50],[-18,3],[-55,15],[-13,6],[-80,64],[-40,36],[-28,42],[-3,9],[2,15],[-69,44],[-9,11],[-14,22],[-2,16],[-15,94],[-4,9],[-15,34],[-4,16],[-32,69],[-91,122],[7,24],[5,7],[0,56],[-34,61],[-5,-1],[-4,-4],[-13,-23],[-9,1],[-15,2],[14,36],[15,10],[-16,58],[-2,13],[-12,49],[-9,22],[-9,14],[-17,22],[-21,34],[21,35],[1,5],[1,6],[10,11],[6,4],[23,20],[-4,4],[-10,10],[-89,-19],[-49,38],[-12,13],[-27,28],[-205,92],[-4,-1],[-5,3],[-24,20],[-50,57],[-57,67],[-16,21],[-14,18],[-47,44],[-22,19],[-3,2],[-81,30],[-12,6],[-97,56],[-23,13],[-237,83],[-50,-1],[-10,-1],[-12,3],[-20,11],[-25,27],[-12,-9],[-241,83],[-101,28],[-180,9]],[[52568,74452],[-4,7],[0,5],[40,-2]],[[58901,71985],[-91,-10],[-63,42],[3,33],[42,44],[-45,26],[4,29],[-39,28],[-34,82],[-88,-67],[-90,-18],[-223,89],[-17,64],[20,39],[-8,16],[22,47],[41,-1],[3,30],[-78,8],[-52,-17],[-12,39],[-14,0],[-1,35],[13,16],[-24,9],[15,64],[56,50],[9,32],[-29,29],[-66,28],[-17,43],[37,68],[7,66],[54,38],[24,52],[18,1],[-5,-20],[18,-19],[260,27],[22,-29],[26,21],[-83,135],[38,22],[6,32],[-14,83],[-53,63],[144,99],[-3,25],[51,-8],[51,36],[-13,60],[51,28],[-100,32],[-95,-9],[-80,31],[77,93],[-30,67],[8,28],[-74,21],[6,23],[-45,61],[-54,-6],[-30,23],[9,20],[-21,23],[-52,-10],[-33,34],[-49,-18],[-4,22],[42,1],[-39,13],[-15,38],[-9,-13],[-84,9],[-25,53],[39,-4],[59,32],[13,17],[-8,29],[61,50],[11,110],[-30,29],[2,25],[97,44],[-23,25],[25,10],[41,11],[34,-32],[32,-10],[9,15],[74,135],[20,103],[-68,3],[-149,80],[-46,-2],[-12,-54],[-88,-40],[-53,-60],[-43,11],[-116,-70],[-46,-72],[-23,-1],[-21,28],[-101,-10],[-15,30],[-175,34],[-47,-59],[31,-14],[-42,-36],[-34,15],[-13,-13],[28,-18]],[[57472,74412],[81,-24],[-21,-36],[8,-15],[-52,-31]],[[54940,72606],[2,10]],[[54942,72616],[4,0],[36,2],[3,4],[5,6],[6,0],[4,0],[2,3],[-36,15],[-15,0],[-5,1]],[[54946,72647],[-290,38]],[[54656,72685],[97,0],[44,-5],[62,-7],[7,1],[71,-7],[7,-1],[1,0],[4,-1],[38,-6],[34,-30],[0,-16],[-6,-2],[-75,-5]],[[54570,72698],[15,-6]],[[54585,72692],[-16,1]],[[59511,71255],[-198,-99],[-212,-70],[-61,-61],[-78,-159],[-43,-35],[-59,-17],[-285,41],[-152,-26],[-79,11],[-152,102],[-66,104],[-99,90],[-154,15],[-77,37],[-108,178],[-87,88],[-46,34],[-109,36],[-126,86],[-83,-82],[17,-22],[-26,-39],[71,-21],[-31,-34],[-84,3],[-31,-34],[-95,31],[-55,-54],[93,-46],[32,-34],[-66,-53],[-33,-4],[7,-11],[-75,2],[-71,-54],[-44,15],[-29,-69],[-34,5],[-19,-38],[-23,-8],[3,-13],[-82,-8],[23,52],[-18,25],[-39,27],[-56,-18],[-28,22],[19,37],[-120,42],[-62,-114],[-83,1],[-37,-23],[-29,5],[-69,-64],[-85,20],[12,34],[72,71],[-20,59],[63,76],[-41,71],[-18,-1],[-5,67],[-82,97],[-24,6],[-20,3],[-4,-28],[-24,26],[-61,-78],[-132,-96],[-36,26],[-22,-52],[-43,-6],[-13,-35],[39,-51],[-19,-26],[-28,48],[-192,195],[-197,133],[-53,5],[-13,49],[-22,-1],[-3,29],[-27,2],[5,65],[-16,-1],[33,209],[-85,7],[-88,-28],[20,99],[-134,61]],[[54900,72089],[-44,35],[45,132],[22,35],[29,-25],[-7,-16],[27,-13],[9,16],[-18,64],[-18,-2],[-3,32],[-32,21],[13,19],[-52,116],[57,26]],[[54928,72529],[6,-7],[10,-7],[7,-2],[134,-68],[-2,-5],[14,-3],[2,4],[87,-40],[12,-6],[105,-27],[5,-1],[23,14],[48,30],[2,4],[-8,7],[-112,60],[-7,24],[118,73],[14,41],[5,15],[-374,93],[-7,0],[-22,5],[-11,7],[-15,5],[-7,-2],[-24,6],[-8,5],[-8,3],[-10,0],[-52,-1],[-14,3],[-234,23]],[[43938,76871],[2,9],[5,40],[5,20],[8,19],[27,41],[37,20],[55,-31],[-5,-5],[27,-7],[12,-4],[37,-22],[47,-41],[-24,-23],[23,3],[-3,-5],[-18,-29],[-120,-57],[-107,11],[-5,1],[-3,60]],[[43363,77216],[38,45],[47,-9],[68,20],[-2,61],[-28,32],[18,22],[56,9],[151,-59],[-11,-21],[-120,-34],[-29,-47],[-91,-68],[-72,6],[-25,43]],[[60504,58503],[53,-40],[9,-17],[-12,-10],[99,-35],[41,50],[33,11],[-10,24],[309,-97],[-6,95],[74,26],[1,31],[-34,-21],[-98,47],[-12,39],[20,69],[-14,-3],[-12,72],[27,16],[19,-27],[76,-2],[57,-42],[-3,21],[64,20],[-6,19],[29,18],[4,31],[28,14],[93,6],[33,-54],[48,-38],[118,-5],[19,-21],[-43,1],[-99,-69],[11,-27],[-22,0],[-8,-129],[92,0],[82,43],[-9,16],[19,32],[23,3],[10,52],[-7,28],[32,-1],[67,54],[31,3],[13,48],[52,2],[3,-17],[124,15],[4,-18],[58,-10],[-3,-37],[60,12],[6,-23],[23,4],[13,32],[43,-6],[-37,-44]],[[62089,58664],[-72,-21],[6,-56],[62,-22],[103,47],[35,-52],[-18,-58],[46,-14],[5,-33],[-13,-3],[12,-26],[-15,-20],[-45,4],[-2,-37],[25,1],[-43,-10],[-8,-45],[-38,-30],[77,-94],[66,-26],[79,9],[25,-78]],[[62376,58100],[-63,19],[17,-48],[-13,-32],[23,-2],[0,-39],[-103,-60],[-1,-46],[-109,-5],[-7,-77],[47,-20],[-6,-17],[19,-38],[-66,11],[3,-94],[-29,-32],[-62,-25],[-79,-4],[39,-91],[15,0],[10,-45],[-13,-68],[20,-13],[-6,-75],[-18,-38],[-79,2],[-68,-27],[-54,27],[0,-69],[-26,-22],[5,-41],[18,-2],[27,-76],[-61,-15],[2,-13],[-66,4],[-88,41],[-21,-39],[-38,16],[-44,-72],[-17,-73],[-41,9],[-59,-25],[-15,27],[-21,-9],[-38,19],[-61,-73],[-40,-3]],[[61209,56847],[-12,-3],[-63,84],[-24,-6],[-23,70],[-16,-1],[0,27],[-50,74],[-137,-71],[-4,23],[-243,-10],[-9,23],[25,2],[-3,11],[-28,-1],[-66,177]],[[60556,57246],[33,52],[17,-1],[-10,52],[-9,-2],[-7,145],[-41,0],[2,33],[38,-2],[5,33],[21,8],[80,-2],[7,39],[60,53],[-12,25],[-138,-21],[-12,72],[-32,-4],[1,29],[-20,1],[0,16],[-57,3],[-1,21],[50,-1],[5,80],[88,9],[26,53],[-4,49],[-117,22],[-7,-29],[-67,12],[43,46],[28,5],[-24,142],[23,1],[1,15],[-24,11],[3,33],[-15,9],[18,37],[-104,74],[52,41],[-33,41],[14,1],[6,28],[25,-1],[36,29]],[[58878,56652],[74,28],[7,40],[55,7],[66,-26],[-1,100]],[[59079,56801],[47,7],[21,-26],[2,-29],[156,-45],[39,6],[51,54],[104,49],[-19,42],[110,18],[34,-40],[-14,-110],[239,-6],[17,62],[49,47],[101,15],[20,69],[35,71],[6,47],[148,8],[5,70],[75,0],[19,17],[-20,16],[2,26],[50,91],[35,-39],[165,25]],[[61209,56847],[10,-36],[-34,1],[-44,-34],[32,-26],[-29,-12],[10,-23],[-60,-9],[-6,-29],[-69,-9],[0,-22],[-21,-1],[-332,-363],[-6,20],[-18,-2],[-67,-124],[21,-1],[-6,-32],[-25,-52],[10,-39],[-28,-75],[89,-81],[50,-76],[7,-26],[-32,-44],[11,-23],[43,-5],[19,-64],[57,-85],[-5,-46],[44,9],[2,-83],[38,-54],[-2,-29],[54,-7],[120,36],[-19,-122],[-40,-2],[13,-57],[-106,-7]],[[60890,55213],[-16,27],[-27,-4],[-4,35],[-24,2],[-7,26],[-17,-5],[10,-17],[-69,31],[-3,20],[-113,7],[-2,-67],[-93,-21],[-92,-91],[-57,-9],[21,-11],[-12,-8],[13,-22],[-37,-22],[6,-12],[-43,-12],[25,-21],[-9,-16],[-54,-9],[-61,25],[-56,-37],[-12,-25],[-48,10],[-28,-31],[-78,2],[20,-76],[-18,-20],[-102,58],[-94,-41],[-90,48],[36,-68],[-89,-24],[-75,32],[80,25],[10,35],[33,9],[-17,42],[-54,11],[-9,19],[-101,44],[-140,-21],[-38,11],[-30,34]],[[59325,55076],[-12,24],[24,44],[29,-2],[-69,87],[72,-2],[23,42],[62,11],[9,-16],[35,3],[26,-65],[94,39],[12,-24],[-16,-7],[8,-22],[55,6],[7,-22],[81,8],[-20,46],[88,28],[1,49],[-119,291],[11,13],[-12,-4],[-26,87],[-31,-4],[-21,85],[-42,74],[-65,-18],[-28,78],[-27,14],[-148,-31],[-34,39],[-98,-36],[-43,70],[-105,-33],[-24,40],[10,29],[-7,34],[-41,35],[-6,24],[-44,-9],[-64,108],[134,118],[-53,44],[-47,70],[-17,107],[-17,-2],[-21,130],[29,-4]],[[62612,59071],[-5,74],[49,47],[-45,73],[-77,-20],[-5,15],[25,5],[-23,9],[-6,49],[-24,42],[-6,79],[-38,43],[18,10],[-29,128],[16,57],[-6,40],[-9,47],[-34,50],[90,65],[57,-6],[80,153],[99,-36],[11,29],[42,3],[78,-52],[1,-41],[203,-29],[-4,-33],[26,0],[-11,31],[97,-13],[-64,-16],[-4,-35],[21,19],[12,-11],[-16,-14],[11,-24],[70,11],[-18,23],[26,42],[35,2],[5,52],[-28,22],[-10,66],[15,54],[62,40],[8,36],[51,65],[118,83],[85,104],[33,-10],[26,-57],[63,-69],[182,56],[47,-56],[100,-47],[164,-40],[-5,-60],[21,1],[1,42],[20,12],[150,-9],[62,-60],[-23,-27],[17,-10],[-8,-9],[71,-37],[12,-24]],[[64494,60005],[7,-38],[-21,-42],[-25,-3],[15,-67],[-41,-96],[-48,-3],[-14,-33],[122,-14],[26,-20],[-92,-29],[-7,-75],[6,-30],[102,18],[11,-51],[-158,-19],[3,-17],[68,-22],[53,15],[132,-10],[-16,-37],[-40,-26],[0,-35],[-33,-93],[-101,8],[-15,-23],[-64,-12],[-24,-29],[9,-20],[-49,-45],[-7,-31],[17,-43],[105,-52],[-10,-25],[-53,-39],[-50,3],[-5,-18],[-31,-3],[9,-11],[-31,-46],[-77,6],[195,-132],[43,-39],[2,-20],[57,-29],[-34,-40],[-20,12],[-52,-54],[10,-30],[-69,-46],[-75,11],[14,-34],[-3,-35],[-12,-28],[-30,3],[14,-15],[-15,-11],[-86,23],[52,-75],[-41,-21],[-54,9],[17,50],[-20,7],[-33,60],[-84,19],[-98,-17],[-49,37],[-22,-4],[4,22],[68,39],[-13,84],[54,-6],[37,25],[-14,16],[-150,21],[-37,-116],[-66,28],[-153,-8],[-45,67],[-101,42],[-15,31],[-104,57],[-169,-22],[-30,136],[-45,69],[-126,5],[-34,19],[3,-17],[-12,-1],[-5,28],[-30,14],[0,31],[-22,-2],[-2,19],[-155,-9]],[[59374,59863],[16,10],[-3,16],[-51,15],[9,-21],[-16,4],[-39,33],[9,26],[58,31],[-32,12],[0,24],[16,14],[55,-19],[10,-9],[-13,-24],[43,-24],[36,37],[-39,25],[1,22],[-47,17],[11,25],[-36,31],[6,33],[-12,15],[-70,19],[-81,92],[5,39],[37,-3],[30,53],[-16,14],[13,56],[25,5],[50,108],[-109,17],[-22,33]],[[59218,60589],[-41,18],[-3,43],[-77,0],[5,27],[194,-17],[-35,93],[15,2],[11,33],[63,-4],[99,-33],[-1,-18],[48,-7],[40,91],[-59,18],[6,23],[45,-12],[6,34],[54,-5],[-9,27],[9,16],[41,-8],[-8,27],[31,8],[-4,14],[16,-37],[41,16],[32,-21],[29,14],[15,51],[-35,13],[4,31],[90,-32],[48,105],[-48,28],[45,46],[23,-8],[10,15],[201,-120],[-12,-22],[46,-28],[-20,77],[-21,78],[121,-61],[10,36],[38,-22],[5,17],[20,-3],[-3,14],[-37,14],[17,18],[-19,30],[125,-1],[2,102],[-224,-51],[-23,38],[19,7],[-5,14],[-17,-7],[-5,71],[158,69],[15,43],[-20,15],[36,34],[-10,39],[91,51],[41,66],[-45,-7],[9,48],[-122,121],[-51,9],[-96,85],[43,5],[-62,40],[5,32],[23,2],[55,87],[49,19],[94,148],[-52,93],[-3,41],[-77,55],[16,59],[-44,-1],[-23,135],[-136,-10],[-12,27],[95,32],[-26,58],[-41,30],[26,86],[-4,25],[-87,115],[31,49],[0,38],[123,63],[67,118],[127,166],[-67,31],[2,152],[32,3],[168,207],[4,74],[82,36],[128,147]],[[60678,64116],[124,-76],[556,269],[61,-52],[47,33],[-34,40],[170,-21],[158,-137],[74,-62],[98,-176],[10,-44],[30,-28],[34,-4],[19,26],[145,-107],[120,-114],[-6,-27],[19,-19],[57,2],[247,-89],[3,31],[-16,14],[48,12],[5,38],[70,-10],[-2,37],[49,-5],[20,34],[27,5],[7,37],[244,18],[177,70],[46,85],[86,-10]],[[63371,63886],[-35,-116],[24,-50],[88,-150],[11,4],[51,-75],[6,-87],[98,-22],[34,-55],[-9,-116],[-21,-57],[44,-37],[29,-181],[58,-6],[179,48],[35,-10],[66,-109],[-23,-48],[-3,-30],[38,-41],[-1,-18],[74,-66],[32,-69],[81,-108],[157,-127],[11,-91],[39,-57],[114,-96],[52,-115],[12,-62],[75,-39],[16,-74],[86,-35],[-31,-55],[48,-7],[28,25],[116,42],[15,60],[196,70],[72,-25],[-2,-130],[-21,-34],[11,-36],[-34,-41],[-103,-39],[8,-8],[-22,-39],[-23,-6],[-17,-29],[-115,-38],[65,-81],[-49,-32],[-13,-53],[11,-38],[-33,-52],[47,-80],[-6,-52],[90,-154],[43,-67],[40,-39],[143,-175],[252,-250]],[[65505,60428],[-35,-11],[-192,14],[-61,50],[-136,-45],[-79,-21],[-55,-38],[6,-64],[-23,-36],[11,-34],[-16,-48],[-55,-5],[0,-50]],[[64870,60140],[-103,-11],[-103,-48],[-42,-81],[-128,5]],[[62612,59071],[6,-16],[-40,-5],[-41,17],[-109,1],[-12,76],[-100,-25],[-106,24],[2,19],[-12,2],[-8,-55],[-55,19],[-10,-17],[-47,-34],[-31,-45],[0,-25],[39,-16],[59,6],[12,-29],[-19,-33],[21,5],[4,-25],[-82,-20],[5,-54],[84,-27],[-8,-28],[35,1],[-28,-13],[-4,-26],[-18,1],[3,-16],[33,-5],[-26,-14],[1,-27],[-71,-23]],[[60504,58503],[-39,9],[-23,20],[13,12],[-85,69],[-2,25],[24,0],[-19,23],[10,5],[-68,86],[195,41],[-92,130],[7,27],[11,-15],[87,33],[-11,97],[-160,-31],[-9,-17],[-178,-47],[-61,90],[-29,98],[37,-4],[-17,45],[15,2],[-78,240],[-37,68],[-48,77],[-55,-18],[-42,70],[14,6],[-14,29],[-33,12],[-29,-19],[-11,14],[-48,-30],[-59,90],[6,-39],[-22,9],[-5,44],[-12,-22],[-28,59],[-33,33],[-40,-5],[-92,38],[-3,-11],[-67,17]],[[58192,52298],[22,61],[-17,23],[14,16],[-28,16],[-63,-16],[-37,10],[-21,30],[23,21],[-15,45],[16,13],[-37,9],[13,35],[-7,35],[24,34],[24,87],[-59,35],[-190,30],[-53,3],[11,45],[-22,45],[26,10],[13,32],[43,3],[-28,72],[4,20],[15,-1],[-1,69],[26,128],[-23,49],[-17,-4],[-8,22],[-64,-13],[-52,24],[11,13],[-12,47],[-19,15],[22,5],[-13,22],[9,12],[32,10],[0,51],[31,95],[-139,127],[-208,130],[-1,32]],[[57437,53845],[76,23],[-17,19],[63,52],[-75,56],[50,71],[-21,36],[63,49],[-2,37],[47,38],[125,11],[157,-49],[86,61],[9,-36],[-13,-37],[15,-1],[11,46],[5,-18],[37,-17],[21,10],[70,-22],[131,-3],[28,30],[204,-30],[1,24],[49,0],[-19,16],[-3,28],[43,-7],[61,70],[-48,29],[19,29],[-38,28],[-3,60],[-20,31],[5,82],[40,69],[-34,16],[-27,48],[26,27],[52,15],[12,32]],[[58623,54768],[83,-9],[81,20],[9,-26],[52,-25],[99,65],[206,74],[77,85],[68,28],[32,34],[-5,62]],[[60890,55213],[-17,-45],[73,-53],[-9,-10],[17,-56],[74,-7],[2,-56],[-13,-18],[48,-26],[80,-3],[0,-27],[-37,3],[5,-26],[-56,-11],[6,-27],[-26,-12],[13,-16],[-32,-17],[8,-25],[-24,-17],[4,-14],[-33,-7],[3,-57],[32,-98],[132,-35],[9,-50],[20,1],[-9,-61],[275,-99],[10,16],[-17,51],[45,37],[1,24],[-18,11],[10,17],[67,89],[100,43],[27,39],[-36,49],[30,35],[23,-23]],[[61677,54732],[219,-247],[-10,-75],[89,-14],[87,26],[0,-100],[70,1],[1,-19],[43,-2],[3,-107],[132,16],[54,42],[83,-59],[-33,-45],[-36,-9],[-72,-25],[-15,-24],[-91,-13],[-11,-48],[-26,-2],[-13,-37],[-29,-6],[3,-42],[34,-27],[5,-24],[-16,-8],[-25,-107],[122,-37],[109,-41],[67,-75],[16,-67],[-6,-154],[-120,-145],[-26,-51],[-139,-29],[-1,-26],[-87,-77],[-27,-72],[-162,-23],[-39,-50],[-18,-61],[78,-39],[17,-56],[-80,-70],[-1,-86],[-14,-27],[7,-36],[-31,-57],[83,-139],[10,-130],[-40,-56],[10,-32],[72,-90],[10,-37],[61,-36],[66,-40],[145,-25],[36,-27],[35,-75],[-1,-115],[20,-60],[73,-57],[11,-28],[-11,-42],[39,-28],[36,-56],[49,0],[104,-100],[34,-144],[-44,-3],[-38,-63],[18,-10],[-7,-19],[26,-46],[-10,-13],[37,-193],[106,-73],[25,-73],[87,-131],[46,-9]],[[62876,50548],[-23,-32],[-183,-12]],[[62670,50504],[-27,15],[-10,36],[-40,11],[11,29],[-160,-40],[-13,58],[-34,11],[-26,21],[-15,32],[44,34],[12,7],[-86,27],[-20,60],[-67,66],[-38,-14],[-4,-59],[-98,-4],[-32,45],[6,94],[-46,26],[-75,25],[-91,-61],[-100,37],[-6,3],[-22,20],[-219,-93],[-38,-35],[-120,45],[-36,-30],[-29,-64],[-43,-21],[-58,5],[3,77],[-35,42],[-19,32],[-24,84],[9,63],[-18,43],[-218,31],[-26,18],[165,78],[-60,95],[13,22],[59,9],[27,50],[-14,102],[50,10],[8,17],[-25,35],[-18,69],[-50,27],[-7,54],[36,19],[27,70],[55,33],[15,31],[-3,57],[-48,27],[-288,-2],[-62,52],[-110,31],[-113,-18],[-43,33],[-16,27],[10,7],[-33,28],[-58,2],[-84,33],[-34,63],[-104,2],[-41,2],[-122,-120],[23,-23],[-30,-33],[1,-26],[-60,-54],[-43,2],[-20,11],[1,18],[-51,25],[-30,-28],[-67,15],[-63,-35],[-33,9],[-60,-25],[-50,-3],[-31,25],[-3,56],[-83,61],[-129,-26],[16,39],[-52,71],[26,62],[-5,15],[-105,37],[-16,19],[11,20],[-17,12],[26,16],[-2,33],[-18,18],[52,30],[-17,30],[23,32],[-128,101],[-29,23],[-48,2],[9,8],[-20,60],[-33,34],[-26,-21],[-46,13],[-43,-36],[-37,4],[-22,-33],[13,-7],[-52,-51],[37,-46],[-24,5],[-22,-24],[-27,1],[-80,121],[-45,-44],[-9,-63],[8,-47],[-39,-25],[-91,-29],[-95,35],[-12,26],[-10,-2],[12,-65],[-41,-42],[3,-39],[-29,-70],[-70,-19]],[[64870,60140],[-7,-126],[121,-81],[8,-62],[65,-44],[50,-116],[95,-49],[50,-46],[62,-45],[70,-87],[-26,-20],[58,-23],[58,-25],[27,-53],[89,-88],[-19,-25],[21,-31],[-32,-47],[28,4],[38,48],[96,-47],[18,-39],[48,14],[-25,29],[67,-12],[66,-75],[54,-13],[36,-39],[-13,-23],[26,-19],[19,38],[9,-23],[40,-1],[2,-13],[-13,-22],[-53,-18],[21,-138],[-7,-28],[-41,-16],[-19,39],[-36,-83],[-115,-11],[1,-29],[-32,5],[-26,-29],[-59,13],[-58,-19],[-6,37],[-136,-21],[-19,-21],[-21,11],[-52,-31],[-21,-1],[-11,27],[-76,-31],[36,-77],[30,4],[-10,15],[102,-1],[23,-67],[-41,-12],[9,-26],[40,17],[27,-23],[1,18],[22,-3],[-2,-19],[72,-60],[4,-27],[106,-80],[6,-25],[23,4],[11,-47],[-15,-33],[31,-20],[-82,-50],[-66,-9],[-80,-61],[11,-54],[54,-52],[76,-139],[61,25],[58,-3],[79,-54],[-16,-16],[7,-37],[45,-47],[-34,-58],[62,-129],[-6,-22],[123,30],[45,-44],[12,-59],[54,-66],[-64,-46],[-14,-69],[-276,-42],[-64,-49],[-68,7],[-44,-23],[20,-14],[-45,-37],[5,-30],[22,-15],[-59,-33],[-34,15],[8,-53],[-17,-77],[14,-74],[42,-44],[143,-74],[209,8],[5,-88],[-54,-52],[50,-79],[-77,-56],[-55,-59],[11,-76],[-19,-38],[-54,5],[-84,-43],[-90,-24],[-71,-97],[-276,-164],[-96,16],[-201,-46],[13,-40],[-26,-33],[12,-28],[141,-74],[73,4],[31,-24],[20,-152],[-46,-92],[-27,-98]],[[65126,55340],[-142,23],[-111,12],[-526,-16],[-157,-86],[-116,-7],[-94,-27],[-248,1]],[[63732,55240],[-18,151],[-58,169],[11,46],[40,6],[26,104],[120,-3],[44,52],[36,80],[148,-23],[8,49],[-80,13],[14,37],[-12,55],[13,0],[1,65],[152,3],[49,60],[47,-22],[13,24],[34,-1],[6,26],[-23,28],[30,62],[40,156],[38,0],[33,115],[29,34],[10,44],[-43,117],[8,80],[-140,9],[-48,-55],[-38,-27],[-33,57],[-56,-51],[-20,1],[-58,41],[8,57],[-14,11],[-85,86],[-56,2],[-18,38],[-19,0],[-18,66],[7,35],[-24,33],[-52,-12],[-44,-7],[-42,39],[-78,-26],[-31,3],[-7,5],[-17,47],[7,31],[-41,66],[-108,66],[-35,-2],[-8,53],[-36,90],[-58,29],[-100,105],[14,6],[-4,37],[-31,61],[-58,54],[-18,-12],[-15,20],[92,84],[-14,42],[15,26],[-2,32],[-40,14],[0,78],[-30,4],[49,71],[-146,117],[-339,-49],[-14,-27],[-51,-10],[-9,27],[-109,11],[-1,24],[-27,-3],[-2,-32],[-33,10],[-1,-23],[-36,-19]],[[54075,49695],[-30,-57],[-68,-11],[9,-49],[-31,-15],[-31,-13],[-30,-44],[-30,5]],[[53864,49511],[-23,79],[-74,-5],[-69,96],[-27,75],[14,96],[62,29],[93,-26],[-1,-24],[39,-5],[92,-82],[105,-49]],[[52091,50643],[-135,-5],[-63,-32]],[[51893,50606],[43,39],[127,34],[-9,110],[-66,-20],[-8,62],[-30,-3],[-5,77],[88,19],[51,33],[4,27],[-25,21],[20,74],[-14,10],[-4,23],[29,55],[222,115],[239,191],[11,10],[26,26],[27,20],[68,27],[273,122],[132,0],[31,63],[29,115],[-27,85],[75,37],[23,69],[62,14],[11,28],[-18,138],[0,27],[18,16],[301,229],[114,66],[26,-14],[65,36],[21,-6],[32,41],[2,36],[-36,42],[48,25],[34,65],[33,0],[18,-46],[208,87],[50,101],[-34,15],[-19,48],[33,29],[5,44],[18,21],[10,-8],[89,53],[84,79],[-42,56],[113,46],[82,-12],[127,-51],[133,-105],[154,-33],[35,16],[30,-12],[40,11],[55,58],[-12,6],[40,62],[-15,9],[57,89],[38,-10],[185,27],[164,104],[89,20],[11,18],[65,-23],[14,22],[35,-4],[53,34],[-78,73],[19,14],[36,-23],[40,28],[99,-98],[12,4],[-17,48],[18,13]],[[55978,53600],[188,84],[39,-78],[35,-39],[22,4],[67,19],[77,89],[207,-186],[81,40],[57,-2],[-10,23],[12,13],[71,4],[-3,16],[62,19],[5,26],[62,-10],[25,53],[22,4],[-15,68],[-44,-8],[-17,71],[-34,30],[-10,66],[-67,11],[21,14],[4,11],[-23,3],[21,37],[72,-10],[9,49],[103,-23],[18,-33],[11,3],[-14,23],[32,9],[22,-18],[78,99],[178,-156],[22,-5],[22,-33],[52,-25],[-1,-17]],[[58192,52298],[-1,-22],[39,-42],[-14,-21],[-28,-3],[-1,-27],[30,-9],[28,-40],[-24,-18],[-27,13],[-19,-21],[-14,-95],[-67,-122],[12,-26],[52,-24],[-16,-40],[-25,-13],[2,-21],[35,29],[31,-36],[-71,-40],[14,-12],[-12,-32],[-24,1],[-14,-48],[-28,9],[-13,-17],[8,-18],[-42,-10],[0,-52],[-17,-15],[-112,2],[31,-83],[43,-25],[-80,-10],[-16,-27],[11,-22],[89,29],[102,-63],[2,-20],[16,0],[-21,-25],[-20,-87],[32,-6],[13,-25],[-30,-17],[25,-15],[27,-53],[9,-59],[94,-27],[2,-14],[-4,-18],[15,-9],[-19,-11],[-8,-35],[-54,3],[-52,-54],[5,-22],[75,-29],[-8,-17],[64,-25],[-20,-45],[10,-13],[-10,-25],[10,-3],[-19,-41],[75,-5],[-10,-34],[-14,-34],[-31,14],[-8,-11],[26,-15],[-19,-49],[-151,30],[-19,-51],[-20,-2],[-6,-93],[-48,-85],[-62,-70],[-50,-11],[-5,63],[-113,34],[-214,-86],[-37,-64],[-20,8],[-14,17],[-79,2],[-38,46],[-60,25],[-51,59],[-1,23],[-24,3],[-1,-27],[15,2],[10,-38],[-15,-22],[-43,-2],[-35,25],[-52,-15],[-27,-35],[-26,13],[-136,-52],[-27,24],[-185,9],[-140,36],[-62,35],[-63,-9],[95,-50],[9,-25],[-19,-11],[-30,-82],[-99,-41],[-91,24],[-122,-13],[2,55],[-46,-4],[-5,-13],[-69,10],[-9,-40],[-13,-1],[-12,38],[-58,18],[-14,38],[-51,11],[-36,-4],[-1,-14],[-71,23],[-80,-29],[9,-19],[-35,-11],[-123,16],[-70,45],[-35,-7],[12,-38],[-29,5],[-4,-39],[-30,-34],[-61,-8],[4,-56],[-24,-8],[-5,18],[-75,4],[-2,48],[-34,-19],[-23,40],[-27,-2],[9,76],[-32,-5],[-31,-44],[-97,32],[8,-20],[-43,-10],[-112,17],[-158,64],[-99,-15],[-26,-10],[-15,-67],[-37,-58],[-145,-66],[-30,-46],[-98,-53],[-25,7],[1,-42],[-20,-26]],[[54186,49852],[-48,69],[-64,-7],[-31,50],[-65,15],[-99,153],[-100,30],[-15,85],[5,84],[-53,16],[15,14],[-44,34],[2,23],[37,37],[-48,32],[-72,-35],[-13,9],[-15,-37],[-85,-31],[-103,-3],[-50,-30],[-48,14],[-77,-27],[-57,7],[-34,46],[-16,-2],[11,16],[-31,27],[-15,39],[-83,42],[-32,-7],[-63,-92],[-90,-58],[-139,8],[-95,45],[-40,43],[-2,40],[59,153],[-22,63],[-58,3],[-202,-47],[-105,-84],[-23,24],[-87,30]],[[57172,57966],[-3,89],[54,25],[180,15],[-3,74],[76,32],[5,-66],[26,4],[41,51],[10,40],[-18,13],[24,44],[-6,99],[21,48],[-34,103],[43,37],[-14,37],[130,27],[12,-109],[148,-17],[0,-17],[-33,-5],[-2,-38],[65,0],[2,-31],[-13,-14],[14,0],[55,9],[4,60],[54,7],[-59,108],[128,18],[-49,43],[50,75],[-7,28],[-62,-22],[-59,47],[33,22],[-2,-20],[21,-9],[42,9],[-5,39],[108,23],[12,37],[50,-7],[-80,57],[-4,21],[-16,15],[14,20],[-3,72],[-19,-1],[-11,33],[-90,30],[-8,102],[9,5],[-8,12],[56,9],[-4,16],[27,8],[181,26],[48,-41],[113,5],[102,102],[49,25],[9,38],[-9,27],[39,154],[47,41],[54,-22],[40,20],[127,-28],[95,-31],[47,-50],[35,18],[1,108],[-20,68],[146,47],[3,20],[28,-4],[3,19],[39,27],[25,-6],[8,32],[90,-5]],[[59079,56801],[-11,37],[67,26],[-41,108],[-15,-8],[-39,68],[-26,-2],[1,24],[-12,2],[2,95],[-144,21],[-1,14],[-90,23],[-61,43],[-23,-4],[-19,23],[14,24],[-51,19],[-12,26],[-84,-4],[-81,61],[-46,-8],[-159,-98],[-76,24],[-29,6],[-39,85],[-44,-7],[0,16],[-23,4],[-28,-25],[-174,-14],[-45,-15],[1,-13],[-282,-28],[25,-33],[-104,-39],[-19,25],[-97,37],[-43,46],[-407,-13],[-29,80],[37,31],[-19,45],[52,54],[-24,32],[-7,77],[76,-17],[24,7],[-7,36],[75,7],[80,34],[-6,28],[15,4],[8,100],[17,5],[-4,29],[16,5],[4,62]],[[63732,55240],[-165,28],[-71,-5],[-117,-45],[-11,23],[-127,8],[-73,-10],[-115,20],[-180,1],[-246,-55],[-209,-38],[33,-103],[23,4],[21,-53],[-12,-45],[-113,-20],[-32,-60],[4,-28],[-150,-58],[39,-25],[-43,0],[-17,18],[-46,-14],[-14,18],[-101,-33],[3,29],[-40,4],[7,50],[-37,-2],[-6,-33],[-159,-11],[15,-47],[-116,-26]],[[58623,54768],[-16,92],[3,79],[-20,81],[-2,36],[11,4],[-70,140],[50,24],[16,49],[-46,110],[4,20],[58,-32],[-42,140],[9,120],[-53,26],[-1,-21],[-28,5],[2,34],[-35,2],[-1,66],[-52,-5],[4,143],[-18,10],[-21,58],[64,24],[-10,25],[33,2],[-12,36],[86,-3],[-13,34],[54,2],[11,2],[0,50],[-47,13],[-9,72],[12,6],[-23,27],[3,49],[-31,-1],[1,-19],[-15,-1],[0,36],[-94,-20],[0,34],[40,8],[-7,84],[39,6],[5,71],[35,76],[-4,29],[57,40],[-8,30],[41,13],[-9,35],[56,29],[-12,14],[11,7],[12,-15],[48,19],[46,-6],[-7,14],[14,4],[43,-49],[91,20],[2,-94]],[[54075,49695],[99,-22],[37,92],[23,21],[-48,66]],[[62670,50504],[-17,-19],[4,-41],[57,-50],[-81,7],[-139,-59],[-141,-28],[-17,-29],[12,-14],[-8,-16],[37,-57],[51,-63],[-36,16],[-99,-7],[17,-15],[-21,-43],[11,-11],[-8,-33],[43,-105],[4,-61],[169,-25],[6,-22],[62,-22],[-7,-42],[-61,-91],[20,-68],[-15,4],[-19,-32],[-20,9],[-82,11],[6,32],[-77,-7],[-30,42],[-55,22],[-10,21],[22,29],[-136,83],[-93,1],[-26,-42],[-45,-26],[-23,-53],[-51,-17],[1,-17],[-60,0],[-7,-38],[-56,8],[-29,-41],[-77,-37],[-104,-10],[-97,42],[-38,-32],[-91,-33],[-74,29],[-37,84],[-22,-13],[-66,120],[-62,23]],[[61055,49768],[-183,100],[-36,-15],[-38,23],[-64,-1],[-56,65],[-106,31],[-54,-3],[-166,-64],[-73,14],[-64,-19],[-111,30],[-68,-20],[58,-41],[13,-48],[10,2],[-11,-41],[12,-17],[-12,-36],[13,-31],[-4,-68],[-38,-48],[-75,-31],[58,-34],[-39,-50],[1,-65],[-168,-125],[-3,-34],[-36,-30],[7,-32],[-18,-51],[-207,-64],[-25,19],[-54,-5],[-30,-72],[-35,-16],[-11,-30],[-7,-73],[15,-18],[1,-27],[-42,-19],[-99,15],[-96,-35],[-10,-9],[15,-21],[-9,-6],[-176,-51],[-64,-1],[-9,-60],[-51,-13],[-25,-46],[9,-24],[-52,2],[-26,26],[-20,-34],[-29,12],[-35,-21],[-13,29],[13,50],[-14,3],[25,16],[-46,1],[13,16],[-74,83],[-32,-8],[-66,-58],[-34,-10],[-54,-97],[-48,-26],[7,-32],[57,-25],[2,-34],[-75,-54],[25,-19],[-50,-111],[-57,-21],[-76,27],[-25,-36],[-32,41],[-85,-29],[-19,-24],[22,-33],[-24,-5],[6,-18],[120,-72],[-35,-24],[-85,3],[-74,67],[-9,-22],[-26,14],[-56,-8],[-36,-45],[-223,63],[-92,-13],[-4,-107],[-38,-67],[-52,-12],[-39,16],[9,60],[-47,31],[8,55],[-36,36],[-86,13],[-5,-10],[26,-10],[-12,-9],[8,-16],[27,-15],[-15,-26],[-63,-20],[-9,-49],[-33,-38],[-177,-10],[-52,19],[-18,-14],[6,-28],[-27,-91],[-49,-17],[-4,-48],[-44,5],[-47,-25],[-20,-46],[-183,-29],[-106,-74],[-51,-81],[-48,-42],[-117,-36]],[[56264,47462],[-15,12],[54,49],[-22,60],[7,81],[-28,-1],[-5,31],[-172,141],[49,12],[4,23],[-36,38],[-27,84],[-58,-53],[-137,-18],[12,-55],[-30,-35],[1,-26],[-25,-6],[-44,75],[-39,33],[-25,-13],[-4,24],[-78,-18],[0,17],[-46,-3],[27,-46],[-28,-105],[61,-79],[26,-2],[-41,-110],[35,-41],[-5,-24],[76,-57],[-26,-31],[-104,8],[-27,22],[-85,109],[15,49],[-21,37],[16,47],[-5,87],[-58,-2],[-14,10],[14,8],[-36,3],[-70,66],[-81,8],[-73,-3],[-80,-38],[-13,-55],[33,-49],[31,12],[11,-37],[-16,-28],[20,-48],[-3,-29],[-39,-10],[-23,28],[-88,9],[-155,-38],[-79,-42],[-37,-88],[-58,-17],[-60,-46],[-59,-10],[-71,24],[-181,-68],[-1,-40],[30,-44],[64,-25],[11,-37],[54,-40],[13,-42],[42,-46],[3,-52],[81,-86],[-8,-76],[20,-34],[62,-5],[94,112],[101,45],[-34,12],[-10,29],[74,10],[-10,-75],[-61,-60],[18,-10],[58,56],[11,-6],[-28,-39],[25,17],[16,-19],[-25,-81],[-10,0],[-25,-133],[-60,-12],[-247,-121]],[[54587,46536],[-16,26],[-87,13],[-99,61],[-74,6],[-38,30],[-67,11],[-10,29],[-65,6],[-32,55],[-50,23],[-12,-17],[-31,4],[-18,-56],[-142,57],[-19,-25],[-40,5],[-25,25],[-12,-63],[-50,3],[11,106],[26,39],[39,-34],[9,10],[-49,43],[-133,21],[-109,-27],[13,25],[-36,-1],[-59,80],[-93,44],[-20,44],[-117,-25]],[[53182,47054],[-70,76],[-22,55]],[[53090,47185],[-16,42],[-59,46]],[[53015,47273],[14,34]],[[53029,47307],[75,-17],[63,8],[31,18],[59,77],[-8,34],[-115,23],[-24,36],[0,39],[38,72],[66,39],[65,132],[77,8],[26,-47],[23,-5],[87,60],[48,19],[1,35],[176,-20],[-14,32],[19,32],[20,-3],[81,57],[6,23],[-80,90],[-23,76],[8,37],[-42,97],[9,79],[19,23],[-13,24],[5,32],[62,56],[57,49],[-13,48],[-35,31],[-92,24],[-62,53],[-91,123],[-108,202],[-96,101],[39,64],[135,-17],[92,75],[40,84],[5,72],[-67,73],[-27,68],[-16,39],[31,11],[14,-28],[26,-7],[42,-71],[100,28],[87,-5],[29,21]],[[52158,57856],[-67,-4],[-115,62],[-104,100],[-16,35],[9,29],[-17,13],[-32,48],[16,39],[-12,33],[16,95],[-24,20],[-4,71],[-38,26],[-38,117],[70,20],[29,29],[34,-29],[44,45],[104,172],[-32,34],[65,83],[-109,-16],[38,53],[-96,280],[43,6],[-4,21],[-18,2],[-8,37],[-53,67],[-2,21],[-92,22],[-212,-130],[31,-14],[1,-29],[-216,-14],[1,-21],[-26,-12],[17,-44],[-70,-9],[-27,22],[-69,7],[-3,26],[-46,-3],[22,-25],[-44,-25],[-41,66],[-21,23],[13,46],[-12,22],[12,70],[26,30],[57,29],[24,54],[28,-1],[6,26],[49,13],[-15,7],[43,21],[11,12],[-16,14],[17,9],[25,12],[56,-16],[34,20],[-18,34],[14,6],[23,-29],[42,7],[-2,16],[16,8],[-26,24],[-5,25],[11,7],[-11,17],[31,8],[2,28],[206,-33],[6,12],[-91,28],[-35,-8],[-37,49],[-48,-15],[-55,19],[-3,-17],[-35,2],[1,-20],[-43,17],[7,9],[-37,27],[-14,19],[16,31],[-14,1],[-14,-24],[-58,-22],[-8,19],[-177,-41],[-66,7],[-89,-40],[-128,11],[-103,187]],[[50658,59942],[62,36],[-25,30],[6,18],[-31,-10],[-8,17],[-20,-3],[-7,26],[-15,-12],[-70,9],[-6,17],[-71,-16],[-104,61],[28,71],[129,-35],[12,35],[73,4],[-58,140],[21,4],[-8,20],[35,7],[-7,27],[-17,-3],[-23,116],[11,30],[61,24],[-9,14],[-73,-6],[-12,70],[-23,35],[-58,0],[-90,133],[92,74],[73,25],[24,30],[134,80],[255,45],[109,50],[178,-24],[-25,28],[99,38],[8,-8],[-11,-11],[34,-22],[71,55],[33,-10],[41,19],[12,65],[28,27],[-67,58],[-109,17],[-84,74],[26,39],[-37,23],[6,34],[46,21],[-50,20],[7,103],[71,-2],[31,71],[16,-10],[96,35],[182,26],[15,-18],[-12,79],[180,-24],[128,12],[19,27],[97,48],[-15,16],[5,28],[17,20],[-6,13],[21,0],[5,29],[65,6],[11,49],[63,6],[19,33],[43,-21],[17,24],[35,-17],[-15,-24],[179,-62],[-5,-11],[16,-4],[25,43],[24,-26],[-7,-30],[87,-50],[84,-30],[51,4],[-24,40],[93,32],[32,44],[27,136],[-27,173]],[[52897,62316],[-5,52],[73,-12],[-7,30],[-34,-5],[-4,23],[31,7],[-12,35],[72,-4],[3,17],[174,32],[12,15],[150,7],[5,-16],[28,2],[-35,-23],[-18,-106],[80,-10],[3,-27],[-44,-12],[-4,-25],[48,0],[67,-41],[-23,-89],[60,4],[28,-16],[33,13],[51,-19],[-8,-49],[20,-26],[117,-10],[39,-32],[193,-22],[-182,3],[-52,-92],[47,-36],[-16,-22],[64,-142],[-31,-10],[10,-20],[61,15],[69,-61],[151,-26],[7,21],[143,-1],[20,-22],[58,29],[53,94],[-20,8],[2,31],[58,10],[-41,21],[-24,53],[56,35],[1,101],[-13,18],[142,-4],[29,27],[25,26]],[[54607,62065],[51,-82],[236,-20],[59,-80],[85,-11],[146,-81],[-17,-54],[49,-16],[-13,-18],[91,-8],[1,-18],[84,-6],[29,29],[67,-23],[-110,-45],[-6,-14],[21,-4],[-5,-27],[56,-15],[61,20],[82,122],[72,-53],[188,22],[52,-15],[42,-9],[-67,-51],[-37,-93],[36,-11],[130,71],[-3,-27],[38,-3],[60,45],[47,-57],[200,-24],[77,-38],[62,1],[-8,44],[88,-17],[41,10],[33,-58],[-15,-57],[-18,5],[1,-29],[105,-10],[-14,19],[28,30],[21,-42],[62,6],[9,-82],[-50,10],[-26,-62],[20,-13],[-6,-40],[-36,-5],[-125,-94],[12,-41],[241,-67],[-24,-58],[-30,8],[-11,-44],[294,13],[31,20],[65,-8],[7,27],[61,-53],[8,-28],[36,33],[263,7],[9,-82],[25,-51],[37,-24],[93,-17],[0,-19],[-27,6],[8,-50],[83,-74],[72,-36],[6,35],[60,-8],[67,-40],[30,-21],[27,-58],[45,-16],[106,63],[7,-12],[31,34],[79,-36],[18,25],[36,-2],[52,108],[67,-43],[26,17],[90,-44],[18,29],[59,-40],[54,0],[41,-19],[-30,-47],[142,-51],[9,14],[25,-35],[29,16],[59,-56],[13,15],[36,-15],[21,24],[43,-48],[37,15],[27,-23],[30,81],[-27,10],[-1,63],[26,25],[26,80]],[[57172,57966],[-142,-46],[-184,45],[7,41],[63,32],[-1,45],[17,18],[-25,16],[-46,-79],[-113,12],[7,21],[-118,11],[-2,-94],[-20,2],[1,-13],[-120,10],[-1,-18],[-40,3],[6,-17],[-60,-1],[-13,-19],[-47,19],[-78,-21],[-2,22],[-71,-17],[1,-13],[-60,5],[31,-99],[-53,5],[16,-61],[-53,4],[0,-26],[-32,1],[6,-21],[-24,-1],[-2,-23],[-201,13],[-34,89],[-135,-49],[-141,-6],[3,-30],[-22,-8],[-35,0],[-16,38],[-47,-5],[8,-18],[7,-17],[-314,-125],[-8,-100],[-83,-12],[-42,-26],[13,-22],[-7,-28],[-65,-19],[0,-24],[145,23],[15,-84],[20,-4],[-17,90],[99,16],[10,-59],[147,-16],[-19,-33],[8,-50],[-23,-79],[42,-9],[-24,-20],[-46,4],[-6,-45],[-59,-15],[-2,-60],[20,-15],[-25,-36],[11,-12],[-7,-13],[39,-14],[-38,-13],[-3,-40],[23,-22],[-74,6],[-7,39],[-36,-8],[8,26],[-27,4],[-19,-32],[-43,6],[5,-38],[-29,-41],[17,-24],[-23,-21],[6,-19],[-18,-4],[57,-30],[2,-16],[-80,-17],[-44,-29],[-52,-6],[6,47],[-28,4],[-42,44],[-61,-4],[9,31],[-49,7],[1,67],[-47,-1],[-1,33],[-17,3],[0,36],[27,1],[3,18],[-24,4],[8,36],[-92,24],[-44,-21],[-28,15],[-44,-20],[-157,-1],[-1,-18],[-33,-13],[-52,-66],[114,-60],[31,-52],[42,-22],[7,-21],[72,-41],[50,-3],[-3,-12],[41,-7],[7,-18],[-68,-136],[-24,8],[-7,-23],[-107,-47],[10,-27],[-54,-41],[-56,-14],[9,-47],[-18,-1],[22,-55],[-186,-45],[15,-36],[-18,-7],[-42,45],[-48,10],[-115,-21],[-26,21],[-72,-1],[-62,-22]],[[53702,56201],[-130,45],[2,45],[-76,12],[-61,49],[-19,1],[-17,44],[-128,67],[-124,126],[-66,31],[-92,-12],[-157,-74],[-97,14],[-15,-22],[-24,37],[-60,-16],[-32,75],[-34,-10],[-5,13],[-16,56],[16,8],[0,39],[-18,19],[41,64],[-9,13],[32,-7],[35,52],[12,109],[-68,21],[6,57],[-70,39],[5,13],[129,-56],[42,7],[37,78],[-79,16],[-31,105],[34,-10],[-89,175],[-4,29],[-58,18],[7,22],[-25,29],[-116,29],[-24,41],[-64,48],[38,64],[48,30],[-5,32],[-41,-14],[-132,61],[-42,43]],[[42313,59963],[0,93],[24,27],[8,46],[27,24],[15,49],[11,67],[-8,84],[50,49],[-7,16],[-26,-9],[1,46]],[[42408,60455],[30,85],[-7,284],[22,50],[77,44],[33,-20],[22,18],[35,-10],[61,22],[44,42],[31,62],[6,49],[-86,117],[5,85],[32,48],[-97,27],[-29,-57],[-54,19],[-73,76],[-27,67],[-44,238],[-105,504],[54,103],[36,28],[-2,37],[44,34],[-8,124],[15,92],[14,14],[46,18],[70,-28],[88,0],[25,62],[389,230],[192,110],[32,20],[304,-4],[137,117],[88,27],[-44,69],[24,13],[-21,69],[18,33],[-5,25],[-23,50],[-39,15],[-32,42],[52,124],[-79,50],[-39,98],[53,81],[9,66],[17,22]],[[43699,63946],[25,-26],[14,15],[33,-20],[94,-5],[112,20],[150,67],[67,-1],[-8,28],[58,19],[-3,16],[72,2],[9,37],[-20,4],[5,22],[47,-4],[10,25],[85,12],[-65,137],[179,40],[359,105],[215,83],[54,1],[-19,51],[-32,21],[6,20],[129,31],[-52,111],[29,62],[-12,6],[1,81],[62,29],[-31,85],[-46,-2],[0,13],[44,1],[-8,35],[39,49],[3,25],[43,-5],[-14,-16],[30,-20],[30,7],[-75,49],[-33,70],[60,25],[-15,31],[29,12],[117,-6],[20,34],[32,-83],[51,0],[5,16],[20,1],[-10,28],[60,11],[2,-36],[22,-8],[5,59],[24,13],[-5,96],[-64,145],[-1,70],[-16,29],[4,109],[33,90],[-55,3],[2,13],[-210,10],[-14,-69],[-10,2],[-100,162],[49,42],[-57,85],[45,37],[-11,6],[74,93],[41,101],[-20,4]],[[45392,66351],[58,124],[70,3],[57,-20],[23,126],[25,-5],[-2,81],[22,-12],[31,49],[88,-18],[92,84]],[[45856,66763],[61,-51],[25,3],[73,-58],[41,-9],[-17,18],[52,18],[6,28],[18,-8],[9,14],[77,-30],[38,7],[8,24],[-21,23],[72,40],[-8,52],[73,30],[17,-96],[33,-23],[15,-40],[95,-23],[172,-78],[76,-97],[50,-20],[58,4],[60,-31],[27,33],[74,24],[-20,-66],[28,-12],[6,30],[22,18],[108,15],[16,33],[-31,25],[-7,73],[-19,32],[13,50],[31,4],[-10,-60],[11,-31],[149,-113],[56,-90],[54,-28],[157,-23]],[[47604,66374],[101,-16],[-70,-78],[105,-50],[7,-88],[-134,-120],[-56,36],[-13,-14],[7,-10],[-14,-42],[-15,-41],[-12,1],[-10,-79],[11,-61],[61,-174],[36,-35],[109,-196],[30,-94],[-7,-48],[29,15],[12,-87],[68,-119],[15,-15],[41,10],[10,-16],[4,-16],[-25,-20],[21,-55],[114,103],[53,-50],[-7,-11],[93,-46],[33,71],[47,45],[-9,41],[38,70],[-5,48],[62,146],[26,24],[44,-21],[131,21],[-10,-18],[57,-25],[22,33],[22,5],[28,-11],[-21,-49],[17,-5],[26,45],[149,-15],[50,-22],[73,-85],[16,-58],[41,-83],[63,37],[53,-59],[64,26],[-2,18],[77,-1],[20,-48],[32,-13],[4,-20]],[[49316,65055],[-6,-55],[-30,4],[-23,-46],[23,-4],[-13,-20],[-27,2],[6,-60],[-44,-12],[60,-200],[-108,-19],[2,-16],[-24,-1],[-10,-20],[3,-56],[-34,-5],[-91,-43],[-8,16],[-36,-17],[-77,42],[-7,-23],[-60,24],[-9,-33],[22,-7],[-40,-88],[-51,18],[-19,-21],[-60,23],[-24,-23],[-13,-34],[119,-55],[-6,-38],[109,-41],[1,-32],[-62,-40],[53,-3],[-12,-37],[-84,-28],[-32,9],[26,23],[-96,-10],[16,-28],[16,4],[129,-84],[95,-3],[11,-39],[-61,-41],[10,-39],[-8,-2],[-50,-16],[8,-33],[-81,-45],[7,-44],[36,-3],[8,-13],[-11,-32],[64,-13],[-4,-57],[48,-10],[-21,-44],[0,-42],[10,-15],[25,10],[-36,-28],[12,-24],[-82,12],[-42,-17],[54,-7],[13,-62],[26,-5],[-27,-85],[8,-34],[-21,-9],[36,-15],[-1,-28],[-55,-68],[12,-24],[-13,-35],[-54,-43],[-13,-40],[-51,-29],[-48,-22],[-143,-11],[-68,-73],[69,-43],[-6,-32],[61,-33],[-18,-33],[33,-30],[17,13],[36,-49],[-44,-66],[-103,-4],[43,-18],[12,-46],[-13,-27],[17,-65],[-21,-5],[15,-69],[-39,4],[-5,-31],[-29,3],[-51,-140],[-95,50],[-34,-27],[-28,50],[-75,-64],[23,-34],[-27,-23],[-48,-42],[-33,75],[-113,-97],[-19,22],[-140,-60],[10,-33],[-23,-17],[-10,-44],[-61,14],[-104,-11],[-176,-18],[-68,16],[-17,-1],[-54,-100],[-33,3],[-3,-59],[25,-83],[-42,3],[24,-45],[88,-53],[150,-48],[-24,-109],[-13,-197],[27,-145],[-54,-67],[-53,-13],[-49,46],[-80,-12],[3,-21],[-35,-5],[17,-33],[-52,-16],[-10,23],[-66,-19],[39,-60],[-42,-30],[42,-49],[-68,-51],[-112,157],[-116,-40],[28,-75],[-118,17],[-14,-79],[-325,30],[4,46],[-20,9],[-35,-32],[20,-119],[15,-2],[-47,-43],[-141,18],[-13,47],[-41,-8],[-53,-70],[29,-18],[-79,-100],[-17,-6],[4,42],[-31,-18],[1,-18],[-216,-105]],[[45784,60471],[-37,14],[29,21],[-29,35],[0,26],[-86,26],[-39,39],[35,18],[18,33],[-161,-16],[-162,162],[-814,-362],[-4,-12],[-345,118],[-66,63],[-27,-21],[-155,-119],[-51,-65],[-77,21],[-117,-83],[12,-15],[-8,-193],[-12,-2],[-31,-144],[-22,-2],[-25,-44],[-15,7],[-144,-115],[-42,47],[-65,-29],[-15,-29],[18,-27],[-28,18],[-68,15],[-12,28],[-36,14],[-61,-16],[-66,-20],[-4,-32],[-144,-4],[-81,-7],[-59,47],[-1,25],[-59,27],[-98,17],[-70,-28],[-126,84],[-38,-33],[-30,34],[-53,-29]],[[49655,55816],[54,6],[31,48],[4,53],[-13,22],[18,52],[19,13],[135,52],[11,156],[-31,-14],[-45,8],[7,18],[-13,5],[-48,-5],[33,53],[-51,14],[-43,-15],[-32,21],[-1,12],[47,6],[-28,47],[28,-1],[166,-94],[42,42],[45,14],[-62,49],[-94,120],[-22,-2],[18,13],[-55,66],[41,48],[-11,25],[-36,-3],[-61,34],[-21,74],[-35,34],[21,41],[25,9],[7,33],[72,11],[8,-43],[101,-20],[46,24],[0,31],[28,-15],[21,44],[43,-26],[26,37],[36,-9],[10,22],[53,21],[19,2],[-1,-28],[16,-3],[0,31],[19,27],[20,-5],[14,58],[95,8],[3,-32],[19,2],[-5,28],[30,-20],[58,4],[-10,27],[-75,32],[86,-1],[-3,28],[15,15],[35,16],[-6,-24],[9,-10],[67,72],[94,1],[20,-25],[60,17],[17,24],[-14,31],[40,15],[78,-16],[18,17],[39,-50],[18,4],[-6,16],[80,-3],[0,-21],[40,8],[63,-53],[88,47],[44,69],[2,35],[84,43],[40,2],[-5,-46],[11,-21],[58,-48],[46,18],[42,63],[-10,64],[43,15],[10,-21],[15,9],[15,38],[-25,8],[21,7],[20,61],[84,3],[-19,37],[-28,18],[35,4],[18,26],[183,2],[52,34],[9,28],[63,24],[49,3],[48,29],[-2,32],[34,30],[-5,27],[37,77]],[[53702,56201],[29,-34],[36,6],[28,-23],[38,-120],[175,-88],[48,3],[40,-58],[56,34],[3,-35],[19,9],[-8,-52],[-65,-42],[8,-12],[-97,-45],[19,-7],[1,-29],[-42,15],[-5,-56],[-29,-23],[19,-20],[-13,3],[0,-42],[-63,-40],[1,-39],[27,-11],[-13,-1],[29,-52],[-18,10],[-9,-66],[-21,-10],[0,25],[-31,12],[10,-39],[-49,-59],[21,-20],[-9,-12],[75,-9],[79,-55],[-97,48],[-5,-144],[59,-44],[-1,-24],[29,8],[-3,-27],[-22,-8],[1,-21],[-27,-2],[-14,-81],[-25,22],[8,-31],[-69,-8],[13,-118],[-10,-8],[11,-14],[-11,-5],[16,-33],[55,-6],[16,-19],[-5,-18],[-18,12],[-12,-36],[-29,9],[-25,-35],[8,-6],[-25,-42],[3,-20],[-37,1],[5,-13],[-35,-25],[39,-43],[-35,2],[16,-38],[11,20],[16,-6],[85,-98],[-8,-18],[14,-49],[-23,-8],[5,-15]],[[53865,54278],[-9,-5],[-69,75],[-111,175],[-51,22],[-106,89],[-51,66],[-194,334],[-15,84],[-78,77],[-43,0],[-77,-50],[-192,-30],[39,-29],[-19,-20],[3,-29],[43,-87],[-57,-43],[-31,10],[-166,-25],[-23,10],[2,21],[-33,2],[-23,-20],[-59,-8],[-24,-46],[-32,8],[-12,-37],[35,-18],[-5,-42],[-62,-32],[6,-21],[-18,-16],[-110,8],[-10,-36],[-44,-3],[3,-13],[-37,-12],[-18,-74],[-60,-3],[-57,-75],[-132,-18],[-58,27],[-22,-4],[-6,-24],[-82,-43],[-91,-12],[-96,19],[-176,-62],[-15,26],[-18,-2],[2,25],[-20,4],[-82,-26],[-16,-47],[-5,-27],[-39,-23],[13,-74],[48,-4],[22,-37],[86,-24],[22,-51],[-34,-16],[60,-64],[-45,-39],[-47,-2],[12,-10],[-37,-26],[13,-16],[-8,-8],[-80,-14],[-75,15],[-146,-41],[-90,1],[8,-94]],[[50966,53794],[-42,-1],[-83,-40],[-45,39],[-20,-20],[-24,53],[-21,22],[-13,-19],[-67,74],[26,53],[-15,37],[45,0],[-13,44],[-120,29],[7,19],[38,-14],[29,34],[9,29],[-14,9],[2,24],[70,10],[4,18],[37,-16],[17,11],[-13,5],[-2,28],[-60,22],[-1,45],[-30,21],[6,21],[23,9],[-25,40],[-51,-40],[-20,16],[33,27],[-71,33],[-179,-25],[6,24],[-25,1],[-123,-44],[-62,8],[2,-45],[-33,13],[8,-24],[-41,-18],[10,-83],[-14,-2],[-20,31],[-41,3],[8,24],[-16,5],[-19,-35],[-27,12],[-83,33],[19,31],[-2,45],[-31,55],[-68,33],[-13,33],[49,10],[23,19],[5,60],[112,69],[-150,67],[102,86],[53,18],[-62,102],[-9,67],[-69,42],[-21,47],[-14,-3],[-31,79],[34,7],[-10,20],[-33,51],[25,89],[-6,62],[43,20],[16,66],[102,16],[0,13],[-45,23],[-102,159],[-183,66],[8,70]],[[55978,53600],[-116,99],[-39,-10],[-45,15],[-18,28],[-61,4],[-111,110],[-1,29],[-25,2],[-76,-17],[-68,34],[-46,44],[-2,27],[25,-3],[-20,17],[2,48],[-32,18],[-7,-20],[-112,114],[-39,9],[-91,62],[-43,-8],[-100,59],[22,24],[24,22],[-86,129],[-19,-2],[-15,31],[-66,25],[-46,-15],[-12,-3],[-62,14],[-41,-34],[26,-20],[-185,19],[-10,24],[-46,11],[-27,-52],[-11,-125],[-104,-32],[-35,-25],[-47,-70],[-12,-15],[-116,66],[-18,30],[-8,20],[-68,39],[-102,-42],[-24,-2]],[[51893,50606],[-115,9],[-150,-23],[-100,44],[41,186],[43,43],[95,44],[-8,90],[-53,51],[-14,40],[121,117],[3,58],[-33,44],[-54,62],[-33,76],[3,32],[60,80],[-2,27],[-132,71],[-31,63],[72,77],[5,88],[109,0],[48,18],[40,48],[8,51],[11,36],[42,32],[131,129],[54,23],[4,26],[99,64],[-101,26],[38,74],[-85,17],[-3,67],[-27,-2],[6,43],[107,124],[-33,33],[33,25],[14,-9],[-63,82],[-14,46],[232,166],[10,35],[-16,59],[-21,-24],[-40,1],[-15,-16],[-62,3],[-52,-40],[-278,-7],[-103,55],[-119,10],[-107,41],[-61,-9],[-96,-37],[-114,-83],[-97,17]],[[51090,53009],[106,11],[17,56],[20,206],[36,18],[-18,68],[26,35],[-15,39],[14,44],[-29,52],[-8,83],[-47,47],[-27,57],[-117,16],[-28,50],[-54,3]],[[49316,65055],[200,-28],[0,27],[112,-40],[84,7],[-8,21],[20,0],[34,44],[-63,84],[37,6],[19,25],[30,-42],[-4,-60],[51,-99],[9,-64],[41,-24],[95,-14],[45,-57],[43,-15],[56,-16],[13,-49],[-89,-99],[-126,4],[-45,-29],[-4,-32],[45,-38],[107,17],[43,-46],[126,-24],[23,-41],[-42,-36],[-122,-35],[-12,-31],[19,-70],[-51,-64],[-33,-117],[36,-16],[39,11],[19,-20],[56,19],[6,-14],[89,5],[36,45],[-1,19],[57,25],[86,-14],[-24,-20],[-24,-96],[25,-2],[27,-58],[23,6],[51,-40],[173,23],[28,79],[-39,-5],[-2,38],[201,32],[-17,-45],[135,-24],[0,-46],[-47,-10],[-37,-65],[27,-32],[42,3],[-12,-35],[15,-85],[-37,-54],[3,-14],[6,-21],[34,5],[-16,-74],[83,-10],[87,-9],[12,-60]],[[51109,63561],[-24,-71],[-48,-30],[79,-24],[18,17],[42,-48],[66,-21],[6,-20],[-30,-72],[-60,-40],[43,-32],[10,13],[62,-10],[48,-147],[-172,-22],[-70,-34],[84,-69],[139,-2],[170,184],[13,62],[71,-25],[206,-5],[3,-25],[78,-57],[68,-20],[362,40],[164,-12],[3,-255],[130,-19],[89,10],[8,-36],[25,-3],[0,-14],[-7,-45],[-25,-18],[5,-45],[-31,-130],[60,-2],[9,-74],[50,0],[61,-141],[83,-3]],[[50658,59942],[-49,-40],[49,-41],[49,-86],[-155,-3],[-27,-13],[2,-29],[-22,-19],[-74,16],[-198,-25],[-45,-42],[-12,-25],[8,-12],[-44,-73],[-113,-74],[-256,-23],[-61,-17],[-30,-28],[-4,-4],[-281,44]],[[49395,59448],[-12,111],[-101,-9],[-52,51],[-6,25],[62,2],[-13,16],[9,45],[-13,30],[-136,86],[71,163],[83,41],[2,16],[109,74],[-16,71],[18,18],[93,-5],[-10,23],[-30,74],[-168,21],[-39,58],[-54,36],[-18,41],[-12,-10],[-24,18],[-64,-28],[-140,34],[-47,-28],[-113,47],[-53,-62],[3,-26],[-22,-34],[20,-2],[-45,-24],[30,-37],[-14,-9],[8,-10],[-50,-32],[-87,8],[-44,-38],[-11,-48],[8,-34],[-51,-33],[11,-40],[-7,-43],[-34,-2],[-9,-31],[-112,3],[-68,-57],[10,-23],[-42,16],[-76,-15],[72,-60],[-30,-71],[-35,-36],[29,7],[7,-40],[31,-11],[-77,-63],[-14,14],[-52,-21],[-10,12],[-59,-29],[6,-30],[-13,-37],[-34,-6],[4,-29],[-143,2],[22,-11],[6,-24],[14,3],[-17,-59],[-76,-44],[16,-31],[-87,-7],[-46,17],[-158,20],[5,-30],[-51,-4],[-14,52],[-31,-5],[-28,-112],[-83,-5],[-93,-33],[-9,10],[18,14],[-23,17],[-73,-29],[-28,-52],[-561,106],[-128,-32],[-244,-90],[-65,34],[-29,56],[-87,61],[-70,-65],[-13,-31],[-66,32],[21,35],[-24,16],[32,97],[-47,55],[8,39],[-13,28],[44,62],[61,12],[9,49],[-25,46],[-76,56],[-25,58],[14,149],[45,49],[4,39],[-18,116],[6,38],[-92,112],[38,159]],[[49655,55816],[-78,24],[-101,-65],[-15,27],[29,36],[-4,70],[95,39],[-21,27],[15,20],[82,13],[30,63],[-31,35],[9,26],[-29,47],[-16,0],[-58,67],[-134,4],[-13,15],[32,28],[-13,8],[-18,-14],[-99,-1],[-77,-70],[-68,8],[-2,32],[-15,15],[-27,-26],[-27,10],[-64,27],[-13,35],[-120,-10],[39,55],[-14,1],[8,37],[-157,0],[8,-28],[-38,-8],[-50,-43],[4,-21],[-38,-12],[-32,17],[-158,-88],[-50,27],[-4,56],[52,94],[-2,96],[-28,10],[-12,63],[31,80],[33,-16],[13,47],[-84,12],[5,57],[-39,5],[5,29],[-61,26],[-2,54],[-41,-25],[-29,40],[8,32],[-68,32]],[[48203,56935],[70,17],[49,-61],[62,-15],[27,17],[29,51],[52,-37],[0,-21],[-19,-15],[7,-36],[25,-25],[123,12],[84,-13],[-19,77],[46,61],[-44,98],[23,41],[-2,36],[-101,79],[15,80],[57,19],[51,-69],[118,34],[102,69],[21,45],[-11,13],[-160,43],[-202,135],[-226,38],[-5,40],[-15,0],[0,14],[-228,49],[-41,22],[0,22],[44,62],[6,45],[-20,16],[-5,-26],[-31,-6],[-73,65],[130,39],[80,60],[-24,94],[30,42],[11,79],[13,10],[-16,22],[11,67],[58,42],[4,86],[81,-1],[16,63],[80,-2],[54,68],[0,46],[21,14],[-19,8],[16,33],[118,-48],[143,-22],[11,84],[114,16],[6,23],[15,1],[22,43],[65,21],[1,48],[32,73],[76,59],[10,85],[14,21],[-36,13],[1,12],[22,-3],[-34,29],[2,19],[57,21],[7,21],[81,58],[0,27],[43,-6],[55,97],[12,75]],[[54607,62065],[95,152],[1,52],[-29,119],[13,30],[-30,7],[-14,48],[-82,29],[40,74],[-14,9],[-1,44],[18,68],[35,2],[-4,46],[-40,8],[-63,100],[39,58],[125,-8],[99,25],[37,28],[-79,195],[330,78],[30,37],[-9,18],[68,24],[3,-20],[50,-10],[78,12],[0,16],[58,27],[30,-25],[8,14],[36,-11],[-14,100],[-36,90],[29,203],[-26,22],[-47,-24],[-37,21],[80,55],[-27,73],[16,47],[-26,40],[37,27],[22,149],[-19,21],[6,24],[45,3],[5,120],[128,37],[51,85],[43,4],[-49,217],[-111,68],[9,59],[-16,20],[45,66],[101,20],[-20,45],[92,30],[-6,50],[-19,25],[40,63],[-20,24],[136,41],[17,21],[36,-53],[-135,-41],[56,-25],[103,57],[20,-107],[195,-29],[13,-1],[252,36],[36,-32],[17,-78],[37,-78],[148,-50],[-1,-43],[13,-4],[48,36],[166,44],[110,103],[190,97],[2,16],[214,68],[63,40],[30,48],[55,-8],[58,31],[-1,-27],[27,-5],[-11,-28],[7,-17],[6,23],[22,-4],[-5,-16],[29,0],[74,40],[107,-65],[52,-13],[-17,163],[78,0],[-16,23],[65,-35],[29,42],[116,-8],[-1,16],[66,10],[54,236],[249,-83],[-10,-83],[159,46],[13,18],[99,-4],[122,95]],[[58903,65508],[84,-47],[-20,-34],[48,-84],[182,-197],[83,-269],[17,-47],[131,-102],[61,73],[40,-21],[11,14],[7,-22],[-34,-24],[-43,-55],[44,-36],[85,-9],[-13,-81],[53,-98],[-77,-44],[40,-62],[20,-4],[70,54],[114,27],[190,-45],[125,-266],[192,-32],[101,-99],[29,2],[184,122],[51,-6]],[[44047,70488],[-30,411],[-33,192],[0,404],[1,214]],[[43985,71709],[112,-15],[50,64],[34,1],[26,-27],[95,68],[72,0],[277,90],[13,-13],[14,19],[11,-28],[20,-9],[49,14],[69,-22],[52,16],[74,-22],[2,20],[115,39],[58,79],[47,31],[-5,32],[57,19],[-11,25],[119,62],[-20,41],[34,20],[-26,41],[-28,-9],[-13,41],[-39,34],[-10,112],[25,16],[5,61],[27,-13],[-10,100],[19,74],[-88,-22],[-44,23],[-49,135],[-45,68],[-26,13],[10,51],[78,4],[10,48],[123,108],[-41,29],[109,86],[-34,9],[-9,-19],[-46,33],[-145,9],[-90,-27],[-97,-86],[-74,-29],[-104,58],[-152,40],[-35,28],[-33,-9],[-182,52],[-10,-31],[-43,12],[-11,-25],[-17,33],[-32,-6]],[[44222,73255],[-20,45],[-4,10],[-5,7],[-73,135],[-62,106],[-2,5],[-66,131],[-3,8],[-4,7],[-4,4],[4,12],[-73,105],[-2,174],[-2,17],[-1,259],[94,176],[8,17],[86,204],[2,7],[38,92],[92,134],[10,15],[-29,10],[64,141],[3,6],[19,40],[25,-5],[11,0],[-21,13],[-12,2],[21,54],[32,84],[35,97],[9,-3],[6,-30],[25,17],[2,29],[-2,3],[-51,18],[11,63],[13,65],[6,28],[21,61],[14,32],[13,28],[33,81],[14,30],[6,12],[20,40],[6,13],[8,16],[10,19],[6,12],[60,126],[32,-7],[28,-7],[13,-15],[19,30],[6,14],[39,60],[6,2],[5,10],[5,6],[7,12],[142,159],[13,11],[1,3],[6,5],[10,22],[-32,23],[46,36],[15,11],[15,12],[41,32],[105,0],[65,34],[21,10],[198,48],[45,11],[169,13],[9,-1],[6,-2],[11,-18],[-40,-14],[-4,-23],[29,-76],[61,-48],[72,26],[100,-96],[5,-6],[14,-13],[21,-20],[12,-14],[4,-13],[20,-17],[49,-41],[22,-12],[-19,-22],[142,-62],[24,-16],[-10,-12],[56,-29],[-2,-3],[33,-18],[150,-83],[137,-42],[12,-3],[28,-7],[15,-2],[14,-2],[12,-1],[22,1],[117,-11],[57,-6],[13,0],[39,12],[12,6],[24,8],[8,1],[93,-22],[43,-3],[67,-14],[12,-2],[15,0],[13,3],[50,-2],[38,-7],[31,0],[55,-1],[112,9],[7,1],[77,-16],[55,16],[8,1],[58,5],[10,0],[237,65],[251,42],[127,-14],[6,-1],[1,-5],[22,-5],[7,2],[32,-6],[9,-2],[90,-9],[15,-1],[12,-6],[21,-12]],[[48482,75899],[57,-47]],[[48539,75852],[13,-66],[24,5],[4,1]],[[48580,75792],[42,-85],[47,-62],[63,33],[31,-8],[3,-31],[121,-10],[-2,-70],[79,-6],[17,58],[58,-19],[9,24],[44,-17],[18,-13],[-1,-34],[15,-2],[28,34],[32,9],[-1,-85],[15,-6],[40,14],[8,34],[75,-14],[21,79],[12,-2],[-11,-102],[42,-1],[0,-42],[153,37],[5,-96],[32,-17],[16,-3],[-34,-31],[22,-24],[59,4],[5,-25],[45,-13],[0,-15],[75,-20],[-8,68],[64,9],[1,-45],[46,7],[8,-39],[43,-3],[0,-74],[20,-22],[120,-30],[3,-23],[56,-24],[106,-111],[340,149],[41,-76],[81,-219],[194,-149],[-410,-268],[40,-37],[-225,-90],[-71,-30],[-30,-75],[-83,-60],[98,-89],[38,-16],[211,-55],[3,87],[13,17],[77,6],[59,-42],[34,-3],[39,-4],[41,-46],[-42,-44],[-1,-71],[-20,-65],[22,-36],[44,-19],[-12,-56],[-87,-30],[-59,25],[-68,-31],[-8,-35],[48,-49],[-1,-46],[-152,-3],[-35,15],[-26,34],[-26,-1],[-18,-31],[21,-34],[-16,-33],[-72,-16],[-20,-44],[-89,-20],[-39,23],[14,32],[-8,10],[-105,-8],[-38,-16],[-8,-23],[44,-56],[-14,-30],[-64,35],[-59,-8],[-5,-42],[-53,-17],[-18,-25],[-116,-6],[20,-32],[11,-16],[-12,-17],[-40,-19],[27,-46],[-37,-31]],[[49595,73096],[-42,8],[-7,-11],[-35,19],[28,-29],[-29,-42],[-143,-194],[7,-124],[-61,-58],[-72,-7],[-134,95],[-29,-14],[-47,21],[7,32],[-43,8],[0,18],[-77,43],[-145,-11],[-5,-32],[-13,4],[-11,-46],[-68,-36],[-28,-37],[-94,-40],[-118,8],[-188,25],[-102,-8],[-5,-67],[-48,-32],[36,-68],[39,-2],[37,-39],[-34,-35],[-35,25],[-93,-53],[-2,-36],[-48,-8],[-215,34],[-30,41],[-187,-111],[-34,-4],[-44,-78],[-25,-4],[-19,-28],[71,-27],[131,-8],[13,-27],[42,-3],[45,-27],[39,12],[217,-37],[33,-65],[-16,-77],[-78,-29],[2,-41],[14,-184],[97,-1],[44,-35],[-16,-58],[-47,2],[7,-106],[-135,33],[3,-15],[-297,-145],[-77,-69],[33,-13],[26,22],[8,-32],[107,-20],[-1,-37],[82,-119],[146,-112],[-34,-14],[16,-33],[-242,-173],[-63,-82],[-90,46],[-34,-57],[81,-41],[-6,-11]],[[47560,70640],[-364,182],[-124,-42],[-181,-6],[-11,-31],[-83,0],[-20,-17],[-62,-7],[-123,36],[-69,-9],[-8,-9],[39,-42],[-28,-52],[-21,-10],[-67,-66],[-58,-10],[-77,-26],[-32,-34],[-203,-70],[-4,-37],[103,-5],[39,-25],[7,-70],[20,-32],[-13,-27],[95,-58],[-10,-63],[-10,-30],[56,-77],[-14,-11],[32,-29],[-54,1],[-50,62],[-62,-101],[-259,-40],[18,-91],[35,-21],[4,-44],[-36,0],[-5,-21],[-66,-7],[-77,19],[-22,-22],[-37,9],[-27,-22],[-16,25],[-161,-30],[-11,-8],[53,-42],[-35,-42],[-41,23],[-99,-16],[2,-90],[-54,50],[-64,0],[-170,-57],[-34,6],[10,68],[-110,6],[-44,-20],[-85,-2],[-1,31],[-33,7],[-56,49],[-194,48],[-57,-42],[-61,-93],[-28,-12],[-141,31],[-27,26],[-37,-7],[-2,-57],[-30,39],[-8,60],[-71,-17],[-49,21],[84,171],[43,148],[-32,304],[-19,66],[-106,159]],[[45267,73290],[21,-12],[-11,-31],[69,-17],[51,-12],[17,33],[10,15],[-58,14],[-5,20],[-94,-10]],[[54162,68784],[-112,20],[-55,9],[-251,45],[-91,19],[-70,114],[-113,32],[49,35],[-45,162],[-7,23],[-28,107],[-2,88],[-34,11],[15,38],[-45,24],[-6,107],[68,27],[3,-63],[56,0],[-7,73],[-14,-5],[-4,61],[-40,-15],[-9,93],[-68,7],[-21,-1],[-8,25],[-26,15],[31,3],[-16,60],[-69,154],[14,9],[-41,21],[-44,37],[-35,31]],[[53137,70150],[20,25],[-31,17],[39,-1],[34,24],[42,43],[75,130],[105,47],[-1,28],[54,49],[65,12],[64,-35],[12,9],[-3,27],[21,23],[-28,10],[-8,71],[34,51],[-8,30],[31,9],[-9,23],[14,16],[69,28],[91,0],[35,24],[-25,20],[24,51],[25,6],[-1,58],[22,39],[168,-16],[89,30],[6,15],[49,12],[1,17],[143,11],[118,88],[67,-8],[120,176],[14,-11],[64,28],[18,-22],[119,-16],[79,11],[16,34],[55,6],[0,41],[-17,0],[-3,17],[22,2],[-30,123],[-35,45],[-48,-24],[-28,150],[34,11],[-9,87],[17,3],[-2,12],[-36,-4],[1,16],[-69,-12],[5,39],[-91,8],[4,58],[-103,12],[13,23],[35,-5],[27,43],[157,-16],[31,121]],[[60890,70708],[-12,-23],[17,-8],[11,-35],[-120,-135],[-114,-13],[-1,-39],[-13,-14],[8,-13],[-63,28],[-27,-40],[69,-32],[-2,-32],[-100,6],[-32,34],[-18,-35],[-88,29],[8,12],[-20,9],[-63,5],[9,37],[27,17],[-12,19],[-88,-2],[-52,20],[-7,-28],[-34,8],[9,-23],[-138,71],[-52,5],[-14,-31],[84,-7],[-8,-47],[-3,-15],[-40,8],[-3,-33],[-44,9],[-8,-25],[-58,14],[-7,-20],[-62,16],[-4,-16],[-114,1],[-68,15],[1,-21],[-24,-16],[8,-67],[34,-183],[-44,-15],[-86,11],[-21,-35],[-104,21],[-3,-14],[27,-4],[-28,-10],[-10,-34],[-118,31],[-110,-9],[-16,46],[-64,-32],[32,-28],[19,-62],[-66,-98],[-38,36],[-79,-11],[-61,12],[-58,-29],[-26,-22],[-13,-41],[-38,-17],[-69,-172],[120,-42],[-4,-27],[147,-37],[68,71],[63,-5],[16,-17],[-83,-74],[-82,-127],[35,-4],[15,-65],[65,-12],[34,-42],[-20,-37],[-52,-32],[-194,-84],[-36,9],[-7,21],[-82,20],[-54,-194],[-43,-1],[-9,36],[-38,8],[28,-33],[-12,-12],[41,-18],[-15,-16],[26,-14],[-33,-17],[13,-17],[-20,-5],[-19,-35],[112,32],[42,-49],[28,-91],[73,-60],[66,0],[22,-33],[-25,-26],[-5,-29],[8,-74],[17,-28],[-31,-1],[-149,-78],[-40,22],[26,-26],[-18,-42],[-47,-16],[-19,53],[-32,12],[-127,-67],[-18,-20],[-125,118],[-36,-50],[-254,-103],[-10,-41],[-182,-26],[-18,-23],[-1,-130],[-86,-94],[-50,-90],[57,-46],[-14,-15],[-55,46],[-88,-83],[5,-26],[-60,-18]],[[57522,67738],[-12,26],[-33,-2],[10,57],[-89,9],[4,20],[-109,141],[-88,34],[-13,-51],[-65,95],[-30,10],[-247,12],[38,164],[-31,8],[-112,59],[-242,18],[-184,-81],[-185,0],[-83,112],[-55,34],[-36,62],[-26,20],[-36,-7],[18,26],[-38,-9],[-221,89],[-51,93],[-40,0],[-125,-54],[7,-30],[-42,-29],[-18,-40],[-156,-78],[-74,-38],[-85,38],[3,21],[-36,21],[-243,42],[-117,66],[17,13],[-10,35],[-56,16],[-11,31],[-24,-11],[-4,27],[-50,17],[5,20],[-21,-8],[4,-12],[-148,23],[-220,37]],[[59007,69680],[35,42],[16,-8],[-37,-42],[-14,8]],[[59452,70062],[10,13],[43,-9],[-7,-14],[-46,10]],[[64075,64538],[-18,20],[-64,4],[8,77],[-10,8],[-117,49],[-92,-3],[-28,15],[83,54],[28,50],[73,3],[13,61],[-35,27],[7,14],[-123,72],[-42,71],[48,44],[35,8],[-10,47],[53,67],[13,43],[90,56],[19,39],[81,31],[0,66],[62,-24],[39,-45],[65,35],[-68,50],[18,9],[-38,31],[-2,36],[34,87],[31,35],[7,62],[107,55],[6,35],[-172,-37],[-69,157],[-25,17],[-11,47],[84,22],[108,67],[-7,26],[15,40],[136,-2],[105,62],[-39,61],[4,115],[16,49],[-132,0],[-29,17],[-6,201],[-43,17],[0,23],[-41,10],[1,37],[-55,-12],[-127,17],[13,146],[-42,92],[-28,138],[-19,5],[-28,1],[8,12],[-212,150],[-67,30],[-242,36],[-1,27],[-47,38],[42,52],[54,25],[25,52],[-182,-33],[-39,116],[36,5],[1,20]],[[63333,67673],[147,-14],[88,113],[31,70],[35,25],[78,41],[8,24],[36,-23],[9,-30],[69,45],[124,-35],[89,-2],[131,17],[56,38],[37,-11],[65,38],[15,18],[89,14],[124,-43],[77,13],[-10,36],[10,81],[18,14],[-26,15],[-4,32],[-49,56],[-4,88],[29,26],[-158,67],[38,33],[27,55],[17,1],[-6,46],[-63,1],[-34,-30],[-110,0],[-30,16],[2,38],[40,59],[57,32],[-25,23],[5,20],[-15,0],[-55,122],[-12,3],[-23,45],[3,68],[20,3],[32,78],[-13,20],[4,33],[-80,66],[27,20],[274,-177],[200,-85],[176,-158],[284,-181],[146,-97],[202,-97],[139,-163],[361,-267],[114,-61],[88,-3],[89,39],[133,185],[86,89],[106,34],[111,-33],[138,-105]],[[66900,68058],[52,-72],[57,-162],[42,-20],[65,17],[133,92],[150,-20],[132,-69],[172,-167]],[[67703,67657],[23,-57],[-6,-149],[30,-60],[141,-141],[188,-103],[145,-180],[104,-83],[122,-5],[256,109],[149,89],[153,26],[81,8],[112,39],[96,-1],[100,-42],[122,-107],[133,-122],[105,-64],[153,-22],[173,62],[67,-13],[78,-92],[79,-49],[123,-45],[113,7]],[[70543,66662],[-12,-36],[-233,-165],[-46,-66],[-39,3],[-61,-97],[71,-10],[-34,-60],[-112,9],[-87,46],[-58,56],[-63,-18],[-56,9],[-52,-89],[-66,-277],[-54,-187],[108,-215]],[[69749,65565],[-113,7],[-186,-32],[-133,-63],[-80,-63],[-55,-45],[-50,-50],[-58,2],[-20,-40],[-147,-143],[-120,-28],[-66,22],[11,-15],[-97,-24],[-97,-50],[-3,-18],[-73,-46],[-58,-21],[-90,-2],[-3,-23],[-193,-94],[-161,-39],[-16,48],[11,35],[-6,59],[-30,23],[-121,-19],[-48,-48],[-1,-22],[-30,-15],[-224,-13],[-27,18],[0,44],[-19,49],[-44,31],[-98,16],[13,57],[-325,42],[-225,55],[-9,2],[-5,-50],[-135,-41],[-272,-25],[-119,38],[24,113],[23,42],[-64,1],[-107,0],[-110,-40],[-229,45],[-31,-21],[-191,-19],[-58,20],[-50,-4],[-68,-56],[9,-34],[-39,-52],[9,-125],[-39,-71],[-57,-45],[-41,-9],[-51,22],[-2,-41],[-87,-69],[1,-23],[-137,-152],[-18,-15],[-85,2],[-126,-4],[-74,20],[-91,17],[-24,-97],[-20,-24],[-117,21],[-23,58],[-69,35],[-59,-28],[10,-20],[-67,16],[-37,-18],[-57,9]],[[61966,70454],[183,68],[158,12],[135,-23],[252,-16],[111,34],[86,-11],[203,-134],[61,-91],[35,-88],[47,-10],[65,-8],[38,-25],[27,19],[37,-17],[-5,-29],[-42,-43],[17,-30],[28,-12],[40,17],[27,-20],[7,-39],[102,-69],[91,-46],[80,-11],[194,-24],[15,-10],[-11,-21],[17,-32],[17,8],[45,-30],[9,3],[-5,16],[35,8],[-6,10],[95,21],[0,49],[22,19],[121,2],[23,19],[13,45],[-44,40],[-5,21],[48,-7],[8,-27],[49,-7],[19,-26],[64,38],[9,22],[-73,46],[-2,61],[106,-14],[17,27],[16,-4],[-1,-22],[24,-2],[50,38],[39,2],[75,119],[72,3],[59,-60],[-17,-26],[19,-18],[185,-67],[32,59],[245,-59],[-45,-68],[50,-36],[25,17],[36,-55],[29,-2],[-5,-61],[41,-57],[-9,-65],[55,-52],[-49,-82],[46,-21],[10,-119],[99,-1],[52,-24],[67,-98],[38,-97],[66,-55],[2,-30],[78,-100],[49,-127],[47,-48],[35,-13],[19,-54],[39,-21],[13,-37],[49,-21],[36,-51],[108,-40],[110,-73],[196,-23],[-17,-36],[73,-19],[-71,-68],[369,-60],[128,-75],[5,-40],[-38,-60],[-16,-69],[-59,-36],[-24,-44],[-64,-23]],[[63333,67673],[-87,-5],[-146,175],[-107,80],[-97,1],[0,-25],[-20,-12],[-24,9],[-16,5],[28,43],[-42,37],[-14,-10],[-170,41],[-39,36],[-64,-15],[-74,44],[-71,-3],[-3,27],[-26,-2],[-10,-19],[-64,6],[-24,32],[-18,74],[13,62],[59,-7],[210,47],[13,68],[-31,76],[-109,-35],[4,-17],[-53,-22],[4,51],[-288,46],[-64,-60],[19,-15],[-2,-29],[-24,-39],[-57,-58],[-71,-35],[-23,-7],[-7,44],[-65,31],[5,16],[-32,21],[-23,-8],[-24,-59],[-58,2],[-164,-6],[8,109],[-34,28],[-3,33],[-110,62],[10,36],[-117,77],[-62,-92],[-77,-74],[-184,-32],[-56,-78],[-7,-52],[-110,2],[-80,-67],[10,-72],[63,-36],[-15,-8],[-42,30],[-44,-41],[-159,-86],[-91,16],[-29,-1],[-30,-29],[-46,1],[-46,-61],[6,-18],[-37,-15],[4,-18],[93,-3],[20,-18],[-34,-10],[11,-33],[-16,-43],[-72,-56],[14,-34],[28,-7],[4,-37],[-40,-72],[-63,2],[-304,23],[-19,-33],[-128,14],[-131,-294],[-138,10],[-185,73],[-26,-30],[-115,-65],[-255,-36],[32,-52],[-113,-46],[-73,3],[-1,-99]],[[58688,67030],[-84,2]],[[58604,67032],[-2,17],[-21,1]],[[58581,67050],[-5,107],[-190,-42],[-63,-36],[-36,-66],[-34,-19],[13,-22],[-37,9],[-38,-78]],[[58191,66903],[-67,-111]],[[58124,66792],[-468,-22],[1,-21],[-188,-5],[-50,49],[-44,-2],[-32,40],[-102,18],[-3,84],[-52,31],[81,86],[126,-88],[60,39],[83,8],[-36,90],[-61,-44],[-16,26],[323,198],[-61,79],[43,31],[51,8],[97,75],[-76,54],[8,13],[-29,38],[-64,-20],[4,18],[-16,25],[-122,88],[-53,19],[-6,31]],[[47560,70640],[-32,-67],[296,-101],[-12,-15],[18,-15],[-36,-44],[77,-64],[-55,-132],[181,-104],[77,49],[15,-16],[27,7],[186,-158],[-14,-36],[34,-9],[-12,-33],[-18,-2],[-61,-96],[20,-33],[180,-50],[-132,-239],[30,-35],[-25,-6],[-18,25],[-27,-24],[-5,-75],[66,-32],[14,-55],[51,-55],[98,-33],[17,-46],[44,-41],[8,-176],[7,-103],[22,5],[6,-27],[-12,-3],[1,-18],[23,-20],[-16,-7],[2,-31],[-19,-8],[5,-200],[26,-20],[72,-99],[-40,-21],[214,-148],[92,-233]],[[48935,67996],[-47,10],[-16,-89],[-53,-124],[-185,-19],[5,-81],[-276,56],[-132,-11],[-60,15],[27,-50],[-9,1]],[[48189,67704],[-33,61],[-82,32],[-88,93],[-33,59],[-84,31],[-15,24],[-71,-10],[-51,-42],[-84,-33],[14,-14],[-13,-44],[-29,-11],[-47,-70],[-28,7],[-21,48],[-22,9],[-51,-46],[-201,-5],[-89,-23],[-23,31],[4,37],[-35,7],[3,22],[-41,38],[-98,55],[-17,107],[-38,-6],[-70,50],[21,35],[-93,-22],[-31,18],[-17,-26],[-31,14],[-19,-26],[-27,20],[-45,-13],[-15,30],[-20,-23],[-28,20],[-20,-33],[-23,31],[-44,0],[-44,-21],[8,-24],[-9,-11],[-54,20],[-69,56],[-61,-16],[-61,24],[-44,-19],[-15,20],[22,73],[-33,-17],[-16,24],[-33,1],[-26,29],[-16,55],[-122,32],[-24,-10],[-17,-59],[-28,-18],[-44,32],[11,35],[-26,49],[-16,-27],[-81,-45],[-82,-17],[8,-18],[-20,-8],[-11,-4],[-9,43],[-93,-31],[-41,12],[-14,57],[-41,30],[18,19],[-20,23],[-75,9],[-37,23],[9,15],[-27,28],[-44,7],[-35,33],[-53,-14],[3,-22],[-112,-37],[1,-37],[-19,-14],[-65,-13],[-23,-33],[-29,0],[-18,37],[15,1],[-34,35],[-73,1],[8,28],[-10,8],[39,34],[-31,30],[6,19],[120,70],[28,71],[-176,55],[-53,-76],[-50,33],[-109,-67],[-111,88],[-90,8],[-33,56],[-22,-4],[-7,30],[-19,-3],[3,41],[-21,-4],[-11,27],[-274,-15]],[[43922,68873],[-32,90],[-7,132],[79,459],[22,126],[-3,152],[-19,98],[11,123],[75,168],[13,85],[-13,169],[-1,13]],[[45005,68529],[28,-17],[10,13],[-29,17],[-9,-13]],[[49595,73096],[61,-90],[-15,-17],[33,-96],[29,3],[1,-158],[-20,-64],[59,-40],[44,-112],[91,-57],[33,-73],[157,7],[-2,30],[52,5],[-1,32],[27,35],[298,-14],[31,24],[18,37],[-6,24],[58,5],[3,-12],[113,7],[6,-48],[-111,-12],[11,-96],[70,-28],[17,-47],[30,7],[61,-51],[-52,-34],[-39,-56],[-99,-29],[-232,-178],[-64,-7],[55,-74],[20,-61],[-40,-19],[39,-53],[-24,-8],[52,-116],[39,-55],[44,47],[20,-14],[29,-72],[62,46],[86,-50],[22,57],[21,1],[2,23],[25,16],[24,1],[1,27],[17,14],[17,-5],[52,-113],[136,-97],[150,93],[5,29],[23,-9],[-8,-10],[30,-38],[41,-113],[65,16],[24,-34],[-70,-27],[39,-72],[33,-18],[3,-34],[-24,-91],[-51,-87],[8,-29],[21,-70],[92,-30],[157,17],[40,-36],[-5,-46],[-84,-98],[-69,-48],[21,-28],[17,4],[4,-32],[41,-5],[100,-72],[26,3],[97,-97],[-3,-23],[33,-20],[75,-1],[-2,-53],[14,9],[45,-22],[21,-39],[214,-91],[26,-42],[42,-4],[120,29],[-19,17],[27,30],[56,-28],[66,7],[-17,108],[45,-8],[95,83],[4,42],[120,129],[6,30],[50,2],[2,28],[44,2],[-18,-41],[137,-108],[117,-20],[24,19],[152,-6],[31,-29],[12,13],[26,-18],[-33,-114],[9,-56],[-81,-17],[-50,-60],[-2,-35],[-31,-15],[41,-13],[38,-37],[-7,-22],[26,-2]],[[54162,68784],[-6,-75],[122,-55],[-14,-102],[150,-29],[-38,-106],[103,-40],[-16,-61],[147,-81],[23,-55],[52,1],[29,21],[97,-15],[-1,-23],[-249,-67],[-19,-32],[-38,-6],[-87,18],[-47,-22],[-132,0],[-164,55],[-26,-154],[36,-129],[-65,-27],[-19,7],[-30,67],[-122,39],[-30,-22],[75,-62],[-27,-28],[-34,14],[-9,-15],[8,-39],[-11,-54],[-90,26],[-36,-86],[9,-31],[-28,-47],[3,-12],[21,-63],[58,-89],[69,-28],[25,-92],[-50,-3],[24,-101],[-69,-132],[-99,-55],[2,-29],[23,3],[8,-23],[-103,-20],[-63,-49],[67,-25],[-29,-20],[0,-13],[36,-8],[15,-44],[-34,13],[-8,-17],[17,-6],[-5,-60],[9,10],[43,-34],[15,9],[1,25],[34,-16],[-9,-8],[12,-21],[85,0],[8,-35],[67,-47],[71,9],[173,-98],[14,-74],[34,-15],[-187,-97],[25,-25],[-34,-26],[-2,-34],[-23,-14],[73,-41],[-12,-26],[163,-9],[-5,-35],[-164,-41],[0,-21],[41,6],[-10,-14],[12,-4],[38,31],[49,9],[22,-17],[1,-15],[-96,-35],[32,-24],[-71,-67],[-142,-88],[-120,-29],[-41,-33],[13,-28],[-89,-10],[-15,37],[-72,-32],[-6,14],[-31,-5],[-1,-148],[-51,-31],[-22,-88],[-45,-40],[-17,36],[-12,-5],[20,-54],[-31,-18],[-64,15],[-91,-26],[-52,9],[3,144],[-92,47],[27,27],[-9,32],[-103,51],[-43,4],[-198,-28],[-38,-30],[-7,-109],[-333,-79],[3,-36],[-36,-15],[-42,-73],[-42,-21]],[[52213,65292],[21,103],[-17,37],[14,10],[-66,74],[5,49],[-45,58],[-1,31],[47,9],[-1,26],[26,31],[62,19],[26,27],[-55,78],[30,0],[33,47],[-92,60],[17,15],[0,109],[22,46],[-175,158],[-177,-58],[-108,-4],[-89,-36],[-7,-35],[-38,-7],[-70,-51],[2,-25],[-61,-21],[-71,48],[-66,-8],[-17,30],[-157,-15],[-21,22],[39,114],[96,62],[-58,34],[-7,70],[-18,18],[-76,-14],[-13,-9],[10,-67],[-48,1],[-6,44],[20,24],[-49,36],[-37,0],[-40,-41],[-26,14],[-116,71],[-5,16],[10,1],[-37,68],[-28,12],[-250,52],[-54,-23],[-78,34],[-2,22],[-111,5],[-76,76],[-148,-43],[-4,-33],[-142,139],[-46,108],[30,73],[-70,106],[-76,-7],[-52,69],[-12,46],[-49,52],[39,49],[-58,72],[21,13],[-25,13],[0,43],[98,-9],[51,-27],[-4,59],[18,19],[-31,14],[116,95],[5,23],[-8,41],[-73,60],[64,80],[-19,58],[48,54],[44,7],[40,39],[-69,114],[16,13],[-2,18],[-153,12],[-28,33],[4,50],[63,16],[10,-34],[67,-28],[106,75],[-93,106],[-39,-25],[-17,23],[39,38],[-58,17],[-62,-51],[-10,-35],[23,15],[42,-54],[-20,-22],[-34,6],[-134,-59],[-68,22],[-23,-30],[-82,12],[4,-84],[-14,-34],[-45,-15],[-11,-32],[-63,-51],[-17,6],[-45,-32],[-9,-29],[-324,83]],[[51109,63561],[24,4],[2,45],[-17,9],[30,58],[25,-5],[69,69],[20,9],[-1,-24],[-56,-100],[43,-11],[19,25],[-15,6],[6,25],[50,7],[-14,50],[6,24],[-34,35],[37,22],[27,57],[-62,33],[-33,51],[155,-3],[20,17],[-10,23],[-131,35],[-2,68],[-93,-2],[-22,18],[3,29],[86,37],[21,67],[21,-9],[48,21],[125,-79],[106,72],[13,-8],[69,83],[18,-7],[-3,34],[31,9],[-35,11],[-18,41],[-104,104],[24,52],[30,18],[6,38],[134,91],[-14,55],[67,30],[14,44],[67,10],[5,46],[25,20],[-16,33],[14,34],[-6,35],[-28,34],[3,20],[78,60],[42,-8],[6,43],[63,-8],[136,75],[-1,47],[31,12]],[[58124,66792],[42,-124],[127,64],[-13,74],[-89,97]],[[58581,67050],[-1,-30],[29,-26],[19,11],[-24,27]],[[58688,67030],[23,-110],[38,-13],[7,-58],[-39,-71],[23,-18],[-30,-67],[34,-166],[-44,-11],[-78,28],[-49,41],[-356,-22],[19,-157],[189,-22],[95,33],[44,-31],[75,26],[48,-82],[38,4],[1,-229],[70,-109],[-12,-281],[77,-183],[42,-24]],[[48580,75792],[9,2],[-8,41],[12,5],[-35,69],[-4,6],[-50,59],[-9,8],[80,18],[190,93],[8,7],[249,94],[26,8],[272,42],[503,23],[215,-10],[269,-40],[24,-6],[15,-2],[11,0],[135,-18],[102,-11],[6,-2],[33,-5],[14,-4],[57,-27],[3,-4],[21,-18],[14,-9],[110,-96],[26,-20],[115,-78],[94,-98],[2,-1],[25,-21],[5,-41],[1,-5],[4,-2],[1,-5],[-1,-6],[14,-24],[3,-4],[4,-8],[2,-6],[4,-6],[4,-5],[0,-7],[5,-1],[3,-1],[2,-4],[6,-9],[52,-82],[17,-22],[18,-27],[9,-13],[17,-24],[23,-33],[38,-44],[2,-6],[15,-43],[19,-32],[19,-24],[93,-133],[58,-45],[0,-17],[-1,-17],[9,-16],[35,-39],[6,-8],[11,-16],[7,-10],[3,-10],[26,-34],[9,-5],[8,-7],[-1,-6],[17,-28],[6,-8],[38,-66],[10,-11],[8,-5],[50,-69],[3,-7],[52,-68],[7,-6],[29,-36],[12,-15],[69,-55],[14,-6],[6,-7],[233,-168],[13,-12],[158,-137],[8,-7],[48,-62],[19,-20],[31,-32],[46,-38],[24,-50],[5,-45],[18,-39],[9,-19],[7,-8],[41,-62],[12,-29],[16,-3],[19,2],[13,-43],[-17,-3],[13,-43],[9,-28],[58,-128],[15,-19],[57,-57],[8,-12],[91,-160],[60,-43],[102,-35],[71,-62],[53,-88],[77,-30],[43,-36],[74,-50],[88,-23],[86,-12],[154,-99],[-2,-6],[0,-6],[9,0],[3,2],[121,-39],[127,-124],[38,-30],[142,-80],[5,0],[5,0],[16,6],[39,15],[1,-10],[48,-34],[77,-10],[25,5],[7,59],[5,4],[78,6],[-3,-15],[19,-2],[3,14],[32,-7],[8,-11],[2,-60],[104,35],[7,6],[211,-12],[55,-40]],[[48482,75899],[9,-3],[49,-33],[-1,-11]],[[52830,73929],[0,-7],[-4,-4],[-3,3],[-34,75],[-20,47]],[[52104,74557],[4,3],[75,-8],[19,-8],[14,-7],[16,-6],[11,-8],[70,-37],[25,-45],[7,-7],[64,-44],[4,-17],[1,-22],[4,-9],[12,-26],[-78,10],[-15,12],[-80,98],[-5,5],[-8,7],[-104,69],[-13,11],[-23,29]],[[54940,72606],[-3,2],[5,8]],[[54308,72722],[31,-13],[16,-1],[95,-4]],[[54585,72692],[8,-6],[50,-6],[13,5]],[[54946,72647],[-38,-3],[-27,-22],[-49,1],[-3,-4],[-10,3],[-3,5],[-14,1],[-5,-1],[-3,1],[-13,6],[-96,6],[-44,31],[-252,26],[-23,4],[-1,0],[-121,24],[-37,-31],[-81,-13],[-8,0],[-70,49],[-49,35],[-2,5],[103,-11],[-1,-5],[34,-3],[46,-2],[37,-7],[11,-4],[8,0],[4,2]],[[53217,73206],[155,-73],[29,-20],[145,-110],[-1,-2],[-7,-2],[-13,1],[-163,66],[-105,85],[-37,50],[-3,5]],[[64075,64538],[-58,-55],[-90,-2],[-203,35],[-38,-77],[-252,-17],[-17,-20],[60,-75],[-66,-44],[19,-14],[4,-32],[-83,-74],[32,-156],[9,-41],[-21,-80]],[[47604,66374],[16,25],[32,-10],[4,30],[60,-24],[4,16],[56,-6],[19,130],[67,-1],[-3,65],[152,76],[29,-2],[107,104],[8,10],[-32,55],[-27,-5],[-30,67],[-45,-8],[-7,15],[-9,43],[43,28],[-35,94],[6,104],[12,23],[-37,29],[36,55],[154,39],[62,38],[-21,21],[-59,-23],[-18,32],[-77,27],[-64,-15],[-30,114],[-106,69],[318,115]],[[45208,67394],[51,81],[50,12],[8,17],[55,1]],[[45372,67505],[128,-68],[-42,-96],[32,-56],[46,-36],[120,-11],[109,-40],[47,-52],[0,-19],[24,-3],[10,-107],[-29,-162],[39,-92]],[[45392,66351],[-119,-41],[-134,155],[-133,-124],[85,-93],[-203,-127],[-60,-31],[-61,117],[-49,41],[8,32],[129,102],[18,85],[44,85],[51,54],[-98,17],[-116,57],[-14,35],[51,69],[-33,43],[64,20],[12,63],[26,7],[21,52],[28,-21],[55,11],[-13,20],[50,24],[-1,49],[53,1],[-3,15],[22,-3],[3,28],[48,-3],[11,22],[62,19],[-21,6],[11,24],[-18,3],[21,29],[-17,11],[6,14],[-76,28],[106,148]],[[31213,70408],[124,211],[50,-96],[115,-100],[42,-102],[36,1],[65,44],[66,-36],[187,114],[78,67],[66,173],[29,31],[166,37],[187,91],[17,-56],[88,7],[-7,-32],[22,2],[4,-26],[33,-3],[4,-14],[71,25],[4,-15],[74,-7],[66,9],[-2,14],[21,2],[-4,13],[48,2],[-9,26],[41,8],[20,-49],[46,6],[-31,95],[65,9],[34,41],[58,-31],[39,20],[-23,-37],[9,-14],[26,6],[-2,-28],[21,2],[6,-40],[94,23],[-9,13],[13,4],[10,-14],[89,68],[-51,42],[30,13],[50,-9],[39,24],[14,-14],[71,42],[60,-26],[59,-111],[-24,-28],[33,-61],[-38,-20],[63,-66],[-44,-43],[76,-31],[74,4],[-6,-24],[47,-6],[12,-29],[45,-35],[-2,-23],[14,-1],[-3,-33],[-26,0],[-35,-58],[32,-52],[-3,-32]],[[33847,70295],[-22,-2],[-23,-305]],[[33802,69988],[-270,18],[-12,8],[10,37],[24,18],[-16,20],[-29,-68],[-72,35],[-285,35],[-4,15],[-18,-15],[-313,26],[-26,4],[-51,-10],[-27,2],[-75,4],[-37,0],[0,7],[-859,-8],[-6,0],[-74,36],[-12,6],[-58,-5],[-14,-4],[-16,-1],[-35,-10],[-73,-1],[-75,37],[-6,5],[-5,5],[-20,24],[-97,134],[-5,9],[-21,33],[-7,12],[-5,12]],[[40867,67493],[17,234],[68,-4],[30,22],[34,28],[-19,21],[9,63],[24,27],[-5,93],[61,4],[26,42],[-14,17],[0,89],[29,43],[51,-14],[-3,25],[36,24],[-76,53],[17,31],[78,78],[61,-18],[97,98],[26,-13],[72,168],[26,15],[17,-34],[152,-4],[44,-46],[147,30],[18,-13],[-4,-25],[61,-46],[180,-19],[17,-32],[112,12],[54,24],[31,-2],[-1,-16],[30,-15]],[[42370,68433],[-13,-46],[-85,-57],[21,-69],[36,-41],[1,-18],[-24,12],[-1,-14],[41,-8],[13,-26],[-50,10],[2,-14],[26,-5],[56,-106],[24,-31],[25,-4]],[[42442,68016],[-44,-28],[-22,-43],[-40,-12],[-6,-47],[13,-23],[-32,-15],[-74,-93],[-19,-140],[-58,-117],[-11,-56],[16,-60],[-38,-29],[-318,-113],[-44,0],[-57,-36],[-30,-5],[-34,40],[-29,-7],[-12,22],[-56,-5],[-46,48],[-58,12],[-9,27],[16,3],[-12,18],[65,59],[1,90],[14,38],[-31,23],[-249,-59],[-371,-15]],[[39399,57835],[-184,158],[-36,3],[12,18],[-17,66],[24,27],[-10,68],[152,46],[322,-26],[29,69],[-108,36],[-85,83],[-29,58]],[[39469,58441],[165,82],[221,78],[55,-113],[46,-41],[-13,-71],[77,-17],[225,8],[58,-29],[56,-3],[45,1],[72,43],[22,5],[3,-17],[108,23],[17,-75],[-22,-26],[2,-52],[74,-49],[22,-38],[-9,-5],[12,-38],[53,-11],[34,-53],[94,48],[32,-21],[17,10],[-22,31],[10,8],[8,-18],[63,2],[23,35],[37,13],[33,-32],[-16,-19],[15,-22],[44,17],[8,-26],[33,28],[-6,26],[15,3],[79,-140],[51,36],[5,-43],[-23,-10],[21,-20],[-29,13],[-14,-14],[27,-8],[-99,-63],[6,-29],[-34,-11],[5,-15],[35,14],[-9,-21],[-75,-6],[5,-38],[-40,-7],[-66,-48],[-102,23],[-114,-43],[51,-28],[-10,-40],[39,-13],[-51,-37],[14,-17],[-26,-33],[74,-53],[-1,-33],[-13,-5],[32,-35],[-17,-36],[-86,-10],[-26,10],[-10,26],[-29,0],[6,-28],[-14,-18],[23,-34],[-9,-12],[22,-47],[-36,10],[-18,-28],[-25,0],[-93,97],[15,14],[-3,20],[-42,-4],[-8,14],[35,44],[-41,-5],[-93,44],[-119,-22],[-50,-39],[-90,-7],[3,-12],[-28,1],[-3,-15],[-47,24],[-21,-14],[0,-45],[-36,-14],[-7,-26],[10,-16],[-83,25],[-64,46],[-11,-10],[-18,32],[-35,-5],[-45,52],[-148,12],[-60,60],[-29,-4],[-169,93],[-8,61],[46,38],[5,34],[35,7],[2,23],[-40,121],[-30,18],[-2,-27],[-28,-15]],[[40552,73624],[45,-62],[38,-48],[105,-133],[3,-4],[10,-14],[3,-6],[70,-189],[218,37],[58,-186],[-14,-5],[3,-20],[1,-8],[-103,-37],[36,-91],[67,-92],[-12,-15],[-11,-4],[-3,-16],[8,-3],[8,-2],[24,4],[30,-67],[19,-60],[59,-58],[0,-1],[6,-13],[0,-16],[-50,-26],[-61,-95],[81,-19],[3,-38],[-12,-40],[-7,-14],[-19,-27],[-19,-18],[-28,-28],[-5,-5],[-9,-9],[7,-4],[-4,-4],[-6,-4],[-41,-7],[-11,2],[-42,-10],[-50,-13],[-17,-1],[-51,-14],[-234,-74],[-38,-10],[-167,-9],[-113,40],[-23,5]],[[40304,72093],[-83,47],[9,43],[-28,0],[-33,44],[13,12],[-16,7],[29,31],[-6,23],[-43,6],[-13,28],[-36,14],[15,17],[-38,26],[12,9],[-9,40],[-48,34],[17,44],[17,1],[-2,26],[28,-6],[28,29],[-17,10],[27,11],[0,47],[-27,6],[1,39],[-12,1],[-1,-36],[-32,5],[-27,-32],[-33,17],[41,24],[-73,22],[-5,58],[62,63],[48,-22],[41,16],[-14,16],[24,2],[19,45],[-136,9],[-12,23],[17,6],[1,32],[-21,0],[11,11],[-19,8],[-51,-1],[-17,37],[-12,-5],[-2,15],[73,25],[-5,14],[-60,-7],[-44,20],[23,31],[-22,10],[17,15],[-5,64],[-40,1],[9,20],[-27,12],[-88,-5],[-12,30],[65,26],[20,51],[19,-5],[31,39],[111,39],[49,39],[-6,19],[44,21],[36,58],[15,-12],[30,25],[73,-52],[348,151]],[[40867,67493],[-209,-59],[-288,-148],[0,-93],[-95,-132],[25,-32],[-91,-47],[10,-26],[-13,-20]],[[40206,66936],[-304,166],[-152,-30],[-14,49],[-258,1],[6,53],[-21,19],[-1,35],[-79,5],[-116,19],[68,100],[-295,159],[14,46],[-124,70],[-33,-1],[-108,-113],[-214,235],[-176,132],[98,67],[-62,82],[96,54],[-10,55],[-160,26],[-26,43],[-106,58],[-69,-26],[-8,27],[-180,44],[-90,-45],[17,-14],[-10,-15],[-45,-6],[-61,36],[-171,-21],[-102,50],[-59,-35],[-32,38],[-32,-4],[-19,20]],[[37368,68315],[-169,341],[34,1],[-9,50],[-40,25],[29,30],[10,61],[272,128],[6,36],[223,54],[294,232],[249,183],[5,39],[217,151],[304,670]],[[38793,70316],[361,-179],[116,-65],[38,-59],[121,47],[34,-30],[-19,-123],[54,-66],[7,-63],[14,-9],[196,25],[32,23],[17,-14],[265,32],[19,127],[251,229],[15,10],[34,-27],[41,21],[11,23],[41,-11],[-7,-23],[47,-31],[8,-43],[44,10],[10,-34],[165,18],[112,-21],[28,-20],[217,92],[-10,13],[22,16],[45,94],[137,62]],[[41259,70340],[48,-78],[-74,-46],[-37,17],[5,-29],[-26,-14],[94,-129],[-43,-29],[15,-56],[-22,-9],[78,-18],[57,29],[9,-33],[34,14],[21,-55],[-8,-5],[155,-125],[-12,-22],[65,-6],[241,65],[2,-27],[66,8],[-11,-48],[20,-40],[33,6],[2,-42],[37,-72],[51,-57],[33,-11],[54,9],[15,-43],[-82,-12],[-2,-13],[47,-234],[15,-33],[18,3],[118,-140],[-109,-104],[53,-4],[79,50],[45,-77],[57,-172],[62,-243],[-63,-35],[-29,-47]],[[31213,70408],[-1,9],[-4,20],[0,114],[5,7],[22,19],[4,5],[5,3],[5,1],[19,13],[2,8],[10,5],[5,2],[2,5],[-2,5],[26,67],[2,10],[-11,46],[-5,8],[-9,35],[-1,10],[10,44],[2,8],[8,67],[4,7],[9,58],[6,18],[-6,91],[8,54],[-22,3],[7,46],[2,17],[6,53],[103,438],[13,56],[-2,20],[-4,19],[-2,41],[48,62],[56,71],[86,116],[10,16],[5,23],[-2,7],[-62,85],[-10,16],[-60,163],[37,77],[96,-37],[103,-75],[70,-27],[14,1],[48,46],[-8,8],[15,14],[52,-38],[39,-47],[1,-24],[-7,-4],[-7,-18],[16,10],[6,5],[9,26],[32,-37],[27,2],[31,49],[33,16],[146,21],[77,35],[25,25],[4,33],[-22,33],[-5,5],[-28,7],[-7,4],[-18,16],[1,4],[-48,52],[-10,4],[-2,4],[2,3],[-21,29],[-5,6],[0,6],[-14,24],[-10,4],[-37,8],[-7,-1],[-5,2],[-6,6],[-2,54],[-14,11],[-6,5],[-10,5],[2,2],[-32,13],[-92,88],[28,94],[189,176],[222,130],[72,73],[12,16],[-17,13],[9,12],[19,23],[23,31],[1,9],[1,51],[35,40],[-8,-21],[-6,-5],[-9,-20],[1,-8],[1,-17],[3,-13],[11,-3],[6,9],[-1,43],[23,7],[14,-31],[24,15],[-21,18],[-19,9],[-2,9],[100,4],[45,40],[61,98],[322,180],[14,7],[4,4],[1,7],[78,69],[69,19],[-5,12],[34,22],[202,46],[2,-3],[15,1],[6,-1],[9,-1],[11,1],[95,30],[16,6],[4,10],[82,41],[14,4],[114,21],[11,5],[11,0],[15,1],[30,6],[135,15],[15,4],[98,7],[13,-7],[33,10],[7,8],[66,-1],[0,-8],[-3,-28],[15,29],[17,-3],[7,1],[90,-24],[4,-4],[278,7],[6,0],[35,4],[1,-9],[22,2],[165,12],[292,-12],[22,-2],[50,-5],[4,1],[74,-7],[-11,-22],[9,-2],[6,12],[8,-3],[-2,-7],[20,-8],[7,11],[106,-39],[48,-16],[12,-14],[17,-15],[21,-8],[61,-5],[19,-7],[5,7],[21,-7],[13,20],[25,-8],[43,24],[23,-9],[10,16],[83,-2]],[[35924,74051],[49,-10],[-222,-74],[-173,-38],[16,-35],[38,-3],[-20,-4],[8,-34],[-9,-15],[-25,-7],[17,-18],[-55,-24],[-43,26],[-41,-9],[-8,-11],[15,-7],[-32,-6],[-15,-28],[-29,8],[5,-28],[51,-24],[-4,-25],[45,-2],[7,-11],[-14,-17],[79,-57],[-7,-47],[53,-46],[-46,-57],[-222,5],[-85,22],[11,22],[-131,-27],[-41,-45],[-26,-4],[-85,26],[-82,-10],[-64,-27],[-19,-23],[78,-70],[-27,-17],[-23,20],[-25,-6],[2,-66],[-43,-45],[21,-71],[-97,-135],[64,-26],[5,-39],[42,-317],[-74,-101],[146,-108],[74,49],[-16,26],[49,22],[59,-68],[254,123],[144,30],[245,32],[430,54],[416,67],[227,-4],[59,-125],[55,-169],[-78,-13],[-12,-26],[8,-35],[-73,-46],[288,-266],[5,-120],[4,-201],[-16,-137],[143,2],[-13,17],[172,78],[206,13],[42,-89],[80,3],[8,-21],[-65,-3],[2,-76],[-26,-21],[-83,-1],[0,-74],[31,-86],[35,7],[135,-63],[38,60],[16,13],[27,-17],[54,70],[95,-42],[-66,-38],[56,-56],[-65,-49],[6,-48],[93,9],[19,-45],[-36,-26],[9,-9],[-142,-82],[22,-65],[89,20],[29,-63],[89,-5],[4,30],[82,1],[2,28],[83,1],[4,-78],[-91,-22],[98,-284]],[[38193,70588],[-734,-193],[7,-13],[-295,-80],[-149,-74],[-132,-50],[-20,15],[-70,65],[-137,-64],[-97,13],[-51,41],[-10,-33],[105,-31],[-35,-74],[-117,-15],[-87,22],[-46,-29],[-21,76],[29,15],[-7,46],[-88,-31],[-47,23],[-61,-1],[-17,21],[-85,4],[-79,103],[-63,29],[-123,-10],[-16,-40],[-33,-2],[-14,18],[-35,-13],[-67,19],[-25,38],[7,22],[-88,67],[-52,18],[-6,23],[-75,16],[-48,-10],[-66,17],[-67,-32],[-25,12],[-19,-33],[-24,5],[-57,-62],[-33,30],[-59,-27],[-11,34],[-39,-27],[-4,-52],[-85,-23],[-82,-85],[-42,41],[-64,9],[-77,-23],[-1,22],[-41,-3],[-18,-23],[-33,9],[-40,-34],[-2,21],[-39,17],[9,70],[-63,13],[-23,-29],[-93,-24],[8,92],[73,20],[-11,64],[-53,-8],[12,78],[-14,2],[-38,-197],[-59,-22],[7,74],[-74,-18],[0,64],[-34,5],[-3,-62],[10,0],[-11,-45],[-25,-4],[-42,26],[0,-119],[-112,3]],[[30066,73692],[8,13],[85,14],[18,2],[10,-13],[6,15],[10,9],[93,19],[22,0],[65,11],[15,21],[5,9],[26,-13],[-3,-12],[-16,-23],[-10,-9],[-17,-8],[-20,-2],[-52,-15],[-11,-23],[7,-58],[34,-31],[-21,-57],[26,-9],[8,-5],[-1,-18],[-8,-11],[-11,-8],[-54,-12],[-20,5],[-116,64],[-77,104],[-1,41]],[[29972,73897],[2,46],[45,30],[30,6],[151,20],[39,8],[1535,207],[250,-13],[89,-43],[-2,-18],[-65,-65],[-10,-1],[7,26],[-33,9],[-33,5],[-136,-5],[-24,-6],[-156,-15],[-1,10],[-152,-23],[-16,-4],[-78,-8],[-41,-3],[0,-11],[-11,-10],[-12,0],[-87,-1],[-61,-1],[-19,6],[-11,-6],[15,-17],[-7,-4],[4,-9],[3,-10],[-3,-1],[-28,33],[-8,8],[-24,7],[-111,-55],[-2,-3],[-7,4],[3,12],[-16,7],[-23,9],[-447,-72],[-55,10],[-101,-18],[-25,-3],[-30,-1],[-23,-2],[-177,-32],[-29,-10],[-57,-18],[-18,2],[-18,7],[-16,16]],[[32394,74414],[5,23],[46,32],[21,9],[39,15],[10,2],[130,56],[202,56],[377,-8],[727,54],[152,-8],[83,-26],[-2,-31],[16,-32],[-12,-23],[-55,17],[-87,-49],[-29,-7],[-16,-8],[-15,-4],[-148,-16],[-14,-2],[-10,-6],[-9,-6],[-11,-4],[-35,-9],[-74,32],[58,-33],[-2,-5],[-10,-3],[-12,-1],[-12,-1],[-13,-6],[-32,-8],[-15,1],[-65,-17],[-16,-4],[-36,-11],[-11,3],[-430,-4],[-18,-1],[-10,0],[0,19],[-26,0],[0,5],[-39,6],[-7,-6],[-6,-4],[-24,0],[-14,-5],[-2,-4],[-6,-16],[-12,-27],[-4,-6],[-11,-8],[-7,-2],[-27,-3],[-21,2],[-20,6],[-80,16],[-16,1],[-1,27],[-63,49],[-32,-5],[-11,-11],[-2,-2],[9,-8],[24,-21],[4,-30],[-10,-3],[-29,-19],[-11,23],[3,4],[13,4],[4,-10],[14,3],[-7,32],[-17,-1],[3,-11],[-10,-2],[-21,-22],[1,-8],[4,-8],[7,-10],[10,-5],[5,-9],[-10,2],[-103,-3],[-14,4],[-25,18],[-11,7],[-8,1],[-22,6],[-22,38],[-5,10],[-12,19]],[[34297,74643],[4,21],[11,7],[17,5],[161,68],[97,14],[312,-45],[44,-27],[-46,-56],[2,-38],[-11,-11],[-164,-8],[-13,3],[-78,7],[10,-9],[-8,-1],[-22,1],[-48,0],[-10,-1],[-13,2],[-52,17],[-41,0],[-14,2],[-14,4],[-13,2],[-12,-2],[-23,-1],[1,14],[-47,-13],[-7,4],[11,11],[-2,8],[-1,3],[-5,8],[-5,2],[-21,9]],[[36452,66914],[130,656],[84,-4],[17,114],[-18,2],[7,81],[38,0],[-13,22],[-1,114],[48,40],[-30,9],[15,16],[30,395],[14,-7],[14,38],[56,-25],[23,-43],[76,-20],[-4,18],[107,30],[78,-12],[17,-39],[33,11],[5,22],[82,-20],[19,16],[33,-10],[15,24],[41,-27]],[[40206,66936],[16,-58],[83,-16],[68,-80],[42,-97],[4,-43],[56,29],[182,-236],[124,-161],[53,-32],[-57,-157],[13,-37],[-16,-48],[21,-55],[-43,-74],[43,-111],[42,-58],[-17,-53],[12,-54],[-9,-41],[16,-40],[-9,-53],[-23,-16],[5,-23],[29,-19],[51,6],[41,-27],[67,12],[34,-26],[29,18],[48,-10],[-4,-49],[20,-31],[-22,-47],[12,-33],[-10,-66],[50,-19],[74,-67],[74,-42],[94,-22],[140,-158],[139,-80],[100,-26],[53,47],[154,9]],[[41985,64792],[-75,-135],[29,-6],[16,-78],[-19,-3],[-151,-201],[2,-70],[67,-135],[-15,-2],[23,-125],[-60,-23],[20,-72],[-2,-18],[-31,-1],[16,-18],[-81,-49],[-41,-53],[-103,14],[0,19],[-17,1],[-42,-26],[-16,-41],[-62,-163],[21,-17],[15,-95],[-271,58],[-52,59],[-57,-23],[-24,-32],[-355,49],[-31,-78],[-17,8],[-29,-66],[13,-88],[-362,47],[-128,-475],[79,-8],[-19,-38],[184,-2],[-11,-80],[37,-22],[-29,-26],[-104,44],[-54,-1],[-39,-21],[-211,12],[-73,-220]],[[39926,62592],[-231,65],[-122,79],[-37,2],[2,-18],[-76,-3],[-7,-27],[-34,2],[-19,-31],[-25,5],[4,16],[-82,17],[-18,-67],[-12,11],[-199,-97],[-93,44],[-9,65],[-117,61],[-25,45],[-91,22],[-203,103],[-443,-104],[-59,-42],[-3,-32],[30,-9],[-46,-37],[6,-25],[-36,-19],[-21,14],[-69,-7],[-87,-88],[-54,-20],[-634,17]],[[37116,62534],[-52,105],[-41,35],[41,39],[-11,15],[-39,-4],[-76,56],[-25,-4],[4,19],[-38,30],[-6,42],[-30,42],[-192,169],[22,31],[6,45],[72,40],[13,33],[136,37],[130,75],[54,10],[22,83],[140,35],[31,57],[56,26],[-283,350],[13,21],[19,24],[-11,25],[66,48],[11,22],[-23,30],[48,113],[61,50],[37,73],[-5,93],[50,120],[114,63],[116,35],[314,122],[65,39],[66,76],[43,66],[65,52],[10,71],[48,22],[78,90],[45,52],[9,54],[30,11],[16,56],[-71,81],[-410,116],[23,35],[-26,14],[-54,-28],[-140,52],[-87,35],[-15,-21],[-2,144],[-77,-18],[-19,51],[-53,47],[-33,17],[-27,26],[59,46],[-56,328],[-40,2],[-6,17],[8,69],[22,12],[-19,29],[0,45],[-71,46],[-651,361],[-138,80]],[[37979,62688],[29,-17],[-6,27],[17,21],[-36,-8],[9,-11],[-13,-12]],[[33934,57925],[-88,113],[-48,99],[-172,260],[-171,180],[-45,42],[-9,82],[-132,488],[-70,145],[24,18],[-186,496],[54,27],[13,-19],[468,255],[-94,142],[89,73],[43,88],[-21,30],[-54,-13],[-17,23],[-38,-17],[-58,38],[3,81],[200,16],[3,19],[-24,-1],[14,57],[25,-3],[10,27],[-163,83],[40,24],[-107,177],[-551,-55],[-6,38],[46,20],[-21,82],[-106,16],[-179,69],[-24,190],[-110,-10],[-36,177],[-15,5],[-166,51],[-20,55],[-81,57],[-9,-18],[18,-20],[-13,-114],[-129,22],[-183,152],[-34,8],[-168,17],[-1,-80],[-29,-28],[-28,129],[18,15],[-93,101],[-325,-139],[61,346],[12,-5],[20,34]],[[31271,62070],[57,-24],[196,-21],[52,-25],[118,123],[96,1287],[44,650],[177,316],[-46,136],[148,164],[125,172],[287,396],[246,324],[166,479],[71,202],[64,85],[-34,39],[-116,810],[31,373]],[[32953,67556],[362,50],[240,-47],[62,-2],[11,22],[56,1],[162,-58],[60,6],[21,-19],[89,33],[54,-7],[4,-19],[-34,-32],[-5,-29],[68,-39],[68,5],[150,49],[161,-126],[15,0],[1,112],[15,16],[200,-78],[-49,-90],[14,-6],[673,-54],[99,-107],[201,-223],[54,-166],[176,-112],[158,34],[-17,25],[35,12],[-7,12],[32,-3],[321,204],[16,12],[33,-18]],[[37116,62534],[-15,1],[58,-183],[-55,-17],[-21,-33],[-239,-123],[-395,-295],[-35,-106],[-2,-49],[98,-183],[14,-71],[-10,-17],[26,-25],[-51,-56],[-21,-74],[12,-1],[2,-318],[30,-88],[-61,-371],[45,-45],[-112,-50],[29,-29],[34,-8],[-19,-124],[23,-63],[-24,-41]],[[36427,60165],[-41,13],[-107,-119],[-122,-206],[-55,-170],[-57,0],[328,-130],[-13,-83],[-94,-57],[-64,-61],[8,-22],[-16,-46],[16,-26],[-105,-165],[78,-22],[14,-34],[-60,-7],[6,12],[-46,20],[-88,-75],[44,6],[-11,-23],[-83,-22],[-38,20],[-58,-29],[-22,27],[-49,0],[-94,-31],[-28,-33],[-77,-40],[-58,-5],[-217,-153],[-132,-60],[-224,-105],[-93,-176],[3,-48],[-96,-23],[-104,11],[-12,-20],[-18,4],[-4,-38],[-25,-24],[-89,36],[-135,-105],[-44,-78],[-34,-60],[-91,-44],[-184,-37],[-102,-12]],[[41444,70977],[-13,-27],[11,-45],[57,-61],[44,-19],[-2,-68],[-53,-25],[-14,-44],[8,-77],[30,-11],[12,-33],[-21,-44],[12,-14],[-55,-68],[-65,-42],[-13,-43],[-46,-6],[-47,18],[-30,-28]],[[38793,70316],[-121,276]],[[38672,70592],[-110,264],[780,462],[-27,12],[176,49],[-39,66],[59,134],[48,-1],[-40,16],[-117,123],[-122,-9],[-4,24],[16,12],[3,52],[17,9],[0,25],[-133,-37],[-1,29],[-16,-7],[-1,71],[12,0],[0,20],[19,-4],[-9,29],[17,2],[-18,101],[39,3],[-7,41],[35,63],[-76,30],[-59,-4],[-33,23],[-97,-13],[-48,35],[-71,-11],[-50,18],[-268,-43],[-219,-102],[-86,-37],[-9,47],[-40,174],[124,185],[-8,18],[21,9],[-15,85],[17,32],[-56,18],[-5,17],[54,-1],[49,49],[-23,56],[25,1],[-9,57],[20,14],[-17,37],[79,25],[-6,28],[76,42],[-37,34],[19,10],[48,-17],[9,69],[-59,31],[-26,-22],[-9,35],[14,11],[-37,12],[45,40],[-11,10],[24,25],[30,-4],[6,32],[-14,6],[34,10],[-17,42],[39,56],[-13,72],[-59,59],[-41,14],[-134,-7],[-22,34],[25,32],[-37,20],[-12,-30],[-26,2],[6,35],[-30,8],[14,34],[67,-17],[12,61],[27,-9],[-11,-23],[31,-6],[9,42],[-15,31],[39,8],[9,49],[-8,14],[-53,3],[21,48],[-21,90],[-1,108],[-138,272],[-56,167],[-15,8]],[[38145,74429],[20,10],[-5,34],[11,0],[160,-5],[204,27],[18,0],[5,3],[59,8],[19,-1],[53,8],[12,5],[49,7],[4,-3],[17,3],[13,1],[21,-1],[24,4],[10,2],[13,0],[53,4],[8,3],[26,2],[7,-1],[15,1],[18,4],[11,0],[10,-2],[8,2],[79,-3],[19,-2],[195,-9],[24,1],[97,-4],[19,-3],[12,1],[8,1],[12,-1],[15,-3],[315,-41],[17,1],[98,-21],[124,-55],[-6,-79],[-51,-61],[-9,-11],[-3,-6],[-4,-86],[-1,-2],[-24,-8],[29,-2],[-13,-9],[17,-15],[27,-39],[27,-126],[-7,-46],[9,-33],[11,-32],[109,-188],[41,-8],[20,2],[180,63],[-14,8],[100,-30],[8,-4],[-19,-19],[8,-12],[30,9],[3,-3],[42,-45]],[[40304,72093],[-19,-119],[29,-181],[4,-10],[9,-26],[13,-27],[41,-79],[61,-88],[176,-164],[51,9],[3,2],[12,17],[8,-13],[-2,-13],[70,51],[19,10],[52,9],[41,2],[64,7],[6,1],[14,-5],[45,-30],[21,5],[7,-1],[6,-10],[15,-20],[23,6],[7,-12],[18,-15],[12,-3],[3,-8],[299,-314],[17,-18],[24,-37],[-3,-5],[-57,-21],[14,-19],[37,3]],[[38456,75346],[1,5],[1,6],[11,-3],[3,8],[5,6],[159,62],[318,-3],[430,-82],[153,-53],[42,-40],[-1,-21],[-39,-30],[28,41],[-3,18],[-56,3],[-1,-21],[24,-16],[-31,-6],[-14,5],[-168,66],[-45,-17],[-10,-3],[-11,-3],[-4,-1],[-14,-1],[-19,-3],[-13,4],[-39,0],[-8,-2],[-9,-1],[-8,4],[-55,-1],[-18,0],[-10,0],[-14,2],[-84,23],[-19,6],[-140,39],[-6,-2],[-10,2],[-9,5],[-16,1],[-4,2],[-12,8],[-42,10],[-17,-17],[-2,-6],[-17,-24],[-6,-5],[0,-6],[-2,-25],[-3,-10],[-9,-46],[19,-5],[-1,-4],[-4,-11],[-36,-29],[-12,42],[-51,62],[-66,41],[-19,19],[-6,8],[-11,-1]],[[33934,57925],[-168,-188],[-681,3],[-61,2],[-28,1],[-468,23],[-273,-63],[-17,-47],[-46,-13],[-34,-35],[-7,-65],[-31,-30],[-54,-18]],[[32066,57495],[-284,-21]],[[31782,57474],[-201,172],[-90,183],[-27,18],[-11,47],[17,41],[-27,73],[3,55],[126,219],[-22,14],[68,44],[11,44],[-8,46],[72,95],[8,68],[134,165],[1,237],[-68,195],[-48,73],[1,39],[-28,18],[-33,-12],[-135,31],[-118,233],[-96,74],[-45,173],[-57,139],[-38,70],[-4,39],[-52,46],[-89,-46],[-130,-248],[-130,-86],[-47,-13],[-682,184],[-79,-17],[14,112],[-681,0],[-185,48],[-70,47],[-179,106],[-29,1],[-195,107],[14,98],[28,167],[23,127],[-209,382],[301,-55],[2,21],[40,34],[44,115],[122,-14],[102,-34],[122,28],[1,23],[-411,291],[72,305],[-34,60],[-34,19],[-41,56],[-36,13],[137,62],[135,140],[92,32],[7,-26],[46,35],[78,-23],[81,55],[108,12],[34,-23],[76,14],[45,-32],[69,-6],[50,-11],[81,45],[49,5],[116,-38],[116,13],[66,37],[65,-29],[137,11],[155,-55],[16,-58],[27,-20],[86,1],[81,-25],[125,12],[53,32],[75,1],[66,52],[144,-57],[82,5],[34,-35]],[[32953,67556],[-171,98],[25,28],[-41,41],[-17,126],[34,16],[57,93],[7,159],[114,170],[199,40],[-163,99],[72,83],[10,38],[-5,179],[-55,161],[17,-2],[-31,172]],[[33005,69057],[32,26],[9,7],[53,35],[29,46],[4,4],[21,34],[2,5],[4,3],[8,11],[1,7],[-1,7],[12,32],[2,5],[0,4],[1,3],[5,3],[37,95],[2,10],[10,23],[2,9],[1,12],[1,8],[1,5],[-2,6],[0,3],[4,5],[-1,111],[-50,58],[-9,1],[-6,12],[18,2],[14,5],[2,6],[12,11],[-1,18],[13,11],[12,7],[10,10],[5,10],[31,19],[42,182],[-21,-1],[29,24],[48,3],[-5,18],[10,-1],[4,-15],[37,3],[199,-39],[6,-2],[12,-2],[10,0],[179,1],[-1,22],[-2,32],[-1,10],[-37,7]],[[38193,70588],[114,-48],[44,-98],[115,51],[37,-3],[169,102]],[[28133,73107],[34,74],[18,30],[43,46],[29,13],[141,2],[515,66],[46,9],[127,33],[33,5],[116,-5],[49,-15],[336,-123],[44,-32],[-18,-26],[-90,-19],[-33,-2],[-413,-26],[-22,-9],[-15,-6],[-32,-32],[-25,4],[-23,-41],[-30,-13],[-6,-5],[-6,-2],[-7,2],[-72,-8],[-11,-7],[5,-16],[-59,-5],[-12,-20],[71,-6],[19,-6],[15,-9],[11,-9],[24,-26],[-2,-19],[49,-4],[7,-30],[7,1],[9,-10],[-3,-5],[1,-7],[35,-16],[101,-16],[11,-51],[-3,-2],[6,-4],[1,-4],[-7,-9],[-10,-11],[-24,-16],[-14,-9],[6,44],[-49,-3],[-4,-35],[25,-11],[-1,-3],[-1,-2],[-4,-5],[-44,-6],[-4,0],[6,31],[-18,2],[-7,-37],[-6,2],[2,31],[4,8],[26,12],[-28,61],[-66,32],[-139,15],[-84,-28],[126,-113],[30,-39],[-64,21],[-83,87],[-23,14],[-25,10],[-10,1],[-10,-2],[-8,-3],[-16,-11],[-25,17],[-50,32],[-199,91],[-76,86],[-2,14],[-1,26],[0,9],[-18,57],[-2,12],[2,38],[-13,1],[-12,-4],[-64,-35],[0,-42],[-20,-3],[-17,24]],[[30063,73064],[17,20],[7,0],[9,-8],[-16,-7],[17,-10],[-28,-2],[-6,7]],[[42442,68016],[86,101],[137,-6],[118,51],[172,-6],[38,20],[42,58],[61,-18],[-23,-39],[0,-24],[26,-100],[78,-173],[2,-36],[-11,-3],[39,-197],[300,93],[71,42],[27,-4],[113,94],[92,-24],[138,-130],[145,-79],[14,19],[-15,38],[-85,50],[8,10],[101,-45],[47,37],[66,-17],[138,-42],[181,-60],[66,4],[39,-68],[71,108],[92,-30],[35,-17],[-25,-41],[89,-38],[15,-40],[59,-23],[27,43],[29,-56],[163,-74]],[[43699,63946],[89,37],[33,100],[-19,76],[15,39],[-187,-32],[-65,14],[-68,56],[-104,-24],[-229,15],[-31,71],[30,7],[90,99],[-6,92],[-151,12],[-26,10],[-5,30],[-59,29],[-108,-17],[-24,-22],[-57,3],[-19,41],[-30,2],[-39,64],[-13,64],[-80,127],[-25,69],[-112,-69],[-79,-16],[-167,-5],[-70,23],[-150,-16],[-48,-33]],[[39469,58441],[-46,16],[-31,65],[-61,37],[-7,44],[30,26],[-10,48],[29,22],[-12,23],[-14,-9],[-23,20],[-49,-30],[-11,27],[27,66],[-22,12],[12,32],[-44,25],[-8,40],[-128,7],[-256,172],[-12,-22],[-169,-13],[-235,-98],[-253,23],[-68,10],[-189,90],[-300,142],[-196,92],[-100,13],[-57,174],[-41,212],[-47,108],[-72,115],[-31,25],[-148,3],[2,28],[-95,17],[-17,10],[10,19],[-74,6],[-274,104],[-12,18],[-26,-13],[-14,18]],[[39926,62592],[127,-96],[12,-26],[145,-253],[71,-60],[111,-15],[32,-108],[-10,-21],[25,-93],[57,0],[25,-25],[-61,-77],[-67,-218],[-134,-46],[-31,-43],[-103,-10],[-11,-85],[-32,-54],[75,-142],[-11,-154],[-61,-33],[6,-37],[-30,-7],[26,-148],[-32,9],[-25,-21],[-48,33],[-91,-18],[4,-16],[69,-109],[103,-78],[98,-39],[150,-102],[-97,-83],[78,-90],[-32,-42],[13,-49],[13,20],[15,-60],[5,-137],[-2,-56],[-78,-13],[63,-174],[237,35],[261,-45],[105,18],[85,-73],[152,-61],[163,209],[-7,26],[45,25],[-27,37],[63,33],[136,213],[103,-34],[265,33],[9,20],[33,-7],[-9,21],[17,21],[13,-8],[29,30],[21,-10],[370,168],[51,-12]],[[42313,59963],[2,-24],[62,-96],[29,-16],[-16,-2],[-19,-119],[28,5],[19,31],[23,-12],[10,-53],[44,-22],[-11,-23],[41,-20],[-3,-48],[-37,-60],[-12,-50],[60,-20],[-7,-20],[-69,-14],[-3,-21],[85,-64],[166,-27],[140,-83],[273,-84],[15,11],[40,-35],[27,-48],[243,-129],[26,2],[26,-43],[34,-1],[10,-33],[18,-9],[-1,-37],[28,-56],[-9,-2],[75,-234],[49,-67],[12,-70],[12,-19],[86,-20],[-8,-25],[-16,2],[-37,-111],[-44,11],[-16,-32],[27,-36],[-20,-50],[5,-149],[32,6],[13,-68],[-7,-49],[20,-51]],[[43758,57779],[-63,-109],[41,-18],[-7,-51],[28,-10],[17,-49],[-70,-50],[-9,-86],[23,-64],[-74,-52],[-21,-88],[-44,-14],[-26,-31],[61,-47],[25,-46],[0,-30],[22,-9],[24,-61],[126,-45],[304,-57],[78,-37],[-98,-66],[-6,-30],[-56,-46],[-44,-70],[-66,-10],[-33,-70],[-143,-53],[-24,-25],[-73,26],[-91,-66],[-70,-21],[-22,-28],[-145,-69],[-92,-121],[9,-50],[-14,-5],[54,-61],[4,-44]],[[43283,56016],[-49,-42],[-143,-40],[-146,28],[-25,19],[6,31],[-44,41],[-51,-7],[-73,21],[-55,48],[-13,-15],[-148,41],[-84,-42],[8,-30],[-33,-16],[-111,27],[3,23],[-14,11],[-100,22],[6,68],[19,37],[-9,7],[-117,-52],[-58,18],[-3,-61],[-32,-76],[-143,11],[-51,-46],[-32,-58],[-56,-43],[-38,-1],[-3,-25],[-30,-3],[-5,-34],[-101,-74],[-16,-63],[-48,-37],[-3,-39],[-55,-100],[4,-24],[-83,-25],[-87,17],[-4,-18],[-21,1],[-31,30],[-37,-12],[-21,23],[-73,-5],[1,14],[-17,2],[-10,-16],[-151,-33],[-31,-39],[-219,-89],[-60,-46]],[[40596,55345],[-35,73],[-158,32],[-34,-12],[-27,34],[-75,-9],[-13,2],[-8,-38],[-112,-13],[-56,10],[1,37],[-44,9],[-46,-44],[-53,-21],[-2,-43],[-138,-49],[-79,-54],[-16,-40],[-32,-26],[-10,-50],[-50,-48],[-548,187],[32,73],[-76,50],[-198,245],[-30,-2]],[[38789,55648],[9,21],[133,80],[319,101],[60,1],[103,50],[83,110],[34,15],[308,-8],[-25,249],[-18,9],[13,76],[-16,1],[-4,34],[13,28],[-49,8],[24,34],[-25,0],[-2,14],[49,1],[-21,30],[12,32],[89,-9],[-6,30],[52,-15],[-4,-16],[48,13],[19,38],[-86,59],[15,40],[-94,46],[-170,-19],[-100,-38],[-145,79],[-159,-21],[-57,18],[-30,37],[-39,6],[-76,55],[-19,-12],[-6,13],[17,19],[-53,23],[7,60],[-51,44],[33,29],[-37,27],[-23,50],[56,0],[-5,70],[8,14],[24,-13],[11,41],[17,-4],[14,31],[-14,6],[15,27],[61,-5],[42,47],[13,41],[-14,47],[19,82],[-12,43],[-32,34],[-4,57],[22,115],[39,30],[133,-1],[92,83]],[[41444,70977],[5,-9],[6,-6],[24,-33],[95,-40],[280,-36],[77,8],[30,15],[33,13],[11,7],[165,130],[0,8],[133,171],[14,21],[-17,40],[-7,4],[13,82],[4,7],[100,69],[37,71],[17,34],[9,89],[0,7],[1,7],[2,8],[-1,8],[1,6],[1,15],[-2,7],[5,12],[-4,125],[-2,7],[1,22],[0,8],[0,7],[-3,9],[4,7],[1,48],[-3,7],[-2,10],[4,5],[0,84],[0,134],[-5,7],[-1,8],[3,2],[8,19],[-26,47],[-8,11],[-51,46],[-30,17],[-84,-16],[-72,-24],[-37,-13],[-137,-27],[-228,21],[-54,-2],[-42,5],[33,2],[30,150],[25,315],[42,170],[-10,23],[9,23],[4,12],[77,137],[95,86],[86,52],[17,8],[141,89],[175,39],[174,-32],[138,-81],[8,-4],[64,-76],[1,-5],[-23,-25],[30,18],[48,-68],[30,-43],[93,-86],[4,-3],[0,-10],[34,-45],[18,-18],[-5,-6],[9,-6],[12,5],[112,-60],[314,-81],[68,-33],[24,-11],[51,-24],[43,-20],[26,-13],[63,-13],[-2,17],[43,-1],[6,-1],[5,1],[7,2],[51,-5],[22,-7],[169,-25],[87,31],[21,45],[22,11],[-15,-22],[-10,-48],[54,-63],[124,-71],[18,-6],[79,-10],[36,-33],[2,-6],[26,-123],[1,-7],[-59,-53],[39,-43]],[[44498,72215],[-175,-81],[-198,-134],[-64,-77],[-76,-183],[0,-31]],[[43922,68873],[-31,-8],[23,-45],[62,-71],[112,-181],[60,-41],[31,9],[153,-123],[344,-131],[70,-28],[257,-38],[66,-33],[36,-49],[28,-201],[36,-89],[40,-60],[135,-126],[-13,-44],[16,-21],[49,24],[-32,-82],[8,-30]],[[35924,74051],[168,24],[21,3],[20,-25],[-18,45],[-17,16],[11,0],[125,-5],[15,2],[156,75],[206,25],[67,29],[239,48],[159,61],[162,32],[6,-11],[-3,-8],[4,0],[-3,-10],[20,9],[-7,2],[0,17],[26,-16],[17,-12],[162,-20],[28,2],[38,2],[218,21],[152,59],[1,8],[52,5],[2,13],[5,7],[56,5],[39,4],[36,3],[56,6],[-6,-11],[-12,-34],[20,7]],[[35155,74637],[33,65],[44,171],[55,73],[69,35],[758,45],[435,-19],[166,-39],[-17,-27],[-83,-15],[-11,-14],[13,-6],[-6,-10],[-115,-15],[-23,-3],[-388,18],[-258,-57],[-61,6],[1,-9],[-41,1],[-8,6],[-47,-1],[-25,0],[-26,-1],[-53,-22],[-55,-81],[14,-40],[-9,-1],[-72,-52],[15,-6],[-9,-11],[7,-21],[-23,-5],[-68,35],[-35,-15],[-5,-15],[-86,-18],[-86,48]],[[36913,75029],[30,86],[75,74],[102,62],[88,26],[536,13],[430,-13],[70,-22],[-26,-30],[-216,-88],[-54,-15],[-71,-20],[-57,-15],[-72,-12],[-50,-3],[-90,-13],[-34,-9],[-212,2],[-41,5],[-18,3],[-12,5],[-24,5],[-13,0],[-59,-13],[-5,1],[-11,8],[13,17],[0,12],[-22,4],[-7,-29],[-15,-2],[10,-5],[0,-3],[-25,-50],[-56,-41],[-5,-26],[-21,-15],[-2,13],[-96,18],[-40,70]],[[44598,72603],[-18,26],[-14,0],[-10,4],[-18,25],[-201,299],[-90,129]],[[44247,73086],[120,67],[43,-17],[-14,-35],[61,-106],[132,-28],[8,25],[45,-8],[38,-43],[29,-7],[-31,-54],[-30,-118],[-50,-43],[4,-36],[37,-61],[-41,-19]],[[44498,72215],[24,-27],[47,-53],[0,10],[1,8],[6,32],[50,66],[51,190],[23,7],[0,30],[-13,18],[-20,20],[-28,12],[-13,36],[-28,39]],[[44247,73086],[-119,134],[55,21],[44,-6],[-5,20]],[[28779,46975],[82,85],[115,55],[32,55],[79,16],[19,-23],[120,-24],[118,-55],[41,26],[40,-20],[27,6],[-16,26],[23,21],[-1,29],[94,-16]],[[29552,47156],[-6,-68],[44,2],[-8,-57],[-30,-1],[-19,-33],[10,-46],[-14,-34],[67,-74],[62,-11],[-30,-68],[-38,-13],[14,-35],[-13,-43],[-56,-10],[-20,-68],[32,-11],[-23,-70],[1,-127],[-19,-40],[114,1],[100,-40],[47,57],[48,-49],[125,43],[7,-47],[130,-44],[23,21],[20,-29],[36,37],[2,-39],[-13,-6],[26,-30],[102,13],[41,-52],[82,3],[36,44],[4,26],[26,3],[10,55],[40,-23],[0,-17],[95,2],[19,29],[41,7],[-6,-19],[44,-18],[-67,-70],[17,-10],[-14,-19],[-14,16],[-27,-7],[21,-91],[-27,-46],[57,-56],[-19,-46],[-2,-71],[-12,2],[7,30],[-34,18],[-66,-24],[-91,19],[-7,-33],[-32,14],[-4,-36],[-33,-3],[-50,24],[-3,-20],[-49,26],[-30,-12],[-18,41],[-71,-19],[-22,12],[19,-108],[31,0],[-7,-24],[21,-17],[-45,-29],[-6,-72],[55,-58],[270,-46],[-58,-91],[7,-46],[42,-45],[109,-20],[3,-29],[-20,-20],[-40,-27],[-12,16],[-32,-11],[18,-107],[-146,-51],[-3,-14],[33,-16],[9,-42],[-26,-34],[12,-8],[-1,-44],[-55,-19],[70,-78],[53,-13],[13,-33],[53,-29],[35,-51],[27,22],[19,-3],[1,-19],[14,-49],[-53,-25],[-5,-48],[-67,-37],[-26,3],[-75,-33],[-23,61],[-18,-9],[-12,20],[-72,-42],[-96,20],[-9,24],[-58,-20],[-66,26],[18,-36],[-29,-23]],[[29987,44582],[-45,61],[-19,57],[5,76],[71,143],[-13,45],[-30,26],[-69,16],[-69,-23],[-140,-166],[-40,-26],[-82,-15],[-69,27],[-40,76],[44,205],[-5,54],[-29,65],[-61,50],[-63,14],[-248,-53],[-122,34],[-50,71],[9,180],[-77,186],[13,49],[-26,11],[-24,-29],[-45,16],[-173,-8],[1,41],[-26,36],[43,36],[22,33],[117,45],[136,174],[-144,72],[-44,46],[-23,60],[2,31],[30,58],[204,249],[37,102],[2,66],[-22,72],[-43,54],[-103,76]],[[29371,49288],[-6,-31],[-13,-5],[1,-41],[-42,-24],[3,-20],[20,13],[80,-82],[57,-16],[156,-98],[49,0],[28,-117],[-12,-126],[-47,-26],[-49,1],[-6,-108],[88,-54],[-34,-105],[-60,-54],[9,-9]],[[29593,48386],[-1,-67],[-42,-25],[105,-51],[14,-41],[-21,-266],[7,-70],[-42,-98],[55,-60],[-26,-40],[8,-157],[-16,-26],[2,-36],[10,-62],[58,-5],[46,-117],[-20,-2],[38,-67]],[[29768,47196],[-101,7],[-65,-62],[-50,15]],[[28779,46975],[-74,41]],[[28705,47016],[-384,137],[-52,62],[-5,56],[28,53],[146,75],[-10,23],[22,8],[22,50],[-85,-30],[47,168],[-16,9],[-25,-38],[-76,18],[-27,-29],[-11,-48],[-32,4],[-46,11],[-24,51],[-63,-13],[-11,83]],[[28103,47666],[-3,23],[40,2],[1,39],[-91,66],[-34,79],[34,106],[113,-42],[106,-90],[51,-8],[66,23],[-3,14],[-45,-11],[34,154],[3,48],[-14,26],[67,8],[2,30],[-58,19],[0,39],[82,41],[-33,7],[43,111],[-14,64],[-18,5],[5,19],[-38,-7],[-30,179],[-94,-2],[72,86],[-113,67],[-62,-71],[-44,142],[29,17],[-4,20],[-108,77],[89,39],[-14,28],[157,17],[16,-20],[111,28],[87,65],[75,32],[58,-12],[-9,17],[35,46],[-141,80],[-57,79],[16,111],[69,144],[84,-29],[94,-80],[30,18],[8,-24],[68,12],[92,-64],[22,5],[78,-58],[37,-53],[61,-1],[66,-41],[98,27],[96,-24]],[[30362,48572],[-46,68],[26,61],[11,-2],[11,57],[105,10],[-1,26],[78,16],[-19,55],[78,18]],[[30605,48881],[-1,-13],[129,18],[102,38],[197,38],[86,43],[-19,30],[3,23],[66,97],[1,102],[43,22],[-5,14]],[[31207,49293],[98,-11]],[[31305,49282],[28,-6],[-4,-41],[66,-122],[20,10],[14,-19],[96,-23],[42,-20],[12,-25],[69,-1],[16,-67],[39,-26],[32,-70],[47,10],[63,-50],[-4,-44],[-16,-8],[2,-50],[27,-19],[128,2],[67,-11],[24,-20],[36,5]],[[32109,48687],[84,-111],[0,-68],[-43,-39],[5,-34],[27,6],[30,-57],[42,-1],[71,-102],[-8,-14],[42,-36],[-15,-41],[-74,-44],[7,-41],[105,-56]],[[32382,48049],[-1,-69],[-51,-81],[-90,-53],[-44,4],[-50,-25],[21,-10],[9,-60],[55,-75],[-8,-49],[15,-30],[-23,-19],[-4,-31],[14,-32]],[[32225,47519],[-22,-23],[38,-3],[-27,-26],[-36,3],[-2,23],[-59,-13],[-63,-76],[-65,-16],[-21,34],[-51,-17],[-14,49],[-216,-131],[-39,3],[-31,32],[-1,25],[-18,1],[-72,-77],[-29,20],[-33,-13],[-66,35],[-81,-37],[-18,-14],[11,-7],[-32,-14],[6,-18],[-35,0],[-45,-3],[-52,22],[-35,-11],[-51,-56],[-42,26],[-12,-38],[-100,-56],[-127,38],[-88,-1],[-102,-40],[-25,34],[40,19],[-4,11],[-60,12],[23,33],[-94,46],[-80,76]],[[30395,47371],[75,60],[12,-11],[21,35],[-53,39],[29,31],[13,-15],[40,25],[59,4],[68,59],[55,15],[28,63],[-48,42],[51,27],[-7,171],[46,71],[42,32],[2,71],[-24,26],[53,16],[-5,41],[18,8],[-34,94],[-41,36],[-75,-9],[-26,25],[-62,14],[-102,-14],[-36,37],[15,19],[1,88],[-12,22],[-64,54],[-72,25]],[[27258,47820],[15,-9],[-18,-30],[40,-29],[56,-3],[-25,-41],[30,-42],[49,24],[20,-39],[22,-4],[0,-17],[45,-4],[62,25],[-18,10],[97,18],[18,-21],[50,3],[149,21],[-2,20],[42,2],[213,-38]],[[28705,47016],[-58,-112],[-46,-39],[-92,-32],[-62,1],[-152,-113],[-46,-19],[-146,8],[-114,-20],[-7,-202],[-183,-42],[-126,-7]],[[27673,46439],[-436,41],[-153,-26],[-14,26],[-127,-18],[-13,73],[-56,62],[-18,0],[-11,31],[118,25],[81,56],[22,62],[-2,65],[-14,24],[16,135],[-46,63],[-191,77],[21,40],[-32,21],[39,22],[-27,53],[4,34],[40,7],[-60,114],[14,130],[-55,7],[12,24],[-32,4],[11,70],[29,-4],[-9,66],[63,4],[25,42],[154,-41],[104,-3],[46,14],[9,31],[73,50]],[[25155,45153],[75,51],[46,9],[82,-18],[31,29],[-38,28],[-8,75],[23,85],[125,95],[1,119],[0,92],[70,-4],[89,40],[91,16],[37,-76],[59,-57],[371,22],[112,60],[25,46],[62,41],[6,32],[43,2],[68,106],[58,42],[172,-139],[36,17],[167,-26],[24,-35],[132,-18],[-24,-30],[41,-24]],[[27131,45733],[-41,-51],[-56,-16],[-15,10],[-15,69],[-156,9],[-10,-212],[43,-109],[7,-72],[-118,-199],[97,-66],[54,48],[94,31],[62,69],[53,-57],[10,-56],[33,-40],[3,-59],[-45,-10],[32,-51],[22,8],[37,-80],[-34,-14],[22,-16],[-12,-12],[60,-41],[1,-15],[-26,-1],[-61,6],[-18,-17],[18,-15],[-105,-33],[-16,84],[-68,-15],[-15,36],[-73,-7],[-16,20],[-171,-98],[-27,-23],[25,-24],[-2,-42],[-41,-3],[26,-24],[-34,-15],[75,-109],[37,-95],[-15,-21],[-63,10],[-58,65],[-88,-60],[14,-12],[-18,-21],[-52,-1],[-10,31],[-72,-79],[17,-12],[-24,-36],[14,-13],[-2,-38],[34,-24],[19,-54]],[[26463,44161],[5,-13],[-168,-30],[-43,1],[-14,39],[-89,-13],[-24,-28],[-15,7],[10,17],[-57,15],[0,28],[-105,-16],[9,28],[37,8],[12,62],[-49,-15],[-121,16],[-48,-34],[-13,19],[-42,-25],[-40,54],[-28,12],[20,16],[-32,27],[19,18],[-16,9],[24,38],[-41,22],[19,50],[-28,34],[52,79],[-89,11],[24,41],[-117,45],[-10,86],[-68,26],[-34,31],[-9,32],[-147,28],[-1,37],[35,68],[0,42],[-100,27],[-8,76],[-18,17]],[[29593,48386],[40,19],[39,-8],[68,-84],[135,27],[26,79],[198,-4],[263,157]],[[30395,47371],[-23,-6],[-10,27],[-33,-9],[-4,25],[-30,7],[-61,-65],[-71,-24],[-7,17],[-42,-16],[-41,14],[10,-22],[-119,-9],[-48,32],[-16,-14],[35,-38],[-45,-57],[-105,-46],[-17,9]],[[29371,49288],[-9,32],[18,12],[-17,16],[-11,69],[46,72],[91,65],[68,21],[-7,26],[144,58],[-63,102],[160,64]],[[29791,49825],[201,-134],[102,-9],[-11,-41],[-64,-73],[75,-57],[78,-99],[16,-71],[49,-19],[-1,-78],[11,-28],[58,-37],[-8,-19],[16,-24],[-2,-43],[71,-49],[-16,-14],[80,-69],[-1,-21],[144,6],[36,-51],[-20,-14]],[[32382,45046],[67,68],[37,-6],[36,31],[-17,24],[-8,66],[-58,73],[-5,26],[89,38],[47,81],[45,42],[6,22],[-11,19],[23,32],[81,33],[63,-11],[102,39],[36,-40],[44,-10],[113,90],[137,47],[7,19],[64,-30],[36,25],[108,-65],[3,-27],[19,-3],[-1,-29],[-28,-13],[24,-21],[51,-3],[-12,-10],[10,-14],[52,10],[57,-13],[5,18],[17,-18],[65,16],[62,-54]],[[33748,45498],[1,-25],[26,0],[-24,-34],[20,-16],[2,-36],[60,-9],[-16,-28],[10,-5],[-41,-37],[-5,-34],[31,-6],[28,40],[19,-1],[-12,-20],[15,-51],[-31,-37],[-29,-73],[5,-22],[-37,-48],[28,-32],[-71,-35],[33,-121],[-31,-49],[-51,-31],[-78,3],[-58,25],[-30,-9]],[[33512,44807],[-55,14],[-64,122],[-34,13],[-91,0],[-8,-16],[-117,17],[-45,25],[-68,-51],[-72,-17],[-44,-39],[-116,50],[-39,-31],[-118,9]],[[32641,44903],[-63,18],[-43,-80],[-77,-62],[-34,6],[-55,65],[11,82],[-39,19],[61,56],[-20,39]],[[31199,44487],[-24,62],[30,159],[-21,82],[-29,-4],[-54,28],[-23,-19],[-106,54],[-67,-64],[-18,31],[-87,6],[39,127],[25,-3],[20,73],[43,31],[140,-14],[30,48],[0,28],[132,79],[107,34],[3,19],[49,34],[79,25],[6,14],[-14,-5],[-1,20],[68,46],[34,72],[29,25],[-7,19],[38,27]],[[31620,45521],[102,48],[68,66],[91,10],[48,26],[80,-2],[21,-30],[83,-28],[24,-46],[-36,-63],[36,-33],[-13,-68],[64,-111],[2,-36],[100,-20],[-1,-27],[-31,-42],[56,-29],[39,-74],[29,-16]],[[32641,44903],[-20,-20],[-6,-63],[-26,-18],[57,-1],[5,-51],[20,-19],[-90,-65],[50,-28],[-20,-20],[45,-5],[10,-24],[40,8],[-19,-24],[-132,-44],[-94,-74],[-13,12],[21,19],[-17,13],[-90,-22],[-25,12],[-25,41],[-72,12],[-20,39],[12,43],[-23,7],[11,28],[-47,9],[-8,39],[-53,-5],[-64,22],[-2,-52],[-19,-5],[-101,53],[-68,-39],[22,-78],[-24,-22],[-84,10],[-53,-32],[-116,84],[-84,3],[-103,-25],[-92,-67],[-72,-10],[-48,-35],[-5,-22]],[[31620,45521],[-49,74],[-46,18],[-9,21],[31,19],[-12,29],[39,5],[-11,25],[39,28],[-1,31],[61,20],[0,19],[-96,-57],[-31,50],[7,20],[-10,8],[12,15],[-20,23],[-105,76],[-12,-21],[-61,28],[57,48],[69,-25],[42,11],[-10,21],[62,14],[14,47],[95,29],[39,-15],[24,20],[6,29],[27,-2],[9,27],[90,89],[51,116],[128,41],[-13,11],[19,9],[-21,33],[32,17],[-25,29],[4,21],[94,101],[72,23],[44,-41],[17,3],[82,71],[102,-11],[193,73]],[[32649,46741],[70,-36],[42,-55],[-90,-82],[94,17],[39,-20],[5,-19],[83,-13],[35,10],[50,64],[148,57],[-13,16],[28,15],[8,-11],[30,26],[29,-16],[135,71],[31,-6],[100,43],[-39,-62],[39,-29],[6,-23],[-17,-47],[-69,-168],[4,-50],[100,-7],[75,-85],[21,-60],[-32,-14],[-31,-53],[-26,-59],[-1,-47],[31,-19],[17,37],[16,3],[56,-88],[29,-20],[138,21],[25,12],[19,-19],[-76,-46],[83,-94]],[[33841,45885],[9,-44],[50,-12],[-24,-34],[-118,-83],[24,-9],[3,-23],[-41,-15],[43,-114],[-39,-53]],[[24585,47343],[-82,260],[11,14],[-15,11],[102,116],[-130,14],[-51,-16],[83,403],[-8,138],[56,7],[-4,96],[29,228],[-36,104],[-53,83],[11,141],[-19,116],[-97,153],[-202,140],[-172,324],[-93,50],[-133,116],[-79,135],[-257,152],[26,119],[-3,69],[28,-14],[24,37],[68,206],[29,35],[-16,21],[65,47],[-11,26],[21,34],[-129,49],[-30,-25],[-100,19],[-25,36],[-45,-16],[-4,23],[-32,16],[-27,-12],[-304,104],[-53,50],[-1,68],[16,11],[-37,65],[31,36],[-10,64],[-23,25],[-13,102],[43,43],[91,4],[25,42],[-60,35],[4,-21],[-26,-5],[-5,44],[-15,-2],[-7,29],[-325,167],[-177,11],[-158,-14],[-22,49],[6,64],[-10,15],[329,198],[10,44],[-80,42],[19,49],[-9,9],[60,52],[-24,-2],[-26,23],[-24,-10],[-21,21],[-41,-11],[4,44],[-21,8],[35,54],[-20,17],[33,18],[-139,119],[-118,44],[5,11],[-25,34],[19,16],[40,-21],[43,28],[-109,75],[153,152],[68,-40],[195,-29],[148,53],[43,32],[12,35],[99,45],[31,-32],[36,20],[158,95],[-30,50],[66,11],[33,91],[257,-168],[51,-17],[316,-26],[258,-74],[-7,110],[-17,37],[6,67],[21,19],[-142,64],[-49,39],[-9,70],[-52,112],[-180,77],[-111,4],[55,27],[19,48],[25,-16],[27,46],[64,-39],[271,80],[71,-75],[35,30],[138,-100],[46,-12],[-14,-32],[16,-18],[-81,-16],[29,-51],[91,-80],[107,-59],[60,-20],[159,27],[237,-23],[69,69],[83,0],[166,-72],[-5,-29],[18,-10],[26,-124],[26,-53],[116,26],[229,-9],[114,-56],[32,-84],[-9,-27],[61,-30],[78,15],[89,-19],[104,-69],[52,9]],[[26153,52697],[58,-94],[40,-18],[65,7],[6,-17],[-16,1],[3,-13],[-39,-6],[-4,-34],[30,-29],[-39,-4],[26,-53],[50,1],[37,-33],[276,24],[184,85],[28,-10]],[[26858,52504],[9,-77],[49,-54],[68,-167],[65,-57],[2,-33],[106,-50],[46,-74],[34,-27],[-51,-23],[-24,10],[-21,-22],[-19,8],[-10,-21],[-64,12],[-95,-32],[-10,-23],[-66,3],[-83,-52],[57,-88],[-2,-72],[-42,-45],[26,-58],[-13,-1],[29,-109],[-109,-32],[-107,-160],[-28,-22],[-105,60],[-258,56],[-58,43],[-24,39],[-1,51],[94,133],[23,62],[-2,37],[-16,48],[-43,49],[-107,38],[-1,-44],[32,-11],[-27,-51],[71,-55],[-132,-107],[-38,-56],[-34,-7],[28,-24],[-34,-48],[-21,21],[-60,-41],[43,-63],[-222,-121],[-12,-35],[36,-27],[-7,-29],[102,-15],[75,-69],[9,-59],[-65,-106],[-27,-77],[-63,-47],[32,-3],[-3,-18],[-94,-4],[-1,-173],[-225,-73],[9,-24],[-38,-10],[-30,28],[-190,50],[-36,-18],[-15,-41],[26,-2],[1,-20],[33,-25],[-24,-27],[5,-21],[22,-4],[13,-47],[-15,-37],[181,-46],[113,-78],[1,-19],[-66,-28],[-43,-41],[13,-26],[84,-41],[122,74],[229,-174],[-10,-58],[51,-80],[-83,-48],[21,-45],[49,-36],[137,-50],[118,-7],[62,45],[35,26],[28,84],[74,-24],[161,-49],[11,37],[186,-46],[201,8],[25,-13],[-294,-184],[195,-147],[-83,-96],[9,-6],[-9,-21],[-30,-6],[55,-64],[-27,-23],[-66,9],[-4,20],[-57,26],[-11,30],[-27,2],[-23,27],[-59,-3],[42,-61],[-40,-51],[61,-54],[-12,-70],[70,-37],[52,-93],[43,-28],[12,-104],[54,-75],[21,-8],[17,20],[18,-29],[98,-19],[-18,-40],[12,-20],[74,-39],[-45,-105],[9,-60],[-9,-79],[56,-3],[29,-33],[81,-40],[-1,-40],[-57,-83],[17,-55]],[[27084,48037],[-36,-14],[-31,-53],[-44,31],[-37,-32],[-112,-35],[-35,44],[-87,-6],[-36,-25],[-18,-39],[9,-55],[-34,-16],[-8,-24],[-166,28],[-89,-6],[-48,34],[-215,36],[-26,-5],[-14,-32],[-32,-94],[-97,-31],[40,-28],[12,-32],[-134,-77],[-75,-11],[-23,-48],[4,-35],[-17,2],[-10,-33],[-90,-16],[-122,23],[-23,-57],[-85,-99],[-139,-53],[-148,3],[-98,-38],[-85,-16],[-71,58],[-4,25],[-248,41],[-27,-9]],[[32225,47519],[40,-24],[27,13],[1,20],[38,6],[29,-45],[43,13],[4,-38],[82,26],[4,-32],[33,-5],[-5,-29],[60,-80],[-20,-57],[-83,-100],[51,-26],[-34,-29],[-5,-21],[13,-7],[-40,-26],[-1,-27],[35,-26],[-9,-36],[46,-5],[30,-48],[76,-48],[-1,-62],[30,-33],[-25,-34],[5,-18]],[[31199,44487],[17,-36],[-38,-20],[-11,-28],[11,-20],[-23,-3],[-15,-34],[-2,-164]],[[31138,44182],[-10,-192],[-131,-76],[-22,-4],[-21,27],[-39,-20],[-34,41],[-54,4],[8,-18],[-29,8],[-5,-21],[-23,4],[-1,22],[-21,-13],[-58,15],[-38,58],[-72,54],[-60,-6],[-130,-155],[-14,8],[-38,-45]],[[30346,43873],[-326,106],[-49,52],[-6,66]],[[29965,44097],[45,62],[170,92],[30,41],[12,46],[-9,49],[-41,61],[-185,134]],[[26786,43546],[-76,9],[-117,66]],[[26593,43621],[153,151],[-35,34],[-14,-14],[-100,41],[-62,-20],[-20,40],[-24,-8],[-24,63],[25,6],[42,69],[-18,7],[4,23],[16,-6],[4,27],[15,-1],[0,34],[-27,-12],[-8,111],[-57,-5]],[[27131,45733],[70,-38],[70,116],[198,-29],[85,77],[3,15],[-42,3],[7,30],[288,20],[1,29],[32,0],[0,31],[108,-2],[-5,18],[73,14],[-20,32],[-64,-2],[-47,122],[-121,-21],[-10,36],[-15,-2],[-37,126],[-17,10],[12,32],[-21,2],[-6,87]],[[29965,44097],[-89,-4],[9,-25],[-57,-19],[10,-25],[-134,-47],[42,-72],[27,-106],[-121,-54],[-4,-25],[-22,-16],[-5,-48],[-73,27],[-33,127],[-71,53],[-10,39],[-35,16],[-117,-51]],[[29282,43867],[-175,20],[-5,-66],[51,-49],[27,-158],[-86,-32],[-70,76],[-16,-20],[16,-14],[-37,-60],[33,-12],[-127,-71],[-34,-81],[-32,-18],[-43,-85],[-100,32],[-186,10],[-40,17],[-33,-50],[-126,59],[-12,-16],[-59,31],[-22,-13],[-71,22],[36,13],[-55,30],[-28,-22],[-103,1],[-145,-48],[-114,11],[-80,-44],[-28,2],[-4,67],[-110,-22],[-146,50],[108,103],[-30,42],[8,21],[-19,35],[9,53],[-36,87],[-134,-42],[-25,84],[-70,-12],[-37,-26],[-29,26],[-232,-128],[-63,-57],[28,-28],[-5,-13],[-37,-6],[-8,-20]],[[27084,48037],[75,-8],[19,-47],[8,-87],[72,-75]],[[25155,45153],[-78,-2],[-44,50],[-23,-10],[-34,28],[-24,-11],[-41,67],[-102,44],[-18,-32],[-42,-9],[-21,14],[-108,-125],[11,-11],[-43,-35],[-18,8],[-35,-45],[-63,-31],[-12,10],[-1,-17],[-299,210]],[[24160,45256],[51,22],[-134,92],[-367,-152],[-97,-86],[-92,-44],[-152,19],[-76,131],[-46,434],[45,22],[107,3],[-26,61],[-86,170],[106,55],[337,315],[46,138],[125,128],[82,113],[2,43],[44,53],[-1,44],[85,117],[-6,38],[210,21],[-28,53],[310,245],[-14,52]],[[26858,52504],[179,24],[46,41],[38,-25],[9,-40],[24,-14],[145,-104],[86,-35],[84,-69],[26,12],[35,-39],[31,29],[-13,29],[77,5],[21,-32],[14,9],[32,38],[4,35],[17,-5],[22,35],[77,-28],[53,2],[2,-64],[80,10],[125,46],[141,-63],[104,-78],[37,-45],[29,-71],[269,5],[17,25],[56,16],[48,-13],[0,-20],[-12,-27],[-42,-13],[4,-32],[122,-41],[207,20],[23,36],[54,30],[22,6],[41,-35],[52,-84],[-1,-79],[26,-64],[7,-87],[123,32],[95,-74],[173,2],[4,-52],[68,-98],[120,77],[1,-12],[107,9],[40,-52],[-3,-32],[452,199]],[[30456,51749],[127,-161],[-42,-40],[81,-83],[-16,-10],[80,-21],[23,-39],[-31,-12],[3,-118],[-139,-26],[0,-32],[-48,-8],[-7,-70],[10,-47],[-29,-135],[-59,11],[-40,-30],[42,-41],[-32,-12],[-11,-85],[-20,5],[4,-36],[-14,2],[-24,-57],[5,-26],[41,-1],[3,-57],[-23,-20],[40,-37],[-1,-48],[-13,-18],[16,-24]],[[30382,50473],[-295,-53],[-10,-33],[42,-70],[-87,-84],[4,-17],[-49,-12],[8,-22],[-53,-15],[5,-24],[96,-74],[30,-47],[-31,-17],[-33,-64],[-218,-116]],[[33020,39073],[-63,4],[-41,-22],[-28,-63]],[[32888,38992],[-54,67],[-66,44],[-35,5],[-31,-19],[-85,15],[-19,25],[-42,1],[-155,-66],[-88,-19],[-49,73],[15,17],[-160,53],[-202,-180],[-43,-16],[-17,-36],[4,-27],[-55,-20],[2,-28],[-42,-10],[-68,-5],[33,82],[-80,8],[-124,119],[-31,51],[-48,7],[-22,82],[5,36],[19,6],[91,-44],[27,25],[-7,39],[36,80],[-111,41],[0,26],[36,76],[32,24],[-60,44],[-16,25],[24,34],[-7,17],[-24,-4],[-18,44],[-34,25],[47,97],[97,70],[-90,80],[51,144],[6,55],[-15,30],[32,47],[-12,10],[28,27],[-28,23],[13,14],[-17,15],[31,31],[11,-9],[84,62],[45,-8],[81,79],[82,-42],[11,13],[53,-13],[95,-59],[59,-8],[48,21],[16,57],[26,27],[117,43],[123,-62],[47,-47],[-12,-8],[12,-22],[62,-28],[30,-62],[60,20],[130,-62],[38,8],[13,-34],[69,-21],[5,-32],[19,-5],[31,44],[4,-21],[39,-13],[29,-60],[18,-29],[-153,-119],[38,-84],[7,-73],[-19,-39],[-54,11],[-111,-34],[-1,-22],[-57,-26],[71,-190],[198,-292],[94,-140]],[[30346,43873],[564,-375],[71,-83],[15,-77],[-15,-52],[31,-12],[-4,-25],[51,17],[134,-6],[-7,55],[100,48],[5,19],[46,8],[17,-66],[31,6],[21,-24],[122,28],[45,30],[9,-17],[137,-17],[27,15],[53,-6]],[[31799,43339],[6,-19],[-58,-42],[126,-135],[-30,-12],[-55,-76],[15,-15],[-7,-33],[240,-55],[3,-47],[35,-9],[-29,-18],[-5,-20],[31,-43],[13,-63],[-77,-84],[-51,-31],[77,-37],[12,-41],[54,-15],[52,-67],[59,-33],[37,37],[100,-11],[72,35],[35,-6],[-1,-44],[-66,-167],[28,-58],[-3,-35],[-20,-126],[7,-26],[-31,-17],[-10,-34],[28,-14],[16,-49],[16,-108],[-23,-50],[129,-98],[67,-6],[27,-47],[-20,-32]],[[32598,41588],[-203,-107],[-200,-139],[-22,-45],[-49,-12],[-131,-90],[-59,-23],[-183,-19],[-9,168],[-29,58],[-58,11],[-158,-15],[4,-24],[-51,3],[0,-36],[-32,-54],[-55,5],[-12,-19],[-32,22],[-49,-31],[-93,-11],[-69,34],[-21,23],[13,17],[-18,17],[-27,-37]],[[31055,41284],[-42,9],[-18,25],[-57,-56],[-96,-44],[-80,119],[-73,-17],[25,-58],[-84,-18],[-23,42],[1,33],[-18,-2],[-17,52],[-25,0],[-17,70],[-6,22],[-15,-2],[-11,58],[45,60],[-27,45],[25,13],[-68,134],[50,104],[-337,204],[-100,-60],[-13,27],[-79,-28],[-26,16],[-82,51],[-9,38],[-46,46],[21,50],[-5,32],[-148,38],[-20,65],[-16,1],[-5,68],[-20,9],[-56,99],[27,-4],[45,73],[58,37],[-43,86],[88,69],[5,16],[-21,21],[105,91],[-2,18],[48,54],[-48,28],[-36,101],[48,45],[40,-5],[-65,86],[37,8],[-62,87],[55,69],[-50,28],[36,20],[-98,67],[-17,-12],[-52,50],[-64,-39],[-8,13],[-26,-12],[-29,55],[-61,-29],[-89,152],[-119,92],[-13,26],[10,47]],[[31138,44182],[177,-113],[166,93],[5,30],[70,45],[298,7],[-26,-100],[-117,-125],[61,-52],[35,-60],[37,19],[13,-28],[45,-16],[23,17],[56,-13],[16,15],[34,-25],[53,6],[-7,26],[130,-59],[-23,-23],[24,-30],[-144,-88],[26,-17],[-36,-77],[37,-32],[-76,-67],[42,-36],[-52,-54],[-114,8],[-22,-50],[-24,-1],[-46,-43]],[[24267,37655],[42,44],[27,1],[23,-51],[53,-27],[9,-38],[-112,1],[-42,70]],[[24157,38007],[126,81],[1,18],[23,-7],[95,44],[12,20],[-6,14],[25,29],[-4,18],[110,59],[52,105],[123,-35],[-16,-127],[-18,-34],[-12,-81],[-71,-52],[-10,-62],[-29,-10],[-58,15],[-42,-23],[-33,-99],[-44,-24],[-27,-42],[-7,-54],[-68,48],[-91,15],[3,143],[-34,41]],[[24093,39204],[186,26],[42,-17],[7,-50],[-90,-100],[-21,10],[16,26],[-85,49],[-55,56]],[[23409,42118],[21,-4],[-1,-36],[28,-13],[92,-1],[4,27],[40,8],[36,-9],[-10,-64],[46,-2],[-6,-18],[18,0],[-1,-16],[74,-13],[6,-22],[47,16],[41,-25],[35,32],[70,82],[30,65],[-28,0],[-1,60],[44,134],[40,71],[69,69],[74,46],[86,-28],[66,69]],[[24329,42546],[69,-72],[113,2],[61,-25],[40,-51],[-27,-21],[35,11],[9,-19],[-46,-32],[18,-15],[-36,-11],[42,-34],[-9,-8],[16,-12],[-17,-8],[20,-16],[-17,-11],[21,-17],[-47,-39],[12,-11],[-19,-25],[-16,4],[-35,-45],[-141,-98],[22,-25],[-24,-25],[35,-44],[38,-46],[14,9],[49,-35],[-6,-22],[35,0],[35,-93],[54,-47],[-51,-36],[58,-85],[43,18],[-24,26],[85,65],[92,-123],[72,58],[53,-45],[65,52],[-31,36],[27,19],[-10,12],[19,12],[13,-16],[193,123],[13,-14],[3,17],[51,-23],[-16,-100],[27,-7],[54,-95],[40,-67],[-40,-16],[20,-23],[-14,-27],[177,-107],[-61,-59],[20,-13],[6,-30],[63,-4],[-3,-33],[-49,-26],[8,-18],[-15,-1],[9,-26],[48,-18],[-34,-49],[40,-32],[-128,-102],[16,-18],[-26,-29],[-15,-51],[-51,-8],[-41,-59],[-58,33],[-58,-58],[48,-53],[75,-35],[-35,-52],[48,-93],[72,0],[-3,45],[86,-6],[35,48],[53,2],[12,57],[55,17],[23,37],[23,-53],[-13,-51],[-24,-18],[2,-40],[15,-18],[-10,-51],[28,-15],[28,10],[-29,-76],[86,-40],[-46,-38],[-89,24],[-64,-26],[14,-54],[-45,-42],[-29,-52],[-67,-58],[-27,-127],[-71,-112],[-66,-162],[52,-27],[-13,-115],[-228,-47],[-15,-102],[32,-53],[82,-44],[0,-23],[17,-17],[51,29],[74,-27],[33,14],[39,-25],[17,-31],[-10,-73],[82,19],[14,-24],[-20,-46],[19,-8],[199,128],[23,-30],[25,38],[106,75],[17,-56],[-28,-36],[29,-88],[41,-1],[30,-36],[-30,-49],[1,-24],[58,-6],[10,79],[55,-62],[106,-7],[6,-26],[-37,-21],[36,-83],[-18,-53],[-32,-5],[-52,62],[-35,4],[-17,-12],[38,-53],[1,-31],[-44,-21],[-62,8],[-26,-16],[0,-34],[14,-12],[75,22],[30,-30],[5,-38],[-11,-19],[-66,-41],[19,-50],[44,27],[66,-25],[34,10],[57,-69],[36,101]],[[26231,38606],[24,-8],[0,-18],[-23,-27],[6,-33],[-37,-35],[-192,-32],[-5,-62],[44,-64],[-2,-17],[-144,-166],[-115,-86],[-22,-116],[19,-139],[-17,0],[-38,-60],[0,-56],[66,53],[70,28],[38,-7],[14,-20],[0,-25],[-37,-38],[-53,-123],[-114,-95],[-69,-31],[-160,-25],[-120,-96]],[[25364,37308],[-55,50],[-99,-44],[-107,16],[-30,49],[-58,-10],[-41,25],[-69,-65],[-62,6],[0,23],[-25,24],[-88,-52],[-91,-17],[-35,-36],[-57,50],[22,32],[-23,44],[-27,14],[-30,75],[-26,2],[-9,18],[29,10],[-46,39],[0,62],[-66,44],[-21,34],[30,110],[20,35],[46,27],[32,91],[41,19],[77,-11],[24,82],[70,54],[7,70],[27,65],[4,106],[72,129],[-16,63],[120,91],[63,88],[2,72],[40,32],[0,26],[-61,128],[-41,28],[-134,-28],[-103,91],[-38,6],[-36,-21],[-17,-61],[-34,-18],[-275,-2],[-31,70],[117,127],[-35,75],[-242,-21],[-33,80],[9,19],[-42,18],[-7,22],[-68,34],[-5,21],[-39,24],[-11,63],[11,21],[-26,21],[-11,33],[-51,31],[-3,31],[-84,94],[13,46],[-47,100],[-34,28],[-128,14],[-47,-36],[-27,30],[-33,-16],[-125,-6],[-245,86],[-26,-112],[-21,-3],[-22,19],[11,56],[-32,5],[3,48],[-10,17],[57,77],[5,91],[-163,88],[-26,117],[81,122],[-221,120],[-50,37],[-4,31],[-60,44],[-73,15],[-45,33],[8,51],[71,89],[46,-13],[120,-88],[59,33],[53,68],[73,47],[-25,31],[35,36],[-30,76],[19,13],[-53,19],[-19,52],[16,41],[-21,17],[25,86],[198,58],[109,71],[18,-10],[6,-64],[140,-49],[28,162],[32,20],[0,23],[21,4],[28,56],[-5,19],[18,13],[-28,47],[20,17],[-10,20],[-60,36],[-1,47],[-31,48],[48,204],[51,51]],[[24090,39003],[102,8],[33,30],[13,-65],[37,-24],[226,-1],[87,20],[20,25],[7,47],[24,11],[105,-88],[96,0],[83,6],[63,-128],[-33,-39],[-57,23],[-77,-18],[-140,-12],[-158,73],[-149,-9],[-45,28],[-41,-44],[-19,0],[13,-31],[-60,-42],[-53,40],[39,15],[27,43],[-143,132]],[[24329,42546],[27,27],[41,5],[-35,73],[-20,-2],[-21,29],[23,46],[-13,23],[121,52],[-7,8],[147,102],[42,65],[36,-16],[20,33],[47,-18],[39,61],[90,65],[26,-37],[75,41],[28,-10],[-22,74],[27,13],[8,43],[46,-19],[-7,40],[55,-1],[13,47],[-14,1],[6,22],[18,3],[-20,77],[40,18],[50,-6],[22,3],[13,-101],[192,-36],[290,42],[47,1],[-9,86],[47,3],[1,-15],[54,36],[-8,92],[85,-26],[-1,26],[91,11],[64,-6],[-5,-25],[105,27],[169,5],[3,43],[107,9],[71,68],[42,-45],[18,18]],[[26786,43546],[-24,-16],[12,-31],[-89,-62],[-143,-26],[1,-46],[54,24],[50,-44],[-32,-18],[41,-68],[-50,-7],[7,-31],[-28,-5],[4,-47],[20,1],[17,-78],[30,2],[4,-45],[29,8],[27,-120],[161,-2],[25,-90],[35,11],[6,-40],[2,-23],[-77,-11],[6,-30],[-75,-9],[13,-45],[-50,-7],[6,-40],[77,-16],[-33,-65],[82,-27],[20,-95],[51,-124],[186,9],[-38,-78],[-12,-77],[-2,-99],[10,-24],[-14,-39],[13,-98],[142,-39],[126,-20],[16,24],[75,-171],[-69,-24],[-1,-27],[32,10],[19,-44],[21,-12],[-73,-48],[61,-85],[-104,-60],[28,-28],[84,41],[17,-23],[29,20],[45,-81],[153,27],[4,-34],[64,22],[59,-68],[-5,-49],[44,26],[21,-19],[9,-42],[-23,-4],[5,-55],[21,-18],[81,5],[14,-77],[78,30],[-10,20],[46,-6],[-7,21],[23,0],[76,74],[45,19],[21,-23],[179,-27],[14,49],[-18,8],[6,14],[29,-19],[51,1],[32,-17],[141,10],[13,-144],[62,3],[2,-44],[-46,1],[8,-96],[45,7],[14,-84],[-95,-22],[3,-36],[17,0],[-1,-45],[9,0],[20,-90],[-148,-37],[19,-55],[-63,-16],[5,-23],[-105,-27],[19,-45],[21,-63],[42,-25],[49,-101]],[[28599,40277],[52,-50],[-39,-30],[16,-25],[-10,-6],[36,-41],[-58,-61],[60,-47],[-181,-187],[-46,1],[-377,195],[-88,-88],[24,-24],[-98,-75],[12,-23],[-72,-36],[-117,-26],[-21,-82],[-16,-1],[-4,-23],[56,1],[8,-32],[31,-47],[-34,-26],[10,-14],[-13,-6],[27,-35],[34,-96],[17,4],[-1,-39],[-66,-58],[-46,7],[10,-19],[-39,12],[-28,-37],[-5,-20],[15,-9],[-136,-85],[45,-42],[-13,-46],[48,-44],[-25,-20],[32,-34],[-51,-40],[-8,-11],[12,-12],[-56,-35],[-16,-40],[-30,-24],[60,-53],[-60,-94],[-36,-25],[48,-82],[-94,-11],[24,-41],[-27,-10],[-42,45],[-31,42],[-149,-95],[-51,26],[-68,-1],[7,20],[-26,0],[-17,21],[-43,-31],[-78,-11],[-178,127],[-202,59],[-188,18],[-24,21],[-44,-120]],[[31055,41284],[-10,-80],[62,-76],[66,-27],[154,-19],[105,-60],[37,-76],[7,-128],[-62,0],[3,15],[-35,6],[-37,-22],[15,-19],[-53,-24],[-34,11],[-142,-64],[-6,72],[-19,-9],[-35,36],[-28,-29],[-15,13],[-19,-12],[-52,36],[-28,-23],[-70,55],[-56,-16],[-80,13],[-71,14],[-176,-71],[-38,28],[-96,-49],[-117,-15],[-10,-31],[-106,-30],[-30,-57],[-25,-11]],[[30054,40635],[-54,55],[-48,-11],[-122,-97],[-3,-25],[65,-91],[-14,-14],[-33,30],[-11,-50],[-54,18],[-7,-51],[-110,14],[-7,-23],[-29,4],[-20,-34],[25,-7],[-43,-70],[-34,19],[-59,-80],[41,-22],[-140,-166],[-95,-174],[-82,34],[0,21],[-96,57],[-60,20],[-175,9],[-81,30],[-45,-8],[-28,39],[123,123],[-71,90],[-100,-18],[3,29],[-44,-13],[-22,26],[-25,-22]],[[26303,35296],[-87,17],[-87,-14]],[[26129,35299],[25,137],[-63,34],[-19,87],[-96,71],[-21,0],[-16,28],[-15,-9],[-34,30],[-6,-9],[-25,34],[-46,-1],[-8,9],[20,26],[-76,120],[-157,99],[37,60],[88,68],[7,54],[65,65],[40,87],[-27,118],[79,145],[14,89],[-27,149],[-23,38],[-76,-19],[-53,30],[-56,5],[-83,61],[29,76],[-22,37],[-26,5],[-6,27],[31,34],[4,67],[83,55],[-141,9],[-30,42],[-72,15],[-63,36]],[[30054,40635],[48,-25],[9,-26],[-34,-28],[5,-34],[-12,-19],[24,-10],[-15,-8],[-3,-35],[-57,-50],[6,-13],[57,-21],[49,-79],[-3,-16],[69,-80],[103,15],[24,-14],[57,43],[14,-78],[103,-108],[-89,-80],[-38,9],[-11,-23],[9,-13],[-50,-34],[35,-46],[-54,-44],[-217,-72],[-39,-6],[-32,17],[-9,-16],[46,-20],[-3,-29],[-63,-78],[24,-15],[-35,-39],[142,-29],[40,15],[-39,-120],[30,-14],[-27,-32],[35,-19],[-20,-52],[-54,-5],[-10,-102],[-39,-5],[-3,-46],[23,-8],[-54,-20],[22,-41],[31,11],[77,-47],[-11,-34],[14,-37],[-15,-6],[22,-12],[-3,-13],[97,-31],[1,19],[119,-21],[51,-35],[50,-1],[12,-8],[-10,-13],[42,-17],[-51,-171],[-45,-63],[85,-39],[-31,-13],[-15,-26],[-89,21],[-127,-58],[14,-8],[-2,-55],[22,-62],[33,-11],[7,-72],[-11,-77],[34,-14],[17,14],[35,-53],[10,12],[-6,37],[90,53],[13,-25],[-18,-31],[21,-29],[37,0],[13,28],[-4,23],[-24,7],[6,20],[87,4],[-9,-40],[73,-46],[-94,-30],[-19,-37],[55,-76]],[[30602,38020],[-51,-51],[33,-118],[27,-16],[20,-82],[-17,-28],[-53,-3],[6,-15],[-67,-29],[4,-13],[-64,-28],[-88,19],[17,42],[-125,-17],[-34,-28],[20,-25],[0,-56],[114,-26],[-79,-123],[77,-7],[17,-30],[64,-14],[-51,-60],[-27,-60],[33,-4],[-12,-24],[45,-55],[-55,-81],[34,-32],[-28,-50],[14,-21],[-61,-25],[-106,-9],[-77,-45],[-54,-70],[-31,8],[-38,-42],[-31,10],[-19,39],[-22,-4],[-57,37],[-26,41],[-127,38],[-116,58],[-39,79],[-11,106],[-45,35],[-181,-54],[-38,-48],[-61,21],[-78,-112],[-66,6],[-58,-29],[-12,-56],[64,-13],[7,42],[57,8],[5,-38],[-20,-32],[5,-22],[65,-15],[14,-44],[-28,-25],[13,-8],[1,-49],[-179,-114],[19,-33],[-3,-25],[38,-23],[67,1],[21,-30],[93,54],[-16,-42],[12,-86],[68,-10],[55,-41],[-50,-81],[1,-100],[-76,-84],[-10,-57],[39,-38],[99,-162],[-6,-8],[98,-56],[56,-7],[-17,-87]],[[29514,35744],[-44,-26],[-2,11],[-1,17],[-104,-1],[-46,29],[-8,-73],[-50,36],[-149,-82],[-12,16],[-169,-35],[-70,-50],[-155,-62],[-58,-77],[-25,49],[0,70],[-68,86],[-14,52],[-166,158],[-97,-53],[13,-121],[-22,-43],[-23,-11],[17,-14],[-37,-34],[-77,-10],[-26,-23],[-45,40],[-10,-6],[-22,26],[8,9],[-53,4],[-12,24],[9,9],[-15,19],[15,32],[-12,13],[27,26],[11,61],[-7,49],[17,2],[-18,34],[-33,-7],[-45,32],[-104,-22],[-25,38],[48,30],[-32,83],[-122,-49],[-31,-17],[-28,-57],[-109,-10],[-30,-55],[-192,-66],[13,44],[-21,12],[-79,-19],[-22,-1],[-64,-62],[-54,-20],[11,-14],[-26,-19],[13,-46],[-79,52],[-31,-51],[11,-36],[-112,-62],[-41,-45],[9,-29],[-33,-14],[5,-10],[-81,-1],[-28,10],[-15,29],[-36,9],[-111,-72],[-29,23],[77,65],[-13,90],[35,84],[-20,34],[-80,21],[-8,87],[-113,-11],[9,-15],[-35,-25],[7,-30],[-27,-13],[-56,64],[-22,2],[0,50],[-52,15],[62,86],[-33,10],[-44,77],[-156,-41],[-84,-20],[59,-50],[-22,-32],[-3,-63],[30,-12],[20,-39],[21,5],[6,-18],[-32,-32],[11,-22],[90,27],[-76,-68],[62,-81],[-6,-63],[97,-148],[77,14],[-15,-38],[25,-43],[-10,-22],[11,-22]],[[23409,42118],[13,32],[34,23],[13,40],[-43,-30],[-50,30],[-97,21],[-31,-29],[-122,19],[18,56],[-44,33],[-44,-22],[-35,26],[-200,48],[-27,154],[15,55],[-99,50],[88,68],[97,218],[-4,19],[-357,-13],[-33,12],[-108,-43],[-94,64],[-17,40],[-184,-37],[-129,-87],[-119,-37],[-64,4],[-39,64],[96,82],[14,170],[-83,25],[0,77],[-64,30],[-34,-3],[-49,56],[2,31],[-36,98],[21,30],[8,65],[-91,101],[-10,57],[223,23],[35,45],[144,111],[49,-34],[64,-182],[71,-80],[29,-69],[71,21],[98,-26],[14,42],[-14,31],[80,38],[12,42],[14,69],[-14,20],[20,25],[-10,33],[99,99],[-18,21],[9,15],[70,27],[60,93],[123,96],[30,2],[36,39],[26,-19],[130,38],[137,116],[39,39],[-9,13],[42,60],[132,38],[1,21],[39,14],[4,45],[22,-25],[31,8],[-23,16],[36,21],[-14,17],[19,10],[23,55],[206,48],[45,21],[3,19],[38,30],[80,3],[105,37],[59,-6],[76,9],[-6,45],[109,66],[-314,172],[308,129]],[[34626,42542],[-36,58],[-60,48],[-13,-24],[-47,14],[-34,-25],[-42,13],[-137,-70],[-64,53],[10,56],[-52,27],[4,19],[-36,42],[-85,-43],[2,38],[43,32],[-13,52],[-25,12],[11,13],[-46,10],[-48,-15],[-17,12],[-41,-42],[-22,36],[-60,-30],[-31,47],[-106,-21],[-28,-35],[26,-18],[-31,-12],[-67,55],[-25,-4],[-22,31],[-24,-5],[9,18],[-62,25],[-11,24],[-65,19],[-3,16],[95,79],[89,48],[63,73],[11,27],[-64,79],[38,1],[38,26],[-23,32],[32,37],[-23,10],[-14,54],[90,61],[91,-39],[20,-26],[63,7],[12,8],[-18,18],[77,114],[-8,14],[28,3],[17,39],[38,24],[-42,10],[52,17],[1,18],[26,12],[-5,13],[-74,2],[2,42],[32,2],[-10,31],[40,32],[3,70],[26,4],[48,47],[-93,3],[-49,-30],[-17,31],[3,22],[-45,59],[-53,-34],[-13,-28],[4,-47],[-83,-12],[-4,51],[-43,4],[-5,65],[-115,-3],[-49,41],[51,47],[63,86],[40,21],[-3,32],[53,68],[-159,53],[-48,50],[-4,58],[13,25],[-14,24],[7,60],[-21,62],[7,45],[-26,13],[4,55],[-18,29]],[[33841,45885],[61,71],[69,-11],[40,22],[3,35],[42,15],[52,-33],[18,-98],[65,22],[45,-24],[36,12],[17,7],[-11,25],[55,33],[16,-16],[61,13],[15,20],[2,-26],[29,11],[3,-44],[75,7],[-7,19],[18,5],[-8,12],[15,12],[34,-11],[11,-35],[37,-11],[31,-34],[-44,-31],[2,-21],[-23,-24],[9,-60],[21,-8],[15,-33],[30,10],[-4,-33],[59,-21],[30,14],[3,22],[-28,19],[22,43],[35,-25],[-2,30],[58,-12],[52,-40],[6,-59],[-12,-35],[31,-17]],[[34925,45602],[-27,-7],[3,-29],[-16,-21],[15,-6],[-15,-31],[11,-17],[-19,-21],[-19,16],[-13,-31],[-43,-11],[-12,-28],[38,-73],[-16,-39],[15,-17],[41,2],[-24,-16],[28,-44],[49,-14],[-17,-18],[50,8],[0,-41],[31,-59],[-21,-61],[32,12],[62,-40],[-55,-16],[38,-13],[-46,-35],[65,27],[17,33],[33,-19],[5,-22],[157,52],[27,-13],[-63,-94],[27,-66],[-34,-33],[53,-41],[-26,-39],[84,12],[-8,-29],[22,-4],[5,-29],[-26,-36],[33,-2],[66,-81],[27,35],[56,27],[16,-28],[-8,-34],[14,-34],[-23,-29],[17,-33],[-24,-29],[-33,1],[-1,-50],[-20,-28],[9,-17],[53,-5],[-13,-15],[19,-16],[65,7],[27,-20],[21,5],[4,-18],[84,14],[74,-16],[-5,21],[104,3],[10,20],[22,-14],[30,26],[113,-16],[127,30],[9,-18],[24,1],[8,-23],[75,-13],[34,-26],[22,8],[39,-49],[-34,-42],[12,-25],[-20,-1],[-22,-33],[28,-36],[-18,-7],[1,-27],[35,-19],[49,2],[-4,-27],[68,-26],[73,-79],[75,27],[33,43],[14,-24],[67,10],[88,44],[20,-9],[157,48],[63,31],[0,33],[42,5],[38,-50],[104,-53],[60,-56]],[[37337,43964],[-91,-42],[17,-23],[-42,-52],[22,-7],[52,-99],[57,-27],[26,-47],[36,-7],[3,-39],[25,-1],[2,-26],[26,-20],[7,-47],[19,-19],[-52,-46],[51,-43],[-12,-11],[27,-10],[-46,-65],[-24,-9],[18,-4],[-23,-34],[-3,-43],[-18,-8],[-2,-27],[30,-26],[-17,-82],[108,-87],[41,-54],[-15,-35],[64,-58],[96,2],[59,30],[114,-7],[9,-75],[-13,-12],[7,-21],[27,5],[19,-55],[-15,-55],[18,-50],[36,-29],[13,-38],[-84,-45],[50,-33],[-30,-24],[11,-31]],[[37940,42428],[-83,-126],[-162,-102],[-24,17],[-51,-29],[-52,7],[-59,-23],[2,-24],[95,-38],[-15,-83],[47,5],[70,-34],[14,-27],[-33,-74],[-26,-19],[-4,-46],[49,-99],[-51,-53],[-8,-43],[-31,-49],[50,-23],[101,-98],[-109,-63],[14,-25],[47,-7],[16,-40],[-35,-19],[-97,39],[-84,5],[-65,38],[-65,-86],[-64,-31],[-5,-79],[-62,3],[1,-38],[-61,-64],[-151,-35],[-61,-33],[-46,-6],[-24,24],[-46,-4]],[[36872,41046],[-8,38],[-86,90],[-42,7],[19,33],[-68,-12],[-6,-49],[-28,-27],[-82,-22],[-46,-59],[-45,55],[34,36],[-135,49],[-33,-7],[-1,-21],[15,-7],[-14,-19],[-35,12],[-90,62],[-22,-2],[-37,42],[-14,47],[-25,10],[-48,-32],[-49,15],[22,-53],[-79,-10],[2,-13],[-44,-16],[9,-16],[-28,-11],[-72,26],[-54,-13],[-16,11],[-24,-17],[0,24],[12,32],[-9,69],[-72,66],[-22,47],[-50,7],[1,17],[-51,-31],[-19,14],[16,83],[-106,113],[-25,55],[-169,52],[-76,0],[-9,28],[32,25],[2,43],[34,30],[6,57],[-16,40],[31,67],[49,31],[14,47],[-25,24],[8,33],[-51,102],[-75,58],[-8,24],[-9,23],[12,24],[-18,22],[-17,-9],[-118,72],[3,54],[-137,3],[-142,-11],[0,21],[-38,-13],[-74,26]],[[34626,42542],[-40,-11],[7,-63],[-24,-43],[-29,-13],[-16,-45],[-69,-8],[-97,22],[-37,-17],[-1,-25],[-40,-62],[10,-48],[-30,-14],[-5,-29],[-26,-8],[-45,-65],[-99,-18],[-62,29],[-32,39],[-91,-72],[-87,-40],[-14,-5],[-228,48],[-30,24],[3,23],[-32,40],[-74,8],[-12,42],[-78,62],[-77,-68],[-35,-98],[-33,6],[2,-49],[17,-32],[-38,-24],[-13,-58],[-120,-94],[-17,18],[-25,-18],[-50,-80],[13,-40],[-66,-49],[9,-26],[-63,-23],[-46,13],[-208,-83]],[[32888,38992],[-13,-58],[-26,-19],[-7,-141],[-26,-18],[-56,2],[-54,-41],[-8,-74],[-71,-2],[-86,27],[-21,-19],[-5,-36],[-21,-5],[-11,-107],[-106,22],[-82,49],[-56,68],[-36,-6],[-28,-29],[7,-41],[-21,-36],[14,-7],[-56,-62],[-13,-61],[-74,-45],[1,-13],[-38,-5],[-51,6],[5,20],[-140,53],[-23,92],[-61,-4],[-2,40],[-25,28],[-39,-32],[-20,10],[-20,-28],[-99,-87],[-28,-51],[-138,-150],[-152,-138],[-53,-10],[-71,18],[-54,-27],[-10,-65],[-34,-22],[-38,17],[-96,-4],[-3,45],[-75,32],[-70,-16],[2,-13],[-23,-8],[-49,0],[-26,-21]],[[36872,41046],[26,-58],[50,-34],[55,-1],[27,-26],[-39,-41],[11,-21],[-10,-24],[61,-84],[-11,-20],[-43,-166],[-64,80],[-81,-16],[2,-68],[27,-57],[-24,-38],[-14,-9],[-26,-2],[5,-22],[-86,35],[-42,-21],[-191,13],[-34,-25],[-122,-25],[-7,-56],[-51,-31],[-13,-25],[32,-60],[-19,-53],[6,-54],[-38,-17],[-78,-25],[-147,61],[-40,-5],[-55,39],[-148,-69],[-112,-78],[3,29],[-22,15],[-9,-71],[16,-26],[-34,1],[-122,10],[-32,-40],[-57,-7],[13,-26],[-69,-14],[-44,-49],[-13,-1],[-145,6],[-42,-7],[-22,-26],[-42,0],[-3,19],[-31,-15],[-16,-57],[-34,-2]],[[34974,39782],[-135,-13],[-139,96],[-84,-46],[-83,17],[0,20],[-74,-19],[-42,28],[-27,-35],[20,-6],[-12,-21],[-27,-7],[12,-3],[-24,-61],[-36,-19],[-5,-46],[-45,-37],[95,-9],[-31,-57],[21,-18],[-17,-35],[59,-64],[-50,-16],[33,-31],[-6,-63],[-33,5],[-22,-21],[-61,-69],[-5,-41],[4,-73],[17,-5],[11,-63],[-179,-84],[-39,-44],[-93,40],[-68,-38],[1,-13],[-82,2],[-67,-67],[-231,-61],[-54,9],[-58,-31],[-45,37],[-3,-13],[-96,5],[-1,12],[-110,-15],[-89,14],[-11,-2],[5,-40],[-29,-12]],[[33039,38769],[-12,123],[5,132],[-12,49]],[[30382,50473],[245,103],[145,-116],[81,25],[45,-27],[31,7],[12,-84],[25,13],[82,-12],[30,-23],[-7,-30],[-27,-26],[4,-71],[17,-15],[-16,-11],[1,-70],[-41,-41],[-131,-51],[-113,-110],[-90,-13],[-55,-33],[-5,-41],[23,-48],[-42,-92],[-28,16],[-20,-11],[26,-32],[-4,-19],[-40,-24],[105,-9],[56,-76],[151,-58],[30,-35],[178,-25],[142,-74],[15,-67]],[[31305,49282],[29,75],[72,19],[-8,43],[67,7],[24,24],[-27,37],[-74,26],[-3,103],[-27,0],[-27,34],[34,17],[-26,27],[13,12],[-38,67],[34,5],[20,28],[-31,7],[-6,24],[31,0],[-5,31],[-45,59],[-142,72],[-12,62],[21,0],[13,28],[-25,101],[14,10],[-3,71],[18,17],[-31,26],[-52,10],[221,29],[6,17],[39,-11],[25,65],[92,-8],[0,-67],[57,-4],[4,-22],[48,12],[8,-46],[70,-11],[62,-44],[48,0],[53,-67],[8,-35],[25,-11],[-11,-110],[-11,-4],[4,-75],[262,60],[96,-88],[46,-11],[46,-79],[-12,-7],[5,-13],[103,-51],[-10,-36],[11,-67],[51,-132]],[[32459,49508],[-124,2],[-57,-26],[-4,-39],[59,-79],[-18,-4],[88,-182],[5,-91],[46,-33],[-55,-51],[12,-37]],[[32411,48968],[0,-63],[-26,-11],[9,-99],[-207,-65],[-78,-43]],[[35601,54681],[58,9],[-51,98],[21,2],[-15,35],[71,18],[-4,13],[22,2],[-9,25],[65,6],[36,33],[-21,39],[13,16],[-8,21],[20,7],[-31,57],[193,107],[138,84],[38,-37],[104,38],[-27,74],[126,52],[152,-65],[17,-53],[95,-71],[9,-31],[24,18],[-14,26],[43,10],[6,-12],[42,31],[5,-16],[42,0],[-5,28],[22,16],[-7,38],[183,-78],[92,-80],[8,-45],[25,-26],[48,-8],[63,30],[50,-9]],[[37240,55083],[21,-18],[48,18],[75,-27],[-17,-36],[12,-35],[68,-75],[33,-76],[37,-8],[-36,-67],[19,-38],[51,-48],[70,-24],[-80,-123],[-58,30],[-27,-74],[38,-29],[-10,-36],[0,-38],[14,2],[-10,-63],[28,-22],[73,-11],[-4,-35],[15,-36],[-12,-29],[28,-3],[5,-26],[-31,-71],[31,-44],[21,1],[1,-24],[-20,-30],[37,-3],[-1,16],[47,12],[-5,-46],[69,-21],[22,-67],[4,-36],[44,-60],[-3,-20],[-18,-15],[-33,10],[2,-54],[-16,0],[-5,-27],[-17,2],[-1,-26],[-57,10],[39,-38],[-16,-62],[7,-24],[-18,-36],[-128,27],[-7,-26],[-79,26],[-13,-16],[-73,28],[-39,46],[-72,13],[-14,-19],[-21,6],[-1,14],[-18,-1],[0,20],[-140,-65],[20,-12],[10,-96],[-21,-52],[41,-35],[18,24],[46,-28],[51,-46],[25,-66],[-85,-69],[-37,26],[-130,61],[-117,-2],[-74,19],[-53,-31],[-16,18],[-32,-58],[-76,-56],[88,-36],[-5,-41],[-56,-12],[-3,-32],[-81,-36],[-73,37],[-38,-3],[-2,-64],[-26,-84],[21,-15],[-31,-25]],[[36463,52842],[-59,3],[4,23],[-53,9],[10,42],[-46,14],[-84,-43],[-73,24],[-34,55],[-21,-35],[-23,-1],[31,68],[-104,-1],[-15,13],[55,50],[-36,25],[32,29],[-21,21],[-22,-17],[-34,61],[-21,-8],[-52,20],[-3,53],[-18,24],[17,40],[-27,-9],[-16,49],[-34,-9],[-21,51],[2,148],[-48,-1],[-168,-85],[-14,39],[2,62],[33,50],[-13,28],[3,33],[-53,30],[16,78],[-33,68],[53,-4],[-18,64],[26,8],[-1,32],[-140,47],[-59,-12],[-36,31],[-64,-22],[-10,28],[42,14],[-17,37],[15,-2],[0,41],[14,22],[-23,38],[83,43],[-5,28],[39,4],[53,76],[56,5],[11,23],[32,-6],[103,94],[-5,36],[-44,58],[19,11],[-6,32],[-39,112]],[[26153,52697],[-43,100],[46,-2],[-49,93],[55,101],[-178,100],[-11,32],[35,106],[98,-55],[83,20],[60,-44],[76,-16],[11,-52],[28,-21],[99,40],[21,24],[39,4],[97,-107],[87,-26],[45,36],[186,56],[22,33],[-9,41],[18,-6],[105,68],[78,3],[135,85],[35,41],[44,-17],[-10,25],[34,10],[2,-25],[30,-26],[36,4],[3,23],[213,113],[340,92],[76,-9],[29,38],[315,133],[83,20],[4,-17],[46,-14],[47,10],[17,-68],[53,-6],[-4,-34],[152,-115],[99,26],[38,67],[53,10],[68,21],[27,33],[-2,26],[136,45],[162,155],[-26,19],[69,44],[28,86],[-9,14],[21,175],[118,33],[10,21],[127,6],[38,90],[-28,85],[7,81],[-33,85],[-161,17],[32,36],[-336,229],[-52,11],[-18,40],[-97,73],[-325,130],[-231,0],[-7,183],[23,8],[55,92],[7,34],[-18,29],[350,56],[105,85],[28,40],[-7,24],[-41,28],[-9,36],[48,32],[42,-11],[22,52],[26,223],[721,7],[89,13],[99,87],[55,26],[-4,23],[78,275],[-13,0],[217,162],[8,60],[45,23],[315,38],[21,6],[93,118],[1,36],[101,126],[36,74],[24,105],[38,32],[-4,21],[157,38],[135,-40],[168,30],[189,82],[42,75]],[[32066,57495],[14,-14],[-26,-26],[-10,-360],[-3,-46],[-15,-15],[41,-73],[22,-27],[38,-5],[-1,-39],[90,-46],[65,-75],[72,-40],[0,-14],[153,-112],[-131,-128],[138,-212],[210,-90],[344,-147],[76,38],[123,14],[100,-10],[2,-42],[27,-12],[-8,-20],[13,-44],[-15,-15],[97,-52],[34,-62],[-10,-4],[20,-79],[-68,-12],[-13,-92],[59,-15],[-7,-71],[69,-40],[-27,-27],[24,-35],[-60,-30],[13,-29],[-8,-27]],[[33508,55360],[-55,-29],[1,-21],[-99,-33],[6,-30],[-45,-62],[-51,-9],[-131,41],[-82,-19],[-164,39],[-118,-3],[-108,-11],[-108,-122],[-38,2],[1,-28],[-72,11],[-13,-33],[-17,-6],[8,-34],[-36,-16],[-116,-150],[-16,19],[-72,-9],[5,-40],[-37,5],[-2,-25],[-48,1],[-47,-40],[-69,13],[-9,-18],[-164,66],[-41,-7],[-17,-21],[-45,31],[-29,-93],[-5,-30],[25,-141],[55,-37],[126,-33],[-1,-34],[50,-24],[31,17],[28,-61],[-33,-245],[12,-4],[-8,-18],[9,-9],[-89,-53],[30,-36],[-37,-49],[16,3],[9,-20],[8,-133],[-59,-167],[-30,-23],[-16,-44],[-74,-47],[5,-64],[-30,-10],[18,-68],[-25,-5],[31,-50],[154,-147],[-25,-43],[72,-143],[148,-106],[213,-165],[149,-32],[40,-35],[217,-52]],[[32694,52621],[-80,-41],[14,-13],[-13,-10],[-252,-140],[-179,-188],[-312,-87],[-8,-31],[-129,-5],[1,23],[-17,6],[-71,11],[-10,-16],[-95,41],[-40,-8],[-10,26],[-20,6],[11,22],[-60,35],[0,48],[-20,9],[-14,63],[-216,-14],[-1,25],[-44,2],[-80,-21],[-65,-33],[-97,-228],[-48,-32],[0,-24],[-165,21],[-141,47],[-25,-1],[-29,-161],[15,-9],[-3,-16],[-22,-15],[-23,-59],[-11,-78],[21,-27]],[[33508,55360],[26,0],[16,-19],[134,58],[33,-45],[18,-3],[6,-24],[-22,-14],[-15,-44],[57,-18],[2,-15],[26,5],[6,-33],[36,8],[104,-38],[11,-33],[35,19],[30,-37],[39,24],[28,-10],[48,-3],[11,18],[88,-57],[14,2],[-9,21],[29,0],[91,-98],[64,-31],[67,5],[1,27],[41,10],[1,22],[18,6],[-8,26],[64,31],[58,-27],[-5,-18],[79,-10],[-8,67],[-33,9],[5,11],[39,1],[54,-53],[41,-9],[80,-136],[18,4],[8,-39],[-10,-70],[-49,-57],[47,-92],[174,58],[51,-24],[56,-85],[78,-25],[320,56]],[[36463,52842],[8,-39],[145,-52],[89,-95],[154,12],[28,-11],[38,-60],[40,-12],[3,-48],[27,-17],[10,-37],[15,3],[12,-53],[64,-12],[5,-83],[-36,-105],[4,-33],[83,13],[35,-85],[36,-31],[29,-83],[34,-26],[11,-61],[25,1],[9,-77],[-18,-57],[58,-29],[3,18],[74,24],[13,-63],[38,-47],[-7,-24],[19,-25]],[[37511,51648],[0,-80],[-56,-3],[-48,-28],[6,-33],[-36,-10],[23,-15],[-42,-6],[11,-42],[-37,14],[5,-26],[-80,-27],[7,-13],[-29,0],[-14,-20]],[[37221,51359],[-45,7],[-36,51],[16,17],[-28,21],[-32,95],[-163,-69],[18,-28],[-31,-13],[22,-25],[-61,-44],[-64,-2],[22,-64],[-36,-15],[-44,25],[-47,56],[-69,-9],[-54,-39],[-11,52],[-118,22],[7,-48],[-63,-18],[-5,-39],[-96,-20],[-59,-40],[5,-11],[-174,-24],[-14,-32],[-94,-32],[-30,-57],[-54,-24],[-28,-12],[-31,25],[43,43],[-35,23],[-53,0],[0,28],[-25,14],[-18,52],[28,42],[-112,30],[-18,124],[9,42],[-96,13],[-108,-20],[-80,-76],[0,47],[-43,20],[-14,35],[31,16],[17,55],[-52,-6],[-31,36],[-5,41],[-42,12],[-49,-46],[-60,-17],[-55,-68],[-127,-40],[-81,-64],[-5,-27],[11,-6],[-18,-16],[13,-10],[-28,-15],[55,-56],[86,-9],[42,-48],[-7,-33],[63,-42],[21,-40],[-35,-48],[10,-27],[18,-6],[-3,-20],[-35,-76],[-56,3],[-31,-35],[-13,-40],[-200,32],[-30,-41],[15,-34]],[[34721,50807],[-154,56],[-114,109],[-162,18],[-40,35],[-54,6],[-42,34],[-32,4],[48,34],[-24,23],[38,37],[-14,41],[-48,5],[-9,-31],[-27,26],[-29,-27],[-47,61],[-57,13],[-40,-16],[-52,18],[-10,24],[24,22],[7,37],[-18,13],[-82,-68],[-10,18],[16,40],[-9,23],[21,44],[72,62],[92,176],[-78,7],[-13,23],[8,9],[38,1],[-19,46],[-30,21],[-256,34],[-47,123],[-55,26],[-80,129],[109,69],[0,13],[-81,30],[22,117],[-33,17],[0,60],[-51,-6],[-75,60],[-99,14],[10,23],[-135,55],[-51,51],[-172,37],[-37,23],[-51,-16],[-95,11]],[[34793,50054],[-59,-44],[-95,-29],[-2,-28],[-29,-40],[-102,8],[-108,33],[-15,-100],[-61,18],[-47,-21],[-32,36],[0,-19],[-33,-26],[-97,-53],[46,-62],[24,9],[45,-59],[-2,-73],[23,-33],[-32,-62],[31,-9],[-46,-84],[8,-56],[39,-10],[27,-58],[33,5],[-5,-15],[28,-53],[-60,-21],[-27,-29],[-63,-18],[-1,21],[-26,3],[-65,-42],[-114,29],[-67,-10]],[[33909,49162],[-50,48],[-38,-12],[-11,25],[-15,-4],[-14,41],[-34,-9],[-14,23]],[[33733,49274],[-6,21],[17,14],[9,78],[-34,5],[-2,29],[-13,-4],[-4,21],[-36,-6],[-23,133],[-83,-9],[-20,41],[-53,15],[-19,-12],[24,75],[-13,22],[-124,-45],[-14,57],[-37,8],[-17,35],[-68,-34],[-64,-70],[-398,-135],[-137,-23],[-159,18]],[[34721,50807],[69,-28],[113,4],[102,-27],[49,-69],[-46,11],[17,-24],[-28,-15],[17,-26],[0,-29],[47,-4],[21,-49],[48,-18],[-29,-14],[0,-16],[37,-16],[35,19],[-18,-47],[43,-58],[-15,-37],[-46,-23],[18,-92],[-17,-33],[-58,-33],[-23,-36],[-46,12],[-20,-30],[-42,16],[-38,-38],[-118,-53]],[[38789,55648],[-173,41],[-98,51],[-30,38],[-287,-9],[-152,115],[-27,4],[-297,-82],[-43,15],[-35,-13],[9,-80],[-44,6],[-7,-55],[-45,-66],[2,-16],[-83,-63],[-62,-125],[-20,-36],[38,-25],[-3,-72],[-122,-88],[-70,-87],[0,-18]],[[39297,51223],[-58,6],[12,31],[-35,-10],[-18,18],[-32,-15],[-14,22],[-38,-5],[-3,16],[-94,1],[-1,-19],[-40,1],[-20,-21],[-16,27],[-62,0],[-49,-28],[-13,175],[-28,6],[-19,31],[-24,-1],[-18,65],[-34,34],[-73,-59],[-47,-15],[-11,42],[-93,7],[-97,31],[-31,50],[7,79],[-20,37],[-66,-4],[-26,-54],[-65,5],[-3,-25],[-89,-37],[16,-31],[-129,17],[1,-35],[-22,-8],[-5,14],[-53,-35],[-63,-12],[-4,-25],[-20,-8],[-8,40],[-18,-5],[-16,41],[-41,-7],[-17,42],[-23,0],[-25,60],[-141,-14]],[[40596,55345],[-140,-407],[-20,-109],[-19,-19],[134,-157],[169,45],[15,-39],[-26,-17],[-19,-64],[59,-219],[-64,-4],[4,-29],[-15,-3],[4,-19],[41,-2],[-3,-21],[20,-18],[1,-86],[138,-50],[178,-159],[107,-60],[61,-76],[-32,-32],[67,-44],[-6,-21],[-14,1],[9,-31],[-22,-16],[18,-10],[-35,-50],[7,-14],[-37,6],[-21,-37],[-60,-37],[10,-10],[-47,-25],[98,14],[5,-16],[-40,-17],[23,-49],[-12,-22],[79,-45],[37,14],[-8,-18],[12,-9],[-14,-13],[35,-23],[8,-24],[-19,-24],[15,-22],[-6,-23],[51,2],[-3,-22],[14,-1],[-12,-70],[29,-20],[2,-31],[117,3],[12,-34],[50,-5],[-2,-33],[23,-18],[-6,-15],[59,-6],[-8,-40],[40,-34],[15,-41],[-17,-6],[-10,-40],[18,-32],[-29,-16],[-56,22],[-14,-27],[-18,10],[-5,-56],[-40,-31],[42,-39],[82,-25],[42,6],[3,13],[116,-14],[60,-154],[111,-79],[36,4],[21,-90],[-4,-52],[-24,0],[-8,-32],[-22,-2],[-11,-58],[28,-7],[-19,-69],[20,6],[-11,-37],[74,0],[51,-14],[-5,-20],[16,-2],[8,18],[74,-25],[-8,-32],[15,-15],[43,-29],[27,2],[40,-119],[73,12],[14,-44],[17,-3],[8,-49],[-44,-6],[4,-44],[65,5],[16,-22],[-5,-66],[29,-8],[11,-66],[30,6],[13,-31]],[[42509,51513],[-35,-60],[-39,-10],[-34,-110],[-55,-82],[-2,-43],[-42,-50],[5,-83],[-21,-13],[29,-35],[-22,-82],[-58,-21],[-176,-126],[-34,7],[-47,-30],[-28,11],[-33,-31],[-162,28],[-33,-24],[-26,19],[-55,-46],[-118,6],[-8,21],[-78,12],[10,40],[50,20],[-16,24],[41,22],[-44,146],[61,29],[1,36],[38,4],[4,86],[-46,5],[-190,-38],[-42,68],[4,21],[-40,-15],[-3,25],[-23,-2],[-19,30],[-36,0],[-3,31],[-75,3],[8,32],[-184,57],[-60,2],[-2,-34],[-25,7],[10,20],[-35,25],[-90,-2],[-100,-161],[-27,-12],[-49,13],[7,41],[-171,15],[5,12],[-28,11],[-9,31],[-55,-17],[-39,25],[-15,33],[-158,-14],[2,13],[-77,10],[5,-23],[-101,-6],[-59,-50],[-31,0],[2,16],[-30,29],[6,26],[-142,17],[-34,42],[-15,0],[-1,-22],[-50,9],[4,24],[-34,2],[-20,-20],[-24,14],[-55,-36],[-35,-53],[34,-69],[-29,-56],[-20,6],[-33,-39],[-58,-1]],[[43804,55850],[47,34],[10,-17],[31,16],[-9,23],[29,6],[39,38],[108,-24],[21,17],[-7,25],[55,7],[-11,32],[46,-1],[26,5],[19,-42],[242,-59],[68,-51],[30,74],[35,-30],[56,7],[12,-27],[-29,-42],[23,1],[21,-32],[-31,-21],[12,-21],[-56,-28],[60,-171],[78,-10],[50,41],[20,47],[115,70],[58,-7],[-23,-33],[3,-38],[28,-9],[-3,-38],[107,-24],[-22,-28],[1,-31],[-17,-30],[8,-15],[104,-42],[9,-35],[53,15],[86,-10],[-6,-24],[67,12]],[[45367,55380],[5,-17],[65,-23],[-9,-25],[18,-10],[-22,-111],[-8,-56],[-42,-53],[-62,-6],[-54,-99],[60,-60],[81,-29],[35,-51],[-16,-31],[7,-10],[-93,-127],[-14,-76],[34,-82],[11,-91],[-33,-56],[-58,-22],[-14,-84],[55,-48],[-115,-115],[-8,-30],[-34,-18],[-30,-97],[-150,-82],[-19,-26]],[[44957,53845],[-226,-80],[-165,50],[-1,-29],[-29,-38],[-108,-32],[-21,39],[50,-3],[-12,65],[-9,8],[-54,-39],[-56,43],[-171,-67],[-56,-60],[-11,77],[-76,108],[20,25],[-28,24],[-9,53],[-26,4],[5,15],[-40,37],[-78,8],[-67,-19],[0,14],[22,3],[-3,15],[-49,43],[-336,-60],[8,12],[-57,97],[-14,63],[-35,-7],[-9,19],[-16,-7],[10,-12],[-143,-31],[-20,45],[-33,5],[26,5],[-4,16],[-20,-6],[-18,35],[27,0],[1,22],[-18,15],[-52,-16],[-47,42],[-8,25],[25,6],[0,18],[94,-3],[17,-4],[3,-19],[25,0],[10,-35],[69,1],[21,42],[157,13],[-8,20],[65,32],[-11,12],[47,-4],[-36,30],[14,22],[-10,14],[144,41],[-25,65],[66,42],[7,29],[-38,39],[39,54],[-8,9],[14,60],[34,10],[-10,17],[9,20],[-203,90],[-29,24],[-68,133],[-48,42],[120,63],[27,-3],[14,-21],[118,39],[-57,94],[33,32],[-35,19],[11,38],[-8,12],[58,31],[-5,15],[15,2],[0,14],[25,1],[-25,25],[37,26],[2,71],[-21,13],[12,4],[-2,20],[63,22],[-9,20],[71,4],[-6,75],[-14,23],[13,20]],[[43283,56016],[82,-91],[59,-32],[197,32],[38,18],[-10,19],[28,13],[10,-50],[26,-35],[10,8],[7,-21],[74,-27]],[[44957,53845],[74,33],[68,-2],[98,-49],[27,-29],[-2,-25],[319,-26],[63,-16],[16,-20],[305,-277],[162,-290],[69,-77],[16,-16]],[[46172,53051],[-260,-47],[-233,16],[-5,14],[-238,-58],[-81,160],[-62,43],[-71,85],[-81,-171],[-227,-96],[-188,-104],[-69,-19],[-77,-20],[-19,-22],[-59,-3],[-166,-94],[-34,-154],[-45,-29],[-26,-69],[-136,-73],[-67,-59],[-251,-73],[-71,-87],[-103,-57],[-259,-229],[-71,-133],[-3,-153],[-15,-65],[-30,-21],[-6,-93]],[[43219,51440],[-150,-22],[-67,6],[-66,32],[-29,-27],[-146,58],[-60,-9],[-42,34],[-16,35],[-56,-58],[-23,12],[-16,36],[-39,-24]],[[47701,56817],[-190,-203],[38,-14],[-123,-157],[49,-23],[20,-63],[-64,-57],[-29,-48],[8,-38],[67,-50],[-80,-186],[-235,-106],[-67,-12],[-19,32],[-84,-17],[-96,42],[-81,77],[-114,49],[21,57],[-36,49],[-105,-66],[3,-35],[-37,-16],[-113,63],[-41,-67],[-81,-21],[-65,56],[-62,21],[-26,-3],[-114,-84],[24,-33],[-110,-39],[43,-62],[-81,-86],[-26,-49],[-80,6],[7,16],[-10,10],[-51,20],[-184,-75],[-101,-15],[15,-71],[-87,-100],[-3,-30],[-45,-75],[11,-34]],[[43758,57779],[49,-85],[148,57],[176,-10],[9,-14],[100,13],[270,-45],[17,-24],[34,-15],[27,11],[32,-23],[18,12],[19,-41],[15,17],[36,-17],[7,22],[80,0],[268,18],[-1,16],[137,29],[50,-33],[19,-39],[39,-21],[10,-24],[195,-46],[5,-18],[-15,-6],[17,-54],[71,-11],[10,-21],[-24,-48],[45,-10],[69,108],[42,16],[-9,38],[13,2],[5,28],[54,18],[62,-6],[2,25],[25,-2],[-6,-64],[73,3],[-15,-50],[75,16],[50,-12],[0,-21],[32,-2],[-16,-50],[59,-25],[-5,-11],[71,-4],[-8,-52],[44,-35],[-25,-50],[15,-2],[-1,-30],[23,-36],[46,0],[11,-29],[30,5],[2,-37],[25,-15],[113,-14],[3,-47],[-18,-4],[58,-84],[-30,0],[2,-50],[-47,-102],[33,-31],[-129,-120],[9,-17],[33,-11],[34,-44],[15,11],[19,-18],[23,17],[-5,14],[173,37],[9,30],[26,-31],[80,13],[25,49],[49,-5],[-11,25],[6,39],[22,-39],[99,-13],[16,53],[44,15],[-23,71],[8,10],[71,18],[13,-28],[44,1],[26,83],[93,30],[35,-44],[68,35],[56,-1],[20,-23],[6,26],[44,7],[88,-31],[-33,-32],[53,-25],[-7,-17],[30,13],[41,-23],[15,16],[0,-18],[38,-19]],[[47976,52254],[-38,100],[-39,193],[-4,42],[26,59],[14,105],[-13,42],[48,6],[29,-16],[43,26],[54,-16],[50,9],[19,9],[-9,17],[79,15],[58,39],[88,138],[31,30],[54,8],[-17,18],[25,34],[-58,103],[5,49],[119,33],[29,-40],[114,-48],[79,-1],[61,23],[20,28],[-5,16],[142,48],[114,84],[99,42],[18,36],[181,169],[84,-7],[14,-20],[-43,-40],[3,-27],[-72,-42],[13,-20],[28,-1],[26,-50],[50,-11],[-39,-19],[-7,-25],[11,-33],[-47,-47],[27,-15],[-7,-29],[29,-25],[-14,-19],[25,-17],[13,-46],[11,18],[63,19],[30,38],[56,-1],[19,-12],[34,-119],[69,15],[58,-34],[12,-24],[23,-16],[53,4],[21,-18],[-7,22],[133,-18],[55,-54],[69,-9],[35,16],[-19,114],[133,33],[190,6],[41,-24],[98,6],[24,-27],[-6,-9],[16,0],[5,-24],[28,-9],[12,-24],[58,-21],[76,-57],[44,-1],[170,58]],[[52091,50643],[-29,-26],[67,-46],[-103,-117],[-109,-57],[-181,-33],[-4,-20],[-69,25],[-158,-13],[-6,-74],[-113,12],[-179,-64],[-1,-31],[109,-89],[56,-77],[123,-42],[25,-35],[-36,1],[-20,-14],[13,-8],[-28,-49],[-93,-37],[-59,-70],[-12,-63],[-84,-82],[-6,-37],[-89,-75],[-39,-5],[-30,-8],[25,-61],[-13,-11],[4,-20],[-24,-7],[5,-34],[-21,-15],[0,-22],[-27,-3],[5,-48],[-15,-27],[42,-43],[8,-48],[-47,-48],[-25,-53],[8,-19],[-46,-6],[-13,27],[-124,12],[-95,-49],[-13,-33],[-53,-29],[-32,-92],[-65,11],[-125,-14],[-46,-61],[26,-18],[-129,-15],[-12,-53],[-57,-44],[16,-107],[-18,-142],[-268,78],[-92,-40],[1,-26],[-101,-123],[-8,-68],[-54,-17]],[[49653,48241],[-52,-8],[-116,95],[-34,-45],[-249,-36],[-71,16],[-68,52],[-15,85],[20,55],[-66,24],[-18,19],[128,259],[2,82],[-135,105],[-83,-48],[-53,-7],[-27,44],[-156,-7],[-131,109],[-9,68],[-17,16],[-137,-72],[-292,-66]],[[48074,48981],[-9,50],[-198,-39],[-110,97],[-54,9],[-152,77],[-36,30],[0,63]],[[47515,49268],[17,1],[-1,30],[64,-7],[102,51],[76,-29],[11,15],[-9,42],[-31,6],[6,20],[-15,19],[146,85],[41,15],[31,-19],[18,14],[-14,58],[10,36],[72,42],[187,32],[38,31],[73,8],[9,34],[-30,49],[15,9],[140,-38],[-33,138],[11,28],[-12,81],[-28,26],[-103,-22],[-1,41],[-28,-5],[-43,25],[-27,92],[-45,25],[4,28],[-30,66],[62,18],[13,47],[-29,99],[33,16],[-16,75],[25,66],[-26,64],[-2,40],[-92,146],[5,43],[-17,36],[53,77],[36,101],[-69,64],[89,61],[124,8],[-13,13],[10,17],[-50,61],[-48,129],[-29,-11],[-42,44],[77,45],[-14,33],[-71,15],[-1,18],[42,16],[-4,51],[37,94],[15,21],[54,5],[-8,34],[44,33],[-1,19],[-45,40],[-30,13],[-56,-10],[-42,55],[-5,46],[-49,-12],[-25,23],[5,38],[-57,94],[-43,74]],[[47701,56817],[72,10],[202,-46],[111,45],[80,-48],[46,0],[26,17],[8,32],[-73,45],[6,37],[24,26]],[[47976,52254],[-40,-8],[-18,93],[-35,-3],[-12,26],[-15,-1],[8,-51],[-51,-11],[-48,47],[-35,-29],[-22,31],[-21,-18],[-56,50],[0,25],[40,12],[33,45],[-35,3],[-23,48],[-21,8],[-77,-11],[-55,-50],[-99,-45],[-256,-52],[-276,9],[-56,-20],[-36,12],[-240,-15],[-187,214],[-22,89],[-3,103],[-38,189],[-108,107]],[[44458,48532],[-237,259],[-24,164],[-39,85],[-4,30],[20,42],[-27,14],[-14,56],[19,73],[-51,11],[-19,26],[-101,-41],[-48,32],[-12,28],[30,22],[-95,125],[-6,70],[-36,109],[7,19],[73,-6],[2,18],[-34,40],[-18,-4],[-16,49],[34,9],[-10,20],[119,69],[2,30],[-28,20],[31,-3],[2,27],[134,-18],[-7,50],[36,8],[0,27],[81,14],[10,41],[137,19],[51,58],[40,-6],[122,99],[131,59],[70,-37],[-23,83],[-40,163],[-13,1],[15,64],[-17,-2],[5,32],[-21,14],[-15,166],[-43,-25],[-101,108],[-30,13],[-196,7],[-84,33],[-73,82],[-278,49],[-5,34],[26,-8],[27,15],[0,46],[-13,43],[-48,27],[23,0],[-1,18],[-71,-13],[-14,76],[44,17],[2,23],[33,3],[-38,38],[19,3],[-11,35],[-62,0],[-5,76],[-30,-6],[-17,28],[-180,-67],[-113,30],[-151,-17],[-65,12]],[[47515,49268],[-67,-30],[-12,7],[8,11],[-51,28],[20,50],[-27,77],[15,43],[-52,8],[-92,-24],[-125,13],[-21,-27],[-52,41],[-67,-24],[5,-64],[14,-7],[-11,-40],[-60,5],[-38,29],[3,-21],[-37,-6],[-16,29],[-114,-5],[19,-96],[-67,-3],[-15,-50],[33,-5],[-16,-44],[36,-8],[-9,-30],[76,-17],[-9,-27],[27,-5],[19,-59],[72,-52],[-17,-41],[41,-13],[-19,-68],[-112,-58],[-118,-123],[-11,-42],[-63,-66],[-88,-153],[-187,-107],[-35,49],[-46,28],[-47,71],[2,62],[-90,-2],[-177,-71],[-91,51],[-92,1],[-32,37],[-22,-3],[-44,33],[7,37],[-197,3],[-79,86],[-162,2],[-109,-19],[-54,24],[-99,3],[-25,31],[-161,-55],[-64,-53],[-46,-80],[-94,-17],[-115,20]],[[32411,48968],[89,-3],[18,-25],[19,30],[40,18],[16,-10],[-1,27],[74,-52],[140,38],[0,16],[59,5],[11,92],[29,6],[1,32],[87,15],[-2,-40],[100,27],[20,-24],[29,8],[26,-23],[53,26],[34,-18],[32,37],[82,20],[9,-35],[25,1],[0,63],[14,25],[145,-42],[106,23],[46,62],[21,7]],[[33909,49162],[-90,-72],[-15,-91],[11,-50],[79,-6],[38,28],[15,-73],[-22,-13],[4,-44],[31,4],[11,-61],[54,1],[31,40],[-6,29],[52,18],[34,-16],[-12,-33],[35,-14],[-30,-66],[25,-31],[37,10],[5,-19]],[[34196,48703],[-13,-24],[21,-50],[-24,-8],[27,-12],[-12,-27],[8,-72],[-59,-117],[-228,3],[-76,-23],[-84,32],[-81,-29],[22,-121],[-57,-71],[-55,-31],[-17,-58],[-43,-52],[-92,-41],[-54,-100],[-51,-24],[-157,-5],[-63,16],[-129,70],[-123,-2],[-91,22],[-62,-58],[-56,-20],[-10,37],[-96,-26],[-38,28],[-47,76],[-74,33]],[[34793,50054],[65,-58],[-16,-8],[14,-23],[-21,-13],[-20,-46],[222,-64],[123,40],[61,48],[9,-14],[43,39],[29,-17],[106,37],[67,-6],[35,-65],[19,-5],[-13,-63],[107,-6],[18,-40],[98,1],[298,102],[156,-23],[6,-27],[70,22],[58,-78],[-10,-29],[-46,-20],[-3,-27],[26,-13],[-21,-34],[70,-11],[1,33],[59,9],[2,-37],[-21,-43],[-4,-43],[25,-14],[3,-29],[-26,-6],[36,-32],[-12,-7],[12,-19],[146,38],[62,-37],[13,-36],[-44,-43],[30,2],[-1,-54],[50,-112],[-19,-9],[12,-43],[-50,-23],[6,-10],[-125,-30],[-177,-98],[11,-139],[-15,-5],[35,-66],[17,-3],[54,-134],[-35,-34],[-85,-81],[-79,-47],[-14,42],[-53,24],[-46,48],[-220,-101],[-3,-24],[-32,-34],[72,-63],[-103,-54],[-21,-33],[-31,-115],[-179,-70],[-8,-34],[-50,-28],[40,-65],[-9,-39]],[[35567,47955],[-115,-27],[-85,24],[-169,-19]],[[35198,47933],[-10,79],[14,19],[-22,35],[3,17],[45,18],[-10,49],[-33,1],[-18,24],[-54,2],[-115,-28],[-88,6],[-69,-27],[-10,59],[-25,24],[-5,45],[-34,75],[-133,92],[-48,-2],[-44,60],[14,32],[-13,5],[2,84],[-70,56],[-77,-26],[-4,70],[-73,-23],[-41,3],[-33,35],[-51,-14]],[[35567,47955],[-44,-42],[98,-15],[78,-55],[104,-16],[-2,-32],[-40,-54],[21,-48],[159,44],[124,-6],[40,-35],[38,13],[-4,-26],[29,0],[14,-27],[64,-20]],[[36246,47636],[8,-46],[20,-23],[-54,-76],[10,-92],[67,-215],[46,-57],[-48,-25],[-6,-59],[-32,-2],[-13,-24],[-39,-12],[1,-35],[-55,-31],[33,-110],[33,-11],[-51,-37],[9,-52],[48,-61],[-15,-23],[-2,-101],[-27,1],[-17,-29],[-78,-31],[-28,-110],[-57,-14],[-8,-21],[-65,-26],[-13,-74],[-99,-13],[-22,23],[-42,-9],[-16,-29],[-37,-20],[-55,-7]],[[35642,46185],[11,103],[-14,32],[-12,6],[-14,-35],[-19,7],[-26,-29],[-83,12],[-78,29],[-66,47],[-13,36],[7,27],[-20,10],[17,3],[-6,25],[42,26],[-13,25],[21,26],[22,9],[13,-29],[46,-4],[12,46],[22,2],[53,59],[13,41],[-34,60],[5,56],[-65,12],[-12,-13],[-3,16],[-49,-47],[-36,10],[4,20],[-22,11],[-134,2],[-39,20],[-15,-71],[-15,0],[-5,36],[-33,22],[-50,-27],[-72,12],[-4,-46],[-13,7],[-24,-36],[9,-36],[-75,-77],[21,-27],[66,24],[8,-19],[-47,-35],[40,-39],[-46,-20],[-3,16],[-21,3],[1,36],[-117,9],[-14,-18],[-57,44],[-32,3],[-16,29],[-22,-4],[4,26],[55,-16],[25,11],[-27,22],[10,17],[-17,33],[114,32],[-31,32],[76,71],[-30,45],[25,57],[-14,26],[-100,-46],[-1,43],[-98,12],[-28,-57],[7,73],[-24,54],[-24,31],[-58,-31],[-63,66],[0,39],[31,47],[39,18],[29,-7],[54,31],[-17,18],[-28,-6],[-16,25],[71,31],[-33,62],[9,37],[31,49],[51,23],[38,51],[-13,14],[23,18],[-27,25],[-15,103],[29,48],[56,41],[49,-3],[94,-59],[12,-50],[37,-11],[6,37],[29,-4],[101,70],[28,111],[93,82]],[[39297,51223],[21,-27],[123,-54],[101,-24],[25,-19],[13,-36],[19,1],[5,-27],[54,-15],[10,-49],[72,-34],[10,-21],[-94,-36],[-172,49],[-110,-34],[18,-39],[-26,-31],[14,-63],[-15,-65],[-35,-22],[-21,-74],[38,-20],[-9,-29],[-43,-53],[-35,2],[-15,19],[-33,-12],[5,-62],[-91,-88],[-5,-25],[-77,-77],[-13,-36],[-18,-3],[38,-135],[-7,-52],[-12,-2],[7,-18],[-41,-3],[7,-19],[-40,23],[-157,-25],[-10,18],[-124,-15],[-102,-30],[5,-25],[-210,-88],[0,-19],[-74,-16]],[[38293,49813],[-24,-7],[-25,92],[-20,0],[-5,30],[-33,9],[9,76],[-22,16],[1,28],[-20,36],[33,4],[-9,23],[23,1],[1,35],[-46,147],[-204,-53],[-31,52],[-154,-13],[-15,19],[-37,-10],[-1,43],[-101,-3],[-43,17],[-104,-15],[-17,31],[-24,-16],[9,-29],[-34,14],[-9,-66],[-20,-42],[-33,-21],[-74,-14],[-15,14],[-46,-8],[-34,27],[-25,-18],[-41,7],[-46,224],[-10,195],[-22,27],[-4,55],[-25,24],[0,38],[24,-29],[11,5],[-1,26],[26,11],[40,6],[25,-26],[24,43],[38,-16],[14,54],[22,-9],[48,32],[34,4],[21,-30],[24,-2],[-16,25],[55,2],[0,19],[40,9],[20,24],[-7,28],[-106,84],[1,59],[-63,-22],[-56,80],[46,47],[-43,22],[-19,73],[53,47],[-30,11]],[[35642,46185],[-41,-12],[-17,-72],[-52,6],[6,-27],[-16,2],[-2,-37],[-59,-3],[-26,-27],[79,-70],[-69,-49],[-106,-77],[-111,-16],[-45,-51],[-92,32],[-64,-27],[-40,-34],[28,-31],[-1,-19],[-73,-34],[0,-27],[20,-2],[-9,-17],[-27,9]],[[41814,44329],[23,90],[-18,-16],[-2,17],[-121,34],[13,60],[-8,21],[-18,-9],[-43,34],[-5,-14],[-51,-1],[-42,22],[-56,-25],[-11,-29],[-30,13],[-28,35],[57,11],[-42,48],[24,24],[-25,20],[-30,-9],[18,62],[-36,74],[-38,23],[-26,7],[-46,-23],[-17,34],[-51,-6],[21,-69],[-26,-32],[-52,-20],[-26,35],[-52,26],[-63,-40],[-122,55],[51,116],[98,63],[-12,68],[35,7],[-26,26],[25,4],[-7,44],[17,18],[-35,50],[-57,35],[-1,21],[-35,-6],[13,17],[-103,86],[-22,-7],[-9,15],[61,33],[-138,-5],[-9,17],[-6,74],[-65,36],[1,62],[-38,38],[53,50],[-7,39],[145,106],[-17,10],[-11,46],[19,26],[-19,18],[6,11],[-62,7],[-15,-31],[-34,-15],[-45,7],[-12,28],[-39,16],[-132,-10],[-111,54],[-8,20],[-30,18],[-84,-10],[-14,-13],[-1,-44],[-57,-44],[-2,-19],[-15,13],[-124,-3],[23,41],[-7,20],[-92,40],[-25,-38],[-74,-13],[2,-48],[-90,-24],[-10,-17],[-73,40],[-43,-19],[-110,58],[-134,-27],[-112,8],[-5,-66]],[[39257,45828],[-45,-1],[-40,76],[15,47],[-10,12],[-61,-30],[-34,8],[-10,18],[2,55],[-12,15],[44,98],[-58,29],[-10,48],[-72,82],[-19,48],[24,35],[36,-36],[39,21],[3,31],[-50,18],[45,53],[-13,46],[46,58],[-35,38],[15,12],[-9,23],[-94,2],[-29,19],[36,40],[133,50],[21,52],[93,26],[-32,60],[-20,-4],[30,108],[-27,49],[-35,29],[-37,-2],[-26,31],[11,14],[-10,8],[-91,25],[1,26],[50,54],[-29,54],[0,44],[-21,5],[-7,38],[16,75],[-45,83],[-33,19],[8,13],[-26,28],[4,12],[-51,45],[22,26],[35,27],[-45,28],[6,16],[-33,53],[30,37],[0,45],[25,41],[-7,30],[-32,17],[-7,130],[-60,1],[7,60],[18,22],[-6,13],[-34,-16],[-7,18],[20,12],[-33,62],[9,25],[-26,17],[-12,36],[-94,60],[-8,33]],[[38606,48428],[24,-1],[38,39],[21,-5],[-3,53],[57,1],[0,39],[11,7],[-41,41],[38,54],[45,-7],[18,31],[-1,32],[74,7],[27,48],[53,6],[-7,31],[23,-1],[89,-100],[-14,-33],[44,-59],[79,-18],[183,-82],[66,23],[19,16],[-2,27],[34,10],[131,-31],[5,-23],[39,0],[44,15],[36,60],[30,2],[32,2],[36,-62],[37,-14],[2,-29],[40,-17],[11,-43],[121,-32],[131,-70],[29,-47],[83,-20],[63,29],[93,-19],[232,21],[26,20],[47,-23],[44,10],[-11,-61],[46,-30],[106,-11],[39,-28],[146,47],[42,-23],[32,-72],[93,-72],[134,-22],[78,-40],[69,-80],[-12,-52],[46,-30],[137,-19],[63,-46],[199,5],[132,45],[75,-87],[79,-59],[38,-66],[104,45],[38,-24],[101,11],[230,72],[102,-15],[225,139],[50,-39],[176,14],[23,49],[170,109],[107,30],[65,56],[42,71],[29,13],[-21,23],[7,33],[27,20],[173,47],[220,108],[-6,20],[170,64],[102,71]],[[48074,48981],[-250,-80],[-120,-72],[-121,-23],[-140,-65],[-57,-46],[32,-124],[72,-64],[35,-3],[35,-41],[35,-73],[-7,-34],[23,-41],[23,1],[3,-37],[18,1],[-1,-27],[-14,-8],[16,-10],[-4,-26],[-20,-9],[-8,-28],[12,-34],[-10,-6],[3,-34],[132,11],[119,-35],[-9,-88],[-14,-21],[52,-61],[-92,-37],[12,-45],[-15,-40],[23,-71],[-36,-38],[6,-47],[-20,-2],[-182,41],[-225,-2],[-212,-139],[-93,-41],[-137,71],[-12,61],[-79,-38],[-34,53],[-41,-13],[-124,24],[-191,-58],[-75,-4],[-108,-83],[-174,-35],[-61,-32],[-141,27],[-51,-6],[-84,36],[-100,-19],[-98,-46],[-6,-14],[58,-97],[-23,-31],[-41,1],[-35,-37],[-46,-8],[4,-35],[-40,-5],[-23,-44],[-35,14],[-11,-106],[-89,7],[-52,30],[-143,-82],[-12,-34],[6,-31],[-25,-43],[-35,3],[-71,-44],[-15,-38],[0,-64],[-46,-45],[1,-21],[-46,-61],[-39,-10],[-18,-55],[-43,-17],[-89,-87],[-36,-17],[-85,-119],[98,-83],[89,-33],[60,-120],[-3,-29],[38,-53],[68,-32],[121,-1],[119,72],[26,49],[-1,34],[44,18],[164,16],[131,51],[111,5],[39,31],[0,33],[60,30],[29,-25],[223,-6],[14,-52],[-15,-18],[98,-42],[28,-21],[-4,-21],[-35,-38],[-2,-38],[-36,-44],[33,-69],[-5,-46],[63,-92],[-7,-47],[37,-112],[71,-49],[155,-61],[-27,-57],[-65,-15],[-67,-57],[4,-188],[70,-50],[-82,-54],[-11,-27],[9,-18],[-98,-54],[-8,-39],[-157,-104],[-37,2],[-49,-59],[6,-13],[-119,-105],[-5,-36],[-14,-5],[-2,-44],[45,-35],[-7,-29],[38,-2],[20,-48],[-12,-30],[94,11],[65,-37],[-14,-53],[-101,-23],[-140,16],[-153,-91],[-137,-74],[-472,83],[-315,-5],[-53,21],[-80,-18]],[[44467,44301],[-30,138],[-147,19],[-55,79],[-130,44],[-16,29],[10,32],[-9,23],[-57,23],[-11,20],[-64,54],[-4,74],[-27,15],[-166,-85],[-29,12],[-52,-32],[-16,-74],[-89,25],[-25,34],[-27,3],[-8,36],[-91,-14],[-28,-38],[-105,-53],[-62,-10],[-85,-67],[-34,-71],[-85,-49],[-3,-58],[-61,-35],[-35,-48],[-57,-2],[-34,-19],[5,-21],[-41,-47],[-118,-45],[-119,43],[-112,-4],[-51,17],[-19,39],[-89,-7],[-139,34],[-206,-45],[-59,42],[-73,17]],[[36246,47636],[56,30],[24,37],[89,-26],[-19,-40],[66,-55],[29,56],[40,23],[-5,35],[93,120],[1,21],[-120,123],[-2,18],[101,35],[1,52],[-29,18],[-11,23],[27,14],[-33,17],[-15,35],[23,46],[-10,16],[-32,-8],[-51,66],[51,40],[89,10],[58,25],[18,65],[124,17],[-4,38],[21,20],[146,19],[199,72],[278,-21],[66,-59],[38,5],[56,53],[25,4],[123,-45],[198,36],[67,-37],[53,17],[40,55],[119,-23],[36,31],[112,42]],[[38382,48656],[11,-25],[30,12],[38,-50],[40,-90],[-19,-4],[5,-10],[41,-12],[45,-57],[33,8]],[[39257,45828],[44,-4],[-7,-14],[48,-37],[9,-28],[-25,-38],[21,-40],[-13,-22],[-18,17],[-99,-88],[-62,-27],[31,-100],[28,-27],[46,-96],[2,-87],[22,-37],[58,-22],[2,-18],[-89,25],[-31,-50],[-69,-32],[1,42],[-58,61],[-62,28],[-31,-16],[-10,15],[-47,-41],[6,-18],[-17,13],[-30,-36],[13,-9],[31,19],[11,-26],[-48,-35],[15,-13],[-28,-26],[15,-16],[-38,-8],[-13,30],[-34,-3],[-16,-19],[1,-28],[-28,-7],[-33,33],[-60,-6],[-50,25],[2,31],[-27,4],[-16,-103],[-35,-19],[-112,-4],[4,22],[-33,-5],[29,29],[-54,-24],[-84,35],[3,-18],[-57,-28],[-42,-66],[-102,-31],[-96,-62],[98,-34],[46,10],[15,-68],[88,-100],[35,-14],[-6,30],[18,2],[66,-51],[4,-23],[-36,-28],[-10,-5],[-9,33],[-19,-35],[-16,19],[-31,-10],[22,-2],[32,-55],[-49,10],[13,-22],[-12,-5],[6,-16],[-24,-8],[-34,-68],[66,-26],[14,-45],[-43,-25],[-37,-55],[13,-12],[-1,-42],[16,-12],[-26,-50],[46,-52],[-51,-77],[-68,-34],[-83,45],[-43,-13],[-28,12],[-3,29],[-34,-1],[-5,16],[-16,-6],[-20,-50],[-68,30],[-18,-7],[6,-18],[-32,-11],[-113,-3],[-47,-24],[-20,5],[-5,21],[-50,3],[5,-18],[-20,-16],[-127,32],[-93,-15]],[[38501,42265],[-43,57],[-70,-51],[-6,31],[-15,6],[-65,-6],[-80,50],[-48,77],[-7,-16],[-31,2],[-137,41],[-59,-28]],[[41814,44329],[-95,-52],[-36,-79],[-22,-29],[39,-17],[52,-174],[3,-54],[119,-33],[-12,-54],[12,-47],[-41,-69],[-88,-40],[-51,-52],[-33,-71],[10,-105],[-35,-21],[-38,-62],[-85,-14],[-85,23],[-48,-22],[-56,-22],[-57,17],[-32,-49],[14,-37],[-11,-56],[-34,-16],[-38,23],[-31,50],[-60,17],[-37,-10],[-129,48],[-26,70],[-33,15],[-73,-9],[-54,-54],[-28,41],[-41,22],[-191,-16],[-9,-31],[-40,-37],[-13,-71],[-57,-48],[-104,10],[-113,-33],[-29,26],[-19,45],[-9,21],[20,34],[-109,59],[-29,33],[12,44],[-4,75],[18,42],[-14,55],[-167,-119],[-75,4],[-50,-24],[-88,39],[-55,-14],[-18,-46],[-108,13],[-47,-21],[-21,-26],[16,-27],[-139,-218],[18,-79],[-15,-42],[-15,-3],[-1,-32],[77,-63],[-7,-21],[11,-27],[-44,-29],[43,-10],[0,-34],[-30,-19],[-11,-45],[19,-20],[-91,-42],[-54,-53],[1,-50],[18,-7],[-14,-9],[27,-6],[10,-41],[-35,-45],[8,-35],[-38,-33],[-2,-22],[16,-6],[24,-26],[5,-20],[-19,-22],[-100,-83],[-134,22],[-63,-22],[-118,19],[-12,-14],[-36,20],[-8,29],[-46,-37],[-95,-4]],[[40847,39490],[-40,-4],[-4,33],[-93,112],[-91,64],[-142,-7],[-25,37],[-39,-15],[-34,-36],[2,-17],[-61,-10],[-39,-50],[-170,27]],[[40111,39624],[28,166],[-23,161],[-56,61],[-53,29],[-148,139],[-86,111],[-139,68],[9,11],[-138,139],[-9,57],[-31,57],[41,21],[-19,73],[5,73],[56,69],[6,77],[-12,41],[-11,3],[35,69],[5,50],[-22,43],[37,54],[-40,1],[-48,30],[1,66],[-36,50],[-54,32],[-41,-33],[-30,-2],[-95,30],[-107,-41],[-87,4],[-9,17],[-74,17],[-73,108],[-37,23],[8,58],[-58,11],[-13,72],[-23,35],[-68,4],[-53,29],[-154,2],[-184,54],[-22,98],[51,67],[20,60],[-11,75],[40,23],[27,66],[85,113]],[[44467,44301],[-32,-54],[-41,-14],[-106,11],[-47,-75],[-43,8],[-31,-50],[-51,-17],[-53,-66],[10,-55],[31,-30],[110,-27],[38,-24],[31,-58],[-43,-105],[-24,-4],[6,-39],[-38,13],[-92,-113],[39,-44],[39,14],[0,25],[19,8],[1,18],[34,-3],[0,-26],[38,-21],[-19,-31],[24,-22],[-11,-27],[21,-27],[39,-4],[27,-59],[11,-24],[-11,-18],[36,-13],[-69,-14],[1,-52],[-53,-44],[-90,-8],[21,-40],[-51,-47],[-78,-38],[-38,-63],[7,-13],[-18,-44],[-71,-29],[-120,-122],[2,-25],[32,-18],[4,-26]],[[43858,42765],[-102,-10],[-61,-32],[15,-18],[9,-57],[-17,-76],[23,-31],[-111,-99],[15,-32],[-5,-62],[39,-29],[9,-20],[-13,-13],[35,-76],[-19,-52],[-143,-5],[-54,25],[-57,-67],[-66,-39],[-112,-81],[-6,-28],[-73,-60],[-81,-38],[13,-56],[-13,-40],[5,-36],[-19,-46],[-117,-18],[-45,-66],[22,-46],[-18,-19],[-73,-26],[-26,15]],[[42812,41527],[-24,40],[-62,-11],[-75,14],[-145,-49],[-122,-4],[-3,39],[-28,15],[-85,132],[1,57],[-67,2],[-124,-5],[-72,-74],[-15,-48],[-139,-97],[-87,-88],[-15,-54],[-147,-105],[-46,-57],[-89,-32],[-92,-63],[-61,-68],[0,-28],[-56,-32],[8,-14],[-35,-91],[-43,-55],[-199,-102],[-35,-51],[-78,-14],[-32,-8],[33,-11],[-15,-12],[29,-58],[-10,-22],[19,-14],[-3,-14],[85,-62],[-52,-52],[66,-53],[28,17],[1,-18],[44,-31],[-28,-46],[34,-15],[14,-26],[-13,-17],[19,-30],[26,6],[54,-49],[-37,-21],[42,-7],[-6,-17],[23,-57],[-6,-37],[-61,-74],[13,-13],[-82,-135],[-5,-90],[-66,-116],[-45,-18],[-52,35],[-43,-50],[-4,-79]],[[38382,48656],[59,2],[41,22],[4,56],[-37,5],[-20,89],[-43,22],[-14,45],[-52,69],[55,48],[-25,86],[27,38],[-5,25],[34,73],[-68,62],[1,15],[18,79],[70,121],[-27,3],[-9,63],[10,3],[-9,23],[-22,2],[-77,206]],[[45540,31000],[134,-38],[116,29],[20,-12],[108,33],[37,-5],[23,24]],[[45978,31031],[52,-16],[32,-79],[-6,-41],[-19,-5],[5,-23],[-29,-80],[92,-65],[2,-87],[-31,-13],[88,-86],[-2,-50],[21,-59],[-47,-42],[-25,-24],[-9,-47],[-112,-96],[3,-55],[-13,-24],[26,-30],[-19,-51],[35,-18],[0,-35],[-15,-28],[-18,1],[-86,-20],[-85,-79],[-13,-36],[-125,-76],[-143,-100],[-12,-24],[11,-37],[-18,-15],[23,-32],[-22,-22],[1,-30],[68,-12],[-2,-35],[-48,-54],[-33,-11],[64,-46],[-11,-36],[-68,14],[-71,-45],[-29,-61],[-62,-17],[-5,19],[-27,0],[-27,57],[-140,40],[-34,52],[-94,277],[-136,39],[-252,-78],[-52,195],[122,10],[-15,42],[90,19],[-7,29],[66,-6],[13,14],[-5,41],[42,28],[30,216],[153,57],[-6,33],[47,25],[15,57],[23,-27],[54,55],[-49,39],[34,87],[-41,13],[-9,25],[-53,-2],[0,28],[57,10],[14,100],[-26,11],[-2,71],[54,2],[27,42],[-23,10],[-2,24],[-28,-5],[-2,39],[16,2],[1,23],[178,13],[51,-15],[87,21],[31,55],[33,-9],[9,18]],[[44819,33406],[-13,102],[28,-13],[41,69],[47,-20],[55,50],[-41,59],[98,38],[175,153],[24,46],[23,-9],[24,15],[78,77],[67,3],[67,94],[31,2],[79,-54],[31,30],[13,-15],[61,34],[64,4],[80,60],[-10,45],[14,1]],[[45855,34177],[3,-16],[65,5],[20,-45],[81,-43],[20,-27],[-1,-35],[-17,-5],[-5,-96],[-94,-55],[-12,-31],[-109,-50],[48,-38],[-30,-57],[-27,10],[-20,-44],[54,-18],[29,-76],[52,-39],[40,-62],[74,-20],[63,6],[107,75],[101,42],[0,74],[134,13],[-9,-22],[14,-13],[91,-14]],[[46527,33596],[38,-39],[17,22],[27,-15],[9,-22],[-24,-44],[-24,-5],[-6,-47],[-31,7],[-9,-22],[14,-6],[-5,-29],[-60,-3],[-12,-182],[19,-24],[-32,-1],[0,-44]],[[46448,33142],[-73,-35],[-21,-44],[9,-44],[89,-125],[-17,-54],[-35,-22],[-57,-3],[-55,22],[-57,49],[-58,11],[-190,-81],[8,-39],[126,-14],[61,-57],[6,-34],[-8,-20],[-49,-21],[-13,-34],[-60,-40],[-46,-121],[-37,-19],[14,-19],[-70,-85],[-4,-31]],[[45911,32282],[-155,-36],[-149,-4],[-344,-64],[-156,13],[-135,-127],[-22,-47],[-71,35],[-50,-157],[0,-130]],[[44829,31765],[-89,-4],[-41,-20],[-56,115],[-44,11],[-135,-20],[-65,-5],[-79,-35],[-111,-8],[-23,63],[20,17],[-23,60],[27,7],[0,15],[189,110],[156,55],[-54,87],[-1,118],[-15,31],[-67,4],[-38,115],[-112,47],[-24,-43],[-3,-42],[34,-108],[-50,-61]],[[44225,32274],[-166,162],[3,66],[-58,52],[-39,-11],[-11,17],[-4,21],[-84,68],[-2,26],[-43,25],[-8,16],[26,16],[46,45],[-43,41],[30,20],[105,-46],[6,14],[31,-21],[16,21],[16,-10],[20,10],[-20,17],[71,86],[38,10],[-8,22],[17,29],[44,-7],[101,-62],[244,142],[29,19],[127,47],[118,78],[82,192],[-90,27]],[[46448,33142],[63,4],[256,-41]],[[46767,33105],[2,-118],[-82,-23],[-2,-17],[54,-60],[4,-69],[-11,-25],[69,-61],[7,-19],[-31,-37],[36,-56],[171,-54],[-25,-85],[-38,-101],[-86,-4],[-306,-12],[10,-68],[-42,-19],[-36,10],[-4,-54],[-24,-1],[4,-61],[-45,-32],[-58,-7],[8,-12],[-40,-16],[-47,4],[-57,74],[92,20],[-12,42],[-98,47],[-55,-22],[-33,14],[-181,-1]],[[42570,33246],[-89,-71],[12,-24],[51,3],[-5,-29],[25,-56],[30,10],[59,-36],[60,4],[11,26],[41,-26],[-46,-75],[-3,-30],[38,-59],[41,-110],[17,-8],[43,20],[18,-89],[87,27],[22,24],[43,-3],[-26,-62],[34,-45],[-15,-17],[3,-37],[50,-72],[-2,-37],[-91,-133],[-33,-4],[-52,50],[-87,-60],[13,-16],[-18,-25],[52,-40],[-15,-14],[37,-45],[-29,-12],[17,-23],[39,-13],[60,18],[61,-60],[-130,-70],[36,-18],[-77,-47],[-63,-19],[-5,14],[-171,-91],[34,-40],[-20,-34],[2,-36],[-22,0],[9,-130],[-17,-59]],[[42599,31567],[-116,16],[-167,-84],[-80,6]],[[42236,31505],[-136,175],[-237,200],[-102,39],[-365,50]],[[41396,31969],[-127,-12]],[[41269,31957],[-48,104],[-84,114],[-143,103],[-38,56],[-30,17],[-22,28],[-83,46],[-96,-18],[0,62],[-8,62],[124,-2],[62,-27],[22,51],[27,22],[-66,54],[-130,-35],[-24,51],[47,16],[14,33],[107,62],[90,118],[74,29],[13,36],[62,60],[187,17],[-15,-16],[11,-25],[56,22],[-35,-28],[13,-8],[148,73],[59,53],[73,13],[148,91],[28,1],[32,36],[-2,47],[292,39],[12,-15],[41,5],[7,-41],[100,10],[61,17],[17,23],[58,-26],[37,29],[56,-9],[47,-61]],[[44744,26009],[-72,19],[-52,-27],[-90,29],[-127,80],[-78,90],[-53,135],[-267,289],[-129,17],[0,48],[-48,27],[13,40],[-99,59],[-156,10],[-48,-11],[-18,-64],[-73,9],[-63,-15]],[[43384,26744],[-65,135]],[[43319,26879],[-60,130],[-128,104],[-81,114],[-65,181],[-52,212],[-30,42],[-86,196],[7,129],[25,59],[129,98],[114,56],[319,87],[108,63],[70,98]],[[43589,28448],[17,34]],[[43606,28482],[54,-27],[-20,-33],[40,-1],[9,-25],[73,28],[-20,26],[58,43],[34,-19],[-31,-44],[62,-9],[42,-34],[97,-30],[157,19],[182,-3],[59,-82],[43,-1],[19,80],[90,55]],[[44554,28425],[17,-43],[94,20],[5,-17],[45,22],[90,4],[66,80],[53,-58],[30,23],[19,-15],[-1,43],[73,-15],[30,-24],[140,-65],[45,25],[85,-31],[86,51],[101,-41],[108,61],[-54,156],[79,49],[17,28],[101,41],[-12,-45],[65,-84],[123,-31],[34,-80],[50,-36],[7,-56],[40,-27],[87,-7],[66,44],[106,30],[48,-28],[-2,-13],[38,11],[60,56],[38,-1],[0,57],[60,26]],[[46591,28535],[1,-81],[-96,-71],[8,-30],[29,-71],[86,-86],[53,-19],[-61,-46],[16,-41],[-19,-13],[-15,-42],[-113,-19],[24,-27],[72,-28],[-9,-44],[152,-43],[55,-58],[86,-17],[23,-17],[29,-113],[26,-19],[59,-22],[74,14],[74,-65],[57,19],[21,26],[113,1],[21,-39],[-23,-55],[-94,-5],[-29,-20],[-41,-30],[-8,-51],[105,-57],[71,-176],[-77,-57],[4,-31],[104,-60],[24,-35],[-153,8],[48,-29],[35,-68],[-6,-109],[22,-106],[22,-31],[-60,-104],[26,-18],[-12,-24],[20,-25],[-14,-64],[52,-50],[7,-59],[-16,-39],[14,-38],[28,-15],[-8,-86],[17,-27],[147,-76],[-66,-126],[-14,-58],[-21,-25],[4,-16]],[[47465,25822],[-61,-8],[-84,36],[-221,-56],[-71,11],[-31,-17],[-3,-27],[-43,5],[-4,-58],[-44,-36],[-108,131],[-37,57],[19,35],[-2,29],[18,17],[-20,84],[40,29],[-59,21],[-10,-19],[-33,33],[-60,-44],[-54,-51],[-12,-37],[16,-42],[-226,73],[-48,-38],[-61,21],[-91,68],[-71,9],[-27,-45],[-82,-11],[-9,31],[-20,1],[5,18],[91,-16],[4,41],[-97,12],[-29,38],[12,23],[-34,22],[-30,6],[-24,-21],[-20,6],[-26,47],[-37,-12],[22,46],[-12,63],[17,38],[-17,23],[-45,-11],[-67,76],[20,59],[-75,110],[13,9],[-14,14],[4,39],[-31,-1],[2,17],[22,4],[-7,112],[4,32],[14,9],[51,-3],[45,21],[14,88],[-21,42],[-29,1],[2,35],[-15,10],[-13,-21],[-60,-24],[-18,42],[-47,6],[-14,18],[1,48],[37,3],[4,-53],[74,-6],[12,23],[-8,32],[-18,-2],[-3,-35],[-44,21],[-3,23],[36,29],[14,-24],[31,4],[-13,20],[30,30],[29,5],[-13,13],[12,20],[-12,18],[-48,-12],[-75,37],[-204,-87],[-31,29],[-450,-113],[-33,-2],[7,-48],[5,-16],[-52,-11],[15,-99],[26,-36],[79,6],[48,-205],[15,-130],[49,-91],[18,-93],[24,-40],[-40,-42],[-28,-3],[-55,-87],[10,-61],[-87,37],[-57,-118],[-59,11],[-25,-28]],[[45518,27120],[8,41],[19,19],[25,-15],[5,25],[17,6],[45,-9],[1,-39],[-120,-28]],[[45588,27152],[34,18],[-34,1],[0,-19]],[[47463,25601],[102,7],[159,-114],[17,-54]],[[47741,25440],[33,-58],[50,-8],[1,-20],[45,-40],[29,-54],[-88,-54],[-107,-14],[-16,-72],[-15,-24],[-106,-38],[-49,26],[-9,40],[-32,1],[-56,-213],[-17,-46],[-84,-56],[-84,-42],[-85,-120],[-108,-77],[-49,21],[-59,99],[-61,29],[-20,-16],[-5,-56],[-44,-76],[-67,15],[-4,18],[-91,53],[41,40],[-34,5],[-24,47],[51,-3],[8,21],[-19,20],[4,58],[86,46],[96,-10],[59,62],[20,67],[-39,37],[5,121],[12,37],[-18,53],[-28,62],[-45,26],[28,92],[44,17],[39,44],[35,-3],[94,93],[69,-32],[54,-72],[-29,-91],[45,-21],[71,21],[114,101],[1,44],[80,61]],[[45075,31162],[63,-23],[22,18],[33,-40],[212,-109],[89,9],[46,-17]],[[45978,31031],[33,32],[139,36],[-36,-25],[117,-100],[88,38],[44,-7],[87,85],[90,-31],[3,-28],[120,-14],[45,-65],[52,31],[121,2],[145,69],[31,34],[111,51],[104,28],[194,3],[47,68],[99,53],[108,118],[87,47],[42,79],[0,47],[36,-38],[67,-20],[122,-8],[100,-15],[152,11],[136,-51]],[[48462,31461],[-4,-27],[38,-36],[-1,-85],[-12,-2],[67,-269],[-42,-60],[-21,-33],[54,-16],[4,-80],[31,-79],[0,-52],[24,-32],[-76,-168],[73,-9],[-17,-40],[22,-17],[-12,-6],[13,-27],[-12,-3],[37,-23],[25,-267],[48,-42],[13,-32],[42,-26],[-4,-15]],[[48752,30015],[-56,19],[-44,-26],[-15,18],[-28,-9],[6,-51],[-2,-19],[85,-56],[-5,-60],[-20,-34],[-40,-11]],[[48633,29786],[1,52],[-65,55],[-51,-38],[-151,37],[2,-57],[11,-2],[-7,-42],[37,-29],[-14,-16],[29,-46],[6,-47],[-111,-104],[0,-24],[-74,-43],[-59,13],[-86,-19],[-78,-91],[6,-66],[36,-93],[-45,-31],[-52,-18],[-37,23],[-32,-2],[-43,-31],[-33,29],[76,29],[-8,13],[-97,5],[-23,-35],[-76,32],[-58,-44],[-18,-96],[-16,0],[-78,-2],[-71,25],[11,27],[-43,3],[-42,-28],[-17,10],[-50,-23],[-62,2],[-5,45],[14,37],[-50,31],[-39,-22],[5,-41],[-71,-36],[-25,5],[-9,-27],[20,-4],[-15,-28],[-75,-79],[17,-10],[-56,-98],[20,-15],[-2,-35],[-39,-39],[-54,-32],[-23,-46],[-20,2],[-114,-158],[-27,-18],[-112,-11]],[[44554,28425],[-5,111],[-19,12],[3,114],[-23,52],[12,-3],[5,67],[-12,12],[59,55],[-13,11],[20,7],[-14,36],[-118,-33],[-30,44],[48,75],[-108,17],[-5,42],[13,31],[-6,124],[66,35],[11,27],[21,-1],[8,58],[-54,46],[8,21],[21,-7],[-1,75],[30,52],[-14,38],[-101,149],[-41,99],[-9,60],[-89,157],[12,70],[11,11],[84,11],[73,40],[106,27],[-3,29],[101,7],[10,60],[-30,10],[-5,81],[-15,1],[-2,46],[-46,2],[8,70],[-38,-1],[-5,172],[57,21],[52,-16],[67,16],[-8,134],[-30,-4],[-3,106],[109,7],[47,13],[-26,91],[23,2],[-11,34],[190,-14],[-4,28],[-82,-7],[25,17],[-29,11],[-1,15],[66,-10],[12,32],[-7,37],[150,5]],[[43193,29291],[-132,158],[-43,60],[-15,57],[3,58],[61,213],[-22,67],[-55,48],[-148,39],[-107,123],[-30,95],[5,113],[46,109],[40,69],[9,57],[-11,79],[-49,118],[-12,39],[-28,80]],[[42705,30873],[-7,99],[-66,135],[-79,119],[-150,151],[-167,128]],[[42599,31567],[93,-10],[86,0],[84,24],[102,2],[204,-56],[67,-5],[61,17],[113,109],[237,133],[106,71],[41,97],[10,33],[55,59],[242,118],[46,61],[79,54]],[[44829,31765],[49,3],[36,-22],[22,-47],[33,-180],[91,-120],[32,-20],[53,-96],[16,-92],[-76,1],[-10,-30]],[[43606,28482],[75,113],[184,171],[5,69],[-49,49],[-60,8],[-200,-40],[-145,17],[-74,61],[-28,54],[-10,79],[-41,111],[-70,117]],[[42799,33891],[-13,29],[67,126],[260,43],[142,49],[-20,76],[-71,69],[-63,55],[-94,36],[241,89],[17,27],[-20,36],[40,28],[-20,111],[-37,10],[-19,31],[-32,-8],[-39,21],[15,18],[-50,24],[-30,44],[-62,8],[29,31],[-35,47],[-79,7],[4,52],[19,31],[-92,5],[-53,-23]],[[42804,34963],[-115,55],[-43,51],[13,24],[41,11],[99,-5],[68,30],[12,47],[-23,42],[-60,-4],[-11,35],[-38,33],[4,30],[-24,6],[-34,42],[-56,17],[-75,-10],[-95,129],[139,56],[64,56],[-30,78],[77,-6],[85,54],[-70,57],[-1,22],[28,7],[15,41],[-20,18],[40,19],[2,-17],[67,72],[183,48],[60,36],[-1,100],[-12,27],[31,75],[79,-48],[10,-30],[25,0],[30,32],[177,73],[144,5],[-10,36],[11,12],[100,40],[77,1]],[[43767,36360],[26,-51],[56,15],[14,-18],[-36,-39],[59,-19],[1,-52],[15,-9],[16,16],[-3,17],[46,5],[-1,-31],[28,-51],[129,6],[20,27],[31,2]],[[44168,36178],[14,-13],[123,-66],[51,-10],[14,-119],[68,-27],[1,-32],[-34,-46],[28,-32],[140,73],[86,-94],[42,12],[1,41],[27,13],[47,2],[17,-46],[30,3],[8,-16],[70,6],[59,46],[28,-3],[-14,-28],[34,-61],[-102,-65],[39,-57],[89,-50],[38,8],[36,-42],[-8,-36],[14,-16],[43,8],[-37,-26],[48,-9],[42,-39],[-22,2],[-5,-21],[25,-47],[51,27],[71,-107],[-37,-18],[-55,9],[-24,-58],[26,-26],[-8,-33],[-38,5],[-7,-38],[-100,-80],[-46,-82],[-145,-65],[-59,-7],[559,-108],[14,17],[-60,40],[36,40],[18,-7],[15,16],[70,-29],[-13,-48],[-37,-2],[-25,-43],[9,-12],[-18,-70],[17,-56],[143,-56],[-15,-31],[93,-49],[-4,-23],[36,-9],[-52,-174],[35,-16],[115,-85],[87,-1],[-5,-35]],[[44819,33406],[2,-13],[-55,23],[-107,-57],[-93,128],[-61,-6],[-51,102],[-23,-2],[-8,-27],[-57,-32],[-34,35],[-12,-8],[25,-23],[-14,-7],[29,-55],[-34,-1],[-29,44],[-6,-26],[-37,-28],[-41,25],[2,17],[-41,15],[-36,-20],[-4,-81],[-32,-9],[-14,19],[-39,-1],[-81,58],[-34,0],[-35,59],[-11,-9],[-75,41],[-67,-28],[-6,-26],[13,-8],[-15,-33],[-29,8],[-22,45],[-18,3],[-18,-77],[-70,51],[7,20],[-26,-3],[-16,75],[-75,39],[-46,58],[15,10],[-6,8],[-47,26],[-155,-79],[32,-52],[-60,21],[-5,57],[-19,26],[-21,-15],[14,-16],[-7,-16],[-58,34],[-25,-4],[-114,34],[-8,12],[25,9],[-40,16],[-30,2],[-68,-61],[-37,21],[95,126],[59,30],[-54,1],[-3,19],[-23,5],[-86,-14]],[[48243,32337],[2,62],[-62,51],[-85,28],[-217,11],[-34,39],[-5,79],[-43,-10],[7,-16],[-39,-10],[0,-15],[-181,2],[32,-67],[-73,-60],[-205,55],[-16,20],[9,25],[-23,21],[11,13],[-11,75],[-62,22],[8,47],[32,25],[64,245],[2,26],[-55,3],[-176,12],[-356,85]],[[46527,33596],[0,44],[35,89],[-2,29],[-31,-1],[-5,55],[14,27],[71,20],[122,-28],[25,30],[47,5],[35,26],[-36,45],[-91,261],[-60,14],[50,92],[15,1],[-2,-21],[41,0],[2,27],[53,-3],[-4,-26],[53,-4],[36,43],[40,0],[2,27],[26,1],[31,67],[94,31],[-21,39],[25,22],[-35,28],[5,15],[-15,18],[46,42],[-96,77],[14,49],[181,74],[159,-99],[63,24],[29,-17],[33,32],[91,8],[67,-22],[-7,-11],[48,-94],[67,-41],[36,2],[61,44],[38,-15],[46,-31],[0,-42],[12,-13],[70,-47],[-48,-68],[95,-29],[29,22],[20,-35],[116,26],[-3,61],[70,27],[30,-58],[10,5],[71,-58],[-63,-56],[13,-24],[57,-1],[23,42],[41,-18],[25,13],[32,-26],[-66,-43],[75,-49],[17,6],[-4,19],[-8,15],[13,32],[73,30],[2,41],[37,18],[-18,34],[19,15],[80,-11],[-3,13],[78,20],[13,-10],[-36,-25],[32,-30],[38,8],[27,-24],[24,7],[114,32],[85,-20],[144,52],[22,-27],[-7,-9],[20,-4],[101,75],[22,-22],[136,-4],[44,-40],[128,99],[-23,38],[-11,71],[79,80],[42,14],[3,52],[16,22],[59,42],[51,-36],[32,4],[77,21],[59,50],[-22,68],[36,46],[10,72],[42,74],[2,69],[-69,-1],[-28,28],[3,20],[71,21],[-6,31],[16,0],[69,65],[7,32],[34,18],[25,10],[47,-29],[-1,-13],[36,-4],[170,37],[30,-12],[16,-43],[17,-4],[0,39],[14,17],[-15,80],[-93,18],[-26,34],[23,29],[21,108],[-15,54],[86,23],[42,-26],[35,16],[-46,66],[17,47],[-180,38],[64,112],[27,-3],[29,46],[-74,39],[41,37],[-20,35],[50,87],[8,61],[59,24],[4,43],[74,6],[28,53],[41,1],[-42,96],[10,84]],[[50776,36617],[12,87],[23,60],[-55,53],[13,40],[26,15],[0,28],[74,19],[48,-52],[115,-54],[165,-28],[34,-26],[7,-48],[112,-108],[28,-105],[-18,-71],[31,4],[20,-40],[-124,40],[58,-74],[-41,-91],[-13,12],[-34,-34],[9,-26],[-34,-23],[38,-38],[18,5],[-5,-22],[51,-41],[-43,-32],[20,-49],[131,8],[-1,32],[11,3],[-12,64],[41,8],[65,-5],[39,-39],[137,-20],[31,71],[96,96],[54,-7],[136,39],[31,32],[-19,39],[46,106],[-40,97],[50,-11],[39,-52],[39,8],[5,25],[20,1],[-6,40],[29,21],[18,-6],[65,84],[46,-6],[-6,17],[19,15],[47,-22]],[[52422,36656],[20,-13],[5,-25],[24,-21],[-6,-84],[26,-166],[59,-31],[69,-33],[156,-124],[109,-38],[74,-81],[37,-7],[82,-60],[44,-4],[24,23],[-14,19],[7,19],[113,-12],[6,27],[44,-16],[265,84],[27,-40],[39,20],[97,-110],[164,-71],[107,-8],[77,-41],[59,4],[14,17],[12,-43],[70,-109],[72,-17],[48,13],[16,-15],[135,11],[90,-45]],[[54593,35679],[2,-51],[57,-24],[27,-38],[38,-60],[-27,-115],[1,-33],[31,-35],[-10,-42],[-23,-8],[2,-40],[28,-37],[-16,-46],[-53,-47],[-4,-44],[-98,-87],[-69,1],[10,-36],[-65,-3],[-84,-127],[-95,-32],[-78,7],[-85,-48],[-70,-38],[-79,7],[-32,-35],[-33,-41],[2,-33],[-24,-42],[-30,-16],[8,-20],[-53,-48],[18,-36],[250,-103],[-39,-66],[-61,-15],[-82,30],[-95,3],[-108,-72]],[[53654,34209],[-24,-17],[25,-21],[-15,-30],[-54,-5],[-2,24],[-91,-33],[-70,8],[-16,25],[-97,-38],[-22,24],[-9,55],[-36,47],[-8,-2],[-8,-1],[-7,-1],[-188,-45],[-72,-44],[-31,23],[-10,68],[-32,26],[-164,-5],[-112,109],[-22,-41],[24,-18],[-30,-46],[-27,-89],[55,-50],[5,-12],[30,-79],[-28,-25],[14,-43],[29,-17],[30,-61],[48,-26],[-5,-50],[-13,-8],[-51,8],[-57,-26],[-5,-37],[15,2],[1,-18],[-15,-3],[2,-68],[-27,-78],[60,-73],[102,-20],[95,7],[26,-84],[-80,-126],[-99,-21],[-23,-30],[21,-162],[79,-203],[-10,-61],[10,-33],[-56,-74],[11,-26],[-13,-33],[-107,33],[-41,-29],[-94,8],[-178,-49],[-9,-1],[-22,-14],[-126,1],[-77,-57],[-120,4],[-15,-7],[-61,-8],[-69,42]],[[51788,32575],[-90,113],[-100,251],[-60,77],[-1,44],[-55,21],[-236,-2],[-84,94],[-38,19],[-53,-21],[-49,-42],[-67,-26],[-186,96],[-102,11],[-116,-47],[-67,11],[-142,78],[-120,36],[-25,-30],[-37,-1],[-27,-1],[-3,-22],[-8,-20],[-107,-26],[-32,-25],[-91,-8],[57,-73],[14,-47],[-146,-93],[-13,-36],[16,-25],[-70,-61],[-68,-101],[32,-23],[-114,-87],[-23,51],[-27,22],[57,91],[37,30],[18,52],[-22,31],[-2,38],[-74,-44],[-201,138],[-34,7],[-165,-2],[-30,-72],[-17,-1],[-29,-39],[-103,-10],[-51,41],[-51,-28],[-242,-31],[-60,-19],[-101,-13],[-34,-30],[-85,-139],[-59,-62],[16,-257],[-51,-36],[-24,10]],[[42570,33246],[100,83],[-2,49],[51,15],[20,26],[93,-13],[12,-34],[44,-9],[44,-1],[9,40],[-52,-18],[-6,35],[42,26],[-39,11],[-31,46],[3,17],[-100,17],[-39,64],[59,37],[6,31],[47,0],[15,24],[-64,56],[-91,-17],[-37,45],[44,10],[90,-17],[-2,31],[17,18],[-4,73]],[[48633,29786],[13,-45],[32,-29],[16,46],[19,-21],[32,2],[34,39],[54,14],[10,-22],[-50,-25],[-17,-34],[9,-10],[39,26],[11,-8],[-30,-70],[16,-24],[50,-9],[54,17],[9,35],[115,130],[46,-76],[-78,-30],[-30,-43],[45,-19],[3,-40],[21,-6],[9,-30],[-43,-27],[-39,-68],[76,-128],[12,-97],[26,-32],[4,-62],[28,-6],[120,91],[201,-35],[-19,-9],[-3,-75],[46,-63],[-62,-66],[-118,-32],[-13,-49],[14,-19],[-21,-16],[-36,-90],[46,-24],[133,-16],[35,-19],[112,-69],[-15,-29],[65,-26],[-54,-59],[-22,-66],[-24,-59],[-24,-34],[-20,-90],[-33,-18],[-65,2],[24,-96],[16,1],[8,-42],[-17,-35],[-60,-23],[-120,-12],[-109,-21],[-23,-21],[-14,-43],[14,-148],[-7,-90],[125,-99],[-34,-84],[10,-48],[-13,-29],[25,-50],[-8,-13],[-82,-68],[-49,10],[-44,-44],[-5,-32],[-122,-114],[-7,-34],[30,-85],[-18,-80],[64,-19],[78,14],[73,-155],[50,-43],[48,-85]],[[49205,26676],[-22,-60],[-13,-136]],[[49170,26480],[-139,14],[-14,37],[1,54],[-26,60],[-43,1],[-7,-112],[114,-132],[22,-59]],[[49078,26343],[-8,-48],[-24,-18],[93,-18],[37,-33],[42,-5],[6,-27],[30,8],[43,-22],[34,-77],[22,-6],[0,-17],[53,-50],[-25,-21],[24,-33],[-59,-55],[-114,-28],[-10,15],[7,63],[-36,37],[-17,75],[-134,1]],[[49042,26084],[-44,-16],[-78,24],[-40,30],[-76,-87],[-53,-31],[-3,-66],[-63,-83],[3,-57],[-15,-29],[-227,-11],[-14,7],[9,28],[-13,18],[-123,26],[-47,-18],[-40,27],[-15,53],[-57,-13],[-22,-50],[7,-17],[-81,-21],[-38,-1],[-100,48],[-5,-34],[55,-83],[-49,-44],[-11,-45],[34,-67],[-101,42],[-71,-103],[2,-48],[-25,-23]],[[47463,25601],[-7,66],[11,48],[-25,37],[23,70]],[[48243,32337],[-24,-45],[-55,-84],[-40,-43],[-6,-40],[15,-38],[42,-36],[53,-9],[168,48],[125,-24],[75,-57],[-15,-140],[15,-92],[69,-96],[-32,-26],[-6,-67],[112,-97],[3,-20],[-24,-26],[-136,7],[-61,75],[-49,-34],[-10,-32]],[[40814,34766],[72,41],[54,-12],[45,23],[18,-17],[221,-46],[32,37],[213,106],[194,34],[28,-77],[31,-24],[-4,-16],[17,-13],[16,-62],[58,38],[82,-144],[45,4],[26,-28],[172,144],[117,27],[22,-25],[72,2],[-8,-36],[13,-27],[104,4],[87,52],[1,67],[38,25],[145,1],[39,114],[34,-8],[6,13]],[[41269,31957],[-145,-51],[-172,-50],[-228,-76],[-130,-83],[-142,-56],[-216,-21],[-154,-32],[-437,-217],[-76,-37],[-252,-62],[-510,-37],[-79,15],[-86,64],[-31,47],[-52,273],[-66,88],[-175,88],[-183,173],[-24,33],[-181,105],[-97,97],[-6,55],[11,57]],[[37838,32330],[70,1],[46,31],[-4,31],[78,53],[62,93],[96,-14],[18,-31],[34,8],[11,30],[44,-28],[86,30],[17,38],[-50,56],[29,25],[-16,10],[-41,-25],[14,27],[-1,26],[-13,3],[10,17],[43,-2],[19,27],[-34,24],[0,28],[27,14],[-21,31],[67,19],[16,137],[78,56],[51,-8],[44,-51],[2,-28],[26,1],[58,-17],[30,-45],[22,13],[29,-27],[109,83],[49,0],[83,-70],[59,-76],[5,-60],[29,-10],[54,10],[-31,16],[-10,43],[10,21],[-16,51],[27,47],[-23,24],[-16,56],[-6,97],[45,78],[45,31],[-134,61],[-30,23],[-19,14],[-29,46],[-47,25],[-33,13],[-55,26],[-64,66],[-8,23],[40,48],[-13,31],[-18,-1],[-17,48],[124,100],[108,51],[20,34],[-40,50],[111,83],[155,25],[28,-14],[44,14],[-4,20],[40,28],[-30,39],[43,32],[97,6],[59,18],[21,32],[92,19],[37,48],[-18,42],[29,46],[8,-25],[51,-3],[-39,-45],[57,-22],[16,-19],[38,4],[-24,-55],[76,-23],[12,-32],[-10,-18],[202,-28],[13,38],[-35,19],[73,67],[-28,7],[46,30],[6,-26],[21,4],[105,78],[-90,72],[9,43],[-46,-22],[-47,43],[-31,-3],[25,37],[-54,79],[-57,-20],[-28,48],[30,18],[4,21],[36,4],[0,14],[20,6],[31,9],[1,76],[56,15],[90,19],[31,-17],[24,9],[66,-16],[43,13],[22,-69],[71,-15],[-34,-56],[22,-3],[89,52],[95,-63],[31,13],[43,93],[-6,20],[93,75]],[[44168,36178],[54,35],[6,35],[-41,23],[45,-14],[68,52],[-9,19],[38,6],[52,45],[112,-5],[22,-29],[9,4],[-22,37],[21,1],[10,-25],[45,-24],[-18,43],[151,-22]],[[44711,36359],[86,36],[95,6],[19,50],[-33,21],[44,81],[-36,28],[-60,8],[-12,25],[-46,17],[-83,80],[14,23],[76,-1],[34,67],[114,52],[-20,39],[108,55],[46,-37],[5,13],[80,0],[-10,12],[6,46],[30,4],[-4,45],[30,3],[-15,41],[118,51],[-6,29],[11,9],[20,-13],[172,22],[-3,-21],[20,-8],[79,17],[43,-12],[13,25],[60,-56],[74,-35],[54,-3],[27,-28],[100,41],[78,-16],[58,18],[58,-48],[76,1],[3,-41],[65,-10],[9,-14],[-21,-10],[22,-38],[32,6],[-24,27],[5,19],[141,109],[-17,20],[29,7],[1,-27],[83,7],[5,-115],[72,-27],[27,-100],[-90,-68],[33,-115],[105,-74],[51,-10],[1,-18],[195,-23],[4,19],[103,-13],[65,95],[-15,7],[31,65],[61,-20],[-6,-19],[44,-16],[-14,-34],[22,-9],[-11,-32],[117,-88],[113,-7],[58,127],[96,-14],[97,-49],[16,21],[132,-19],[9,-19],[132,107],[-23,34],[-34,13],[11,36],[253,73],[-14,35],[34,24],[-10,59],[-80,11],[8,35],[-13,2],[73,129],[-36,110],[-40,17],[112,42],[91,10],[54,6],[-23,-68],[32,3],[143,77],[137,18]],[[48687,37319],[42,19],[89,4],[167,-54],[-5,-23],[-40,-39],[-91,-58],[-4,-47],[13,-12],[-28,-50],[-4,-51],[23,-22],[5,-52],[71,-97],[49,33],[41,4],[43,-31],[73,6],[-27,-89],[24,0],[16,-44],[-10,-29],[-65,-46],[3,-12],[87,-31],[57,5],[38,-19],[122,28],[72,-17],[113,19],[11,60],[69,-36],[-58,-43],[8,-20],[-33,-28],[-5,-76],[103,147],[144,88],[60,-13],[41,20],[51,-21],[125,90],[230,92],[7,19],[165,14],[65,11],[4,-45],[-13,-30],[60,-95],[-9,-8],[8,-37],[45,-30],[2,-46],[61,29],[74,-39]],[[44674,39646],[43,-23],[45,-55],[27,-3],[8,-42],[21,-15],[26,-58],[-37,-39],[22,-32],[212,3],[25,-31],[36,18],[21,50],[-7,22],[12,50],[80,-7],[9,43],[44,50],[-15,36],[37,-5],[36,36],[-24,24],[38,25],[170,-47],[0,-32],[34,-50],[52,10],[43,-22],[26,-27],[-1,-22],[75,-25],[41,-62],[30,0],[0,14],[-39,17],[-3,17],[40,-1],[59,53],[130,-83],[35,7],[92,4],[47,65],[160,105],[26,-33],[45,-18],[27,-52],[25,9],[64,51],[37,10],[102,-23],[0,106],[211,62],[73,-10],[26,28],[136,-45],[56,-42],[14,-50],[53,0],[10,-25],[19,17],[77,-35],[57,22],[60,-63],[24,3],[150,83],[18,82],[-8,28]],[[47626,39719],[48,43],[35,-26],[95,-15],[83,-76],[20,-61],[33,-42],[23,-61],[114,-85],[-16,-99],[31,-114],[-50,-80],[-10,-34],[11,-38],[-60,28],[-28,67],[-139,-12],[28,-56],[123,-83],[-2,-52],[34,-52],[24,-3],[11,-21],[188,-53],[56,42],[41,-31],[-14,-23],[29,-17],[40,13],[15,-29],[-28,-10],[7,-33],[9,2],[5,-52],[25,-25],[-62,-110],[78,-55],[72,37],[90,-15],[82,28],[-4,-68],[90,49],[88,-75],[18,-64],[38,0],[-40,-64],[40,-38],[21,-48],[44,-27],[-5,-37],[29,-36],[45,-4],[85,28],[106,-9],[120,-31],[14,-47],[115,-44],[0,-36],[-32,-31],[-2,-24],[-9,-57],[-22,-15],[10,-23],[-156,-30],[-10,-17],[10,-62],[-79,-106],[11,-39],[-76,-39],[-34,23],[-118,-5],[-21,-53],[-42,-11],[-49,-42],[-108,-15],[-19,-17],[6,-25],[-60,-16],[16,-42]],[[44711,36359],[-5,20],[-123,36],[17,20],[-20,41],[-37,-33],[-46,-2],[-12,-14],[8,-16],[-53,-8],[-8,176],[-55,105],[2,47],[-22,12],[-35,94],[-19,75],[12,12],[-15,33],[43,14],[51,-11],[38,18],[24,5],[4,22],[41,23],[-1,19],[18,13],[-16,22],[84,61],[7,30],[53,63],[174,77],[2,22],[43,34],[-7,17],[72,-6],[0,-19],[118,-37],[52,27],[76,-11],[12,122],[40,-18],[35,11],[1,24],[69,12],[-7,22],[11,4],[-28,61],[-24,-8],[-11,17],[-233,49],[-185,21],[-8,-17],[-91,65],[-46,-6],[-34,33],[-129,-11],[-17,35],[53,23],[-2,27],[79,33],[42,-35],[88,24],[-1,23],[42,12],[-27,34],[104,22],[89,103],[8,33],[31,1],[18,59],[-15,38],[-54,-3],[-34,17],[-4,43],[25,20],[-4,52],[-15,0],[-25,77],[-37,32],[-17,66],[-100,100],[-58,41],[-10,30],[-18,-4],[-7,35],[22,45],[-49,10],[-51,-27],[-41,40],[0,38],[-27,8],[-26,37],[-45,7],[-10,-13],[-4,-76],[-99,8],[-6,-60],[-12,10],[-11,77],[-89,45],[-23,41],[47,43],[5,43],[-15,41],[33,107],[47,3],[-17,13],[11,20],[54,15],[47,42],[36,64],[-11,35],[23,16],[23,70],[3,109],[40,5],[11,46],[77,54],[49,71]],[[41068,38491],[-20,0],[-15,31],[-167,65],[-17,28],[100,94],[-20,2],[2,13],[26,6],[-7,39],[22,11],[-6,17],[14,10],[-19,33],[15,8],[-76,77],[-9,-8],[-38,60],[9,42],[-32,3],[-24,33],[-46,43],[-25,25],[-22,37],[-4,91],[5,67],[20,54],[66,24],[45,60],[2,34]],[[42812,41527],[-8,-57],[10,-28],[44,-6],[47,34],[153,-37],[37,-45],[90,-28],[39,-67],[-16,-31],[8,-20],[-63,-65],[13,-29],[-11,-45],[26,-63],[-16,-15],[-7,-54],[-19,-55],[36,-63],[-6,-35],[29,-46],[-3,-40],[38,-34],[54,7],[14,46],[108,-7],[55,-30],[87,29],[21,36],[38,-10],[27,-21],[63,-109],[-218,-274],[12,-28],[37,-18],[-8,-73],[13,-58],[52,-26],[12,-11],[-37,-45],[11,-24],[-9,-21],[22,-16],[-21,-41],[47,-3],[-2,-28],[52,-64],[68,32],[78,1],[66,66],[97,34],[62,52],[103,-12],[88,-26],[13,-31],[67,-25],[70,34],[12,79],[69,-33],[-63,-145],[36,-24],[45,-87],[8,-74],[233,-15],[0,-18],[-69,-16],[-6,-38],[34,-17]],[[43767,36360],[-9,59],[-195,86],[-68,53],[-37,56],[3,23],[-24,32],[1,23],[-38,30],[-9,67],[113,164],[29,39],[-35,47],[-87,-24],[-79,-92],[-19,-48],[4,-37],[-107,36],[-77,-30],[-16,32],[-26,-2],[-26,37],[1,33],[-30,52],[-52,51],[-32,7],[-3,77],[-83,37],[-18,48],[36,25],[6,26],[-61,5],[-3,39],[18,17],[-16,75],[11,35],[-118,32],[-92,-8],[-32,40],[-60,11],[-80,22],[-15,19],[-17,16],[-15,76],[-160,44],[-52,44],[-12,15],[23,32],[-48,29],[0,68],[-65,22],[-24,76],[-60,65],[-13,59],[9,38],[-30,62],[-109,56],[-60,-9],[-13,38],[-60,49],[-19,-2],[-30,-51],[-28,13],[-30,-68],[-34,-6],[-59,-141],[-66,8],[-103,104],[-102,9],[-89,31],[-44,64],[-29,88],[-14,111],[-21,-3]],[[40814,34766],[-18,67],[26,47],[-20,25],[19,14],[-25,30],[6,34],[-17,43],[-11,-4],[-15,40],[-38,4],[-61,56],[5,15],[-18,6],[41,136],[-40,24],[1,39],[-44,-5],[-33,17],[4,26],[-67,-4],[-102,-6],[-4,25],[-21,12],[45,37],[4,53],[-13,34],[10,58],[-55,85],[-3,28],[-23,-5],[-12,110],[-18,18],[-35,75],[-11,-23],[-64,30],[22,34],[-22,8],[-20,-46],[-28,-4],[27,36],[-18,4],[-33,85],[-24,0],[4,-15],[-18,-2],[-2,-23],[-36,-9],[-138,11],[-25,21],[49,18],[1,29],[5,117],[23,24],[-83,2],[-44,-4],[-12,-21],[-143,8],[-10,-15],[-45,9],[46,24],[-62,81],[-35,-20],[-58,-1]],[[39528,36258],[-19,42],[-42,4],[15,58],[75,-12],[54,44],[22,91],[34,24],[-30,50],[40,17],[-8,20],[-45,6],[-39,-19],[-27,18],[1,20],[121,24],[0,37],[100,27],[-8,26],[68,15],[-5,22],[28,23],[-10,65],[8,26],[-93,29],[-8,30],[-35,31],[4,11],[-29,34],[-34,6],[11,31],[-21,-5],[-6,19],[14,37],[-16,32],[-30,0],[-25,23],[8,11],[-12,26],[22,69],[-20,18],[94,37],[-35,56],[-25,93],[57,19],[10,19],[50,29],[-8,26],[-24,31],[29,27],[72,71],[38,-13],[17,13],[30,50],[88,77],[-9,6],[38,27],[1,70],[48,16],[30,-5],[46,27],[-11,37],[38,0],[28,-49],[146,-44],[23,-35],[12,-92],[144,6],[29,-36],[16,15],[71,-22],[22,-25],[99,37],[23,-15],[27,59],[-41,-12],[-45,38],[21,36],[27,4],[22,36],[24,5],[138,24],[-49,81],[10,45],[15,7],[-4,17],[43,30],[4,63],[60,117],[3,44],[40,90],[-5,66]],[[43858,42765],[92,-42],[58,-53],[40,19],[143,-89],[58,15],[101,-25],[228,26],[58,-67],[34,26],[-9,-23],[22,-24],[107,22],[90,-14],[41,24],[38,37],[50,-1],[64,41],[140,39],[0,16],[17,2],[-18,19],[24,13],[70,0],[5,74],[73,-5],[5,13],[-13,15],[-3,58],[-68,24],[124,1],[-7,33],[106,146],[79,-27],[61,-51],[91,14],[52,30],[10,-23],[-23,-22],[23,-10],[-15,-33],[30,-59],[47,-14],[6,-25],[47,14],[24,-24],[79,-18],[11,-7],[-54,-40],[34,-76],[130,78],[60,12],[103,71],[19,-13],[51,-124],[28,6],[-11,-58],[60,-62],[121,19],[108,-15],[70,22],[28,-18],[106,0],[135,78],[19,-34],[24,5],[30,-42],[43,12],[-5,-14],[19,-12],[109,13],[34,-39],[131,-13],[43,-2],[30,-23],[40,28],[-4,14],[23,-4],[2,24],[48,22],[-78,122],[21,21],[49,-1],[32,-38],[159,-26],[-5,-68],[77,-102],[10,12],[48,-32],[114,-21],[-6,-18],[62,-85]],[[48107,42409],[-12,-18],[14,-24],[-19,-20],[20,-24],[84,-27],[125,13],[28,-43],[65,1],[-7,-45],[42,-33],[-18,-27],[38,-24],[-41,-50],[72,-40],[37,-15],[21,-34],[98,47],[12,22],[-35,70],[-33,1],[27,27],[55,-3],[15,69],[21,-28],[49,-1],[30,-26],[19,17],[16,-8],[8,-19],[108,-43],[-2,-26],[18,-6],[53,20],[-35,49],[19,8],[121,-74],[15,10],[-41,80],[16,20],[75,-40],[79,21],[101,-108],[60,-123],[41,1],[-75,-77],[-6,11],[-62,-46],[-38,25],[-32,-48],[119,-81],[-12,-25],[59,-25],[-9,-20],[11,-48],[31,-9],[-14,-15],[99,-72],[5,-127],[28,3],[6,-20],[45,-25],[-27,-54],[3,-69]],[[49597,41234],[-26,-43],[-50,-31],[-21,-59],[-26,-27],[-12,-1],[-1,28],[11,32],[-59,36],[-103,0],[-101,-34],[-77,-115],[16,-21],[-7,-37],[29,-20],[-42,-47],[-128,20],[-114,-47],[-72,-81],[-167,-39],[-95,9],[-26,-11],[-43,-58],[-31,1],[3,-212],[-113,-38],[-62,-61],[-85,24],[-73,-27],[-183,-127],[7,-25],[-85,-63],[1,-45],[-47,-15],[-10,-26],[14,-64],[-75,11],[-33,-32],[-35,-7],[-10,-30],[-41,9],[-59,-18],[-33,-23],[16,-20],[-42,-19],[31,-32],[-4,-44],[92,-86]],[[49597,41234],[50,-31],[108,9],[9,-24],[132,-13],[33,-48],[119,-59],[23,15],[9,-16],[37,1],[66,28],[78,-4],[-10,-34],[25,-28],[19,19],[20,69],[65,-36],[-32,-43],[44,-32],[33,10],[56,-21],[12,21],[54,0],[32,-26],[4,-29],[-18,-25],[9,-13],[-18,-24],[80,-124],[9,10],[-23,30],[29,16],[-6,46],[33,15],[11,-2],[-8,-37],[75,14],[36,-37],[86,52],[71,-18],[59,12],[5,15],[-13,20],[24,24],[6,-14],[24,-37],[-29,-4],[12,-62],[19,-17],[20,21],[66,-69],[167,61],[125,-6],[17,-41],[-2,-68],[28,-42],[18,30],[29,-5],[19,-47],[-19,-11],[26,-29],[-5,-30],[14,-22],[83,19],[26,-67],[87,60],[5,82],[41,55],[39,10],[97,-24],[23,21],[98,20],[38,40]],[[52096,40760],[9,-105],[58,-56],[-114,-53],[-19,-34],[64,-22],[3,-16],[77,-16],[17,50],[47,36],[29,-39],[-1,-36],[-16,0],[-12,-53],[-27,-27],[9,-16],[141,41],[55,-28],[52,-67],[84,-41],[-20,-49],[30,-50],[0,-51],[67,-26],[4,-37],[21,-10],[149,63],[107,87],[18,59],[52,47],[95,32],[39,40],[101,35],[28,1],[2,-14],[67,8],[21,-47],[162,-48],[-1,-107],[24,-64],[-18,-62],[54,-21]],[[53554,40064],[-40,-92],[1,-78],[41,-107],[-5,-27],[52,-65],[13,-59],[24,-30],[9,-87],[33,-41],[82,-47],[120,2],[-17,-55],[-45,-49],[-55,10],[19,-17],[-20,-57],[-71,-65],[13,-15],[-8,-24],[-32,-19],[-18,-44],[-22,-15],[25,-110],[160,-154],[-58,-64],[-102,-31],[-19,-33],[-20,-9],[-14,14],[-40,-28],[-7,-59],[-28,-2],[-8,-44],[-48,28],[-119,-1],[-70,29],[-76,75],[-48,3],[-74,50],[-37,4],[-7,24],[42,66],[-50,12],[-51,26],[6,56],[-46,33],[-73,-37],[-146,5],[-55,-18],[-59,15],[-6,38],[-48,15],[-2,80],[-54,17],[-7,22],[14,22],[-47,39],[-10,55],[-50,1],[-30,20],[-56,-43],[58,-21],[69,-57],[5,-32],[-4,-75],[-72,-127],[5,-59],[19,-31],[110,-50],[78,-66],[-15,-28],[42,-27],[3,-42],[-52,-27],[-53,-96],[-54,-52],[6,-86],[-32,-113],[-4,-12],[17,-12],[109,-26],[37,-30],[-22,-40],[-7,-57],[-54,-34],[-70,-23],[-29,-35],[-112,-23],[-9,-94],[-70,-129],[8,-50],[-68,-54],[-4,-70],[21,-40],[-4,-79],[-29,-51],[-75,-28],[-67,-169],[10,-45],[-20,-13],[15,-30],[76,-19],[186,29],[5,-59],[-32,-21],[-1,-34],[-21,-3],[1,-47],[-31,2],[54,-40],[-3,-39],[38,-13],[0,-33],[72,7],[25,-34],[-11,-16],[29,-14],[1,-23],[38,-53]],[[53182,47054],[16,-37],[-1,-43],[-29,-55],[-179,-6],[-46,-28],[3,-38],[-83,-45],[19,-25],[15,6],[7,-19],[95,-39],[125,-8],[-3,-21],[-37,0],[32,-127],[-15,-34],[-59,-50],[-84,-63],[-39,32],[-117,-55],[50,-67],[-79,-59],[-33,-2],[-29,0],[2,20],[-127,23],[-13,26],[16,49],[-70,14],[5,-150],[-37,-11],[-6,-47],[-27,-44],[-197,26],[-41,32],[-52,-4],[-200,45],[-185,122],[-56,5],[-83,13],[14,34],[-59,0],[-38,-35],[-33,17],[-47,41],[7,66],[-59,-5],[3,75],[-45,44],[0,34],[-52,14],[47,22],[-12,44],[10,35],[39,-9],[138,27],[37,26],[-24,42],[14,58],[-55,77],[-14,42],[8,26],[-30,89],[73,17],[19,-28],[28,33],[116,36],[-3,-31],[20,-14],[44,28],[151,23],[151,-53],[11,-9],[-16,-12],[71,-3],[98,-43],[26,32],[4,-16],[27,-2],[-4,-25],[27,-2],[11,29],[137,16],[59,53],[43,10],[44,-58],[13,3],[-5,-51],[57,13],[5,-17],[46,-15],[122,-8],[6,-26],[67,-10],[48,136],[44,45],[61,-20]],[[53015,47273],[-122,46],[-19,18],[0,32],[52,12],[49,-49],[54,-25]],[[53554,40064],[71,59],[60,-35],[78,-106],[28,25],[79,-7],[43,-107],[27,-24],[82,-8],[26,12],[87,110],[-9,10],[33,65],[-14,49],[11,22],[36,22],[56,-97],[84,46],[59,4],[107,84],[35,71],[16,8],[-15,22],[8,5],[-33,55],[-33,10],[26,30],[-80,2],[-4,24],[-31,27],[12,25],[58,26],[-28,34],[41,24],[26,41],[51,0],[-9,-41],[17,22],[32,-10],[-76,72],[34,33],[-25,11],[4,26],[50,-12],[82,53],[38,4],[-3,23],[20,-6],[40,24],[18,-32],[57,14],[-18,43],[12,14],[-7,27],[23,10],[1,23],[89,32],[8,-19],[9,-38],[-10,-29],[32,-33],[26,0],[87,50],[27,-23],[7,16],[36,-22],[39,29],[43,-36],[-12,-45],[201,-70],[11,17],[100,-19],[139,51],[144,16],[45,-2],[61,-61],[-10,-146],[23,-19],[62,25],[96,-36],[20,-33],[75,-52],[61,-10]],[[56246,40433],[-52,-90],[56,-35],[37,4],[73,-11],[-8,-30],[15,-65],[-15,-47],[21,-3],[3,-18],[1,-31],[-49,-60],[18,-13],[-31,-75],[7,-26],[-199,-178],[-25,-48],[15,-45],[82,-33],[11,-26],[21,-5],[-72,-17],[-9,-27],[-21,-6],[5,-29],[-55,-48],[-62,-20],[-37,15],[-52,-79],[-63,-41],[13,-10],[-9,-4],[6,-13],[-20,-13],[14,-14],[-18,-26],[43,-131],[-6,-65],[-59,-89],[13,-81],[65,-10],[116,37],[55,38],[36,-47],[49,3],[52,-24],[41,-54],[162,-35],[127,31],[-4,70],[74,66],[-164,169],[-6,26],[16,25],[-28,23],[13,22],[99,49],[20,-22],[53,12],[37,-18],[9,31],[21,-4],[106,73],[107,23],[166,-41],[85,29],[150,-19],[64,-68]],[[57359,39285],[7,-22]],[[57366,39263],[87,-104]],[[57453,39159],[26,-24],[31,-138],[47,-83],[-8,-15],[38,-11],[-17,-158],[-75,-5],[-37,26],[-6,26],[-58,22],[-89,-26],[-39,-30],[20,-20],[-55,-35],[-36,-40],[1,-24],[25,-74],[61,-43],[12,-25],[-10,-53],[19,-108],[-30,-37],[-10,-72],[45,-139],[98,-76],[-42,-23],[-83,-106],[9,-57],[-50,-76],[-24,-16],[-11,-42],[7,-53],[28,-29],[-9,-63]],[[57231,37532],[-13,-28],[19,-54],[-27,-84],[-16,-24],[35,-56],[-57,-58],[16,-31],[-37,-12],[12,-61],[-27,-12],[-71,-54],[-31,-104],[-114,-26],[-65,-37],[-39,-67],[7,-44],[-45,-66],[-25,-26],[-59,-15],[-49,-65],[-52,-23],[-40,-62],[5,-30],[-42,-39],[-123,1],[-66,-43]],[[56327,36412],[-77,-36],[-66,-68],[-76,-21],[-78,-58],[-90,-10],[-63,-46],[-50,47],[-34,70],[-28,3],[-85,-137],[-111,24],[4,12],[-78,57],[-109,15],[-19,-14],[-85,86],[-47,-7],[28,55],[-19,49],[-20,9],[-35,21],[-113,13],[-79,-77],[-71,74],[-84,12],[-30,-36],[-20,-58],[-19,-3],[-21,-30],[-2,-39],[53,-63],[15,-42],[-43,-128],[2,-52],[-38,-101],[-48,-75],[15,-63],[-24,-47],[-89,-69]],[[52096,40760],[53,31],[115,10],[57,70],[59,13],[20,14],[1,21],[19,-1],[75,60],[76,-10],[7,18],[49,-2],[43,43],[4,28],[-19,-11],[-1,19],[11,3],[26,75],[-17,50],[-27,5],[116,75],[-85,24],[15,60],[-39,71],[21,20],[-32,7],[-22,39],[23,23],[-35,31],[-2,48],[-36,-14],[-16,27],[27,45],[-26,33],[58,58],[-86,92],[-58,39],[-23,54],[26,54],[4,54],[57,43],[79,35],[74,86],[-48,54],[17,4],[9,29],[-31,30],[11,23],[127,70],[33,42],[78,30],[191,-12],[73,19],[19,102],[-68,51],[-11,42],[-93,101],[81,50],[1,68],[34,72],[49,50],[168,14],[-92,-1],[5,27],[-22,5],[1,20],[32,24],[20,45],[6,94],[-25,13],[-9,-60],[-6,39],[-36,-1],[39,23],[-85,1],[1,13],[70,2],[40,90],[23,1],[-61,24],[-14,59],[72,-23],[30,-32],[141,-6],[120,66],[45,4],[53,28],[75,82],[48,20],[-3,54],[13,27],[20,-4],[-1,25],[-49,14],[28,66],[52,35],[61,-10],[36,33],[115,-9],[-14,15],[63,28],[8,24],[124,98],[-6,9],[32,27],[63,14],[109,2],[56,-49],[82,-7],[100,-62],[35,-3],[45,33],[67,4],[120,91],[20,33]],[[54974,44084],[158,-23],[134,19],[52,32],[45,-9],[-11,-29],[44,-116],[180,-42],[21,-36],[58,-27],[11,-35],[62,20],[-7,-45],[12,-8],[3,-78],[-15,-6],[10,-15],[47,11],[132,-40],[47,21],[20,-41],[44,30],[49,-18],[44,10],[46,-23],[47,29],[16,53],[95,9],[28,-39],[50,13],[87,-32],[108,-101],[175,-62],[-4,-29],[99,-12],[41,-42],[-69,-26],[-5,-68],[-61,-79],[15,-33],[-12,-35],[-41,-6],[-12,-31],[43,-7],[34,-68],[53,3],[44,-39],[116,34],[54,-27]],[[57061,43041],[20,-87],[-38,-54],[41,-52],[66,-23],[13,-33],[64,-45],[-75,-91],[84,-28],[31,-73],[-23,-12],[16,-29],[72,-15],[68,22],[23,-29],[-87,-65],[-207,-20],[-19,62],[-20,3],[-5,-30],[-66,-17],[8,-29],[-34,-28],[-19,1],[-68,67],[-35,-46],[-10,32],[-61,48],[-13,-7],[18,-24],[-36,10],[-45,-31],[-10,19],[-50,16],[0,16],[-58,-24],[-39,16],[-117,-6],[16,-43],[39,-43],[-10,-53],[-30,-37],[-19,5],[64,-56],[77,71],[3,12],[-25,14],[17,30],[57,-20],[169,31],[-28,-16],[4,-21],[-21,-19],[9,-21],[-18,0],[-9,-34],[10,-4],[-33,-54],[-13,8],[-92,-82],[-10,-30],[26,-41],[58,-24],[53,19],[8,38],[32,34],[124,97],[103,-11],[5,-36],[72,-35],[2,-31],[87,-20],[-9,-14],[50,-53],[-13,-10],[20,-22],[87,-16],[1,-20],[-32,-7],[-11,-12],[7,-17],[-41,-22],[50,-52],[16,26],[32,-12],[-8,29],[51,-28],[-19,-32],[30,-23],[-23,-1],[-4,-21],[19,-8],[-24,-35],[-145,-70],[-50,-50],[-76,-25],[-21,-32],[-27,-102],[28,-90],[120,69],[22,-8],[-23,-68],[16,-23],[-32,-7],[4,-23],[-66,-16],[15,-64],[-47,-48],[-113,42],[-26,28],[-33,-44],[-15,-40],[7,-17],[-63,-37],[-24,45],[-3,-16],[-33,0],[-32,16],[3,26],[-13,6],[-5,-12],[-45,22],[-57,-39],[-69,-64],[-84,-34],[-18,-72],[53,10],[9,-43],[-23,-16],[16,-15],[-94,-97],[-18,-41],[5,-41],[45,-69],[49,-31],[-46,-59],[37,-12],[-18,-21],[2,-49],[-41,-22],[-35,-2],[47,86],[-29,3],[-32,-43],[-29,5],[-10,-18],[-53,35],[-21,-6],[-25,-22],[29,-59],[-23,-26]],[[54587,46536],[17,-32],[-47,18],[4,32],[-68,4],[-93,51],[-142,37],[-9,18],[-39,-26],[-18,28],[-100,31],[-23,-40],[-148,3],[-19,-16],[-35,-73],[44,-7],[-29,-64],[21,-24],[-43,0],[-20,28],[-16,-4],[19,-17],[-15,-22],[13,-8],[-4,-38],[47,-5],[9,-27],[-39,-5],[18,-18],[-29,-13],[174,-52],[40,-27],[81,-51],[47,-8],[19,41],[56,45],[9,-7],[-35,-39],[-13,-58],[-18,-3],[63,-44],[42,16],[114,0],[43,43],[9,-8],[-32,-34],[79,-21],[10,45],[17,4],[21,-47],[88,22],[19,-19],[65,-1],[41,14],[11,32],[-22,32],[38,-42],[-10,-26],[21,-18],[-38,-35],[8,-27],[-13,-10],[-4,-48],[-70,-20],[-14,-36],[-47,-11],[8,-19],[-64,-17],[-25,8],[-27,-36],[-33,6],[-43,46],[-178,11],[7,-47],[-31,46],[-53,2],[5,-33],[-22,9],[-45,-86],[32,-28],[-52,-4],[-14,-70],[-28,-28],[31,-50],[-23,-33],[-49,5],[-8,46],[-61,-22],[-29,-57],[-49,-14],[-5,-37],[-40,10],[12,12],[-30,12],[-27,-11],[11,-11],[-41,-19],[-30,-44],[13,-33],[-52,4],[9,-33],[40,-16],[-5,-25],[-77,-41],[94,-112]],[[53763,45240],[-105,-11],[-105,-52],[-63,-78],[-52,37],[-150,47],[-26,28],[-4,65],[-35,-13],[-23,38],[-79,-12],[23,18],[72,13],[-124,89],[49,54],[1,33],[38,59],[-34,2],[-5,-23],[-93,16],[18,19],[-8,20],[-60,26],[-133,-44],[-28,11],[-23,62],[-57,55],[-18,-6],[-8,-47],[-56,-31],[-82,-15],[-5,14],[-112,-38],[-24,5],[-28,47],[9,13],[-9,23],[-68,-10],[21,71],[-113,-39],[58,55],[-21,6],[-116,-51],[-14,19],[20,47],[-96,6],[-29,-11],[4,-12],[-35,11],[-36,-35],[-97,32],[-42,-70],[-7,11],[-21,-25],[-31,22],[18,5],[-41,14],[-39,100],[-164,16],[-4,-14],[-30,0],[-57,21],[-46,-6],[-50,24],[-10,23],[14,48],[-42,108],[-64,40],[-68,1],[-99,31],[-2,-17],[26,-23],[-4,-15],[-154,-14],[-26,-39],[-41,-17],[-8,22],[-36,-35],[-30,44],[-86,53],[-18,-32],[-49,-29],[29,-83],[-17,8],[-44,-30],[38,-25],[35,37],[19,-77],[-90,6],[-23,-17],[22,-42],[49,1],[15,-16],[-60,-62],[29,-97],[-72,8],[-6,-99],[-28,-28],[19,-55],[-11,-20],[-172,-16],[-88,49],[-74,-41],[-43,-13],[33,-130],[41,-41],[-11,-28],[-69,20],[-6,-31],[-18,-1],[-1,-17],[-83,-42],[-21,-3],[-18,26],[-59,-9],[-61,-39]],[[49945,45093],[-108,47],[-14,86],[-23,31],[14,62],[-61,75],[-30,12],[-25,51],[-61,36],[-8,29],[-44,32],[-34,5],[-43,69],[-62,9],[-21,25],[-14,30],[8,128],[21,37],[-10,89],[-40,-10],[-47,22],[-62,-12],[-106,75],[-38,59],[-8,36],[21,42],[-31,42],[7,17],[282,106],[-93,51],[-23,88],[-40,10],[23,66],[-53,95],[48,18],[-19,82],[24,27],[-14,24],[27,48],[-58,12],[-15,55],[-34,42],[15,23],[71,1],[21,32],[107,35],[32,76],[-74,41],[-57,-7],[-41,34],[-2,70],[-41,24],[-19,65],[121,-2],[155,76],[79,17],[5,-89],[44,-13],[46,-76],[59,6],[10,10],[-6,19],[66,0],[-10,25],[-59,8],[-13,73],[57,-1],[-19,31],[7,14],[25,-23],[56,7],[-14,65],[-61,66],[2,24],[19,13],[-13,44],[23,47],[-50,65],[-75,34],[-16,44],[-56,10],[-24,51],[-26,14],[49,51],[29,-27],[5,44],[46,-53],[28,0],[-14,32],[41,26],[-73,22],[64,29],[-11,83],[-37,101],[10,7],[-9,32]],[[54332,46182],[22,9],[51,95],[30,15],[-67,-117],[-36,-2]],[[48107,42409],[19,-31],[61,15],[25,36],[49,-4],[54,-29],[75,34],[155,-33],[26,24],[28,-7],[-10,63],[49,9],[-32,37],[7,74],[-121,87],[-15,48],[8,14],[-85,66],[48,38],[65,100],[43,0],[68,36],[4,17],[172,123],[106,57],[42,-2],[127,186],[69,28],[11,42],[-11,12],[62,34],[-37,79],[-17,91],[153,59],[86,-7],[62,49],[98,12],[81,100],[22,118],[103,37],[-12,56],[-51,22],[-9,69],[33,-12],[15,-45],[38,8],[9,61],[94,58],[6,-12],[67,18],[44,23],[149,249],[77,79],[-137,76],[-8,8],[11,22],[-87,80],[-42,67],[37,80],[-65,18],[9,32],[26,8],[-16,107]],[[53763,45240],[147,-7],[81,29],[56,-22],[138,22],[40,-24],[2,-32],[39,-42],[-11,-37],[-16,-52],[101,-83],[-3,-36],[69,-3],[32,-34],[-17,-44],[51,22],[21,-11],[69,-62],[16,-33],[59,15],[47,-26],[7,24],[58,-8],[69,64],[120,-46],[18,-16],[-6,-18],[23,-68],[-9,-61],[30,-105],[9,-93],[-18,-33],[7,-31],[-40,-59],[10,-21],[-12,-24],[2,-85],[22,-45],[-20,-37],[20,-34]],[[56264,47462],[0,-34],[-25,-3],[-18,-47],[22,-101],[-4,-64],[39,-28],[2,-41],[22,-20],[-24,-71],[115,-63],[6,-68],[29,-25],[-5,-65],[16,-44],[-81,-111],[67,-52],[108,23],[86,-53],[6,-65],[48,-33],[0,-25],[-36,-55],[74,-10],[40,-6],[52,35],[51,-19],[60,24],[51,-41],[117,-16],[51,-48],[98,29],[68,-32],[37,16],[31,-19],[22,-18],[-9,-65],[-35,-45],[-19,14],[-18,-28],[-33,-7],[5,-58],[26,-9],[-6,-39],[-21,-22],[9,-16],[23,29],[30,-1],[77,-28],[50,-62],[-22,-12],[32,-20],[75,-13],[-54,-28],[-17,-27],[3,-25],[-34,-93],[13,-15],[67,-32],[118,34],[28,-61],[109,2],[41,-25],[18,-49],[75,19],[62,27],[60,-12],[19,23],[60,-24],[-22,-10],[8,-50],[51,-77],[92,24],[31,44],[37,1],[77,-30],[88,-62],[79,-89],[-13,-29],[13,-23],[85,-16]],[[58647,45327],[37,-2],[24,-40],[52,-15],[88,28],[35,-7],[12,-32],[-52,-114],[-193,-115],[4,-118],[-54,-34],[-9,-22],[29,-42],[53,-25]],[[58673,44789],[4,-40],[-57,-58],[17,-97],[42,-15],[0,-35],[-39,-9],[27,-46],[-23,-1],[7,-15],[-80,-45],[-74,45],[-8,36],[10,24],[-89,66],[8,6],[-14,30],[57,20],[-15,62],[21,6],[-9,31],[-63,7],[-10,65],[-70,66],[-90,-58],[-43,8],[-51,-48],[-179,21],[18,-30],[-81,-48],[21,-31],[86,-20],[39,-63],[37,-25],[2,-33],[54,12],[25,-63],[39,-22],[142,6],[37,-24],[-12,-64],[21,-21],[-2,-30],[-29,-17],[-42,31],[-58,-1],[-11,-33],[41,-24],[15,-42],[-73,-37],[-10,-35],[-80,-66],[-16,-32],[28,-12],[-11,-19],[39,-48],[-13,-30],[16,-11],[-5,-18],[35,-28],[-93,-51],[24,-33],[-1,-20],[-53,-12],[-2,-22],[42,-19],[9,-20],[117,-20],[93,-49],[90,-13],[26,12],[1,-39],[121,-65],[-3,-17],[53,-44],[-15,-37],[104,-60],[-56,-86],[-37,14],[-10,-18],[-66,27],[-24,-28],[11,-29],[63,-24],[8,-22],[6,-45],[-51,-17],[-10,-53],[-30,-1],[-12,-34],[-72,-7],[-36,-28],[-33,29],[-28,-27],[-13,27],[32,17],[-36,22],[-24,-50],[-141,-42],[-128,19],[-64,59],[9,27],[40,21],[-41,46],[-63,33],[-108,-29],[-41,-67],[-79,46],[-177,46],[-67,-22],[-74,38],[-53,5],[-99,-3],[-59,-21],[-40,-54],[5,-39],[-29,-73],[-25,-14],[-4,-30]],[[36898,35972],[22,-8],[2,-21],[168,-63],[-14,-53],[28,-18],[67,-14],[-61,-70]],[[37110,35725],[-55,-2],[-8,-79],[-88,-78],[-35,-12],[-7,-48],[-11,-4],[13,-16],[-43,-80],[-16,-4],[-16,-49],[-64,-41],[-65,32],[-106,-45],[-101,24],[-239,3],[-13,-61],[20,-110],[43,-91],[78,-106]],[[36397,34958],[-66,-33],[-75,37],[-21,39],[-82,-18],[-23,-15],[-9,-41],[-133,-90],[-16,-5],[-77,75],[-74,-46],[-46,3],[-24,44],[-27,-12],[5,18],[-50,45],[-7,34],[-21,8],[-13,42],[10,50],[-19,42],[162,157],[-26,45],[16,9],[-13,64],[-86,43],[-49,-39],[-19,54],[-31,-21],[5,-28],[-18,-43],[-52,5],[-28,73],[-50,44],[30,50],[-1,27],[-31,8],[-28,39],[-24,37],[36,21],[-20,27],[3,20],[-46,29],[19,5],[185,156],[35,58],[122,-3],[80,28],[21,78],[-11,18],[30,23],[97,41],[170,148],[63,-77],[206,-140],[99,-128],[-17,-64],[40,-8],[28,-34],[25,16],[-2,22],[69,-2],[6,20],[94,-50],[26,46],[-18,24],[103,44],[69,-5]],[[33039,38769],[-12,0],[-2,-52],[14,-75],[11,-105],[-31,-71],[-4,-42],[32,-54],[78,-61],[218,-54],[143,-57],[88,-100],[17,-41],[11,-34],[9,-38],[42,-138],[60,-162],[61,-146],[114,-162],[72,-88],[149,-153],[55,-65]],[[34164,37071],[-61,-55],[-37,-4],[-1,-49],[-16,-9],[-30,-14],[-27,12],[-55,-35],[-43,-5],[-23,5],[5,23],[-32,9],[-77,-80],[14,-41],[-45,-41],[-65,-23],[29,1],[16,-40],[-14,-65],[-10,-1],[8,-24],[48,-39],[-62,-16],[-17,-71],[-117,-17],[-59,10],[-84,-27],[-3,-31],[29,-27],[-46,-70],[29,-14],[46,87],[56,35],[118,-51],[19,-22],[5,-53],[-2,-30],[-65,-23],[21,-29],[-23,-19],[15,-22],[-17,-1],[4,-18],[-21,-19],[20,-16],[-52,10],[3,-11],[-95,-32],[-33,3],[-27,30],[-79,32],[-39,63],[-76,10],[-20,85],[-22,-8],[-8,15],[-43,-12],[24,-45],[-27,-14],[-159,-2],[-74,45],[-32,-17],[-81,14],[-28,-38],[-28,-7],[13,-12],[-115,-47],[-63,-79],[-14,8],[-26,-35],[-26,4],[-36,-35],[-77,-18],[-69,-56],[-38,-3],[7,46],[70,14],[-4,11],[24,9],[-12,15],[18,10],[-7,34],[-15,-2],[12,21],[-75,54],[14,40],[-189,-29],[-4,-84],[14,-15],[-19,-22],[-10,18],[-42,5],[-92,46],[-8,19],[-145,-22],[-34,-27],[-62,-11],[12,-5],[-44,-37],[-31,10],[-16,20],[-17,-9],[-11,-65],[-49,-26],[4,-11],[-99,-17],[-56,-39],[-30,23],[-24,82],[-68,-105],[-7,-15],[44,-41],[-23,-56],[-42,-33],[-52,-92],[-122,-75],[27,-44]],[[31084,35595],[-3,-74],[-72,2],[9,-53],[-25,-5],[-53,-11],[-7,-52],[44,-16],[-4,-27],[-108,-8],[-54,20],[-32,-42],[-43,-127],[9,-13],[-72,-57],[-73,-23],[-91,0],[-5,16],[-69,20],[-78,61],[-60,-2],[-2,66],[-27,11],[-26,3],[-122,-32],[-60,51],[-47,-8],[-50,47],[1,-16],[-92,-65],[-55,-22],[-99,43],[-19,29],[-31,-5],[-33,60],[-190,-31],[7,14],[9,58],[18,17],[39,-13],[16,15],[-12,25],[18,-11],[67,15],[-34,2],[-14,22],[10,6],[-57,50],[-37,-26],[19,38],[61,51],[-62,28],[91,90],[-43,-7],[-27,35]],[[40111,39624],[-97,-4],[-10,-8],[-105,-66],[-83,-27],[-21,-69],[-57,-33],[-10,-29],[-89,-18],[-87,10],[-89,21],[11,36],[20,49],[9,84],[-189,190],[-165,30],[-94,58],[-82,25],[-135,-36],[-44,-83],[-30,-152],[-27,-17],[-3,-24],[-28,-10],[-8,-33],[98,-27],[59,-47],[-32,-36],[-267,56],[-27,20],[-14,89],[31,17],[27,27],[-51,60],[-150,114],[-139,-48],[-46,-44],[-8,21],[38,33],[-32,-14],[-80,41],[-23,59],[-18,5],[69,136],[-2,20],[-30,15],[-92,-12],[-48,13],[-112,66],[-58,-14],[-1,-37],[-96,40],[-22,26],[-100,21],[-4,-35],[39,-9],[26,-37],[-52,-35],[-16,28],[-16,-26],[-17,-4],[-86,51],[-23,-12],[29,-44],[-11,-27],[-63,46],[-34,-59],[12,-22],[34,-19],[6,16],[60,8],[26,31],[25,-16],[-33,-31],[2,-27],[-61,-56],[-50,-13],[-30,13],[-139,-93],[-26,-38],[38,-126],[139,-7],[68,-43],[10,-81],[5,-55],[-47,-59],[-28,-3],[-128,29],[-41,-29],[-14,8],[-28,-40],[-11,-32],[27,-25],[-32,-23],[27,-35],[60,-17],[-5,-17],[30,-22],[1,-93],[-12,-6],[12,-34],[-27,-29],[19,-208],[-21,2]],[[37212,38763],[-96,72],[-6,38],[-86,136],[-55,29],[-57,9],[-71,-26],[-27,65],[-66,11],[-41,-34],[-30,2],[-35,55],[-56,-12],[-61,-54],[-57,-55],[-32,45],[-46,14],[-105,42],[-24,-16],[-23,-32],[0,-20],[-51,-24],[-79,13],[2,-79],[-18,-24],[49,-38],[5,-31],[-28,-52],[10,-23],[26,9],[17,-57],[-51,-28],[-14,-28],[-51,-21],[-14,9],[18,19],[-2,22],[-25,46],[12,59],[-41,3],[15,-38],[-28,-20],[-41,16],[-19,39],[-46,5],[-58,5],[11,-30],[36,-22],[-16,-23],[15,-74],[-7,-28],[-8,-23],[20,-10],[4,-32],[20,-26],[94,-41],[1,-18],[-94,-116],[-34,-58],[-51,-37],[3,-19],[17,-24],[-10,-30],[-47,-50],[24,-46],[-31,-29],[-144,92],[-64,-7],[-63,19],[-47,-8],[-20,14],[-37,32],[1,50],[-25,13],[-96,14],[-2,26],[-14,10],[-15,124],[-30,84],[6,22],[-20,8],[41,54],[-28,16],[-32,-17],[-32,20],[-52,-14],[-33,70],[63,-14],[-21,50],[5,28],[39,-14],[24,17],[7,27],[64,-25],[89,24],[3,31],[-66,81],[71,60],[20,73],[-19,17],[5,23],[-28,25],[6,33],[-14,31],[16,27],[5,66],[34,25],[-7,18],[-140,30],[-14,38],[4,31],[-27,55],[10,13],[-64,49],[-45,54],[-113,209]],[[35689,28180],[-90,5],[-35,20],[-142,-81],[-5,48],[-27,51],[-4,22],[80,46],[-15,23],[-22,-12],[-9,13],[17,14],[-98,187],[-78,57],[-45,-16],[-28,92],[-89,-41],[-113,-109],[-78,62],[-74,84],[-63,-1],[-4,37],[-42,25],[39,10],[-2,30],[53,109],[73,18],[73,52],[10,-12],[31,93],[-12,10],[20,13],[3,66],[-58,39],[13,40],[-46,-13],[-68,55],[-56,33],[-26,-4],[3,31],[-95,51],[-33,62],[41,20],[-25,47],[-39,25],[-19,17],[7,23],[8,21],[-26,68],[-29,59],[36,38],[-49,25],[11,34],[-23,11],[-8,26],[41,-15],[47,17],[6,11],[-38,4],[-15,25],[49,8],[7,44]],[[34629,29897],[48,28],[66,-5],[13,-45],[102,-39],[-27,-18],[13,-14],[-36,-40],[40,-48],[65,55],[131,88],[36,20],[9,31],[100,64],[36,45],[51,-11],[28,-33],[19,18],[49,-24],[25,-35],[26,24],[22,-16],[24,13],[234,219],[57,82],[74,39],[25,19],[13,44],[90,-5],[115,25],[48,29],[72,95],[40,48],[81,67],[190,92],[106,104],[171,-78],[2,25],[94,105],[-11,37],[-25,27],[6,94],[22,-2],[69,66],[-19,47],[1,44],[-14,9],[40,30],[103,79],[213,30],[-95,125],[-17,0],[-9,30],[-56,35],[7,57],[155,-14],[27,-26],[45,-6],[178,19]],[[37501,31546],[40,13],[146,-49],[49,-91],[47,9],[26,-74],[-5,-24],[30,-79],[56,-45],[88,-25],[104,-91],[129,-25],[31,-53],[5,-49],[-145,-3],[-1,-82],[22,-2],[-47,-31],[80,-36],[11,-19],[209,78],[81,32],[98,-19],[-2,-17],[35,-19],[49,10],[-13,-16],[26,-28],[64,14],[121,-72],[66,4],[4,-123],[37,-59],[47,-22],[19,-23],[-23,-60],[39,-21],[55,-210],[11,-31],[-8,-14],[95,-11],[37,-26],[24,25],[57,-21],[29,19],[51,-60],[-24,-17],[11,-10],[66,-105],[11,-16],[65,-98],[-59,-41],[16,-39],[-46,9],[-9,-27],[-24,6],[-15,-49],[64,-9],[28,-93]],[[39459,29631],[-110,-88],[-11,10],[-66,-28],[34,-32],[-21,-26],[8,-10],[-141,-77],[-28,-69],[6,-22],[66,-36],[-11,-106],[-19,-12],[5,-30],[24,-11],[-3,-71],[20,-28],[-49,-21],[35,-27],[-19,-55],[32,-13],[-14,-16],[-105,-31],[-49,-68],[36,-54],[-43,-4],[-47,33],[-28,-13],[1,-29]],[[38962,28697],[-33,3],[-24,39],[-9,16],[9,8],[-14,11],[23,36],[-16,-1],[-91,-46],[-147,-23],[-70,113],[-17,0],[-61,-39],[-77,-3],[-36,-22],[14,-71],[-22,25],[-66,-3],[-57,-48],[-172,66],[-77,4],[21,-49],[-65,-3],[-5,26],[-77,-51],[-5,25],[-46,-10],[-7,57],[26,-10],[-37,89],[-34,-15],[5,19],[-24,-6],[-73,-74],[80,-132],[-2,-31],[-16,-8],[-98,-79],[-23,7],[-16,-44],[-82,-62],[-76,-63],[-14,15],[-37,-31],[19,-6],[-34,-70],[46,-52],[-8,-25],[18,2],[24,-79],[28,-40],[-49,-59],[-82,-105],[-5,-24],[27,-54],[-7,-38],[-21,-35],[-58,-39],[-34,-99],[-81,-8],[37,-58]],[[37234,27543],[-83,-35],[-139,-111],[-66,-1],[-51,-44],[-79,41],[-16,69],[47,27],[11,25],[-18,8],[0,60],[91,42],[-11,4],[-3,66],[38,30],[31,-1],[-19,26],[-63,38],[5,34],[-19,12],[18,23],[-18,13],[16,8],[-11,30],[43,-3],[41,23],[0,26],[-19,0],[-60,62],[-49,96],[-49,-34],[-88,-135],[-71,-28],[-91,-3],[-38,25],[-87,-25],[-80,-52],[-34,17],[-13,33],[-64,-2],[-80,55],[-128,-25],[-60,59],[-64,14],[-6,28],[29,37],[-37,-6],[-15,9],[-2,38],[-35,-1],[11,51],[-39,29],[21,54],[-27,5],[-73,-61],[-42,-13]],[[31457,27392],[47,51],[73,42],[75,83],[11,56],[-68,140],[75,19],[-8,19],[16,15],[97,9],[-31,44],[-147,99]],[[31597,27969],[94,119],[141,125],[111,118],[-14,17],[114,88],[69,79],[13,36],[30,67],[123,61],[41,62],[17,35],[-27,86],[-12,7],[-6,61],[21,57],[201,150],[80,82],[135,98],[108,77],[141,132],[74,72],[103,50],[48,42],[259,177],[13,24],[-39,71],[-57,28],[-66,76],[-56,35],[-4,-20],[20,-19],[-26,-27],[-30,16],[-23,28],[41,43],[-79,49],[18,13],[-52,47]],[[33121,30231],[144,89],[16,27],[89,-15],[24,-30],[22,6],[54,5],[-6,12],[78,34],[78,39],[50,-92],[0,-30],[-34,-17],[-17,-59],[84,-29],[29,-13],[47,46],[59,-1],[39,16],[36,57],[43,22],[-15,14],[44,85],[64,14],[46,-21],[12,-35],[101,27],[6,-12],[68,37],[18,-18],[108,-10],[11,20],[3,-24],[38,-15],[67,2],[22,-37],[42,2],[21,-59],[-36,-25],[25,-27],[22,-41],[-42,-39],[12,-1],[-12,-62],[26,-43],[-26,-18],[20,-17],[3,-38],[-81,-3],[17,-27],[55,-5],[34,-25]],[[35689,28180],[25,-27],[-43,-55],[-12,-46],[27,-62],[-7,-62],[41,-38],[-38,-43],[-106,-28],[-9,20],[-166,-11],[14,-26],[-73,14],[-3,22],[-28,0],[-8,-22],[-26,-5],[-13,19],[-38,-15],[-33,-41],[-94,18],[-67,-37],[-11,-13],[13,-43],[-8,-23],[-69,-42],[-12,-39],[-86,-40],[-1,-49],[10,-10],[3,-64],[29,-31],[28,3],[-35,-33],[40,-63],[-6,-55],[24,-84],[61,-37],[34,1],[12,-20],[-40,-17],[-33,-73],[15,-22],[-6,-67],[15,-18],[-29,-49],[-52,-23],[-57,5],[-24,24],[-17,-5],[24,-30],[-39,-20],[-43,18],[-55,3],[12,30],[-20,-12],[-3,18],[-26,7],[-51,-12],[-39,13],[8,15],[-33,-1],[-57,44],[-8,-48],[-28,-17],[-52,47],[-52,-32],[-47,-4],[-43,-70],[-47,-25],[-16,-15],[44,-29],[0,-16],[-74,-3],[-8,-36],[-44,-5],[-18,-62],[-43,-13],[-3,-16],[23,-24],[-18,-41],[-19,-14],[-48,23],[7,-33],[-42,24],[-25,-31],[48,-68],[-37,-18],[-12,17],[-44,5],[-46,-4],[-8,-35],[-32,24],[-26,-24],[-183,-31],[-23,-25]],[[33584,26342],[-26,40],[9,104],[-46,14],[-15,19],[14,13],[-12,35],[-34,29],[-13,47],[55,109],[-63,-10],[-34,-71],[-41,-36],[-26,5],[-74,-13],[9,-26],[-9,-24],[-80,-10],[-61,-37],[-94,11],[-24,34],[30,66],[-35,31],[-113,8],[-82,-22],[-4,44],[-113,62],[-20,32],[14,1],[20,77],[-12,51],[-43,-22],[-61,16],[-52,49],[-39,11],[-41,-9],[-38,-54],[-87,-26],[-112,0],[-88,32],[-28,3],[-13,62],[-27,15],[4,-38],[-65,14],[-46,-47],[-6,31],[-28,12],[9,20],[-44,82],[-57,60],[-40,75],[-79,78],[-266,103]],[[31039,32693],[40,29],[-32,6],[-1,24],[-31,43],[57,-21],[3,15],[-19,-3],[-18,23],[51,0],[-15,25],[-32,2],[-15,33],[12,24],[10,-12],[16,16],[-12,18],[12,14],[-15,20],[25,21],[-33,11],[-3,16],[24,13],[6,32],[31,-4],[-1,28],[32,9],[-1,32],[50,-7],[-14,40],[-33,6],[-77,3],[-41,25],[-40,84],[-49,57],[-66,41],[-22,31],[7,8],[45,-3],[96,39],[-11,11],[-29,37],[36,26],[-15,20],[20,53],[-26,27],[-53,54],[-12,35],[10,33],[-60,128],[-4,36],[-29,83],[13,61],[52,48],[-40,61],[26,34],[64,6],[40,30],[50,81],[19,3],[75,-38],[62,36],[44,-76],[56,-44],[-17,-44],[22,-38],[40,42],[97,33],[97,4],[-5,59],[20,60],[39,34],[43,-3],[92,19],[-38,45],[56,70],[-2,5],[-7,13],[24,26],[11,45],[24,14],[-21,38],[72,165],[-2,30],[-13,3]],[[31806,34796],[23,14],[31,-44],[17,24],[23,-8],[-33,-42],[11,-52],[61,31],[25,-20],[-2,14],[55,3],[21,-16],[65,22],[83,-34],[5,-5],[56,37],[25,47],[22,-7],[-12,-29],[8,-6],[-43,-63],[28,-59],[42,24],[9,22],[43,-31],[101,42],[52,45],[-26,45],[22,-8],[47,36],[9,-8],[41,40],[49,-27],[41,28],[24,-42],[-11,-24],[15,-12],[77,59],[23,-115],[-33,-45],[54,-44],[54,27],[44,-27],[8,-30],[74,-14],[50,31],[54,-6],[47,37],[64,-38],[74,13],[0,-24],[-30,-22],[-3,-34],[12,-10],[30,23],[41,2],[47,-10],[36,-30],[65,-3],[40,-10],[-25,-17],[12,-11],[63,-48],[73,4],[26,-24],[-49,-14],[27,-14],[30,-17],[-7,-35],[52,-5],[-21,-18],[23,-19],[-9,-7],[10,-17],[47,7],[-31,-47],[33,-15],[20,-54],[44,-16],[34,12],[-10,-15],[8,-23],[31,-14],[2,-18],[-79,-82],[-105,40],[-38,-52],[12,-43],[41,13],[-6,26],[21,12],[16,-28],[99,-62],[27,4],[46,-8],[25,23],[0,-26],[30,26],[46,2],[27,-24],[66,24],[39,-40],[4,10],[8,40],[-38,22],[40,10],[-16,24],[34,61],[83,73],[31,-1],[-22,-32],[22,-13],[-8,-14],[84,-42],[14,17],[52,-18],[-58,-82],[-55,-137],[-82,-49],[-138,-29],[8,-31],[115,18],[7,-42],[39,-11],[48,33],[32,-42],[5,-12],[-44,-48],[48,19],[61,-147]],[[34485,33420],[-68,-42],[-62,-85],[8,-14],[-30,-18],[2,-41],[51,15],[12,-17],[-27,-30],[49,-18],[14,-62],[-59,-58],[-96,46],[-30,-29],[-31,-4],[-13,-27],[-46,-14],[-35,16],[0,21],[-110,-50],[-77,84],[-7,27],[-24,-7],[-89,-69],[-90,-107],[38,-14],[-8,-38],[31,-33],[48,21],[-2,-29],[-20,-6],[32,-29],[10,-48],[39,-25],[14,-34],[32,4],[23,-27],[4,-34],[63,21],[28,-17],[45,10],[-3,-17],[20,-20],[79,-62],[2,-20],[-27,-20],[-16,-16],[14,-47],[-29,-40],[16,-38],[-2,-41],[-26,-46],[-122,-9],[-25,48],[-45,18],[-30,-27],[29,-27],[80,-55],[30,-78],[9,-17],[125,-282],[24,-26],[4,-29],[35,-38],[10,-36],[-7,-36],[-50,-31],[-117,24],[-5,-84],[-146,-81],[-106,-45],[-66,-7],[-92,24],[-10,-49],[26,-24],[-10,-27],[33,-53],[-26,-78],[-35,-49],[-131,20],[-14,29],[-54,20],[-7,-57],[41,-42],[-52,25],[-43,-15],[2,-23],[-14,-11],[-18,23],[-12,-7],[40,-61],[-85,-27],[-63,36],[-28,-16],[-16,23],[-129,48],[-110,-11]],[[32952,31172],[-112,123],[8,47],[51,62],[-75,0],[-37,27],[-84,7],[-92,46],[-137,-32],[-1,59],[-11,44],[-79,5],[-1,54],[-50,42],[5,58],[-23,52],[-23,52],[4,23],[-37,56],[-50,11],[-106,71],[-12,35],[30,28],[-16,20],[-4,46],[-6,35],[-29,-6],[-16,10],[-8,43],[50,22],[-30,27],[17,35],[-111,15],[-5,37],[-15,-1],[-123,-18],[-65,52],[-30,-14],[-34,23],[-63,-27],[-31,6],[-20,-29],[-34,17],[-54,-22],[-81,19],[-11,11],[6,36],[-12,24],[9,4],[-61,59],[-53,14],[15,18],[-31,23],[-13,-11],[17,-29],[-32,10],[-2,58],[-104,-8],[-69,-25],[8,37],[-29,-12],[-18,27],[23,16],[-23,11],[10,39],[-18,19],[17,5],[-10,15],[8,20]],[[31806,34796],[-24,11],[-18,25],[-72,13],[7,10],[-128,44],[10,6],[-216,51],[-20,-38],[46,-42],[-11,-7],[-105,44],[-65,4],[-12,56],[-87,24],[-40,34],[14,19],[-71,16],[-20,37],[42,21],[28,-10],[51,35],[14,30],[-3,70],[17,1],[120,9],[67,46],[14,31],[28,44],[73,16],[-11,17],[111,23],[-188,61],[-29,6],[-23,17],[-9,83],[-161,-15],[-2,22],[-24,1],[-25,-16]],[[34164,37071],[55,-93],[28,-28],[15,7],[106,-112],[115,-91],[117,-61],[117,-8],[142,15],[79,-11],[75,-61],[61,-109],[70,-98],[61,-20],[27,-24],[3,-22],[85,-28],[189,13],[99,23],[59,55],[101,21],[161,-37],[41,74],[-23,5],[-6,32],[39,71],[-18,30],[99,98],[41,20],[7,-22],[40,45],[-15,55],[29,21],[-19,69],[44,23],[65,-29],[40,3],[43,35]],[[36336,36932],[39,-14],[119,-38],[-26,-31],[-7,-39],[33,-19],[-2,-24],[18,5],[0,-24],[25,-10],[40,-62],[-3,16],[84,130],[62,16],[32,39],[14,-12],[-10,-22],[13,-16],[-51,-41],[1,-19],[-96,-44],[37,-19],[40,-63],[-13,-7],[7,-19],[39,-28],[62,-13],[4,-32],[65,-60],[37,-2],[12,-16],[80,20],[5,-14],[-60,-18],[39,-20],[-23,-7],[7,-9],[-25,-19],[0,-29],[22,-5],[-12,-23],[48,-59],[51,-30],[-58,-59],[-32,11],[-45,-26],[-59,-4],[-71,12],[-24,-19],[4,-60],[-31,-14],[18,-55],[24,-9],[-4,-30],[53,-8],[41,23],[3,-19],[32,4],[4,-26]],[[36397,34958],[180,-158],[22,-19],[105,-85],[60,-62],[29,-61],[3,-60],[-24,-48],[-35,-34],[-59,-23]],[[36678,34408],[0,28],[-89,35],[-201,42],[1,12],[84,-4],[13,14],[-37,71],[-11,-14],[11,-12],[-30,-11],[-100,-16],[-94,11],[-60,-29],[-28,-34],[-59,9],[11,39],[-130,-16],[-153,98],[-50,-35],[-60,-31],[-29,-47],[-40,-24],[-2,-40],[-9,-13],[-33,-69],[1,-84],[-19,-53],[-132,-60],[-43,-56],[-10,-64],[-36,-15],[-47,10],[18,-37],[-30,-67],[-57,-58],[-53,-4],[-32,-24],[-22,22],[4,50],[-84,-70],[-10,9],[50,74],[-35,31],[20,67],[-96,-71],[-58,24],[-3,33],[-32,-3],[10,-13],[-9,-46],[22,-13],[-69,-47],[6,-11],[-25,-14],[26,-21],[19,-51],[-30,-18],[-64,0],[28,-58],[27,-16],[2,-23],[73,-65],[0,-32],[-25,-10],[-83,-46],[-5,-41],[-62,-59],[2,-16],[-91,-14],[-51,49],[-93,-41]],[[37212,38763],[-106,-76],[-73,-33],[-34,9],[-14,-24],[-47,-115],[-21,-22],[-9,-67],[128,-12],[65,-159],[-15,-39],[4,-32],[-23,-49],[7,-23],[45,56],[19,-3],[9,38],[44,-8],[-4,-37],[-25,-30],[41,-25],[38,-57],[-95,-98],[-10,-31],[82,-12],[13,-80],[-29,-5],[0,-52],[-16,-33],[-19,-79],[-28,-26],[-46,16],[-76,-21],[-83,-75],[45,-64],[-22,-58],[-23,-34],[16,-12],[26,-4],[44,-48],[2,-40],[-79,-71],[-29,21],[-15,42],[-33,-31],[-50,19],[-10,-56],[-22,-19],[8,-24],[-22,-8],[-62,26],[-20,-8],[10,-20],[-22,-1],[-28,26],[-29,-32],[-129,14],[-42,-22],[-13,-29],[-60,8],[10,-26],[-32,-7],[-46,-46],[13,-22],[-13,-43],[6,-27],[23,-31]],[[36918,38138],[5,-61],[23,-31],[91,30],[1,27],[-120,35]],[[37117,38454],[43,39],[39,-28],[13,31],[26,-14],[8,11],[57,-26],[-11,-48],[-9,-27],[-34,-25],[7,-25],[-64,-75],[-25,1],[-9,26],[51,16],[3,43],[-9,28],[-86,73]],[[33121,30231],[-13,25],[-62,99],[-16,51],[19,37],[34,7],[13,29],[12,23],[-9,36],[34,3],[0,24],[72,10],[57,86],[56,78],[18,68],[19,3],[37,72],[-204,56],[-36,31],[-39,-3],[-26,65],[-36,29],[-10,66],[-52,0],[-37,46]],[[36678,34408],[-88,-2],[-235,47],[-106,-15],[-60,-43],[-24,-56],[37,-57],[62,-16],[85,-3],[82,-42],[50,-54],[59,-121],[115,-77],[67,-85],[26,-112],[-20,-126],[52,-43],[101,-37],[57,-20],[191,-26],[67,-29],[89,-128],[132,-95],[10,-103],[81,-34],[19,-26],[9,-46],[-56,-73],[-81,-71],[2,-51],[180,-149],[179,-199]],[[37760,32516],[-52,-30],[-51,11],[-51,-16],[-72,-59],[-56,-21],[10,-13],[-55,-6],[-81,-40],[-17,-28],[-16,3],[-64,-24],[-15,-31],[-77,-45],[-27,-50],[-151,-130],[-59,-87],[-22,-5],[21,-24],[134,-29],[19,33],[56,7],[28,-24],[-18,-4],[-17,-53],[22,-15],[14,-28],[14,-50],[39,-19],[-13,-30],[82,-45],[45,13],[23,-48],[78,-44],[28,51],[23,-19],[-38,-37],[57,-34]],[[37110,35725],[56,-53],[2,-38],[17,-7],[5,30],[38,29],[-28,15],[169,75],[42,45],[29,-7],[-10,-26],[21,-12],[28,5],[2,22],[56,41],[5,26],[-20,16],[-4,36],[3,37],[-13,17],[56,15],[-14,36],[32,28],[-18,26],[23,62],[97,51],[13,-15],[-1,-63],[-58,-119],[64,24],[87,103],[68,26],[72,-16],[40,-89],[21,8],[1,-13],[-21,-37],[-127,-133],[-42,-17],[-15,-51],[36,-7],[23,-49],[-12,-4],[0,-27],[22,-14],[-7,-25],[17,-6],[3,24],[71,51],[56,-14],[26,23],[83,-14],[76,17],[-41,-42],[121,2],[25,-28],[-20,-31],[10,-10],[93,-30],[61,0],[85,38],[17,-7],[-6,-42],[51,-29],[40,0],[8,13],[41,33],[-23,32],[-5,45],[39,7],[28,4],[17,24],[0,27],[-14,35],[7,25],[30,44],[7,53],[-69,18],[-63,-17],[-16,37],[-54,3],[-40,32],[9,8],[-23,12],[1,28],[31,16],[9,34],[89,-54],[-1,-23],[70,8],[41,-17],[61,-8],[2,40],[-26,48],[-14,76],[-20,14],[42,38],[34,-19],[55,17],[20,-12],[-29,-58],[14,4],[29,54],[49,34],[6,30],[41,6],[11,27],[33,15],[166,46],[27,-3],[18,-44],[13,-59],[22,-9],[16,-31],[-6,-39],[16,-22],[61,-3],[10,24],[39,17],[52,12],[15,67],[36,-9]],[[37838,32330],[-4,105],[-74,81]],[[27394,28423],[44,72],[-32,57],[136,129],[49,71],[202,-26],[31,12],[-18,20],[50,35],[74,18],[29,26],[-51,10],[-2,34],[-29,26],[-133,23],[13,33],[-52,16],[9,40],[65,-26],[37,17],[-62,51],[24,16],[180,-23],[88,22],[30,-2],[-17,47],[26,84],[21,8],[10,33],[-16,35],[100,29],[77,46],[29,38],[23,78],[-19,37],[60,61],[-25,14],[71,177],[-6,66],[16,39],[52,11],[89,21],[7,18],[12,-32],[32,-10],[-3,-33],[66,-43],[13,-33],[-9,-53],[66,-57],[-41,-91],[58,-71],[88,-3],[142,-80],[51,4],[1,-10],[-162,-31],[-206,-70],[-22,-23],[-4,-47],[18,-63],[54,5],[36,27],[70,-35],[46,-17],[49,-87],[58,-8],[-8,-81],[-153,-19],[9,-12],[-35,-17],[-40,50],[-69,-42],[-68,-10],[-89,-77],[-5,-53],[72,-38],[10,64],[28,1],[38,-61],[-4,-38],[17,-12],[16,1],[62,86],[14,-18],[-6,-15],[-58,-77],[26,-41],[40,3],[116,-90],[7,-22],[90,34],[19,-29],[-39,-57],[-4,-38],[-22,-7],[-100,81],[-85,-38],[14,-11],[-1,-53],[14,-3],[-55,-76],[22,-14],[6,-37],[-59,25],[-39,-23],[-45,-83],[-57,4],[11,33],[-14,6],[-12,-56],[-32,18],[-43,-32],[-92,12],[-28,25],[4,24],[-22,2],[-18,-19],[-33,0],[-44,-99],[-32,17],[-34,-58],[-105,46],[-80,-39],[-85,-7],[28,29],[-41,-2],[33,40],[-43,40],[32,71],[76,71],[-47,25],[-66,-49],[-295,-128],[-71,-67],[-36,-6],[-24,5],[20,53],[2,78],[-44,62],[1,59],[-24,24],[15,14],[-29,19]],[[28752,30468],[14,106],[8,46],[-11,32],[-50,45],[-65,-5],[-9,73],[58,-31],[22,144],[-28,83],[-61,13],[-10,36],[-30,-20],[-54,63],[-44,102],[51,19],[229,213],[65,-25],[33,-5],[23,19],[-32,57],[1,24],[-23,14],[6,32],[-51,19],[-6,39],[19,20],[-12,24],[9,20],[-27,6],[-21,35],[13,15],[-41,37],[11,34],[-56,43],[-28,24],[2,32],[-12,12],[48,59],[-1,25],[-46,62],[2,20],[60,26],[90,-2],[8,32],[-125,141],[-42,22],[-4,51],[-25,48],[17,43],[-15,46],[20,42],[-4,22],[27,38]],[[28655,32538],[7,49],[146,32],[102,-10],[22,71],[24,-4],[23,41],[19,-2],[17,46],[81,66],[-32,48],[15,19],[44,29],[63,0],[17,-33],[48,6],[47,-21],[-35,-33],[38,-31],[311,137],[1,-6],[22,7],[-5,44],[65,2],[31,33],[77,-9],[86,31],[64,-2],[40,33],[33,-24],[20,-59],[26,-18],[22,-28],[82,-27],[16,-35],[-24,-38],[2,-37],[129,-63],[7,-23],[40,22],[41,-59],[-41,-6],[34,-71],[-7,-27],[14,-21],[20,-16],[2,-82],[19,-19],[-11,-19],[28,-19],[6,-2],[111,45],[-6,10],[102,83],[29,-1],[-6,23],[45,16],[57,-54],[16,-45],[20,-1],[15,41],[106,63],[-14,41],[34,10],[-21,54],[42,13],[58,-15]],[[31597,27969],[-76,-57],[-33,-48],[-67,13],[-84,-51],[-82,-46],[-101,47],[-121,7],[12,33],[44,29],[-17,29],[-25,-4],[-7,36],[-25,22],[-41,8],[-57,37],[-2,53],[16,31],[-4,49],[72,93],[-14,49],[-45,41],[-3,22],[-32,-9],[-84,19],[-42,68],[-21,64],[-136,57],[-21,36],[-51,-3],[-11,50],[-34,3],[-43,13],[-31,14],[-5,93],[-53,18],[14,12],[-24,33],[10,7],[-25,29],[-20,76],[-22,-39],[-25,10],[-7,52],[-104,26],[-18,22],[29,43],[19,15],[19,-19],[31,41],[68,16],[33,39],[29,6],[-22,50],[33,50],[-4,21],[-46,22],[1,18],[84,-28],[45,48],[94,-51],[36,0],[79,38],[44,-19],[59,46],[-1,17],[-27,19],[37,44],[-17,29],[-25,14],[-12,47],[-53,29],[-21,-21],[-78,10],[-30,-16],[-30,23],[-55,-2],[0,24],[-36,32],[-62,18],[-65,131],[-31,4],[-33,43],[-2,92],[-35,-6],[1,15],[52,31],[-93,49],[7,74],[-51,44],[1,39],[16,16],[-21,24],[-48,-66],[28,-59],[-13,-45],[-138,-32],[-51,55],[-61,-36],[-100,-15],[-1,-24],[-30,-19],[-76,36],[-83,-93],[-55,-28],[-29,26],[-32,27],[57,52],[-41,19],[21,20],[-25,22],[-40,81],[5,19],[-31,33],[-151,25],[-56,-10],[-5,11],[40,55],[-13,81],[-69,10],[-86,-46],[-55,-70],[-54,-34],[-71,20],[-21,15],[11,23],[-44,19],[62,39],[-20,66],[-92,119]],[[26303,35296],[-4,-26],[-28,-24],[-7,-58],[76,-32],[60,-57],[49,-1],[16,-31],[-31,-47],[4,-29],[37,-24],[-2,20],[27,10],[85,99],[6,33],[-32,23],[131,34],[7,-23],[-11,-5],[26,-77],[28,-35],[-16,-10],[24,-80],[39,-39],[-54,-41],[15,-24],[14,-16],[41,15],[36,17],[77,-13],[91,22],[30,-12],[39,-88],[47,-14],[1,-10],[-25,-20],[9,-102],[31,-65],[78,-90],[-5,-18],[183,34],[30,-17],[7,-37],[55,-9],[30,-42],[-25,-25],[10,-21],[-36,-56],[28,-40],[-17,-26],[54,-34],[7,11],[83,-42],[22,41],[81,-30],[-39,-41],[3,-39],[59,-5],[-24,-56],[-30,-26],[60,-30],[19,-39],[-9,-26],[-48,-8],[-27,-40],[16,-32],[-105,-28],[1,-25],[-56,-56],[-47,10],[-24,25],[-97,-37],[70,-65],[33,7],[-7,-54],[28,-4],[-1,-21],[-24,4],[4,-14],[-57,-41],[-16,-44],[72,-97],[-87,-19],[-1,-13],[1,-33],[-36,-72],[28,21],[79,-58],[188,-76],[43,-27],[-35,-10],[17,-33],[-5,-18],[-40,-7],[-14,29],[-33,-7],[1,-23],[-20,-9],[37,-16],[6,-28],[31,22],[12,-41],[71,-39],[-40,-22],[-22,13],[-3,-39],[-6,-53],[17,-1],[139,-3],[28,22],[30,-20],[3,-31],[67,-8],[22,28],[-10,19],[54,2],[70,55],[50,35],[41,-52],[62,-22],[1,-46],[17,-35],[71,-51],[5,-42],[19,-19],[161,-39],[38,59],[47,-2],[1,-87],[31,-34],[41,-15]],[[28752,30468],[-26,43],[-22,-5],[-109,101],[-28,-93],[-19,-11],[-16,29],[-60,-30],[7,-62],[-43,-4],[-2,-25],[-17,0],[-14,-41],[6,-12],[44,19],[9,-13],[-105,-56],[-117,-27],[-73,-70],[-20,12],[-37,-65],[-3,-34],[-77,24],[-83,68],[-35,-9],[-46,-51],[-57,14],[-8,76],[45,48],[3,22],[-10,50],[-43,-1],[10,-22],[-36,-2],[-5,-44],[-21,-6],[-73,-42],[-16,-36],[24,-18],[-23,-33],[12,-66],[-46,-68],[-74,16],[-2,-20],[-81,-5],[-49,-33],[-32,14],[-77,-25],[-24,-30],[-62,-29],[-2,-24],[-61,-28],[61,-60],[10,-30],[-22,-15],[19,-58],[-19,-9],[-25,3],[-4,31],[-85,6],[-71,-43],[-46,11],[-46,-40],[-62,-47],[-61,-57],[42,-18],[-51,-36],[-58,12],[-12,-19]],[[26728,29495],[-45,12],[-138,-127],[-87,3],[-23,30],[-75,-42],[-24,3],[-36,61],[-198,43],[-90,96],[-232,261],[-195,-22],[-41,-115],[-85,-30],[-56,47],[22,120],[-11,30],[-59,74],[-1,72],[-29,46],[-123,-40],[-36,43],[-13,55],[-37,2],[-39,42],[-78,-19],[-92,44],[-26,31],[-23,45],[-50,35],[-47,59],[-43,7],[-51,44],[-18,79],[-41,41],[2,13],[38,-3],[17,34],[-37,78],[-97,23],[9,31],[60,44],[-19,29],[11,16],[-15,9],[32,29],[-63,78],[-28,12],[62,64],[-105,3],[-27,50],[-32,6],[-31,-22],[-30,-55],[-5,42],[-32,55],[6,49],[-10,71],[-15,19],[-47,-12],[-30,-35],[16,-68],[37,-28],[-26,-24],[-55,-12],[-24,92],[-52,26],[-42,81],[-1,37],[31,81],[9,40],[25,7],[-130,28],[-32,26],[-24,55],[-75,8],[-35,44],[16,16],[48,-19],[37,121],[-104,32],[-66,82],[23,4],[43,-39],[60,56],[8,29],[-135,80],[40,108],[-7,30],[-71,105],[-31,21],[20,80],[-29,3],[-10,-41],[-48,16],[-12,31],[13,42],[7,19],[51,-11],[7,46],[67,54],[-37,39],[-34,-50],[-41,20],[50,81],[-20,61],[7,65],[21,17],[65,-16],[21,11],[-4,18],[-37,9],[-23,48],[10,27],[75,15],[-39,48],[35,67],[-48,11],[-8,34],[10,51],[61,35],[14,77],[4,43],[82,14],[53,66],[-15,94],[-37,21],[-69,-45],[1,18],[-54,26],[-20,36],[98,11],[35,55],[-67,89],[7,15],[61,10],[-29,35],[23,49],[49,-17],[29,-51],[37,-1],[7,33],[2,34],[59,26],[21,-13],[62,14],[18,-21],[28,1],[80,43],[-59,25],[38,41],[-55,52],[22,41],[-11,39],[13,24],[-12,22],[31,26],[-50,28],[-44,102],[-95,34],[0,35],[15,26],[69,17],[6,30],[-32,38],[18,39],[79,26],[92,-6],[41,32],[53,108],[-11,22],[30,27],[26,-7],[33,47],[25,-7],[-12,-17],[10,-6],[37,33],[7,17],[31,0],[75,44],[81,-7],[113,68],[24,-31],[43,-3],[50,33],[39,-18],[11,7],[118,140],[-59,63],[26,52],[-11,17],[15,3],[-24,41],[48,18],[11,15],[-14,9],[39,23],[-9,19],[30,9],[1,23],[-20,14],[2,43],[40,15],[50,-7],[22,23],[-21,28],[9,21],[-20,19],[8,29],[55,20],[41,-8],[3,-24],[79,63],[52,-16],[9,-27],[-13,0],[1,-17],[23,-6],[-6,-28],[68,24],[-4,-13],[12,-1],[-29,-17],[68,-10],[25,-48],[39,-16],[64,-46],[-47,68],[12,-4],[-3,30],[23,14],[76,-23],[39,12],[7,43],[48,21],[-5,24],[14,7],[59,-11],[133,26]],[[25916,26371],[19,58],[-13,33],[-186,131],[-13,30],[32,40],[55,26],[79,-25],[35,8],[7,43],[-61,68],[-2,50],[87,95],[66,12],[76,38],[84,118],[73,49],[27,49],[40,137],[113,239],[-15,52],[-60,13],[-49,16],[33,81],[169,137],[90,124],[163,58],[144,153],[54,35],[39,-1],[-5,44],[-88,77],[-8,26],[63,16],[77,-65],[33,11],[14,25],[-85,51],[-42,46],[4,151],[-18,34],[-1,41],[32,36],[98,45],[25,38],[-9,73],[-67,63],[61,105],[-84,48],[-9,31],[128,80],[81,92],[-10,51],[-33,29],[-50,12],[-27,-88],[-43,-41],[-48,86],[-85,36],[-69,-1],[-66,78],[-43,27]],[[31457,27392],[-133,-128],[-35,13],[-62,16],[-129,-117],[0,26],[25,32],[-10,38],[35,40],[-2,34],[-23,-29],[-96,-3],[6,37],[-28,-5],[-3,-18],[-68,-40],[-56,-15],[-12,19],[-32,-49],[-32,-16],[-17,11],[-6,104],[-66,-2],[-70,-45],[3,-29],[34,-40],[-26,-24],[9,-41],[23,-20],[-24,-20],[-62,27],[4,-35],[24,-10],[-12,-23],[-29,-3],[-12,33],[-29,19],[-89,-7],[-40,-22],[-113,29],[-23,-18],[9,-20]],[[30290,27091],[-42,-2],[-9,-26],[45,-39],[-8,-15],[-62,25],[-23,-26],[-3,-58],[-61,39],[1,27],[-16,17],[-56,-6],[-59,-31],[-96,-180],[-33,38],[-26,-3],[22,-44],[-53,-68],[-96,63],[-17,-24],[-75,66],[-101,-46],[-201,-206],[-73,-16],[-43,-13],[-66,-73],[-76,-41],[-55,-4],[-55,12],[-10,19],[-133,-55],[-84,-25],[-74,-140],[-54,-19],[-27,-50],[-17,11],[-37,139],[-172,-63],[-50,14],[-46,81],[-21,-17],[5,-71],[-43,-48],[-39,-17],[-2,29],[-72,19],[-42,-41],[-93,-32],[23,-58],[-108,-36],[28,-73],[-48,-44],[-80,17],[-59,-15],[-74,55],[-13,91],[-55,70],[-57,21],[-10,30],[-79,-53],[-139,40],[-114,-116],[-48,-4],[-18,-18],[-22,20],[0,68],[-63,2],[-70,-57],[-45,3],[-72,36],[-76,92],[-76,31],[-7,-16],[-29,12],[-99,-66],[-15,15],[-9,50],[-45,-12],[-14,26],[-30,-4],[-5,17],[-68,31],[-50,-15],[-87,-51],[5,28],[-34,16],[-58,18],[-88,-13],[-118,42]],[[43386,26638],[-57,-105],[-16,-79],[13,-79],[64,-112]],[[43390,26263],[-118,31],[-88,0],[8,36],[-59,29],[-38,-65],[-29,0],[-4,-42],[-16,-1],[-1,-19],[-31,-1],[-32,-199],[58,-23],[-110,-132],[-14,-41],[12,-63],[-89,-32],[2,-21],[-57,-11],[2,-15],[-59,-26],[-309,-58]],[[42418,25610],[-6,192],[0,48],[42,5],[-5,128],[-29,12],[-12,26],[9,25],[47,20],[2,33],[-39,17],[13,49],[45,-4],[49,42],[-6,33],[-73,71],[-8,48],[212,9],[8,85],[34,3],[68,6],[1,23],[50,6],[-16,79],[37,16],[-11,20],[100,-17],[64,-48],[78,-1],[-38,48],[34,10],[59,55],[100,7],[1,27],[-35,25],[17,25],[43,-5],[67,-78],[66,-12]],[[38477,24187],[-70,-38]],[[38407,24149],[-86,-4],[-80,30],[-40,30],[-11,57],[-63,6],[-106,125],[-168,96],[-52,79],[-136,-11],[-16,19],[-97,-46],[-166,34],[-90,-5],[-52,-39],[-49,-68],[-38,-4],[-25,29],[-12,73],[-98,54],[12,38],[-30,47],[2,42],[-43,39],[-29,69],[-56,90],[-71,-18],[-31,24],[14,10],[-16,24],[-169,-54],[-23,93],[74,-4],[-39,29],[30,17],[4,113],[168,1],[138,31],[261,-84],[-10,127],[-59,8],[-124,82],[18,27],[-41,47],[57,79],[-28,100],[0,52],[19,8],[182,83],[63,-38],[-15,-15],[25,-12],[65,4],[11,-30],[41,-20],[76,-87],[30,-59],[152,36],[-15,69],[11,6],[0,34],[23,14],[-3,22],[48,27],[45,-3],[-1,-20],[41,-13],[46,33],[74,-29],[-13,-25],[21,-11],[42,-9],[58,22],[22,-50],[38,-47],[-58,-47],[-7,-47],[111,-83],[132,0],[141,30],[122,-155],[-20,-80],[45,-17],[24,-8],[-17,-52],[43,-81],[32,-112],[-14,-150],[-191,-78],[-22,-32],[-117,-33],[-130,-4],[25,-66],[13,-2],[-22,-46],[10,-40],[19,-12],[100,35],[15,-6],[-5,-30],[32,-12],[-3,-13],[-62,16],[-26,-11],[-18,-13],[-7,-35],[32,-32],[169,-71],[14,-49]],[[39586,22060],[6,28],[24,-15],[12,26],[41,-26],[40,8],[21,-25],[-38,-49],[13,-46],[-38,10],[-36,43],[-10,27],[-35,19]],[[39927,22230],[7,35],[66,1],[46,-24],[6,23],[90,16],[-11,41],[60,17],[139,13],[-21,60],[-20,-1],[-29,114],[14,1],[-10,38],[29,7],[-2,18],[35,-6],[2,15],[65,19],[-6,12],[24,-2],[-2,30],[108,-15],[6,15],[38,-7],[119,53],[2,-22],[26,3],[0,-16],[111,15],[46,-18],[12,-34],[56,-3],[40,-4],[0,21],[100,-4],[37,-25],[32,-137],[-39,-6],[11,-84],[188,28],[16,-12],[-50,-48],[-45,-14],[2,-17],[-13,-5],[13,-23],[-16,-5],[5,-65],[78,3],[14,-111],[-18,-6],[7,-42],[-19,-20],[17,-16],[-27,-25],[10,-61],[12,0],[6,-47],[-24,-1],[-23,24],[-136,36],[-18,72],[-74,-8],[-19,-32],[-92,-18],[-7,12],[-15,-1],[1,-19],[-61,4],[-89,24],[-1,24],[-17,3],[-1,-16],[-36,3],[8,-12],[-29,-14],[6,-10],[-44,-24],[7,-24],[-10,-37],[-12,0],[0,-29],[-61,-20],[8,-29],[-237,-11],[5,50],[-52,16],[0,23],[-22,0],[-14,24],[16,56],[22,4],[48,13],[-7,80],[13,-1],[17,42],[22,0],[9,46],[-116,-1],[11,44],[-22,20],[-300,3],[-21,11]],[[38639,23622],[31,-24],[86,23],[101,-18],[173,54],[58,-12],[61,-62],[81,-12]],[[39230,23571],[-10,-37],[27,-56],[-12,-76],[12,-18],[51,6],[61,49],[52,6],[52,-34],[7,-119],[-12,-13],[-5,-38],[9,-15],[-5,-55],[-11,-27],[9,-35],[78,-56],[-70,-58],[-49,-3],[3,14],[-109,20],[-45,39],[3,49],[-33,14],[-33,-8],[-45,37],[-21,35],[16,33],[16,12],[13,-20],[48,49],[86,-27],[6,71],[-52,20],[-60,-9],[4,34],[-33,-3],[-17,-22],[-39,16],[-7,-48],[-31,4],[-20,-18],[11,-12],[-96,-44],[-25,35],[-69,-11],[-134,-67],[-55,25],[-4,50],[-15,12]],[[38677,23272],[-29,20],[-11,95],[24,74],[-3,30],[14,17],[-63,71],[30,43]],[[43390,26263],[170,-567],[121,-150],[57,-108],[-25,-62],[-142,-68],[-23,-51],[6,-43],[34,-47],[52,-30],[172,-10]],[[43812,25127],[-1,-26],[40,-2],[-157,-60],[-113,34],[-163,-81],[-13,-3],[5,20],[-41,-4],[-79,-73],[-43,45],[-35,-13],[-2,-23],[-65,10],[-10,37],[-51,-8],[-21,39],[20,8],[-54,29],[22,30],[-51,38],[-94,143],[2,42],[-25,41],[-40,5],[-12,90],[-31,-5],[-12,-28],[-288,-105],[-20,27],[-43,-15],[-51,147],[-41,-8],[-24,54],[8,52],[90,21],[-1,25]],[[42705,30873],[-83,-27],[-61,85],[-130,-49],[-58,8],[17,63],[-25,5],[-8,-22],[-25,-1],[-17,33],[-14,-74],[-137,-16],[-17,-65],[14,-46],[-67,-49],[-35,-23],[14,-70],[-69,-31],[3,-15],[-21,-11],[19,-52],[-47,-13],[0,-31],[-23,-9],[10,-33],[-39,-26],[30,-36],[-38,-15],[-88,35],[-45,-1],[-7,25],[-44,-5],[20,107],[-40,-1],[1,14],[41,5],[1,86],[36,3],[-13,31],[-35,-3],[55,88],[11,1],[43,101],[-17,28],[50,-2],[-16,97],[-54,-8],[-6,20],[-77,-15],[-45,43],[16,19],[-57,44],[-41,-12],[-6,15],[-52,-13],[-24,34],[-102,-76],[-38,128],[-48,41],[-219,-30],[-56,-9],[-40,107],[3,32],[17,12],[-24,30],[16,4],[-15,37],[88,56],[-23,73],[57,23],[-19,35],[8,9],[-9,38],[22,5],[129,2],[89,31],[64,53],[46,66],[-25,52],[54,7],[14,65],[25,-7],[3,14],[-111,38],[-22,16],[7,28]],[[39767,23974],[90,16],[38,46],[0,33],[42,32],[52,10],[23,8],[68,-45],[121,6],[14,23],[60,17],[46,36],[102,38],[38,-2],[86,-28],[109,54],[27,54],[-98,54],[15,51],[25,26],[3,42],[-8,27],[-16,2],[26,59],[55,-24],[2,-27],[65,-5],[72,-70],[120,87],[-45,86],[-9,42],[18,12],[130,-104],[130,19],[51,-12],[-13,-23],[120,-5],[-22,-40],[34,-8],[-3,-35],[136,31],[5,-35],[31,13],[8,-24],[29,5],[12,-43],[126,17],[20,-113],[-20,-7],[1,-36],[-32,-17],[-29,-152],[11,-48],[83,-7],[-6,-162],[230,-110],[194,-41],[27,-38],[116,-20],[55,17],[128,-56]],[[42460,23600],[25,-6],[1,-33]],[[42486,23561],[-112,0],[11,-36],[-162,-22],[-290,-81],[-31,62],[-108,-30],[-108,-16],[5,-13],[-13,-2],[-100,15],[-125,-10],[12,37],[17,0],[-8,91],[25,4],[-9,27],[-125,-8],[-13,38],[-97,-14],[-7,36],[-127,-1],[-127,-28],[-59,-11],[-105,40],[-83,-1],[-31,-20],[-94,67],[-41,-4],[-113,61],[-54,-6],[-92,-54],[-46,9],[-39,40],[-71,-1],[-50,20],[-86,-56],[-83,33],[-66,-13],[-10,39],[96,100],[-135,66],[-52,4],[-13,51]],[[35617,22450],[86,61],[17,-39],[78,36],[47,2],[81,11],[36,24],[138,168],[233,-16],[27,0],[7,-19],[-15,-61],[5,-27],[40,8],[-2,23],[67,-5],[25,-22],[-5,-75],[144,55],[158,12],[17,58],[119,3],[7,27],[50,-32],[-9,-41],[-40,-39],[-39,-79],[-31,8],[-9,-36],[70,-52],[-107,-141],[3,-48],[11,-16],[-45,-40],[37,12],[9,-14],[-104,-50],[-40,-47],[-55,-2],[4,-19],[-14,-9],[19,-21],[48,14],[20,-41],[-30,-24],[-5,-14],[16,-4],[-34,-60],[-96,-27],[-49,14],[-48,-26],[-14,43],[-18,0],[-154,-160],[-15,-34],[-81,-14],[-21,-42],[-4,32],[61,128],[59,73],[-17,29],[18,23],[-18,22],[19,13],[26,57],[-106,-40],[-22,15],[-73,-60],[-33,-21],[-42,11],[-136,139],[-12,30],[-60,42],[13,7],[-58,24],[8,14],[-23,2],[-1,26],[-40,49],[-30,0],[-49,35],[-14,33],[33,29],[11,95],[-37,-10],[-12,20]],[[43799,23938],[-132,-99],[-40,-82],[10,-85],[56,-55],[151,-46],[65,-46],[43,-85],[2,-52],[-15,-36]],[[43939,23352],[-43,-40],[-131,-41]],[[43765,23271],[-227,120],[-69,5],[-122,94],[-25,-13],[-100,52],[8,85],[-41,81],[33,32],[-3,13],[36,18],[-3,43],[-270,152],[102,133],[88,76],[28,59],[63,47],[-13,30],[99,42],[36,7],[14,-118],[42,5],[7,-65],[47,2],[-14,-58],[31,-6],[-3,-35],[42,-12],[33,43],[-21,28],[-3,52],[15,32],[36,23],[13,-19],[114,-21],[25,-25],[33,50],[52,19],[75,-6],[50,-27],[4,-19],[-115,3],[-78,-40],[-17,-57],[34,-90],[-2,-68]],[[43319,26879],[-77,-23],[-32,63],[-30,10],[-19,-14],[-84,63],[-19,-9],[-55,25],[-36,-7],[-8,-18],[-31,16],[-56,-24],[-10,51],[-80,12],[-20,-14],[-58,-131],[-99,59],[-74,-63],[-244,-51],[-57,-10],[5,-18],[-60,-13]],[[42175,26783],[-31,12],[-116,-12],[-5,24],[-53,-6],[-8,34]],[[41962,26835],[-33,128],[5,182],[-72,-11],[-9,80],[-36,-7],[-6,50],[26,222],[31,38],[288,55],[-54,158],[-40,-29],[5,66],[-60,-3],[-47,42],[33,24],[-19,132],[189,38],[71,10],[7,-36],[43,5],[11,-31],[105,11],[15,-50],[65,15],[22,-21],[201,-11],[-29,149],[90,-1],[-26,179],[28,2],[15,152],[4,72],[147,-2],[-11,-43],[79,-21],[6,102],[182,35],[71,-22],[15,-32],[110,-67],[166,69],[39,-16]],[[33958,22190],[-125,133],[-19,55],[-47,-21],[-19,16],[47,48],[-25,21],[-1,32],[38,28],[-1,64],[12,1],[-128,98],[47,48],[-44,18],[17,11],[-19,7],[5,9],[101,57],[17,22],[-5,64],[37,45],[-6,14],[48,11],[0,-22],[32,-42],[58,-45],[16,6],[28,74],[-25,34],[121,75],[43,75],[-5,44],[-66,23],[-11,24],[60,36],[53,-4],[70,30],[-8,-17],[89,-47],[-2,39],[16,18],[40,-25],[26,23],[92,130],[-47,40],[7,105],[28,38],[67,-4],[-14,30],[36,28],[0,20]],[[34592,23657],[35,-34],[64,32],[-2,-31],[19,-41],[23,-86],[-25,-45],[-15,-75],[22,-66],[17,-21],[68,37],[11,-23],[41,0],[37,-41],[-9,-24],[139,-30],[-17,-25],[52,-74],[-97,13],[-17,-28],[-115,-54],[-20,-50],[-78,-12],[-3,-12],[33,-19],[1,-26],[-23,-57],[-53,-20],[22,-19],[-23,-24],[-6,-49],[-26,-12],[8,-38],[130,-68],[92,0],[-27,-20],[-17,-90],[-108,26],[-71,-29],[-24,-42],[-53,0],[18,-15],[-7,-5],[-47,14],[-73,-42],[-112,-4],[-40,95],[-41,-28],[-30,-52],[-30,-11],[20,-17],[-8,-34],[-41,28],[-22,-21],[-8,-28],[24,-18],[2,-15],[-118,48],[-27,-69],[-79,-116]],[[39459,29631],[84,32],[-5,-51],[39,3],[1,-13],[44,26],[42,-11],[46,30],[-3,38],[36,42],[-33,28],[8,6],[77,-28],[14,38],[95,82],[29,-27],[79,4],[20,31],[-16,21],[6,25],[66,50],[61,21],[102,38],[-11,15],[86,42],[-87,69],[16,16],[-66,64],[13,9],[73,32],[17,-26],[197,40],[50,-7],[91,32],[158,96],[16,-30],[60,-70],[94,9],[3,-12],[179,36],[8,59],[95,-3],[41,18],[85,-99],[10,24],[12,-22],[-42,-43],[9,-24],[57,-24],[-5,-45],[13,-3],[-17,-34],[41,-93],[71,-8],[11,-51],[-30,-6],[10,-37],[57,11],[43,-86],[-17,-12],[-20,-22],[9,-16],[-48,-33],[-143,-32],[5,-56],[22,-15],[5,-18],[-19,-7],[39,-135],[14,12],[14,-33],[250,31],[49,-14],[-22,-69],[38,-43],[-22,-4],[-9,-34],[32,-45],[-60,-38],[18,-21],[-44,-35],[27,-82],[21,2],[13,-26],[1,-148],[23,-3],[-15,-85],[99,17],[-2,-15],[77,-11],[-5,-27],[47,-8],[-9,-37],[22,-4],[18,-4],[-3,-22],[85,9],[86,-128],[43,6],[-11,44],[88,23],[-29,79],[25,66],[40,-2],[3,41],[2,21],[72,15],[-11,61],[21,9],[-9,20],[24,17],[28,12],[172,-7],[3,19],[34,-27],[124,-12],[111,79],[78,118],[91,41],[8,-19],[56,4],[45,29]],[[41962,26835],[-198,-37],[-75,109],[-18,4],[58,33],[-32,39],[-19,-7],[-35,76],[-60,8],[-13,24],[-12,-4],[-17,43],[15,24],[-19,34],[-51,-2],[-5,18],[-20,-1],[-1,22],[-43,-2],[-9,39],[-65,-1],[-4,16],[-139,-41],[-111,-27],[-15,45]],[[41074,27247],[45,164],[30,-6],[0,20],[-24,25],[-22,-5],[6,40],[15,-2],[-15,85],[-16,40],[-22,-6],[-15,42],[-39,-3],[-113,145],[-99,-33],[-32,89],[17,4],[-5,29],[-64,-34],[-22,85],[-40,84],[16,6],[-28,56],[-101,-35],[-8,16],[-112,-2],[-6,23],[-141,-38],[-19,48],[-51,33],[-14,-6],[-18,24],[-25,-15],[-14,22],[-26,-13],[-13,29],[-37,22],[-17,-12],[-76,30],[-35,-9],[-5,29],[-133,-85],[-72,-53],[-71,-24],[-175,25],[28,14],[-74,17],[7,74],[34,44],[-10,14],[-11,20],[23,35],[66,-15],[24,16],[-43,-1],[-3,35],[-52,77],[-94,34],[-64,-14],[-39,23],[22,58],[-2,38],[-13,7],[-53,-58],[-6,40],[130,103],[-17,19],[10,13],[-9,63],[-96,-25],[-63,-44],[-73,-83],[-22,-7],[-13,15],[-102,69],[-1,35]],[[38334,23742],[-52,63],[5,37],[-16,28],[25,121],[57,123],[54,35]],[[38477,24187],[32,86],[40,44],[76,28],[80,-14],[103,74],[76,-22],[83,103],[106,55],[63,0],[145,-55],[36,8],[33,24],[28,84],[80,27],[-29,16],[-80,130],[2,47],[52,41],[58,33],[176,51],[-14,19],[-12,34],[39,15],[59,-12],[84,14],[-48,9],[46,43],[-10,15],[-123,-56],[-32,32],[56,7],[-4,15],[-25,2],[32,35],[44,-12],[-32,24],[8,8],[56,-15],[-3,34],[-44,15],[19,21],[-1,25],[-62,-63],[-50,50],[-14,-8],[47,-55],[-39,-42],[-65,11],[4,28],[-10,6],[-19,-36],[-41,-4],[-1,17],[-38,25],[-8,70],[-26,12],[-56,102],[41,32],[-28,50],[-4,66],[-9,53],[10,58],[-11,9],[-13,14],[48,33],[76,13]],[[39464,25660],[57,-4],[19,48],[146,-8],[77,48],[84,18],[48,45],[2,57],[54,74],[80,54],[22,-32],[49,21],[-14,36],[62,42],[19,68],[104,120],[96,46],[74,6],[30,22],[5,-23],[28,23],[132,83],[-40,45],[-21,57],[-62,51],[57,-1],[-6,80],[-23,-3],[-6,31],[126,20],[-8,26],[74,36],[25,12],[-27,87],[81,46],[20,12],[-68,88],[105,63],[-15,24],[24,13],[61,25],[50,33],[-11,15],[56,9],[-11,49],[55,25]],[[42175,26783],[-15,-149],[11,-96],[-9,2],[-3,-34],[28,-25],[0,-30],[15,-89],[-31,-24],[9,-63],[-50,-17],[8,-17],[-77,-32],[-99,-10],[2,-31],[13,-56],[69,-3],[12,-25],[34,-205],[-62,-10],[3,-23],[11,-33],[70,10],[19,-56],[-48,-9],[-129,-62],[-50,15],[-35,-21],[-58,-2],[6,-36],[116,23],[12,-21],[-57,-36],[42,-61],[-15,-9],[30,-29],[144,15],[53,-227],[-20,-2],[6,-25],[40,-15],[27,-99],[-26,-3],[-132,-14],[3,-16],[-33,10],[4,-30],[-225,-31],[2,-26],[-15,0],[1,-15],[-14,-1],[4,-69],[39,-136],[132,37],[5,-15],[35,8],[22,-65],[-28,-8],[19,-8],[46,-98],[23,-82],[32,3],[3,-21],[-17,-3],[1,-19],[28,-51],[-29,-15],[2,-28],[83,27],[111,-141],[40,-93],[10,4],[6,-20],[-53,-18],[23,-65],[-22,-4],[94,-115],[115,-391],[-25,-14],[-1,-40]],[[39767,23974],[-67,-55],[-65,39],[-31,-29],[-4,-43],[13,-27],[-37,-5],[-42,-49],[-48,-3],[-40,-42],[-127,-24],[-67,-37],[1,-58],[-19,-22],[-4,-48]],[[38639,23622],[-60,56],[-43,113],[-3,59],[-24,11],[-67,-3],[6,-45],[-114,-71]],[[37173,26805],[11,38],[64,56],[-9,8],[11,31],[-11,5],[18,13],[-51,17],[19,23],[31,41],[-14,10],[10,26],[-52,37],[-21,57],[61,47],[86,8],[76,35],[-52,67],[-7,41],[23,25],[78,30],[-16,62],[8,31],[-75,-44],[-60,20],[-30,54],[-37,0]],[[39464,25660],[-74,54],[24,50],[-26,27],[19,39],[-3,59],[-52,56],[-10,53],[14,39],[48,51],[3,35],[26,31],[-23,7],[-80,-56],[-99,6],[17,20],[-166,34],[-39,24],[-86,-20],[-52,-31],[-8,-33],[-18,-5],[-15,-7],[-20,30],[-81,-34],[-88,-60],[-44,22],[-63,-11],[-50,-22],[1,-24],[-27,1],[-82,-56],[-60,-8],[2,75],[69,37],[-14,27],[9,13],[-60,28],[1,25],[-71,-2],[-78,54],[-65,-19],[-9,9],[34,24],[-36,-1],[-23,24],[-34,-45],[-12,33],[-61,-26],[-25,34],[-95,-39],[-24,6],[-8,-27],[-27,-5],[-12,48],[-64,96],[44,33],[12,44],[111,88],[-12,26],[-44,56],[-70,-9],[-17,42],[-45,-7],[-77,41],[30,9],[-33,37],[-40,-26],[-57,74],[-5,59],[29,81],[41,28],[-26,27],[-52,-55],[-30,-71],[-32,28],[-40,-23],[-48,27],[-28,22],[-45,-6],[-13,-34],[-15,1],[7,20],[-56,16],[-63,-23]],[[41761,19613],[-38,64],[-42,42],[-64,-5],[-140,-98],[-35,25],[18,41],[-13,10],[2,32],[-15,11],[-48,-7],[-35,22],[-35,-10],[-69,16],[-17,0],[-6,-29],[-58,13],[-198,10],[-76,55],[-26,-7],[-36,43],[-37,-18],[-36,25],[-61,-6],[-15,31],[-160,8],[-18,39],[-128,32],[-19,39]],[[40356,19991],[6,16],[-24,101],[66,86],[2,175],[19,16],[-43,175],[5,31],[-19,34],[-2,104],[-106,-28],[-18,106],[5,46],[172,-19],[9,35],[25,-3],[4,32],[-11,9],[37,41],[7,34],[7,24],[117,11],[0,-32],[33,0],[-4,37],[11,4],[-4,23],[-12,-1],[-1,93],[127,12],[25,22],[5,83],[-22,130],[9,135],[79,-15],[60,-47],[193,54],[112,69],[14,-29],[-40,-21],[14,-51],[46,4],[4,-14],[8,0],[17,-26],[-5,-21],[17,3],[0,-33],[107,-17],[-15,-15],[8,-23],[95,-61],[78,-20],[-7,88],[65,-7],[12,25],[32,-7],[1,27],[20,-3],[-11,85],[16,4],[38,-40],[196,45],[20,-2],[10,-33],[64,12],[-34,105],[-40,128],[4,57],[69,26],[-17,80],[-35,-11],[-21,126],[13,2],[-6,29],[-122,-26],[-36,13],[-70,-19],[-9,28],[-104,-15],[-10,289],[25,5],[-11,58],[15,1],[-23,89],[12,6],[61,23],[111,-16],[4,29],[-16,1],[-1,47],[23,2],[-14,114],[16,53],[-16,41],[-22,0],[-10,58],[34,55],[-21,37],[15,31],[-15,14],[-25,94],[81,14],[84,22],[-29,141],[129,25],[-4,15],[65,15],[131,18],[9,-17],[26,3],[90,40],[47,39],[109,57],[20,49]],[[42511,23429],[59,12],[20,-57],[155,-45],[-1,-17],[17,5],[34,-59],[31,-3],[49,32],[39,-44],[-12,-9],[24,-146],[55,-49],[25,17],[34,-29],[-18,-4],[92,-106],[10,-31],[70,39],[23,-13],[22,18],[43,1],[17,-16],[5,-38]],[[43304,22887],[-133,-90],[-85,-125],[-24,-134],[39,12],[38,50],[41,9],[40,-13],[17,-47],[-58,-148],[-46,-58],[-69,-51],[-32,-146],[-33,-59],[-77,-145],[-7,-44],[30,-80],[14,-62],[-14,-78],[-32,-182],[-67,-326],[-77,-143],[-90,-101]],[[42679,20926],[-166,-176],[-102,-173],[-39,-108],[-47,-276],[-60,-152],[-34,-60],[-88,-98]],[[42143,19883],[-137,-105]],[[42006,19778],[-245,-165]],[[34657,24251],[-19,46],[-34,4]],[[34604,24301],[77,66],[-18,13],[-59,8],[-28,42],[112,25],[0,40],[-59,22],[70,139],[-21,8],[12,39],[58,50],[-39,-3],[-1,13],[44,12],[6,18],[43,30],[20,38],[-52,-14],[-30,13],[-11,27],[91,15],[38,-8],[38,39],[40,7],[32,-39],[53,41],[11,43],[69,41],[43,-2],[10,22],[28,40],[-10,32],[-30,13],[3,37],[-26,33],[-20,-9],[-12,30],[-50,18],[3,25],[34,27],[47,28],[10,39],[27,7],[10,29],[-19,52],[1,20],[96,55],[26,25],[-9,3],[35,62],[36,23],[6,30],[15,-1],[-42,49],[-4,33],[10,1],[56,-2],[19,-19],[55,25],[16,31],[17,3],[17,44],[29,-6],[65,25],[0,40],[35,-9],[75,50],[31,41],[-10,44],[10,31],[-10,40],[36,16],[52,-108],[212,-1],[160,94],[18,-10],[17,51],[57,-26],[17,-28],[30,6],[83,-50],[13,5],[1,24],[16,4],[-8,36],[26,33],[-3,35],[214,69],[10,29],[30,12],[5,30],[57,58],[14,43],[54,25],[30,46],[13,108],[-11,12],[-45,-17],[7,21],[-7,19],[-38,13],[-97,13],[106,151],[83,-28],[40,16],[48,-13],[73,72],[36,2],[75,7],[-1,-36],[27,-13]],[[38334,23742],[14,-28],[-67,-48],[-122,12],[-109,-131],[-65,10],[-5,68],[-105,-19],[-23,-22],[-26,26],[20,32],[-19,15],[-30,5],[1,-27],[-13,-1],[-27,67],[7,46],[-12,38],[21,46],[-12,16],[14,51],[-52,83],[-147,-22],[-145,32],[-4,-25],[-157,-14],[-86,-40],[-144,-1],[-96,-68],[-6,109],[-292,16],[-59,-14],[-43,40],[13,14],[-5,28],[17,68],[-14,17],[39,29],[-69,25],[-77,-11],[-46,40],[-10,5],[40,87],[-49,51],[-22,3],[-46,-34],[-64,23],[-138,-36],[-15,-35],[-64,-88],[-29,-82],[-7,-22],[-184,-156],[-81,10],[14,24],[-12,4],[-48,-79],[-38,87],[-107,99],[-24,50],[-27,-24],[21,-33],[-19,-2],[-35,35],[-31,-26],[24,-33],[-77,-69],[12,-27],[-11,-7],[-23,19],[-46,-4],[-105,68],[-83,9],[-3,20],[-27,16],[-77,33],[-22,20],[-26,-21],[-32,11],[-4,23],[-87,36],[-55,-12],[-70,36],[0,18],[-59,50]],[[33721,24719],[-28,48],[6,27],[-32,31],[-63,22],[-1,17],[-52,40],[-101,-7],[-5,30],[-29,-1],[-10,41],[-27,21]],[[33379,24988],[-20,43],[30,11],[-12,10],[25,41],[-76,57],[172,69],[59,4],[-2,29],[14,15],[103,24],[-5,27],[112,68],[14,9],[-4,26],[36,40],[1,21],[-32,29],[-37,79],[-35,-17],[-125,25],[32,20],[-18,13],[15,16],[13,81],[34,41],[-5,21],[-32,12],[23,32],[-38,10],[19,35],[-3,22],[50,32],[-25,42],[60,40],[-4,14],[41,16],[15,-27],[24,12],[6,-12],[-31,-31],[78,24],[-7,17],[24,20],[-25,34],[-35,15],[-17,33],[-9,-8],[-7,21],[33,36],[-110,1],[-116,29],[-8,93],[10,40]],[[34604,24301],[-144,-70],[-108,-30],[2,66],[16,9],[5,47],[-122,5],[8,62],[-129,12],[-80,-23],[-116,30],[-13,34],[-114,35],[9,16],[-104,-1],[-14,22],[17,26],[-21,5],[79,61],[-40,28],[25,42],[-39,42]],[[42486,23561],[59,-88],[-86,-25],[25,-24],[27,5]],[[40356,19991],[-29,8],[-9,64],[-56,22],[-68,77],[-32,-3],[-34,23],[-92,35],[-66,-9],[-35,40],[-12,-12],[-39,9],[0,30],[-17,19],[-27,-9],[-100,50],[-63,-4],[-57,-32],[-65,10],[4,32],[-23,15],[11,13],[-15,45],[-44,6],[-3,59],[-18,16],[-65,2],[4,21],[-103,55],[-1,67],[-38,-14],[-5,22],[-63,22],[-83,-166],[-85,-41],[6,17],[-26,22],[-1,19]],[[39007,20521],[8,41],[-22,3],[-9,-23],[-44,112],[-81,-19],[-12,-25],[14,-38],[-10,-10],[-101,65],[3,38],[29,19],[8,56],[76,117],[7,42],[-66,39],[12,33],[-27,12],[35,47],[-7,29],[22,8],[56,-1],[41,-23],[59,14],[13,41],[-11,16],[24,12],[0,38],[14,14],[-11,26],[-20,-3],[-20,42],[26,86],[-56,34],[-146,-32],[-59,17],[-38,-30],[-105,22],[-31,24],[2,50],[-44,33],[-20,70],[-64,22],[4,28],[68,33],[14,58],[-8,19],[39,19],[0,44],[-18,9],[44,54],[82,-34],[0,-38],[29,3],[-2,-20],[25,5],[56,-30],[24,-45],[40,9],[-11,30],[52,22],[6,23],[-14,-3],[-6,25],[23,4],[17,43],[59,39],[36,52],[-14,9],[8,21],[-18,18],[7,10],[35,38],[22,14],[8,58],[-54,32],[-55,107],[-136,7],[49,43],[134,52],[60,45],[-28,7],[-5,32],[21,21],[-3,23],[-103,-15],[-19,29],[35,64],[44,30],[-43,34],[-28,123],[-47,20],[-31,-28],[-88,26],[2,-24],[-19,-12],[-93,5],[-32,32],[0,40],[15,18],[77,5],[26,43],[29,10],[-44,61],[-203,61],[-39,28],[-100,-48],[-37,-53],[-39,-5],[2,-29],[-19,1],[-8,26],[13,108],[20,43],[-10,58],[26,33],[49,39],[98,19],[21,-21],[46,1],[98,62],[36,63]],[[43384,26744],[12,-42],[-10,-64]],[[43812,25127],[198,-3],[60,-24],[38,-43],[8,-73],[-91,-229]],[[44025,24755],[-5,-22],[-3,-16],[-2,-17],[-2,-27],[2,-25],[-68,-60],[-196,-112],[-15,-32],[0,-74],[24,-33],[59,-21],[42,20],[133,140],[57,21],[8,-99],[-14,-104],[-65,-165],[-75,-100],[-106,-91]],[[43765,23271],[-92,-61],[-91,-125],[-82,-81],[-196,-117]],[[34372,21866],[-19,5],[-33,-41],[-13,34],[-61,-2],[-33,20],[-60,117],[-62,33],[-5,55],[27,44],[-155,59]],[[34592,23657],[-20,52],[-56,-5],[-41,-42],[-26,22],[0,19],[54,17],[75,74],[27,47],[4,42],[30,9],[-4,33],[27,41],[-15,1],[0,16],[25,18],[-47,20],[3,30],[-75,-7],[8,41],[74,8],[27,24],[-80,85],[75,49]],[[39007,20521],[-69,-7],[-115,52],[-67,-35],[-9,-26],[-50,-37],[-65,-88],[-104,29],[-21,26],[-20,73],[-36,-17],[-28,34],[-102,21],[-39,56],[-62,28],[-51,29],[-19,48],[-137,51],[-43,-80],[-47,-4],[-33,-1],[-49,-41],[-43,-83],[-34,-15],[-65,-10],[-53,28],[-39,-17],[-53,11],[-51,-37],[-24,5],[-5,127],[-37,-7],[-51,-42],[-29,30],[-81,-16],[-23,42],[-64,-3],[-18,22],[-30,-42],[42,-26],[2,-25],[-143,-9],[-53,-46],[-226,74],[-146,41],[11,103],[-17,22],[3,80],[-92,17],[-121,83],[-43,22],[-272,-43],[-47,9],[-239,154],[18,33],[-78,8],[7,57],[-51,46],[-69,172],[-85,17],[-68,141],[-69,22],[3,67],[46,-11],[12,13],[-12,13],[21,30],[71,50],[3,49],[-88,4],[-30,106],[11,40],[1,19],[-186,-10],[-107,-65],[-17,2],[-30,45],[-52,21],[-72,-49],[-54,8],[-4,34],[75,45],[-17,41],[-29,16],[-4,31],[84,52],[-299,-56],[-256,-50],[-134,-36],[4,-82],[27,-38]],[[48906,17185],[59,-27],[25,6],[-15,55],[12,50],[-13,38],[60,19],[24,57],[-20,16],[19,66],[21,14],[-113,59],[30,93],[15,-6],[32,29],[24,129],[-22,0],[-7,37],[-54,28],[39,38],[-12,16],[27,5],[7,60],[24,19],[-15,83],[49,44],[27,15],[45,-102],[31,-15],[44,15],[5,-51],[22,5],[34,-28],[195,59],[8,107],[-61,65],[25,29],[30,-20],[36,18],[-33,74],[-38,16],[-5,51],[60,-12],[2,50],[42,-15],[66,21],[18,-38],[37,-18],[-3,-16],[50,-43],[33,22],[18,-45],[42,-20],[6,22],[112,-20],[33,40],[116,18],[-23,18],[25,29],[-13,7],[-3,45],[80,22],[6,27],[28,-1],[12,20],[39,-14],[-4,-21],[45,-14],[-11,-54],[15,-21],[-6,-20],[36,-10],[-3,-52],[56,-40],[34,12]],[[50412,18230],[-58,-60],[23,-34],[-14,-16],[10,-13],[41,-21],[-24,-66],[2,-30],[16,-2],[-2,-36],[43,-16],[13,-31],[27,10],[35,-114],[-34,-8],[18,-82],[-6,-22],[-38,-11],[-3,-36],[-21,-2],[9,-20],[25,-24],[52,44],[34,3],[23,-28],[-9,-14],[20,-13],[67,31],[12,-30],[-11,-25],[142,26],[14,-10],[-23,-36],[20,-11],[34,27],[33,-41],[-46,-37],[49,-43],[65,26],[2,-28],[68,7],[-13,-52]],[[51007,17392],[-52,-15],[-46,31],[-120,-81],[-71,-6],[-32,20],[-30,-87],[24,-31],[-1,-34],[-47,-15],[-42,-81],[-54,-37],[22,-18],[-39,-30],[-6,14],[-28,-5],[2,-18],[-14,-4],[-65,42],[-29,-65],[-39,-20],[-24,8],[-10,-21],[-37,-7],[3,-19],[-28,0],[4,-16],[-72,7],[-28,-37],[-1,-34],[84,-83],[58,-104],[69,19],[25,-21],[-21,-31],[1,-59],[11,-43],[34,6],[13,-49],[-232,-49],[-135,-2],[-80,24],[-223,151],[-234,34],[-151,-16],[-146,25]],[[49220,16635],[-179,69],[-79,68],[32,34],[-130,52],[35,30],[-2,41],[-93,-16],[-12,60],[-20,24],[-114,11],[55,64],[42,14],[150,-10],[1,24],[-43,-5],[-7,16],[17,54],[33,20]],[[46347,14471],[-33,3],[-47,41],[-33,-7],[-3,11],[37,13],[-11,41],[39,14],[9,27],[-4,42],[-47,2],[-4,50],[7,24],[44,14],[54,9],[15,-14],[15,54],[-68,-19],[7,78],[-68,11],[-5,44],[25,52],[-34,8],[-2,67],[-53,-2],[19,55],[22,3],[-2,124],[-29,82],[-41,32],[15,33],[2,68],[25,-31],[67,18],[305,-109],[-15,75],[16,94],[51,26],[-31,111],[7,32],[-17,23],[-50,17],[-4,24],[49,69],[-41,36],[59,57],[36,7],[-39,34],[19,18],[-7,120],[86,49],[85,19],[-8,51],[14,7],[54,0],[13,85],[56,22],[21,50],[35,-3],[15,27],[75,-8],[18,43],[24,18],[-7,9],[70,78],[-9,35],[-13,37],[-46,39],[95,58],[7,31],[-26,14],[3,38],[75,41],[20,-17],[19,29],[7,13],[-45,33],[-161,81],[-217,21],[20,79],[17,-1],[17,126],[-139,108],[-14,32],[-53,-6],[-91,73],[-7,34],[36,33]],[[46649,17430],[31,42],[29,-7],[45,67],[83,62],[41,61],[98,25],[44,-79],[173,-2],[17,33],[102,45],[44,38],[79,-49],[41,41],[-80,20],[-6,57],[17,54],[82,28],[-13,45],[-59,18],[-32,11],[-35,-34],[-12,16],[-64,2],[6,-27],[-35,-27],[-18,17],[21,28],[-11,32],[32,-10],[6,22],[-21,8],[4,14],[80,52],[10,5],[-74,32],[12,25],[-48,11],[186,122],[65,157],[146,71],[73,-13],[7,13]],[[47715,18456],[46,13],[33,-15],[38,-49],[133,-85],[28,-94],[-38,-64],[57,-71],[20,-60],[20,-11],[23,43],[88,-26],[91,35],[31,-11],[42,-51],[40,5],[5,-14],[135,26],[23,-1],[10,-22],[47,5],[4,-16],[44,-9],[0,-18],[18,-8],[-10,-22],[50,-5],[6,-44],[22,-30],[-50,-15],[16,-47],[-43,-14],[-5,-34],[-57,-67],[73,-49],[40,-68],[-10,-67],[72,-143],[-10,-47],[17,-41],[142,-80]],[[49220,16635],[-81,-49],[40,-26],[19,21],[52,-71],[-10,-12],[-32,8],[76,-76],[-41,-47],[-60,7],[-110,-50],[-23,-35],[4,-61],[28,-15],[39,-2],[4,27],[-35,10],[55,43],[98,-35],[65,-2],[0,15],[21,2],[33,-23],[55,-4],[-34,-44],[15,-18],[56,-14],[69,-62],[15,18],[36,-20],[72,-77],[24,-71],[43,-68],[31,-24],[17,-52],[-10,0],[63,-68],[-73,2],[13,-104],[-200,-76],[46,-63],[17,-98]],[[49617,15421],[-188,-32]],[[49429,15389],[-66,-10],[-73,34],[-21,30],[57,92],[-28,25],[-48,2],[-4,76],[-96,-11],[-8,-69],[-44,-50],[-58,12],[-22,-12],[41,-35],[31,-63],[-27,-21],[-9,10],[-17,-24],[19,-1],[-21,-23],[-45,1],[11,-108],[-42,8],[-38,45],[-103,-24],[-5,28],[-44,-5],[-76,-58],[-42,-45],[-29,-86],[-107,33],[-76,78],[-65,23],[-70,-13],[-42,-34],[-70,36],[10,41],[-10,5],[-15,-44],[-34,25],[-183,-34],[-21,-38],[-15,6],[27,41],[-61,-7],[-12,-31],[9,-49],[-64,-30],[-22,19],[-27,-21],[16,-36],[16,-3],[1,-32],[53,-30],[-5,-13],[-110,-37],[-5,37],[-64,39],[-43,-10],[-19,25],[-21,-14],[-28,14],[-91,-91],[-23,-10],[-37,26],[-15,-25],[-17,10],[-12,-42],[11,-6],[-27,-84],[6,-102],[-14,-4],[11,-24],[-30,-11],[-22,21],[-10,-5],[6,-24],[-29,-12],[-92,13],[-131,-35],[17,-47],[-14,-12],[81,-42],[-54,-66],[24,-28],[-11,-16],[21,-25],[45,7],[11,-13],[-171,-83],[35,-48],[-20,-56],[-65,-12],[-45,13],[15,35],[-182,28],[0,31],[-123,2],[-61,61],[-25,73],[-43,10],[-111,39],[-20,-7],[-6,-21]],[[51007,17392],[106,-71],[62,4],[19,-36],[60,37],[21,-17],[-3,33],[67,-6],[16,51],[21,8],[74,-59],[104,34],[10,-31],[66,5],[2,54],[-36,90],[24,33],[63,25],[78,-49],[35,-62],[13,8],[37,-60],[-31,-10],[40,-26],[2,-41],[17,-22],[30,1],[5,-59],[-20,-31],[25,14],[29,56],[57,16],[-12,35],[62,69],[1,18],[107,21],[45,-26],[35,4],[-4,-22],[51,-33],[48,30],[34,20],[49,-68],[68,-39],[54,19],[35,-113],[54,-42]],[[52627,17154],[64,-38],[-12,-21],[-45,-83],[-57,-50],[-28,-91],[-59,-30],[-1,-22],[34,-34],[25,-112],[-72,-39],[-12,-15],[5,-17],[27,-33],[34,-3],[-5,-18],[22,-39],[-31,-16],[3,-33],[-24,-10],[14,-3],[-10,-66],[45,-7],[-40,-23],[-1,-43],[35,-5],[2,-19],[-15,-12],[35,-93],[-36,-8],[19,-8],[-10,-23],[33,-12],[34,13],[27,-36],[17,10],[22,-15],[-1,-29],[27,-10],[-17,-35],[128,44],[-2,-24],[145,25],[76,-58],[44,8],[4,-87],[-35,-20],[-1,-43],[42,-12],[4,-16],[-106,-32],[-74,-34],[-2,-14],[30,-35],[184,-9],[154,-54],[55,-84],[75,-16],[2,-29],[24,-34],[-69,-74],[41,-79],[-5,-42],[36,-38],[-8,-55],[-20,-57],[5,-77],[-13,-21],[-23,-15],[-97,9],[0,-44],[-38,-16],[2,-18],[-59,-47],[25,-29],[-49,-33],[-30,-46],[8,-35],[34,-23],[110,1],[-15,-54],[49,-38]],[[53306,14671],[-112,4],[-30,-14],[-11,-32],[-43,-41],[-72,-35],[-86,-32],[-14,13],[-80,-7],[40,-72],[-34,-79],[-28,29],[-25,-4],[-22,46],[-17,-22],[-20,7],[-60,51],[-7,37],[-46,8],[32,-35],[11,-69],[-61,-3],[-1,-12],[32,-9],[-9,-20],[-27,-15],[-26,20],[-13,31],[16,42],[-16,11],[-75,-14],[18,-34],[-95,9],[-64,-34],[11,-21],[5,-15],[-36,10],[-27,33],[67,54],[-15,17],[19,18],[46,-4],[-10,51],[39,14],[38,-14],[15,37],[-62,50],[-43,1],[8,8],[-121,43],[-6,52],[-105,24],[-7,-18],[-85,-26],[-6,-29],[-60,17],[-18,27],[-40,2],[6,-25],[-39,-5],[-31,-60],[-40,-7],[-44,29],[-123,-82],[-27,11],[-14,29],[-47,14],[-47,-12],[-80,-2],[-61,99],[-36,17],[-52,-16],[-106,73],[-29,-75],[-36,-26],[-43,0],[-23,6],[8,32],[-20,32],[-27,10],[-42,-16],[-4,27],[23,23],[-26,10],[6,16],[38,-2],[-4,16],[-14,6],[30,36],[-52,46],[-43,19],[105,66],[1,21],[10,47],[-43,37],[-47,36],[-50,-54],[-37,14],[-20,-38],[-46,-10],[40,-17],[-18,-9],[2,-34],[-16,-33],[-47,-2],[-36,-2],[-56,40],[-19,-18],[-73,-2],[-2,-14],[-75,7],[1,33],[-16,5],[-27,-15],[-16,29],[12,9],[-33,24],[-71,31],[-5,24],[-32,-1],[-9,-46],[-11,4],[-27,-35],[-20,9],[-9,-46],[-29,-24],[-76,19],[-66,39],[-12,16],[9,93],[-10,9],[-16,37],[-64,40],[-1,18],[5,36],[64,1],[8,53],[-1,48],[-32,28],[-123,-76],[-44,24],[-7,13],[12,0],[-35,44],[-212,12],[-32,-19]],[[49724,15362],[35,11],[-34,18],[4,34],[67,-4],[-4,-24],[-19,-2],[19,-37],[-66,-12],[-2,16]],[[52627,17154],[35,27],[-22,30],[21,19],[22,-15],[69,36],[2,-19],[94,-43],[0,18],[45,-16],[19,-36],[45,-24],[-2,-36],[53,-96],[42,15],[-1,39],[28,30],[58,-3],[41,51],[30,-19],[79,-3],[17,19],[-4,48],[32,52],[-5,24],[26,42],[-26,-22],[-43,13],[-74,75],[0,53],[25,45],[123,10],[70,-66],[24,14],[57,-14],[73,-70],[14,23],[55,17],[3,17],[31,1]],[[53683,17390],[67,-20],[105,4],[96,-29],[102,41],[69,5],[39,30],[233,23],[54,-23],[-16,-56],[163,-43],[10,57],[27,33],[25,-24],[24,4],[-14,-19],[19,0],[31,-36],[40,-87],[-28,-40],[14,-24],[-12,-10],[32,-48],[94,21],[-15,-67],[13,-19],[54,-3],[10,-20],[33,19],[-34,26],[58,-14],[30,-16],[-12,-42],[19,-43],[21,-6],[7,37],[35,-40],[19,-26],[-53,-6],[56,-31],[15,-8],[-11,-19],[-42,-19],[37,-54],[1,-32],[69,-2],[20,-16],[-1,-16],[32,-8],[14,25],[-16,56],[58,-8],[1,24],[103,5],[-26,29],[36,-16],[63,17],[50,24],[94,-44],[21,-17],[65,9],[109,-90],[39,11],[9,28],[12,-59],[52,-18],[11,19],[20,-1],[-20,35],[45,11],[49,-33],[14,11],[25,-27],[42,110],[-11,50],[-11,8],[-46,-59],[-36,1],[3,30],[-27,4],[39,40],[-38,19],[-14,-10],[-19,31],[-1,58],[-14,5],[-13,-39],[-25,4],[-3,155],[44,8],[42,-26],[-47,-53],[29,-9],[118,26],[-2,45],[36,37],[19,-4],[-7,-108],[192,-33],[9,-56],[-17,-37],[18,-34],[75,47],[5,-24],[22,4],[3,-28],[29,-14],[40,20],[42,-4],[54,-52],[58,-3],[82,33],[56,-11]],[[56772,16846],[13,-72],[45,-76],[-17,-105],[-58,-18],[-24,4],[-25,39],[-25,-6],[-36,-44],[-5,-76],[-29,-11],[-53,22],[21,-25],[1,-109],[16,8],[20,-38],[8,-104],[-67,-75],[-51,-9],[-29,9],[-35,-22],[25,-14],[-66,-24],[-107,54],[-11,-45],[-35,-33],[33,-22],[3,-81],[-48,8],[-20,-45],[-15,0],[-3,-96],[6,-36],[31,-4],[0,21],[24,8],[150,-46],[-14,-16],[4,-26]],[[56399,15741],[-171,-22],[8,-22],[-33,2],[3,-21],[-60,0],[6,-45],[-200,1],[-36,-77],[98,-8],[-77,-51],[23,-16],[-30,-28],[-19,16],[-27,-19],[7,-27],[-33,-64],[-40,-12],[-55,-91],[-21,12],[-95,-25],[62,-38],[-103,-29],[-37,10],[-1,15],[-69,9],[3,-23],[13,1],[-20,-47],[-50,0],[24,-17],[-8,-13],[14,-27],[-65,-93],[2,-16],[-36,-18],[-58,11],[0,-26],[20,2],[0,-17],[-23,-24],[-159,-30],[-9,24],[-148,18],[-19,55],[-54,-7],[-15,21],[-24,-11],[13,-24],[-32,11],[-4,-31],[34,-22],[-207,47],[-58,-43],[-64,40],[-10,-4],[-25,-13],[9,-13],[-15,-20],[-35,-16],[-20,-8],[24,-48],[10,-71],[-26,-18],[-99,0],[12,-22],[-14,-28],[-105,3],[20,-39],[-28,-15],[-37,-22],[-5,-51],[-44,-60],[-23,-4],[61,-75],[-22,-10],[-14,29],[-61,41],[-51,-21],[-31,36],[-107,-7],[6,-32],[24,1],[0,-22],[-53,0],[9,17],[-31,-9],[-9,10],[26,19],[-30,27],[-19,-9],[-12,33],[-56,47],[4,23],[-49,19],[-9,26],[-98,0],[-3,20],[-16,1],[-2,-18],[-17,-6],[-46,54],[-66,-24],[-4,12],[-26,-24],[-108,22],[-19,-40]],[[53329,14643],[-23,28]],[[54875,16858],[64,-31],[16,2],[28,28],[21,6],[-29,54],[-83,-33],[-17,-26]],[[47715,18456],[-18,18],[11,31],[-33,12],[-4,42],[-22,16],[-30,76],[-1,63],[-44,100],[25,19],[-16,54],[-6,27],[-45,16],[-1,27],[25,24],[44,4],[0,13],[65,8],[-3,22],[16,-1],[17,44],[-93,32],[-66,-23],[-7,19],[-55,19],[50,24],[-18,15],[11,9],[-28,81],[18,106],[13,1],[21,-30],[77,3],[4,-20],[58,-4],[42,-38],[19,27],[77,-4],[63,39],[-18,20],[-7,210],[-31,0],[-21,77],[-72,32],[-90,129],[28,14],[17,35],[-36,5],[-3,14],[39,22],[67,7],[-7,29],[-136,140],[24,34],[-100,96],[-26,54],[-85,42],[-64,58],[-75,20],[-21,41]],[[47264,20406],[15,8],[-4,20],[66,34],[8,48],[198,-43],[21,-19],[67,3],[77,-31],[17,39],[35,0],[28,0],[36,-32],[116,21],[-4,-31],[83,-24],[-12,72],[68,8],[127,-21],[27,-23],[-16,-35],[5,-87],[166,-64],[51,-8],[35,26],[19,14],[-26,46],[51,7],[68,-17],[-32,-41],[64,-3],[18,21],[55,-13],[148,13],[18,23],[-8,59],[-28,65],[28,0],[-4,21],[43,62],[132,32],[-1,16],[217,23],[-43,67],[-14,42],[14,8],[-4,13],[57,15],[70,-16],[22,22],[56,-14],[92,-94],[47,-20],[64,9],[35,34],[188,-65],[-27,-84],[-48,-41],[35,15],[79,-98],[54,-36],[15,18],[50,-23],[97,4],[77,-22],[56,29],[-11,7],[18,23],[82,-66],[34,-62],[18,-11],[-6,-15],[91,20],[77,65],[25,-4],[0,16],[20,10],[57,9],[-5,57],[33,29],[54,-21],[20,47],[31,15],[-2,27],[49,-12],[-15,-45],[12,-23],[-10,-27],[66,-29],[103,29],[57,-5],[131,44],[43,-28],[11,55],[61,21],[90,-15],[21,-43],[88,42],[80,10],[46,-50],[163,12]],[[51740,20440],[5,-43],[-11,-17],[-93,-13],[3,-19],[-20,-30],[-47,-15],[30,-31],[3,-47],[-155,-55],[-49,7],[-161,-124],[24,-21],[-3,-22],[-43,17],[-111,-27],[-5,-33],[74,-32],[119,-4],[-6,-37],[30,2],[10,-23],[44,-38],[11,-11],[38,-27],[-2,-13],[24,-1],[-2,-24],[17,1],[39,-74],[-31,-70],[-70,-4],[-68,-8],[-42,-5],[-65,-66],[-14,-45],[-60,-55],[-59,-13],[-27,18],[-15,-13],[2,19],[-44,-16],[-51,19],[-14,-16],[-17,-28],[24,-7],[-5,-20],[71,-32],[-5,-17],[-17,0],[32,-38],[-11,-43],[35,-29],[14,14],[97,-11],[12,-25],[17,0],[-6,-17],[34,-12],[18,9],[-1,21],[84,41],[41,-65],[-3,-20],[63,-31],[-33,-46],[23,-9],[-20,-33],[36,-36],[0,-19],[22,-8],[95,64],[15,-17],[-34,-17],[4,-48],[-47,-1],[-24,-29],[-11,10],[-52,-28],[-38,12],[-28,-12],[-19,19],[-53,-18],[-46,2],[-13,41],[-46,-25],[-109,-24],[-23,-13],[7,-41],[-27,2],[-10,-34],[-72,-24],[24,-15],[-33,-50],[-38,4],[23,-52],[-27,-2],[32,-103],[29,3],[10,-23],[-49,-39],[-52,-101],[-40,20],[-116,-49],[-60,-9],[-78,40],[-23,-33],[-11,14],[-30,-70],[-23,-13],[-45,-81]],[[51884,20547],[-33,-33],[-110,-6]],[[51741,20508],[16,62],[-153,-32],[-16,32],[62,15],[-51,26],[41,36],[-23,32],[105,8],[103,30],[16,20],[24,-26],[9,-41],[-21,-75],[11,-40],[20,-8]],[[51740,20440],[1,68]],[[51884,20547],[31,-12],[42,69],[18,4],[8,-28],[62,-28],[-18,17],[65,38],[-44,89],[39,48],[84,61],[11,35],[35,11],[97,-24],[85,44],[44,-5],[18,22],[103,-14],[44,38]],[[52608,20912],[56,-43],[102,21],[-9,-29],[14,7],[6,-19],[-24,-57],[26,-14],[10,-27],[107,-14],[7,-15],[-16,-45],[15,-12],[131,-14],[15,-22],[48,-9],[86,-3],[27,-73],[37,26],[1,30],[25,34],[78,21],[151,-23],[-18,-34],[75,-1],[24,-15],[-10,-25],[-152,-29],[16,-50],[50,-11],[85,-53],[-74,-44],[46,-70],[29,-11],[-57,-77],[-17,-43],[-33,-21],[12,-23],[-40,-38],[34,-25],[-13,-16],[111,-13],[27,30],[159,-16],[46,-82],[44,-34],[36,24],[50,-19],[-9,-15],[12,-7],[87,13],[25,-26],[15,7],[8,-26],[39,-4],[-7,-30],[-62,-5],[-16,14],[-23,-18],[50,-82],[18,-58],[43,-29],[-211,-54],[93,1],[34,-57],[14,0],[126,77],[59,-23],[28,-31]],[[54254,19583],[-20,-19],[6,-41],[-33,-72],[83,-24],[-16,-48],[-58,7],[-36,-32],[-67,-2],[0,-22],[-28,-26],[30,-14],[22,-35],[-3,-26],[58,-50],[1,-32],[122,28],[-3,-93],[-24,-39],[29,-41],[48,-52],[26,35],[66,35],[27,-8],[5,-17],[-40,-59],[76,5],[140,-77],[50,-59],[0,-44],[-52,-20],[-30,8],[3,-21],[96,-41],[24,-60],[-9,-39],[-75,-28],[-6,-18],[77,-49],[-6,-39],[14,-39],[42,-16],[8,-39],[62,-40],[12,-15],[-52,-1],[-22,-3],[-33,-53],[98,-40],[30,-72],[-22,-11],[30,-12],[3,-28],[-6,-20],[-53,-2],[31,-14],[0,-20],[-17,16],[-18,-6],[4,-16],[-35,-4],[-33,-13],[4,-25],[-25,-27],[-254,-91],[-25,-12],[-29,28],[-22,46],[24,12],[-30,-1],[-22,78],[-22,3],[-48,-14],[10,-48],[-21,0],[-13,28],[-42,-4],[1,-36],[-125,30],[-14,-27],[-39,24],[-26,-15],[-80,4],[-22,20],[-21,-12],[3,-49],[-16,-27],[-126,30],[42,-53],[-8,-9],[25,-27],[-4,-15],[44,-17],[-21,-12],[11,-21],[-33,8],[-38,-25],[18,-88],[-20,-2],[9,-17],[-70,-1],[0,-23],[-57,-19],[-5,-41],[-66,-9],[-8,-100],[31,-18],[-11,-24],[44,-18]],[[48705,22281],[303,18],[221,-34],[29,18],[-9,59],[9,30],[44,61],[41,-23],[269,-2],[78,-21],[10,-35],[22,-1],[11,-133],[95,12],[1,-14],[282,-60],[33,15],[17,-55],[37,-13],[15,-132],[129,-10],[21,-63],[70,7],[21,-2],[7,-25],[67,7],[13,-42],[29,-46],[-69,-20],[6,-45],[146,-65],[-10,-42],[61,-38],[-12,-24],[17,-30],[-10,-79],[-23,-42],[136,-39],[58,10],[16,-36],[9,-26],[-46,-20],[-82,29],[-142,-44],[-1,-27],[-134,-8],[-4,-27],[33,-20],[-250,22],[-29,22],[-57,-7],[-13,45],[-17,11],[-82,7],[-21,-7],[-43,-62],[-25,12],[-28,-51],[-124,14],[1,-33],[28,-18],[-16,-17],[1,-29],[-24,-1],[-1,-22],[-35,8],[-16,-21],[-40,21],[-23,-24],[-75,69],[-26,78],[0,48],[17,19],[-101,63],[-70,99],[13,39],[55,6],[82,77],[-1,21],[59,34],[4,27],[35,25],[-20,10],[22,41],[-126,25],[3,32],[-49,-5],[-6,25],[-56,9],[-1,30],[10,2],[-12,47],[-27,26],[-8,50],[-72,2],[-87,-23],[-94,8],[-2,20],[-68,-12],[-50,75],[-29,30],[-19,-2],[-2,57],[-34,-5],[-8,26],[-20,-9],[-140,94],[1,20],[-98,29]],[[47264,20406],[-3,22],[-28,1],[7,63],[-15,86],[50,-4],[27,78],[-23,23]],[[47279,20675],[19,22],[-18,15],[13,29],[-27,62],[-102,24],[90,38],[-1,17],[-65,9],[102,33],[103,15],[3,16],[15,22],[-1,75],[-22,55],[31,-5],[0,28],[-20,19],[-15,89],[12,50],[-34,68],[-24,-8],[-25,28],[-16,-17],[-20,10],[-10,64],[-21,-6],[4,62],[-42,36],[-67,-23],[-20,-45],[-187,11],[-77,-18],[-18,13],[-4,11],[46,22],[-37,37],[35,82],[58,2],[-3,71],[-16,28],[56,20],[-80,68],[-17,40],[18,32],[-61,-20],[-30,-42],[-39,9],[-13,87],[12,30],[21,8],[-6,66],[40,42],[-26,7],[25,9],[-4,56],[21,44],[-5,32],[-61,44]],[[46769,22248],[103,-28],[25,-47],[53,-7],[207,-150],[55,17],[25,-18],[43,46],[-16,9],[171,34],[-22,43],[2,92],[-49,33],[-12,68],[87,3],[92,35],[53,-6],[372,90],[46,50],[-28,32],[31,7],[21,83],[60,-8],[1,15],[39,4],[61,38],[15,47],[38,19],[-11,32],[141,16],[43,82],[-13,22],[-54,-14],[-44,45],[43,57],[-44,76],[32,1],[73,-48],[45,-67],[47,16],[9,28],[-32,3],[-22,26],[31,47],[109,43],[-8,9],[15,4],[8,30],[27,15],[-3,20],[28,25],[23,-2],[-4,50],[-43,21],[7,18],[-53,7],[-3,-22],[-31,6],[8,62],[-33,33],[-12,-31],[-14,65],[1,27],[26,6],[31,-31],[179,-41]],[[48744,23385],[-5,-31],[14,-43],[52,-23],[57,0],[50,-64],[255,8],[135,-19],[22,-18],[-16,-47],[305,19],[31,65],[-3,59],[-149,21],[-48,66],[5,29],[26,18],[82,-44],[37,14],[26,32],[45,-17],[17,78],[-33,94],[20,26],[21,132],[18,-3],[6,61],[93,-59],[117,26],[49,20],[111,-40],[47,-106],[52,-22],[29,-60],[46,13],[-10,32],[50,-18],[24,-48],[56,-42],[15,-57],[26,24],[59,-16],[-9,43],[62,17],[33,34],[-13,21],[6,57],[22,17],[-10,49],[57,135],[157,-4],[61,203],[177,111],[-40,56],[-14,112],[11,64],[49,43],[12,39],[94,38],[30,3],[58,-36],[74,-96],[59,-41],[12,-29],[-14,-7],[-1,-25],[11,-13],[24,22],[21,-22],[73,6],[55,-43],[97,30],[104,7],[58,-17],[-7,-9],[34,-28],[59,-31],[15,15],[30,-32],[34,14],[17,-21],[141,84]],[[52117,24211],[33,-40],[64,-7],[24,-39],[59,-21],[-62,-60],[67,-28],[22,-83],[-19,-36],[48,-150],[20,-30],[28,-4],[14,-32],[200,-64],[71,16],[78,-27],[5,-18],[-26,-2],[-27,-46],[9,-29],[-212,-69],[-48,4],[10,20],[-70,2],[-115,-120],[-42,-17],[-29,-5],[-33,31],[-50,15],[-54,-23],[6,-18],[41,-13],[-5,-42],[-32,-18],[-67,14],[5,-74],[-70,-94],[-12,-83],[32,-25],[-14,-15],[6,-35],[-29,-12],[-24,-50],[-42,-12],[-10,-28],[55,-50],[-3,-78],[35,-1],[12,-83],[52,-16],[74,11],[100,-79],[-76,-28],[-33,-25],[-9,-33],[-48,-33],[-29,-50],[-25,-4],[-3,-22],[-31,-13],[27,-30],[-64,-28],[-2,-22],[-55,-22],[-88,48],[-156,-7],[-105,-64],[-54,-93],[44,-40],[-26,-26],[-80,-4],[21,-20],[-40,-5],[-20,-22],[-79,10],[1,-45],[41,9],[80,-27],[7,-25],[75,-21],[35,12],[27,-31],[9,-57],[34,7],[21,-68],[39,-50],[70,4],[23,-31],[43,-10],[251,65],[24,-45],[-6,-13],[30,-33],[-21,-23],[-30,5],[-77,-39],[3,-37],[-27,-42],[16,-67],[54,12],[2,42],[36,-7],[-3,47],[17,1],[5,-29],[37,-47],[-27,-8],[107,-102],[-49,-6],[-33,-23],[26,-29],[-42,-29],[-9,-79],[-21,-2],[38,-30],[-29,-12],[12,-31],[44,-18],[16,35],[-8,17],[132,62],[-14,65],[11,22],[142,-22],[-2,27],[17,3],[30,-53],[78,31],[18,26],[5,98],[-66,90],[0,47],[21,25],[-3,18],[40,18],[52,-24],[43,-43],[-13,-14],[14,-12],[63,25],[38,-75],[-24,-56],[45,-15],[5,-19],[-39,-15],[1,-28],[-31,-20],[78,3],[85,-40],[8,-25]],[[52836,21254],[-64,-36],[-58,4],[-91,-33],[30,-43],[-75,-25],[6,-54],[22,-24],[-11,-21],[59,-4],[-50,-75],[11,-11],[-7,-20]],[[52117,24211],[-2,31],[-26,2],[41,24],[-21,39],[71,46],[-13,41],[-37,34],[14,9],[-3,79],[58,32],[45,-2],[54,42],[30,-43],[28,-10],[-8,-57],[32,6],[11,-32],[89,-16],[39,-33],[80,-4],[4,-17],[35,-3],[-10,-16],[37,-24],[47,0],[46,28],[14,37],[89,10],[168,-57],[80,-4],[41,18],[17,-24],[44,-9],[14,20],[27,70],[-19,7],[10,14],[160,80],[-18,25],[-24,-8],[12,88],[-36,-17],[-25,31],[-58,-52],[-4,12],[32,34],[-23,54],[-22,15],[-3,29],[-29,21],[24,20],[-29,28],[200,82],[14,-9],[74,49]],[[53488,24931],[23,-9],[108,50],[41,-16],[-8,-35],[55,7],[24,30],[86,9],[-29,-63],[13,-52],[-18,-30],[-1,-43],[131,35],[8,-30],[38,-12],[110,23],[-1,-91],[92,18],[-15,60],[56,-46],[126,94],[37,-15],[57,-49],[-5,-51],[-37,-36],[16,-4],[20,-65],[244,3],[10,-32],[54,-24],[27,13],[-3,38],[54,48],[10,-22],[-8,-31],[12,-9],[40,-4],[37,19],[57,-60],[95,76],[33,56],[-8,17],[97,14],[43,-40],[-13,-7],[-8,-65],[-16,-3],[1,-30],[22,13],[68,-90],[66,35],[16,-18],[66,52],[16,1],[12,-32],[38,-29],[-13,-9],[51,-62],[41,-20],[-6,-26],[25,-6],[-17,-55],[16,-16],[-50,-21],[20,-20],[65,10],[6,-20],[27,4]],[[55642,24258],[18,-51],[-42,-3],[-10,-49],[6,-47],[31,-19],[-21,-22],[-86,-18],[1,-57],[29,-36],[25,-44],[-7,-19],[23,-1],[56,-73],[4,-30],[1,-15],[-33,-14],[-38,2],[-32,-42],[42,-66],[33,0],[-23,-21],[20,-19],[-28,-10],[7,-11],[-103,-24],[127,-19],[34,-27],[4,-27],[-57,-2],[9,-100],[50,-2],[1,-40],[-21,-4],[0,-19],[-21,-15],[-27,8],[-60,-4],[-25,-14],[11,-21],[-29,-4],[-28,49],[-22,-38],[-15,-50],[-23,-25],[-48,33],[-38,-11],[49,-41],[-3,-46],[13,-13],[-17,-25],[19,-49],[-106,-62],[4,-11],[-230,-39],[-54,-37],[-12,15],[-17,-29],[-29,-10],[-35,-62],[-43,46],[-72,-35],[58,-44],[-14,-75],[24,-98],[-5,-26],[-163,-15],[-40,38],[-41,-2],[-27,-28],[120,-34],[12,-105],[46,-7],[-29,-41],[-1,-50],[-15,-1],[-1,-45],[-32,-51],[-41,-11],[-138,17],[-6,36],[-54,-8],[10,-29],[-14,-4],[-24,20],[-10,-19],[-31,14],[-34,-47],[-40,-3],[-44,-57],[15,-77],[-30,-16],[0,-37],[-45,0],[14,-18],[1,-86],[-134,-59],[-30,-38],[11,-12],[-5,-26],[23,-22],[-11,-51],[-71,-64],[28,-10],[-75,-67],[-38,-10],[-19,30],[2,48],[19,5],[-19,39],[-26,-14],[-12,-24],[11,-64],[26,-44],[-4,-33],[-49,-16],[-9,-28],[-59,0],[47,96],[-35,29],[-77,10],[-69,-27],[-128,5],[-6,34],[26,0],[7,73],[-7,39],[-26,3],[-9,28],[-22,-17],[26,-40],[-45,-69],[-78,-5],[0,-22],[-107,-67],[46,-17],[-7,-35],[35,-18],[21,-60],[101,-38],[44,15],[3,18],[44,-27],[-19,-6],[7,-26],[-17,-35],[31,-53],[-39,-39],[-47,1],[23,23],[-115,6],[-32,42],[57,21],[-110,36],[6,15],[-46,21],[1,26],[-48,0],[-94,-37],[-13,13],[6,55],[12,8],[37,-29],[50,14],[-53,59],[13,7],[-28,19],[-29,-7],[0,19],[-123,1],[6,-28],[-47,-28],[18,-21],[-20,-39],[-41,12],[-39,-28],[-7,-30],[15,-21],[-14,-17],[68,-54],[-17,-34],[21,-37],[-34,-29],[-71,76]],[[55642,24258],[95,20],[18,41],[65,9],[85,-56],[37,5],[13,54],[17,-2],[6,-56],[44,-28],[98,14],[20,19],[-27,31],[114,7],[9,-26],[48,-26],[-31,-54],[13,-30],[46,-27],[-25,-19],[36,-63],[76,91],[27,-14],[68,24],[33,-16],[27,49],[32,8],[63,130],[36,21],[22,-35],[68,-3],[41,-27],[63,6],[1,-19],[106,-8],[62,17],[7,-19],[41,-11],[123,4],[-6,50],[-61,88],[16,9],[-23,14],[10,16],[74,-18],[-3,21],[30,-1],[0,16],[54,38],[20,-6],[101,3],[18,8],[9,31],[97,21],[123,-9],[106,18],[63,-24],[-47,-39],[10,-22],[23,6],[2,-40]],[[57835,24449],[-40,-71],[86,-112],[0,-24],[-32,-7],[-2,-74],[40,-3],[1,-18],[54,-23],[-14,-1],[7,-61],[-138,10],[13,-37],[-44,-17],[3,-35],[-11,-2],[16,-62],[36,-6],[-4,-22],[38,-3],[-2,-39],[-41,1],[21,-42],[60,3],[26,-43],[27,-5],[60,8],[-4,23],[21,1],[63,-25],[3,-34],[21,-1],[20,-70],[-84,-80],[9,-14],[-41,-37],[19,-105],[38,-53],[49,-16],[-23,-16],[9,-12],[64,4],[-5,-39],[39,1],[24,-46],[-32,12],[-19,-13],[-3,-23],[-31,-17],[8,-21],[-20,-5],[18,-74],[-44,-8],[-70,-65],[-19,16],[-35,-25],[-10,11],[5,49],[-27,35],[-4,30],[67,33],[-22,12],[-61,-34],[-19,-72],[-25,15],[-22,-22],[26,-25],[-8,-59],[22,-15],[-75,5],[33,-26],[105,-1],[9,-26],[45,9],[7,-16],[-14,-25],[-100,-41],[35,-16],[-5,-22],[12,-16],[-18,-21],[35,-54],[-5,-69],[17,-29],[-18,-5],[12,-46],[44,-70],[44,-8],[14,-23],[7,-66],[-125,23],[-6,-13],[19,-7],[-2,-21],[5,-34],[26,-7],[-50,-34],[47,-23],[-21,-17],[13,-19],[52,57],[29,-38],[22,3],[10,-25],[123,-32],[-31,-36],[3,-14],[26,5],[32,-44],[-8,-15],[9,-10],[46,-10],[6,-32],[39,-11],[41,20],[3,19],[43,9],[-2,-70],[-23,-2],[-8,-31],[46,-20],[22,10],[-4,-20],[12,-4],[20,44],[9,-25],[-17,-25],[65,-2],[-22,-26],[40,-45],[-12,-13],[30,-22],[-23,-57],[72,-2],[12,40],[45,15],[9,28],[21,10],[26,-2],[13,-21],[-11,-20],[34,1],[13,19],[60,-53],[10,-16],[-12,-26],[35,-15],[14,-33],[97,0],[5,-44],[28,-21],[-3,-20],[34,-42],[-33,-50],[39,-29],[7,-28],[-36,10],[-14,-47],[-34,10],[-144,-89],[-46,6],[39,-26],[-2,-47],[-20,0],[-3,-25],[-97,26],[-15,-21],[18,-62],[-31,-41],[-44,-15],[2,-19],[27,5],[-12,-23],[-33,0],[66,-42],[86,39],[54,-93],[35,5],[-3,17],[20,-13],[79,25],[-8,-25],[18,0],[1,14],[42,12],[-12,-14],[10,-18],[-27,-119],[-47,-6],[9,22],[-15,12],[-27,-56],[-31,-11],[12,-31],[33,11],[26,-27],[13,5],[-4,18],[17,1],[108,-49],[16,-70],[39,-31],[-50,-15],[-5,18],[-18,-3],[6,-22]],[[59073,20687],[-73,7],[-72,-38],[10,-32],[-39,1],[-20,-62],[16,-21],[-12,-7],[-113,19],[-67,-29],[1,-21],[-35,-24],[-99,-11],[-51,31],[-51,43],[-4,44],[41,39],[-63,37],[0,25],[-70,-3],[0,18],[-24,-2],[-40,-23],[-61,-41],[-10,-27],[-84,-15],[-38,-57],[36,-21],[-16,-29],[-67,6],[11,9],[-7,18],[-41,-17],[-118,32],[-47,-41],[-5,-25],[23,-40],[-24,-9],[-51,28],[1,27],[-61,-4],[-13,36],[-93,-5],[-29,52],[-33,-44],[-9,15],[-78,-25],[5,33],[-161,-28],[-50,-30],[-85,25],[-12,40],[-66,-21],[-11,45],[-65,41],[-34,-9],[11,-18],[-27,-12],[-4,-18],[30,-40],[-93,-24],[0,-43],[-32,-9],[-49,-53],[-73,-1],[-12,17],[0,27],[46,54],[-29,32],[-65,7],[-51,-44],[-4,-14],[84,-46],[10,-62],[-109,0],[7,-23],[50,-4],[-1,-43],[-48,-34],[0,-31],[57,18],[92,-17],[12,-26],[-34,-27],[33,-70],[9,-70],[18,-38],[29,-8],[-14,-20],[29,-62],[36,-18],[6,-15],[-11,-5],[82,-17],[1,-51],[-47,-18],[-78,12],[-22,-6],[2,-14],[-49,-6],[-99,23],[-40,-26],[-147,-27],[-26,-25],[-113,1],[25,-73],[23,-13],[-17,-51],[-65,-46],[-57,-2],[-75,68],[2,15],[-59,-2],[16,37],[-32,-17],[-60,-52],[1,-29],[-36,-49],[-29,-24],[-56,-8],[8,-13],[-24,-37],[66,-12],[15,-54],[-19,-23],[-53,-13],[21,-16],[-26,-21],[16,-53],[-7,-22],[-38,-19],[-29,-44],[-44,-7],[-9,-61],[-69,-9],[-6,32],[-51,35],[-85,-50],[-164,-20],[-21,55],[-37,42],[80,13],[38,40],[31,0],[-5,44],[-44,10],[-29,35],[-211,14],[6,31],[-36,31],[-99,-16],[-20,79],[23,60],[-61,-3],[-5,-19],[-84,-22],[-26,3],[15,15],[-7,9],[-62,-6],[-8,15],[-93,-53],[9,27],[37,34],[-58,-7],[-99,35],[-59,60],[-19,88],[-68,5],[-37,46],[-41,-113],[-53,-63],[4,-46],[-75,16],[-19,77],[-78,-3]],[[53488,24931],[-24,55],[-47,-4],[2,44],[-33,3],[-18,53],[-148,34],[-15,-11],[-115,67],[-60,9],[-4,19],[-70,-8],[-94,-65],[-147,15],[-26,-64],[-11,26],[23,58],[-38,39],[-13,60],[6,39],[43,24],[17,32],[10,98],[23,4],[-40,39],[2,51],[-178,75],[-5,17],[33,48],[5,30],[-9,91],[37,-28],[56,15],[0,38],[32,12],[65,118],[14,-58],[47,7],[-5,17],[19,0],[-13,20],[62,-6],[13,20],[-21,32],[20,-17],[64,74],[35,-3],[10,16],[-34,-1],[22,65],[-19,28],[-172,45],[12,88],[-46,41],[17,23],[-36,7],[4,62],[-105,174],[-3,19],[22,35],[-4,51],[-55,87],[58,59],[6,26],[-14,19],[55,68],[29,-21],[79,-3],[20,-31],[29,-4],[46,33],[-53,72],[74,-4],[10,-22],[-25,-2],[8,-25],[27,11],[35,-18],[-51,70],[-10,99],[20,37],[104,32],[-27,38],[10,65],[-19,44],[-42,53],[-30,10],[-84,-57],[-27,7],[-51,88],[-89,-37],[-20,37],[-19,-5],[4,-13],[-43,-39],[-28,16],[18,23],[-67,23],[2,12],[-130,-25],[-65,40],[-118,17],[-42,26],[14,20],[-3,55],[-74,23],[-120,-2],[-25,42],[-128,23]],[[51839,27670],[-112,83],[31,49],[94,7],[3,21],[-55,26],[59,39],[58,84],[6,23],[-13,19],[26,26],[-31,19],[-16,54],[7,40],[23,9],[-14,61],[-29,7],[-63,103],[-59,-10],[-9,96],[-123,24],[10,-29],[-56,-27],[24,-79],[-4,-136],[-90,-40],[-125,3],[-36,36],[-8,105],[-70,6],[0,19],[46,33],[115,23],[31,30],[66,22],[-93,42],[-39,-10],[-60,19],[-112,22],[-134,-37],[-56,48],[-93,10],[-68,24],[-17,27],[173,-4],[62,42],[-6,71],[-79,136],[0,44],[24,31],[96,15],[155,-14],[125,44],[86,76],[64,-11],[77,-77],[43,-11],[126,92],[124,124],[105,-5],[37,-38],[65,-129],[93,-49],[49,8],[61,39],[24,69]],[[52357,29014],[82,90],[160,16],[63,-27],[48,-55],[-23,-140],[38,-68],[72,-30],[49,15],[76,58],[76,-13],[51,-69],[22,-149],[28,-26],[44,-8],[34,22],[13,47],[-84,141],[-14,143],[17,45],[50,35],[114,23],[13,-10],[-33,-3],[11,-30],[-11,-15],[41,-11],[76,36],[12,-13],[155,37],[87,-1],[249,96]],[[53873,29150],[23,-126],[-61,-23],[18,-91],[46,-50],[-119,-145],[45,-46],[20,-34],[-8,-35],[-47,-16],[-1,-23],[68,-16],[-9,-31],[-61,12],[-18,-68],[-76,4],[114,-102],[-21,-12],[19,-21],[-64,-35],[-20,-83],[-39,-44],[-3,-43],[37,-12],[16,-32],[1,-64],[141,-17],[-6,-10],[27,-8],[-8,-24],[26,-11],[194,71],[-18,39],[28,119],[-1,107],[160,35],[38,-27],[3,60],[17,0],[16,35],[56,21],[5,-49],[19,-18],[-3,-50],[10,-3],[-13,-31],[17,-52],[35,-86],[43,-9],[35,-35],[-7,-109],[26,-4],[75,-2],[-5,21],[57,21],[1,20],[37,26],[26,165],[159,116],[65,27],[65,-7],[40,105],[53,2],[20,-2],[2,-16],[-35,-28],[4,-74],[60,-26],[45,-55],[108,-46],[18,-24],[-2,-35],[41,21],[31,-31],[10,-53],[-10,-11],[16,-17],[-11,-12],[18,-15],[-12,-11],[27,-20],[-53,-47],[54,-27],[0,-13],[42,-9],[-3,-21],[-22,-1],[-71,-6],[7,-21],[-16,-6],[-12,-38],[-16,-1],[-2,-23],[-17,-2],[18,-65],[-30,-15],[3,-18],[43,-39],[43,-10],[-26,-9],[38,-39],[-9,-20],[-28,-2],[4,-31],[52,-38],[-12,-25],[131,-27],[47,-28],[17,-50],[-4,-29],[15,-8],[-9,-18],[24,-3],[37,-78],[7,-15],[-15,-4],[2,-27],[29,-1],[9,-50],[-11,-1],[16,-51],[-14,-3],[4,-13],[35,7],[6,-19],[-110,-18],[-2,-19],[-16,3],[14,-48],[-158,-91],[17,-21],[-14,-35],[50,-66],[11,-49],[-14,-4],[14,-27],[-68,-37],[10,-20],[-51,-29],[11,-15],[-81,-54],[-69,-37],[-79,-43],[11,-19],[55,34],[0,-32],[86,-50],[107,-10],[23,-35],[57,-22],[81,3],[9,87],[36,2],[17,43],[-18,121],[45,13],[-3,26],[40,5],[14,80],[152,57],[45,55],[26,-34],[9,12],[38,-18],[6,22],[38,-10],[-8,-24],[36,-18],[-18,-13],[-58,-39],[-24,-54],[-21,-6],[-29,-118],[8,-15],[104,4],[82,22],[35,-38],[-18,-22],[14,-11],[-31,-39],[42,-1],[9,-24],[1,-24],[-22,-8],[-31,25],[15,-61],[-20,-7],[36,-80],[23,-25],[-19,-13],[8,-55],[-22,-13],[11,-8],[-6,-49],[-46,-20],[-12,-53],[55,-92],[15,-14],[-63,-105],[-15,0],[2,-44],[-16,-2],[-6,-27],[110,-97],[216,-52],[61,40],[143,16],[-18,-38],[12,-10],[29,34],[117,28],[71,-5],[83,-32],[87,40],[41,76],[27,124],[46,-4],[108,39],[53,42],[-7,44],[39,6],[9,50],[-19,6],[-1,16],[-35,-4],[-51,47],[-41,47],[183,98],[-37,37],[40,12],[-3,40],[124,-9],[2,-18],[65,9]],[[57593,26284],[32,-69],[22,-41],[-12,-4],[8,-37],[-16,0],[2,-24],[-80,-13],[18,-71],[-32,-15],[55,-64],[-17,-8],[24,-22],[184,39],[24,-42],[43,8],[8,-23],[59,10],[-4,-44],[-47,-4],[15,-37],[-63,-23],[-84,-116],[14,-19],[-3,-51],[59,-32],[22,-61],[46,11],[5,-28],[-13,-25],[27,-9]],[[57889,25470],[-5,-27],[13,-3],[-14,-11],[2,-24],[38,-42],[-55,-30],[-89,22],[24,-35],[-15,-20],[-74,-17],[-5,-63],[-22,-42],[94,-36],[2,-21],[50,-49],[8,4],[-18,39],[70,16],[33,-36],[95,-42],[6,-27],[31,-19],[-38,-13],[38,-39],[-6,-45],[17,-10],[41,-38],[33,-77],[31,-19],[-6,-16],[-28,-2],[18,-20],[21,-92],[-87,34],[-23,4],[-6,-14],[67,-17],[66,-35],[0,-18],[64,-18],[-4,-60],[-38,5],[-59,-40],[-30,1],[-13,-34],[-156,40],[-125,-35]],[[58851,14340],[-28,2],[-19,32],[-48,-16],[-55,58],[17,29],[-17,25],[31,22],[-5,15],[-23,1],[-33,78],[48,-10],[-4,28],[-28,-7],[-13,38],[-37,-10],[-43,87],[-80,-19],[-21,50],[42,6],[-11,19],[-62,16],[66,10],[1,19],[-72,-14],[24,60],[-4,31],[-19,2],[-51,-90],[-63,-14],[-28,8],[-13,51],[-53,30],[-31,-5],[-19,-57],[-31,-5],[-3,20],[-56,19],[-36,18],[-37,-7],[-6,22],[-34,-15],[-80,32],[-37,-30],[-34,-3],[-37,140],[10,19],[-60,26],[-56,73],[-290,104],[-45,-12],[28,34],[-74,32],[-44,46],[-17,39],[13,27],[-48,31],[-7,28],[-104,-4],[-46,-36],[-19,23],[-42,5],[5,-19],[-64,-10],[-50,9],[-32,40],[-63,-47],[13,-14],[-14,-31],[23,-22],[-10,-11],[-86,-13],[-56,25],[-31,-36],[-4,18],[-63,-11],[-3,29],[-14,-4],[11,40],[-16,1],[-8,31],[64,43],[-2,46],[20,8],[-13,37],[-79,45],[-18,-6],[-7,26],[21,4],[-36,41],[-50,-19],[-26,13],[16,16],[-6,42],[40,-14],[-19,27],[-52,16]],[[56772,16846],[80,-10],[-11,35],[71,20],[-11,68],[24,7],[20,-64],[69,9],[19,55],[-40,139],[-28,28],[20,37],[-4,28],[40,53],[57,36],[131,-9],[-5,-33],[14,-24],[59,-25],[16,-77],[-26,-37],[99,-11],[65,19],[52,-14],[107,104],[-6,32],[26,-22],[39,2],[-3,-27],[50,-19],[15,90],[24,-1],[3,23],[39,-35],[85,-7],[25,18],[3,44],[133,15],[11,40],[-28,1],[30,72],[41,-19],[15,62],[45,41],[-24,26],[30,15],[41,3],[-25,-74],[31,-24],[-31,-70],[68,-27],[61,12],[0,-31],[-40,-24],[6,-68],[23,-54],[59,-19],[10,-17],[-11,-36],[42,-11],[4,68],[36,126],[-4,134],[132,16],[12,-15],[33,5],[74,46],[102,22],[46,-69],[5,-69],[59,20],[54,-6],[-4,-17],[21,-21],[66,19],[33,-45],[-20,-51],[76,-23],[61,-46],[98,-18],[78,6],[15,-37],[-11,-15],[33,-47],[33,8],[-13,-17],[71,-51],[51,3],[-3,-30],[54,17],[22,-1],[6,-25],[44,-9],[73,12],[-30,-33],[-76,-32],[-2,-18],[137,25],[8,-22],[31,7],[34,-24],[28,9],[-5,25],[28,5],[67,-46],[20,8],[16,14],[-13,10],[31,18],[-11,46],[17,14],[-16,24],[5,19],[40,2],[-11,-23],[20,-31],[57,-12],[56,26],[10,-16],[14,9],[-11,17],[27,0],[-16,35],[22,23],[-14,30],[103,-14],[3,-51],[69,-9],[-13,-17],[118,19],[44,24]],[[60501,17042],[27,2],[68,-38],[-35,-33],[9,-11],[36,4],[-3,18],[36,-5],[-10,-14],[20,-53],[18,-7],[3,-34],[27,4],[11,-20],[18,80],[40,-15],[46,28],[36,-11],[-73,-71],[49,5],[30,-20],[4,-40],[-27,3],[-2,-26],[47,-10],[-18,-19],[24,-9],[-1,-27],[48,-54],[67,7],[17,-85],[-14,-7],[-15,22],[-8,-18],[-41,7],[-27,-9],[2,-23],[75,-31],[-7,-62],[66,22]],[[61044,16492],[-14,-59],[47,-10],[40,-26],[-6,-14],[-21,-14],[-13,15],[-18,-18],[-28,17],[-34,-9],[-6,-58],[-137,-126],[-92,1],[-12,-9],[11,-23],[-17,1],[-25,-32],[-63,19],[-4,-22],[-73,-10],[-1,-30],[-28,4],[-13,26],[-38,-18],[-36,16],[-74,-33],[-9,34],[-14,-3],[-5,33],[12,15],[60,19],[-8,16],[38,24],[25,-24],[33,24],[4,22],[-32,6],[0,46],[14,-1],[-49,34],[33,22],[2,77],[32,9],[3,-55],[24,-9],[42,18],[-7,36],[28,3],[0,44],[-45,55],[-50,-52],[-19,17],[-30,-20],[-57,45],[-40,1],[-20,-28],[12,-21],[-48,-6],[-26,-46],[-49,-9],[-15,-42],[11,-15],[-10,-20],[7,-51],[-23,-7],[7,-33],[-35,-7],[2,-19],[18,0],[3,-61],[-81,6],[-55,-54],[-44,10],[-16,-24],[-7,-60],[-34,-14],[-5,-26],[-87,17],[15,39],[-11,8],[-30,18],[11,36],[-11,0],[-5,28],[39,-1],[-31,88],[-20,10],[14,20],[-2,37],[-91,99],[17,3],[-72,32],[-52,-7],[-4,-25],[-24,-8],[-14,19],[-16,-2],[10,-46],[-9,-21],[-85,55],[-29,-21],[-24,20],[22,-1],[-25,28],[-77,19],[-82,109],[-118,29],[-1,-53],[38,-151],[-18,-7],[-53,-27],[35,-35],[-108,-2],[-7,-26],[81,-62],[-87,-68],[-2,-24],[17,-19],[87,-42],[-37,-6],[2,-28],[-25,-12],[93,-34],[-18,-62],[31,5],[3,25],[18,-43],[52,15],[-8,-60],[47,-38],[-13,-17],[111,-38],[6,-86],[23,-12],[-18,-10],[216,-174],[-37,-18],[-5,-16],[22,-9],[-15,-16],[-103,11],[3,-40],[-18,0],[-1,27],[-30,16],[-38,-17],[8,-46],[-24,0],[5,-46],[-23,-70],[99,-64],[13,-28],[25,-34],[8,-27],[-12,-5],[18,-38],[-8,-6],[27,-60],[-1,-129],[12,-4],[-57,-55],[-23,2],[-22,-47],[13,-19],[-26,-3],[27,-78],[-21,-14],[14,-84],[79,3],[21,-41],[-48,-3],[24,-39],[-135,-69],[-81,-10],[-10,21],[-63,-21]],[[59257,14404],[-45,1],[-31,24],[-27,-10],[-9,21],[-97,-9],[14,-30],[-24,-15],[-24,20],[7,-23],[-30,-8],[9,-27],[-116,11],[-33,-19]],[[58908,14220],[-24,60]],[[58884,14280],[53,9],[14,-70],[-43,1]],[[59073,20687],[5,-72],[-48,-43],[34,-56],[-51,-26],[18,-38],[35,29],[31,-9],[9,19],[22,-3],[-12,16],[27,18],[11,-24],[94,-7],[-23,-21],[23,-29],[65,-19],[28,38],[-27,26],[19,9],[48,-25],[11,24],[56,-29],[18,-102],[58,6],[60,-40],[34,-33],[73,-14],[-15,28],[2,39],[34,-43],[18,3],[-14,36],[8,23],[30,-24],[5,-30],[41,18],[73,-4],[0,-69],[-44,-36],[2,-32],[92,-36],[-34,-87],[57,-24],[120,-8],[22,-40],[55,-8],[-9,-24],[17,-31],[-15,-37],[-20,-7],[26,-23],[111,19],[-2,-19],[22,-21],[36,-6],[24,-63],[66,-20],[-17,-18]],[[60382,19738],[-4,-21],[-67,-13],[13,-56],[6,-33],[129,21],[-4,-27],[24,0],[2,-30],[25,-1],[5,-34],[-35,5],[-11,-22],[36,1],[22,-39],[17,2],[20,-48],[14,4],[0,-19],[-21,3],[-1,-35],[25,-30],[99,-2],[13,-19],[-7,-35],[58,-34],[-44,-18],[15,-12],[-13,-6],[-58,13],[-18,-27],[64,-36],[33,-46],[24,7],[44,-71],[-1,-39],[-21,0],[-6,-25],[-84,-50],[-3,-25],[-60,8],[-6,-14],[-44,0],[1,-23],[-53,20],[3,-18],[-33,-5],[23,-13],[2,-19],[115,-36],[27,-14],[13,-33],[23,-3],[-2,-16],[47,-12],[-4,-40],[27,-6],[-6,-18],[15,-1],[-9,-35],[-18,5],[-20,-45],[-26,8],[-6,-16],[31,-16],[-12,-18],[48,-45],[-12,-14],[11,-11],[-7,-38],[-26,-25],[16,-13],[-5,-24],[-19,8],[6,-26],[49,-9],[-15,-43],[4,-55],[-202,-80],[-25,-92],[40,3],[98,-32],[6,-24],[42,-5],[13,-80],[-28,-9],[21,-37],[-16,-22],[17,-13],[-16,-63],[14,-7],[-20,-14],[-47,-15],[1,-35],[-60,-61],[-75,-1],[-35,-19],[-1,-46],[84,-22],[-26,-22],[13,-18],[44,-5],[2,-24],[-41,7],[-20,-20],[4,-36],[11,-2],[-4,-17],[-17,1],[11,-36],[17,0],[36,-28],[-20,-12],[-19,19],[4,-26],[-12,-10],[28,-35],[-30,-11],[-8,39],[-37,-17],[-17,21],[-7,-14],[-22,5],[19,41],[-28,3],[-12,-12],[3,-40],[-23,1],[0,-20],[40,-9],[-8,-52],[15,-5],[-3,-20],[37,-44],[45,-23],[3,-14],[-32,8],[-11,-38],[-38,5],[-13,-28],[15,-26],[35,2],[-4,-15],[-55,2],[37,-20],[33,6],[8,-13],[-13,-18]],[[40744,16989],[9,16],[38,-18],[49,68],[16,-8],[-53,-67],[-22,-9],[-37,18]],[[40855,17067],[46,70],[25,-6],[-16,-39],[-55,-25]],[[40702,16849],[7,22],[49,21],[15,25],[22,-18],[37,40],[16,-22],[-19,-44],[101,-21],[35,63],[2,41],[44,43],[-18,2],[77,38],[22,-16],[34,15],[156,-31],[66,23],[-31,18],[9,34],[115,50],[60,7],[7,55],[-20,53],[-39,22],[-11,34],[-82,33],[-6,31],[-87,131],[-36,-12],[-19,18],[-113,21],[-36,6],[-35,41],[148,131],[17,40],[-41,16],[86,124],[-30,17],[213,191],[-56,44],[-61,-10],[-105,-31],[-33,-56],[-28,37],[29,19],[-29,11],[34,27],[-24,67],[-33,-9],[-12,50],[33,-15],[49,0],[25,-60],[103,24],[67,-40],[78,-75],[32,-7],[5,15],[17,-59],[78,21],[12,-63],[17,12],[34,-21],[17,15],[41,-75],[93,-67],[109,-57],[46,-121],[-10,-45],[128,38],[39,-11],[-13,-46],[37,-36],[-2,-33],[27,-11],[24,23],[-8,12],[55,27],[-12,-21],[14,-9],[65,-6],[-50,-40],[12,-13],[-16,-15],[11,-57],[-21,-44],[-61,-70],[-7,-30],[36,-46],[8,-55],[56,1],[71,-72],[11,-43],[31,-42],[86,-28],[47,-117],[0,-229],[-1,-24],[-24,-55],[-35,-38],[-69,-10],[-77,-68],[15,-101],[-168,-136],[-28,-49],[-162,4],[-63,1],[-68,-27],[-58,30],[5,16],[5,25],[-25,43],[-26,48],[-8,63],[10,49],[-38,4],[-11,19],[50,66],[-8,30],[-68,-62],[-34,8],[-64,61],[9,44],[-32,40],[-50,4],[-44,55],[-28,-21],[-6,64],[-18,-26],[-102,-41],[-82,53],[-66,14],[-11,-21],[-48,18],[-58,-20],[-109,40],[-62,52],[-114,29],[1,32],[-41,-13]],[[41411,17060],[21,-13],[22,15],[-17,16],[-26,-18]],[[41497,17023],[5,-31],[34,-47],[108,-7],[-63,54],[-6,47],[-40,11],[-38,-27]],[[41581,16757],[58,-24],[43,15],[-28,49],[-27,1],[-46,-41]],[[40808,17190],[36,46],[15,-67],[-51,21]],[[42679,20926],[60,-108],[-21,-59],[29,-13],[39,-1],[29,21],[7,26],[-17,29],[29,0],[139,-39],[8,20],[154,-8],[133,-71],[64,96],[-49,21],[8,100],[56,18],[49,99],[101,1],[-72,-230],[190,-249],[107,-80],[16,29],[20,-4],[3,-28],[28,3],[-3,-23],[19,-20],[33,25],[0,30],[16,7],[32,109],[-6,47],[-24,18],[35,11],[36,-29],[78,-118],[99,-71],[31,-76],[83,-51],[-4,-36],[25,-35],[-12,-124],[-61,-45],[-20,-133],[-77,-33],[-25,-37],[37,-36],[-11,-24],[22,-49],[41,-11],[-33,-79],[19,-21],[10,-75],[152,-23],[-11,-33],[144,-28],[-33,-73],[-7,-18],[-58,13],[-65,-16],[-71,-50],[-37,-55],[-138,-6],[-31,-22],[-11,25],[-28,-15],[-211,-4],[-18,16],[5,28],[-47,2],[1,18],[-73,-24],[-66,22],[10,30],[41,18],[-8,52],[32,73],[33,24],[-104,90],[-236,-127],[-207,-40],[11,78],[-46,46],[8,42],[-11,16],[-43,34],[-55,-44],[-60,47],[-186,79],[-107,81],[-7,30],[-76,-39],[11,-53],[-12,-1],[-76,2],[-105,79],[-50,-60],[-107,-31],[-33,80]],[[43036,18074],[-20,-30]],[[43016,18044],[-32,8],[11,49],[-92,47],[133,17],[-8,-15],[29,-20],[5,-31],[-26,-25]],[[43939,23352],[251,-137],[45,-34],[11,-79],[15,1],[5,-36],[28,21],[125,-53],[40,82],[114,-42],[116,-45],[-40,-83],[241,-96],[136,-65],[103,28],[66,-27],[70,-67],[39,58],[101,-33],[5,-48],[92,-6],[-6,-17],[124,-34],[25,10],[34,2],[36,23],[55,-54],[98,91],[109,32],[33,-108],[57,22],[24,-45],[65,-26],[30,-44],[7,-29],[-25,-9],[43,-119],[106,-46],[59,10],[101,-61],[84,30],[45,-28],[59,3],[63,38],[41,-84]],[[47279,20675],[-95,37],[-266,6],[54,-39],[-19,-21],[-7,-55],[-31,-27],[-9,-42],[18,-14],[0,-56],[22,-24],[-38,-5],[-60,-20],[-42,17],[-85,-46],[-81,34],[-10,19],[49,23],[-34,38],[-60,24],[-152,6],[-17,-42],[-107,-17],[-41,3],[9,57],[-48,-10],[-95,-94],[5,-59],[-102,-54],[2,-91],[-18,-4],[-8,-32],[51,-56],[5,-51],[-15,-6],[38,-54],[-52,-35],[-17,-19],[31,-28],[-67,-19],[-28,-18],[1,-16],[-94,-18],[-18,6],[-30,59],[-22,-8],[-8,25],[-19,7],[-121,-43],[-31,-2],[-10,27],[-54,-20],[-45,11],[-32,39],[-14,57],[-40,62],[-61,-51],[-51,-10],[2,-140],[-73,-8],[-110,47],[-101,-18],[-110,-75],[-108,17],[-13,10],[-68,21],[-44,-17],[-16,-33],[4,-32],[-36,-31],[0,-40],[-52,-21],[-48,-52],[26,-33],[-16,-10],[7,-31],[-43,-37],[5,-29],[-48,-56],[-35,26],[-20,-37],[-25,13],[-29,-107],[27,-15],[-7,-29],[27,-56],[-9,-47],[-49,-25],[3,-14],[3,-13],[156,10],[-2,-86],[-9,-3],[-80,-18],[10,-14],[-28,-86],[-63,-74],[-11,20],[-66,-35],[-14,-28],[-9,13],[-36,-14],[-12,-55],[9,-81],[-13,-6],[53,-74],[34,-15],[-5,-11],[-73,-152],[-97,-84],[-34,1],[-132,-114],[-82,-4],[-80,-35],[67,-57],[-2,-77],[41,-76],[117,-79]],[[43993,17920],[-139,-17],[-73,38],[-92,7],[-118,-32],[-16,-14],[-7,-58],[-38,-4],[-40,21],[19,49],[-115,102],[-40,84]],[[43334,18096],[-1,80],[-38,126],[-61,64],[-74,-35],[-57,-69],[-112,65],[-131,-43],[-36,-76],[65,-58],[-46,12],[-86,74],[-121,60],[-30,50],[-46,0],[-34,-21],[-87,34],[-55,52],[26,23],[-36,48],[-34,119],[-76,60],[-14,29],[-13,-5],[69,84],[-36,83],[27,27],[-13,15],[26,26],[-15,13],[35,27],[-33,32],[169,111],[282,12],[17,43],[39,88],[-85,22],[-289,145],[-76,4],[-1,-28],[-60,1],[4,36],[-76,-2],[-121,35],[-22,43],[-78,10],[-14,18],[17,83],[-22,26],[25,139]],[[39426,16745],[63,89],[0,222],[16,95],[27,51],[71,32],[181,-23],[110,25],[46,42],[33,58],[19,144],[38,61],[97,39],[148,-21],[50,9],[64,30],[102,87],[145,186],[41,123],[83,301],[103,272],[64,132],[98,170],[148,205],[48,63],[83,106],[70,124],[53,100],[43,48],[291,98]],[[43334,18096],[5,-54],[-48,-7],[-10,17],[-35,-15],[-85,17],[-33,40],[-18,-20],[-23,12],[-51,-12]],[[43016,18044],[46,-22],[42,-47],[124,-31],[-1,-70],[40,-47],[-2,-38],[-105,19],[-12,-52],[-37,-25],[78,-14],[137,-113],[87,-13],[-13,-41],[12,-65],[22,-43],[31,-14],[14,-41],[-14,-18],[14,-25],[-29,-55],[-12,-72],[-67,-57],[7,-124],[180,102],[1,53],[16,17],[103,18],[24,33],[48,15],[85,-22],[81,-66],[4,-25],[-47,-166],[-51,-57],[11,-13],[8,-112],[-35,-55],[-83,-4],[-32,-25],[17,-125],[57,-69],[-70,-33],[-50,2],[-27,27],[-90,-58],[34,-28],[37,-67],[5,-81],[-23,-159],[15,-14],[3,-32],[-33,-47],[-49,36],[-62,-10],[-4,-25],[46,-26],[4,-28],[-6,-27],[-35,-31],[-11,-44],[-67,-1],[-43,21],[-29,-48],[5,-20],[-43,-12]],[[43272,15830],[-143,-41],[-28,9],[-29,-52],[21,-42],[-16,-10],[12,-28],[-53,-35],[9,-29],[-158,-53],[11,-45],[-138,-19],[24,-62],[53,-15],[-14,-33],[-127,-32],[-99,-60],[-58,0],[-41,-40],[-30,17],[-10,-13],[-39,8],[-155,-35],[-136,29],[-126,1],[-206,137],[-126,25]],[[41670,15412],[92,34],[126,-41],[9,68],[-134,30],[8,57],[42,-6],[18,26],[9,65],[-7,67],[-106,21],[-11,-42],[-212,30],[-25,-19],[-163,135],[-90,-18],[-71,21],[27,60],[-165,92],[-52,2],[-21,19],[21,19],[-83,-25],[-12,10],[-3,-18],[-17,12],[-40,-68],[-61,12],[-54,11],[-38,43],[-61,20],[-71,83],[-32,-14],[-9,37],[-31,8],[-56,63],[10,-1],[0,18],[-64,8],[-10,-28],[-24,0],[0,29],[-28,3],[-6,18],[-25,-33],[-76,36],[-123,-13],[3,24],[45,13],[-15,42],[-56,6],[-87,-34],[-8,12],[-8,19],[20,50],[-50,8],[16,-49],[-14,-24],[-37,43],[-76,30],[-104,16],[-82,-17],[-56,33],[-3,31],[37,62],[36,-9],[17,29],[60,15],[-22,30],[30,17],[-94,32],[8,47],[-38,30],[-147,46]],[[40138,16476],[43,-35],[33,15],[-18,24],[0,39],[28,8],[-1,-30],[43,22],[45,78],[64,1],[25,65],[-56,12],[-40,-10],[-43,-59],[-123,-130]],[[40437,16212],[17,-19],[9,23],[-26,-4]],[[39904,16466],[66,-33],[13,15],[-64,36],[-15,-18]],[[44676,24807],[-3,90],[83,33]],[[44756,24930],[65,11],[15,23],[74,-41],[6,26],[74,-40],[41,35],[116,177],[94,-25],[58,-43],[75,33],[12,-16],[134,40],[17,-14],[52,32],[84,-3],[168,35],[-1,17],[48,53],[25,-4],[42,-39],[114,6],[29,-30],[54,5],[-12,36],[11,62],[-37,22],[35,27],[62,-5],[128,-59],[-52,-43],[0,-28],[37,-46],[3,-78],[97,-51],[78,-4],[36,-111],[-14,-59],[31,-86],[5,-60],[-31,-32],[-37,-13],[-67,11],[-22,-71],[11,-19],[-26,-56],[-42,-31],[-46,13],[-3,-22],[50,-82],[-118,-20],[-57,-45],[-38,-6],[-29,21],[-90,-33],[-36,39],[-15,-20],[13,-41],[39,-24],[-37,-88],[-14,-34],[-113,-26],[-27,21],[-290,49],[-3,-42],[-79,-1],[7,-45],[-27,7],[-41,11],[-17,-22],[-30,6],[40,63],[-11,-1],[14,37],[-57,43],[7,13],[-46,45],[-28,-25],[-17,11],[-54,-159],[1,-44],[-72,-2],[-45,22],[36,58],[-199,79],[30,52],[12,-5],[9,80],[88,28],[57,15],[-4,12],[70,60],[68,-5],[66,24],[-35,58],[-62,-13],[-16,169],[-26,82],[-73,-60],[-96,-41],[-68,42],[-246,44],[-12,35]],[[44744,26009],[17,-5],[-6,-64],[24,-15],[-40,-40],[58,-85],[-129,-61],[18,-32],[-85,-5],[-75,-29],[-79,-155],[54,-3],[44,-24],[100,-137],[108,-41],[22,9],[43,-10],[-110,-184],[67,-26],[22,-90],[-40,-54],[14,-9],[-15,-19]],[[44676,24807],[-32,7],[-41,18],[-170,-7],[4,-14],[-68,-12],[10,-37],[-44,5],[-21,-15],[-56,23],[1,56],[-18,3],[-164,-83],[-52,4]],[[49078,26343],[49,0],[19,26],[-20,43],[61,61],[-17,7]],[[49205,26676],[45,21],[48,-54],[57,-13],[149,26],[68,35],[111,9],[52,-48],[71,27],[64,-46],[56,36],[61,-33],[52,29],[52,-4],[35,19],[25,-15],[92,31],[73,21],[50,3],[58,38],[29,-1],[0,36],[-21,28],[26,43],[82,-6],[8,60],[42,42],[-3,55],[175,92],[-91,120],[-37,15],[41,52],[-35,35],[64,42],[62,-21],[17,32],[20,50],[81,66],[61,26],[-20,47],[55,-11],[225,-112],[60,0],[47,66],[125,62],[24,35],[44,-82],[100,-98],[87,41],[105,-12],[89,99],[26,58],[-64,22],[-9,31]],[[48744,23385],[35,85],[29,28],[0,33],[-86,48],[-33,70],[70,72],[-31,28],[-74,-53],[-40,5],[1,24],[-35,10],[-41,47],[-103,66],[-11,30],[-81,30],[-64,-25],[-14,71],[-26,7],[-52,-14],[-20,13],[-28,-31],[-68,28],[-41,57],[37,43],[-28,71],[11,27],[-134,131],[-82,14],[-15,137],[-23,1],[-4,49],[46,54],[57,28],[122,31],[67,-56],[5,16],[45,-4],[5,22],[43,25],[-2,14],[52,11],[-3,129],[-15,1],[-24,64],[1,30],[52,48],[62,14],[7,20],[22,5],[-16,-63],[7,-42],[50,-38],[42,-7],[45,4],[-5,43],[73,35],[-16,21],[-26,37],[64,50],[66,87],[120,83],[-98,165],[-106,137],[159,41],[78,80],[29,-17],[-14,-36],[40,-10],[13,68],[-65,55],[55,-26],[78,62],[45,-1],[30,50],[78,64],[-72,86],[-65,13],[59,167],[45,-1],[14,38]],[[45681,18094],[-88,0],[-54,58],[-45,14],[-25,-31],[6,-27],[-68,-17],[-81,69],[-130,51],[-35,34],[-11,61],[-27,-1],[117,40],[13,22],[-9,55],[43,14],[32,77],[-9,53],[10,32],[-41,69],[-6,86],[-48,78],[-40,4],[-35,104],[24,73],[109,33],[28,31],[143,-123],[127,4],[-13,14],[22,35],[84,65],[64,17],[-29,22],[55,17],[125,-8],[16,-22],[66,52],[3,36],[84,-32],[100,15],[17,-23],[58,-19],[78,-87],[-35,-14],[-1,-14],[34,-70],[-19,-29],[15,1],[-57,-76],[164,-83],[-10,-43],[10,-29],[115,28],[19,35],[9,-44],[5,-17],[-19,-31],[13,-159],[17,-34],[116,-51],[-15,-44],[-243,-59],[-22,-12],[7,-24],[-45,-48],[-15,16],[-14,-44],[18,-41],[-6,-66],[-79,-18],[-112,31],[-12,17],[20,57],[-78,35],[-41,-5],[-18,-11],[29,-12],[-2,-45],[35,23],[39,-15],[-23,-59],[75,-51],[-67,-84],[-79,5],[-75,-38],[-25,47],[-28,17],[11,13],[-22,43],[-54,58],[-30,10],[21,41],[-97,-28]],[[45740,18118],[-59,12],[0,-36]],[[43993,17920],[83,-23],[16,-50],[98,-4],[72,-38],[29,-28],[-1,-27],[40,-19],[-19,-28],[-102,-13],[-18,-34],[113,-144],[114,2],[65,72],[29,74],[-4,42],[50,103],[165,65],[16,-12],[60,44],[13,-34],[49,-41],[-8,-22],[20,-30],[105,32],[-17,83],[13,54],[33,60],[50,12],[28,-43],[97,-19],[31,-43],[146,-84],[82,15],[23,-36],[103,75],[67,-14],[88,11],[11,79],[26,17],[-63,15],[46,30],[-61,75]],[[45740,18118],[135,-99],[-6,-45],[17,-34],[3,-55],[57,-44],[-2,-93],[62,-85],[99,61],[43,-65],[90,-75],[48,-119],[61,-43],[113,-32],[24,36],[52,29],[113,-25]],[[46347,14471],[26,-28],[-69,-17],[16,-60],[-16,-39],[-20,-41],[-45,11],[-4,-31]],[[46235,14266],[-28,30],[-111,-28],[-5,-40],[16,-17],[-9,-20],[15,-29],[-67,-30],[4,-63],[-158,10],[7,-38],[-113,24],[-9,-33],[-76,3],[6,41],[-20,49],[9,6],[-67,25],[-74,106],[-19,74],[-93,-12],[-56,-45],[-43,-10],[-103,-4],[-30,-43],[-124,13],[-17,50],[-24,19],[-78,-36],[-62,62],[-16,29],[1,31],[36,52],[14,66],[65,-4],[-10,32],[67,45],[29,52],[63,26],[-20,24],[-71,22],[-41,-2],[4,47],[-64,37],[-37,-25],[-4,33],[-40,47],[-22,5],[-47,-33],[-24,-79],[-76,33],[-18,-29],[-139,54],[14,70],[62,46],[67,20],[17,43],[-20,149],[-60,-35],[-54,-69],[-161,161],[1,33],[-14,6],[-59,13],[-45,58],[-63,-16],[-184,34],[-55,43],[-22,74],[-145,83],[-32,5],[-33,-74],[-72,84],[-35,19],[-5,27],[-62,28],[-30,42],[-1,25],[-85,20],[-30,51],[-76,65],[-23,4],[-2,-24],[-39,-5],[-81,28],[85,-9],[-42,38]],[[42371,12473],[-40,-3],[-68,103],[-59,31],[-80,28],[-52,-42],[-23,58],[-52,29],[-60,-44],[-16,22],[17,51],[-14,4],[105,112],[-76,13],[-5,27],[-32,-3],[-28,33],[1,114],[-54,18],[-71,54],[71,51],[-2,64],[44,29],[72,1],[5,51],[38,56],[-37,30],[-12,94],[61,-6],[24,20],[6,24],[-12,32],[48,104],[-21,46],[2,32],[-16,11],[-5,72],[15,7],[21,80],[-11,29],[19,15],[-12,33],[16,15],[35,-17],[14,11],[-17,31],[-19,70],[-38,47],[-97,34],[-75,-13],[-27,17],[-18,-20],[-61,60],[-51,4],[-50,61],[-31,57],[-2,38],[32,36],[-17,50],[-80,38],[13,14],[24,137],[40,32],[-46,51],[-3,81],[33,26],[-33,26],[-14,53],[81,16],[55,54],[7,54],[49,31],[15,71],[-9,28],[-64,-2],[-7,31],[-63,51],[-8,100],[-100,69],[18,33],[47,10],[59,-26]],[[46235,14266],[82,-7],[28,-19],[17,-37],[-6,-21],[21,-19],[35,-101],[16,8],[9,-21],[48,24],[88,-30],[3,-35],[25,0],[20,-43],[51,10],[-1,-27],[19,-39],[35,7],[13,-61],[32,18],[5,-18],[21,7],[23,-48],[42,-27],[-95,-4],[4,-19],[-74,-22],[5,-35],[-48,2],[5,-17],[-128,-30],[-14,-31],[11,-12],[-21,-13],[-63,4],[-19,-32],[24,-7],[15,-38],[-17,3],[-31,-34],[-58,5],[-2,-46],[-47,-76],[6,-25],[53,-1],[-11,-10],[13,-36],[56,-11],[-92,-45],[59,-7]],[[46392,13250],[-74,-29],[9,-44],[-12,-47],[-33,-29],[-20,-76],[-21,-12],[10,-11],[-7,-22],[-68,-32],[2,-23],[82,-64],[-106,-43],[-78,-11]],[[46076,12807],[2,12],[-70,26],[-98,-40],[-22,38],[12,16],[-35,-12],[-12,20],[-20,-8],[-10,27],[-97,9],[-22,32],[-31,-13],[-7,26],[-19,1],[20,58],[-81,23],[-32,38],[-3,12],[-61,-31],[-18,8],[-102,-49],[-45,7],[-79,81],[-119,-14],[-80,-49],[-92,-7],[-62,57],[-25,114],[-95,-78],[-92,2],[-72,-30],[-3,-16],[-79,-9],[-31,41],[-55,27],[-135,-56],[-89,4],[-41,43],[-35,-6],[9,-26],[35,-41],[65,-25],[-43,-39],[-4,-23],[33,-21],[-5,-23],[-178,-1],[-91,-57],[-52,-1],[29,-33],[15,-61],[-29,-64],[12,-23],[18,5],[24,-23],[26,12],[48,-90],[-2,-19],[-10,-10],[-33,25],[-41,-41],[8,-23],[-61,-36],[-54,-14],[-12,28],[-33,-10],[7,-16],[-27,-14],[26,-28],[36,7],[11,-36],[52,5],[-10,-81],[29,-33],[102,-1],[25,-19],[-13,-39],[-15,-52],[6,-34],[-34,-14],[-13,-49],[-172,14],[-105,-24],[-27,-10],[-118,-134],[-56,39],[-6,44],[-25,28],[16,44],[-40,49],[12,37],[-35,20],[-66,-11],[-38,18],[-100,-12],[-14,-16],[-70,11],[-89,43],[-67,71],[-84,11],[-31,20],[5,37],[-39,-3],[-11,70],[7,65],[-29,202],[42,29],[-30,25],[20,62],[-49,32],[-3,18],[-71,30],[-143,29],[-5,-30],[-51,-44],[-23,-86],[-34,-46],[22,-88],[23,-23],[-6,-18],[-136,-103]],[[38272,9235],[91,-126],[130,-70]],[[38493,9039],[36,-181],[31,-21],[71,-5],[50,-54],[23,23],[56,-98],[101,-43],[38,-44],[-80,15],[-36,52],[-45,-27],[-34,21],[-19,-13],[-6,-37],[14,-12],[122,-61],[116,0],[47,37],[53,-17],[72,44],[39,-19],[19,-62],[-1,-69],[-12,-21],[24,-57],[3,-59],[-5,-23],[-16,6],[-14,-21],[9,-15],[-14,-2],[-7,-65],[-92,-12],[31,-54],[55,-48],[-20,-35],[-31,-1],[-26,-54],[49,-112],[33,-25],[0,-127],[-23,-30],[-43,-31],[-34,-53],[-47,-27],[-8,-37],[29,-81],[-7,-36],[-132,-50],[-16,-45],[-59,-23],[-84,-9],[-27,12],[-32,55],[-45,47],[-4,24],[19,16],[-12,12],[-7,69],[45,-4],[-16,59],[23,25],[-8,12],[13,27],[45,-36],[23,44],[9,70],[-12,4],[22,73],[-71,46],[-23,-4],[9,-16],[-96,-11],[-22,16],[-13,56],[-41,21],[-3,46],[-18,18],[-104,49],[19,36],[-2,34],[-119,-3],[-54,-54],[-64,-21],[-59,-21],[-99,55],[-88,23],[-105,87],[-40,-18],[-68,20],[5,10],[-52,-17],[-94,12],[-66,-37],[-27,23],[-62,-49],[25,-29],[-36,-46],[-17,4],[-138,-93],[-99,46],[-17,-27],[-35,14],[-50,-32],[-52,56],[-31,-19],[-48,34],[6,11],[36,77],[96,24],[17,95],[16,-2],[20,53],[-48,40],[-1,52],[250,188],[-28,4],[9,44],[-21,28],[-1,85],[-14,1],[55,106],[46,-26],[26,16],[42,-6],[59,16],[31,32],[20,-17],[-8,-41],[110,-78],[44,-41],[-5,-16],[62,-32],[6,42],[73,-42],[13,-29],[84,80],[-11,31],[17,17],[36,-8],[48,24],[-25,50],[34,44],[4,66],[30,27],[-8,7],[25,95],[-29,-1],[36,65],[-13,1],[4,22],[82,10],[-4,23],[84,83],[21,-18],[62,-6]],[[35888,5472],[-131,326],[-4,132],[130,328],[39,136],[86,151],[25,73],[-1,129],[-62,173],[6,101],[36,67],[123,85],[58,85],[9,87],[-18,215],[16,66],[47,84],[214,244],[68,124],[9,45],[-50,204],[-79,135],[-301,326],[-27,56],[46,227],[-41,292],[7,54],[32,73],[48,127],[-17,157]],[[36156,9774],[120,-88],[96,28],[22,-28],[41,-11],[49,-3],[24,40],[168,16],[14,16],[30,-12],[44,-52],[49,34],[41,-12],[74,3],[13,22],[37,-12],[70,60],[64,12],[12,-34],[68,-16],[18,-16],[-1,-53],[42,-1],[106,48],[76,-4],[60,-32],[135,63],[59,-57],[9,-59],[46,-28],[-71,-159],[3,-25],[23,-1],[-5,-20],[110,54],[64,-17],[16,-39],[30,4],[7,-17],[-9,-14],[31,1],[-13,64],[46,-19],[6,-18],[142,-91],[130,-37],[20,-29]],[[38493,9039],[10,27],[46,17],[66,0],[170,-31],[63,5],[19,24],[68,19],[98,-17],[-29,-49],[17,-33],[42,-21],[28,43],[3,35],[-21,47],[10,-1],[-2,51],[21,35],[251,-89],[41,71],[22,3],[31,-23],[81,18],[43,-20],[92,21],[84,-9],[59,-39],[72,36],[53,-40],[136,-16],[92,23],[27,-10],[28,37],[51,17],[76,-5],[63,-75],[9,-105],[16,-36],[126,-9],[8,-11],[-17,-39],[23,-26],[11,25],[34,10],[19,-62],[36,-12],[-2,-17],[50,-41],[-6,-19],[20,-18],[2,-28],[65,-28],[-27,-3],[4,-28],[34,3],[-16,-15],[26,-73],[44,14],[27,-41],[45,14]],[[40935,8545],[38,-11],[59,-81],[30,-2],[46,3],[47,-23],[16,-15],[-21,-20],[3,-30],[26,-18],[82,31],[30,-28],[114,13],[28,-43],[-3,-37],[22,-35],[153,61],[10,51],[26,37],[34,11],[145,-50],[76,34],[40,-18],[12,-32],[136,17],[102,-73],[106,17],[39,35],[93,17],[81,-50],[15,-51],[-11,-64],[-49,-23],[16,-45],[-25,-31],[-63,6],[9,-57],[-56,11],[-36,-44],[-20,-1],[15,-48],[-21,-4],[-21,31],[-26,2],[-57,-31],[-36,13],[-60,-76],[105,-25],[161,14],[15,-26],[97,24],[18,-19],[3,-44],[-17,-5],[0,-29],[198,-51],[74,-39],[36,-52],[68,-31],[-20,-30],[74,-48],[49,-1],[-9,-10],[14,-15],[80,-38],[-19,-11],[17,-18],[38,-7],[-13,-11],[50,1],[68,-37],[27,-39],[84,-15],[23,-38],[-4,-21],[-59,-33],[3,-14],[100,-23],[40,-38],[-23,-15],[25,-27],[-9,-20],[11,-23],[35,-24],[35,1],[40,-25],[-5,-16],[36,-1],[4,-24],[-19,-12],[15,-42],[-24,-45],[30,-17],[-17,-40],[-33,-16],[33,-33],[12,-41]],[[43526,6745],[-26,-23],[-59,26],[-152,-24],[-5,-19],[-26,1],[-7,-25],[-26,1],[7,-32],[-46,4],[-8,-34],[-40,4],[-34,-30],[-80,8],[-23,6],[-70,-33],[-10,28],[-92,40],[-13,-21],[-82,13],[-30,-16],[-105,34],[-28,-28],[-26,19],[-28,-34],[-90,34],[-28,39],[-99,-18],[-29,17],[-12,58],[-17,8],[-131,-30],[-52,8],[-71,-23],[-52,-65],[41,-68],[-65,-12],[-21,-25],[-173,-17],[2,-18],[18,-1],[35,-90],[-57,-26],[-82,25],[-53,-18],[7,-56],[83,-110],[-24,-97],[66,-64],[-41,-21],[-63,22],[-63,-105],[42,-62],[-8,-39],[47,-42],[-1,-73],[27,11],[71,-13],[29,-46],[-32,-6],[-73,28],[-72,-3],[-92,-29],[-48,12],[-20,-91],[31,-40],[-25,-47],[-13,14],[-8,20],[11,21],[-25,41],[19,40],[-17,24],[30,28],[-18,46],[-47,12],[10,27],[-20,31],[9,23],[-17,17],[2,71],[-86,-20],[-8,-49],[-42,-31],[-54,-8],[-6,-18],[-50,3],[-73,160],[-94,-13],[-4,32],[-39,47],[-55,-18],[-24,-27],[-27,22],[-23,37],[65,2],[19,97],[-151,46],[-69,-8],[7,16],[-53,94],[5,39],[-38,42],[-36,107],[6,82],[-47,33],[-11,82],[-20,3],[-21,66],[-28,-10],[2,21],[-32,5],[-6,22],[-73,-1],[-9,14],[-123,-38],[-2,-29],[-127,-26],[-7,-55],[-32,-26],[-47,-27]],[[39925,6600],[4,59],[-91,-11],[54,54],[55,24],[-5,49],[20,40],[-30,9],[-21,47],[-56,23],[-87,-15],[-69,16],[-62,-16],[-8,16],[-66,4],[-185,98],[-59,8],[-41,37],[-85,-57],[-27,27],[-94,2],[-44,21],[-29,-32],[-36,-2],[-83,52],[-51,-15],[-3,-72],[-31,-43],[15,-17],[-43,-44],[-22,-67],[-26,-16],[15,-66],[-10,-17],[-68,-20],[-128,-105],[-89,-8],[-20,-20],[65,-54],[-26,-50],[-13,1],[-70,-54],[-32,-1],[-95,-40],[3,-49],[-29,-34],[-110,-2],[-29,-24],[-11,-50],[-56,2],[-55,-40],[-95,14],[14,-66],[40,-37],[-65,-46],[-88,30],[-73,-32],[-70,-7],[-170,3],[-41,-7],[-23,-27],[-41,-39],[-102,2],[-27,-48],[-85,6],[-66,-65],[-100,-36],[-84,63],[-82,-56],[-30,-53],[-85,-18],[-104,-71],[-28,12],[-38,-41],[-42,32],[4,161],[-66,19],[-183,-41],[-30,-61],[-16,0],[16,67],[-77,36],[-26,-55],[16,-5],[-33,-87],[-16,4],[-65,-128],[-26,-2],[-23,-50],[1,-37],[-64,-10]],[[36156,9774],[-3,40],[31,66],[117,75],[38,50],[15,59],[-13,140],[7,40],[132,169],[122,148],[65,140],[60,133],[185,152],[54,163],[74,263]],[[37040,11412],[14,-3],[85,-13],[42,10],[51,43],[74,-7],[65,-80],[25,-9],[47,-73],[28,-16],[29,-89],[34,16],[6,-24],[51,20],[8,22],[300,17],[18,-18],[-28,-28],[21,-33],[66,9],[19,6],[31,-41],[77,-27],[90,-61],[88,60],[31,54],[148,-21],[17,16],[69,-61],[48,-1],[88,-47],[61,5],[39,-30],[37,10],[199,-54],[43,12],[2,-54],[-126,-12],[37,-31],[175,-31],[61,28],[66,-42],[57,-56],[119,49],[74,-12],[56,-41],[27,5],[86,67],[88,21],[13,29],[-87,97],[2,30],[39,17],[30,38],[62,8],[80,58],[98,-20],[0,-75],[45,-34],[73,5],[72,-20],[21,30],[64,28],[97,-7],[-4,-13],[80,-15],[23,-17],[-8,-9],[25,-9],[17,-34],[21,-15],[11,-44],[60,-38],[46,-12],[53,39],[54,-14],[44,29],[24,44],[-5,31],[18,11],[57,-27],[56,24],[21,38],[85,65],[60,-2],[58,-34],[4,-51],[33,-65],[19,-5],[-12,-28],[9,-31],[109,-65],[25,-28],[-62,-108],[-9,-48],[9,-56]],[[41313,10564],[-73,-45],[-38,-65],[-109,-13],[-93,-85],[-63,-24],[-13,-61],[44,-41],[-7,-63],[27,-72],[-2,-34],[-61,-47],[-52,-10],[-30,-44],[26,-25],[-10,-46],[25,-53],[53,-63],[59,-33],[-5,-27],[46,-73],[12,1],[8,-42],[27,-10],[1,-18],[-15,-10],[2,-27],[-22,-5],[14,-13],[-21,-58],[-20,-11],[14,-20],[-22,-3],[75,-76],[19,4],[-4,-18],[26,-4],[20,24],[47,-42],[-53,-71],[-57,0],[-10,-20],[-39,-6],[-67,55],[-98,17],[-28,-23],[-28,4],[-4,-19],[-36,-22],[-2,-19],[-65,-35],[26,-62],[-9,-11],[115,-58],[-6,-96],[35,-35],[-110,-59],[13,-66],[-24,-15],[1,-24],[68,-30],[22,-28],[-10,-29],[29,-46],[58,-5],[-9,-23],[25,-41]],[[37040,11412],[73,272],[5,165],[32,77],[108,98],[264,108],[24,25],[31,43],[18,82],[-117,507],[-8,84],[26,184],[93,231],[64,151],[108,277],[17,353],[11,30],[27,32],[175,89],[45,39],[58,89],[24,103],[-28,193],[18,156],[-2,124],[-43,204],[0,62],[39,98],[218,316],[49,164],[31,83],[44,48],[145,60],[241,139],[596,647]],[[42371,12473],[34,-30],[-2,-50],[84,-60],[39,-76],[16,-222],[56,-144],[-66,6],[16,-31],[-18,-54],[-143,24],[-109,-55],[-32,22],[-52,-26],[-38,16],[-17,-36],[4,-22],[44,-54],[39,32],[5,-119],[33,-48],[-2,-52],[-38,-34],[85,-35],[-82,-124],[34,-52],[83,-27],[-51,-80],[1,-79],[-23,-14],[5,-17],[25,2],[5,-37],[30,8],[8,-23],[-21,-28],[119,-47],[-7,-40],[13,-58],[-34,-61],[14,-44],[-13,-63],[-86,-79],[-51,-1],[-89,-139]],[[42189,10422],[-90,47],[-103,23],[-68,60],[-90,46],[16,-64],[-59,-24],[20,-17],[9,-39],[22,7],[-5,-19],[-37,-10],[14,-25],[-9,-14],[-57,-2],[20,-23],[-27,-37],[12,-32],[-54,-31],[-83,9],[-27,17],[11,31],[-16,42],[-30,-22],[-24,13],[-2,25],[23,23],[-14,29],[-68,14],[-37,68],[-23,-25],[-50,59],[-50,13]],[[46076,12807],[-13,-17],[11,-51],[-33,-71],[26,-20],[-4,-26],[-16,4],[-2,-15],[52,-28],[46,1],[1,-18],[-21,-34],[7,-48],[-90,-72],[-133,-29],[-27,-19],[-29,-77],[-150,-52],[107,-58],[45,8],[49,-24],[21,-11],[9,-32],[-14,-39],[-286,-127],[-20,17],[-30,-19],[-101,12],[-47,-63],[10,-26],[-9,-21],[-114,-25],[7,-42],[-17,-7],[77,-41],[-1,-13],[185,-1],[45,-39],[5,-25],[-47,-13],[-48,-68],[-58,-33],[90,-37],[34,21],[41,-7],[53,-63],[40,-14],[10,-27],[70,14],[22,-68],[16,-9],[-63,-9],[10,-34],[-38,-8],[10,-25],[-24,-6],[43,-133],[45,15],[33,-36],[-24,-30],[-46,-17],[-15,-31],[11,-31],[29,2],[27,-30],[31,-127],[91,-25],[4,-40],[42,7],[5,-18],[31,15],[-3,-14],[71,-2],[21,-18],[-25,-22],[9,-12],[-32,-51],[21,-16],[-23,-29],[-110,-44],[-53,-50],[60,-124],[45,-29],[61,15],[63,-31],[26,-19],[13,-41],[-13,-5],[18,-20]],[[46196,10282],[18,-72],[-53,-10],[-24,-27],[11,-43],[-10,-28],[-30,-15],[-58,9],[-2,-30],[-69,-23],[-25,23],[-116,2],[-32,-9],[-42,-64],[-12,-27],[-105,-57],[-16,-93],[-29,-22],[-109,43],[-72,-11],[-179,-123],[41,-12],[-8,-34],[-81,-1],[28,-47],[-202,-63],[-45,-84],[-19,5],[-1,-14],[-54,-26],[-6,-14],[23,-30],[-3,-44],[24,-40]],[[44939,9301],[-65,-41],[-56,0],[-4,16],[-22,-12],[-37,5],[-3,50],[-42,-1],[-86,44],[14,19],[42,5],[-10,30],[40,35],[-4,32],[-25,15],[9,26],[-43,28],[15,38],[-41,10],[-4,-27],[-31,5],[-12,31],[-117,74],[-43,65],[7,22],[66,84],[11,86],[35,-14],[10,14],[-86,50],[-95,25],[-9,29],[24,29],[-14,24],[-139,27],[68,50],[-48,53],[-46,138],[-314,24],[-18,20],[-9,68],[110,34],[-13,29],[-120,-36],[-82,12],[-8,-43],[-49,57],[-49,-38],[-24,28],[-118,19],[-22,-60],[92,-69],[-51,-64],[76,-30],[-12,-41],[-29,-31],[-115,34],[-20,62],[-37,46],[-130,-15],[-18,48],[-50,-8],[-77,18],[-40,21],[-127,-51],[-21,20],[-238,-104],[-84,-3],[-3,-41],[-52,47],[-28,11],[-16,-14],[-2,42],[-106,79],[-63,-78],[-113,17],[8,25],[-37,22]],[[44939,9301],[117,-132],[13,4],[37,-84],[106,-70],[4,-16],[-40,-57],[57,-41],[46,-76],[-45,-72],[-23,-85],[-38,-23],[-12,-40],[36,-33],[41,-7],[20,-78],[141,-58],[43,0],[-69,-45],[-30,-67],[17,-49],[36,-41],[4,-56],[41,-72],[-49,0],[-27,26],[-50,10],[8,-20],[-21,-30],[38,-41],[-22,-2],[-25,30],[-19,-2],[-8,22],[-57,18],[4,-34],[32,-42],[61,-40],[-19,-19],[-38,3],[-23,6],[-16,-127],[-44,-40],[-17,1],[2,32],[-63,-5],[-59,28],[-62,3],[-82,-34],[-28,-34],[-53,-12],[-14,-106],[6,-71],[15,-8],[-18,-33],[18,-59],[44,-17],[-3,-25],[24,-24],[-8,-12],[-41,16],[8,-20],[-17,-9],[-1,-28],[16,-46],[-13,-7],[66,-103],[18,22],[108,-44],[5,-33],[63,-40],[0,-18],[-54,-35],[12,-18],[-11,-31],[-57,-36],[69,-61],[80,-36],[30,-61],[9,7],[88,-106]],[[45246,6758],[-29,-47],[8,-19],[-24,-14],[7,-21],[-59,-69],[2,-88],[-22,-56],[5,-61],[-36,-50],[25,-45],[-49,-14],[-15,-32],[-25,2],[31,-55],[-44,-51]],[[45021,6138],[-111,21],[-69,-49],[-44,46],[-106,-35],[-19,73],[-44,29],[-37,-37],[-14,-145],[112,-36],[-5,-30],[25,-62],[-127,-44],[6,31],[-90,47],[-171,-77],[-53,2],[-41,-47],[-13,-41],[-85,65]],[[44135,5849],[40,52],[120,61],[17,45],[-26,23],[-84,-5],[-24,50],[-48,27],[-33,-25],[-119,11],[36,47],[102,48],[15,46],[34,33],[-11,41],[-31,36],[5,57],[-25,70],[-80,-17],[-70,50],[-43,-25],[-67,7],[-29,-17],[-20,24],[-2,31],[1,42],[26,52],[-10,52],[-27,-3],[-54,45],[-162,72],[-40,-34]],[[46196,10282],[112,42],[-18,121],[57,38],[-7,44],[10,23],[78,-9],[27,-28],[3,38],[19,10],[5,-17],[69,19],[140,9],[41,-24],[9,-39],[16,-63],[95,-31],[41,-70],[-27,-82],[20,-97],[34,23],[48,-17],[69,-5],[37,-53],[54,-14],[18,-45],[20,-20],[-9,-4],[13,-30],[16,0],[8,-85],[59,-69],[31,-5],[17,-25],[-34,-7],[46,-35],[16,-59],[1,-31],[-14,0],[25,-29],[84,13],[15,41],[143,6],[95,-65],[126,-16],[75,38],[50,4]],[[47929,9677],[19,-87],[56,-99],[121,-54],[27,-12],[27,-52],[41,-33],[21,-52],[56,-30],[-2,-36],[-78,-89],[-110,-48],[-46,10],[-113,-17],[-34,13],[-29,-14],[-25,52],[-43,9],[-44,-32],[16,-12],[-20,-23],[21,-19],[-29,-44],[11,-32],[56,-12],[27,-28],[52,11],[28,-31],[-25,-42],[4,-94],[71,-19],[-19,24],[14,67],[53,44],[47,6],[21,-58],[29,-31],[128,-27],[131,-53],[27,-95],[15,-2],[12,-158],[-65,-46],[8,-57],[21,16],[57,-49],[33,-68],[10,-75],[-61,-13],[-22,-47],[25,-94],[46,-37],[-52,-101],[6,-49],[52,-29],[-41,-50],[-37,-8],[4,-63]],[[48427,7708],[-33,-28],[-111,-22],[-96,62],[-45,-5],[17,-24],[-44,-62],[8,-46],[34,-17],[-62,-27],[-72,22],[-102,114],[-70,-60],[-101,-49],[-140,-46],[-107,-12],[4,-28],[-27,-27],[-51,5],[-135,-37],[-128,-148],[-1,-71],[-59,-15],[-7,-12],[20,-14],[-46,-49],[-12,-41],[-44,-18],[-16,-27],[-168,42],[-70,65],[20,56],[28,24],[-29,19],[-10,31],[29,52],[-15,12],[4,35],[-17,26],[47,42],[-16,33],[19,34],[-40,61],[6,40],[-34,-7],[-28,-57],[-102,-55],[-17,-41],[42,-75],[-55,-101],[33,-47],[-12,-45],[72,-50],[-217,110],[-83,-11],[-78,-51],[-62,3],[-185,-69],[-47,38],[-37,149],[-12,10],[-40,-31],[-44,-50],[24,-53],[-6,-23],[-49,-33],[-20,-56],[-12,-6],[-71,78],[-70,19],[-3,-68],[55,-66],[-27,-46],[33,-36],[-9,-20],[14,-45],[-16,-12],[-2,-27],[-90,-20],[54,-72],[-32,-13],[-7,12],[-131,-43],[-32,17],[-6,-23],[-106,-23],[7,27],[-36,14],[-10,43],[-48,32],[-41,-17]],[[48427,7708],[67,9],[45,-25],[75,11],[133,-12],[58,42],[124,36],[106,-32],[-111,-90],[-30,-116],[-9,-45],[11,-19],[81,10],[156,-38],[23,7],[46,-54],[17,-45],[56,14],[129,-70],[16,-28],[160,-6],[36,-34],[-34,-11],[-7,-30],[2,-26],[27,-25],[-23,6],[0,-28],[19,-8],[-4,-20],[2,-48],[-33,-33],[7,-32],[-95,-50],[-36,-38],[70,-46],[-6,-20],[-55,42],[-48,-29],[-36,9],[-5,-21],[-30,-9],[95,-60],[-20,-63],[18,-17]],[[49424,6666],[-54,-20],[-16,-46],[-16,13],[-40,-9],[-39,35],[-16,-28],[-34,-5],[-42,31],[-4,24],[-45,17],[-7,30],[-28,-2],[-16,18],[-18,70],[-26,-15],[-12,23],[-92,-3],[-33,-30],[26,-46],[-16,-32],[41,-29],[-4,-46],[48,-5],[-40,-7],[-16,-22],[1,-31],[12,9],[12,-39],[53,-27],[35,-78],[-21,8],[-29,-31],[-10,-37],[7,-17],[31,8],[-6,-21],[26,-36],[-27,-16],[7,-13],[-34,6],[-19,-42],[-36,-16]],[[48927,6209],[-76,88],[-53,-9],[-136,39],[-10,-10],[8,-37],[-36,-10],[-7,-48],[-32,-22],[28,-47],[119,-74],[21,-47],[50,-35],[88,-105],[184,-130],[169,-70],[79,-38],[167,-141],[109,19],[24,-44],[60,-56],[123,-66],[41,-102],[25,-151],[-12,-85],[49,-35],[24,-53],[101,-58],[66,-63],[36,-69],[-11,-64],[62,-106],[-90,-37],[-138,39],[-109,5],[-8,-11],[23,-62],[-12,0],[-2,-33],[22,-1],[5,-23],[-50,-21],[-4,21],[-41,-10],[-89,86],[-21,43],[-80,18],[-68,-41],[-43,13],[-65,16],[-18,89],[-94,96],[-20,35],[-147,10],[-120,-36],[-234,73],[-96,51],[12,45],[-27,37],[25,9],[-4,16],[12,8],[-35,46],[65,-10],[49,-56],[20,2],[7,20],[29,-9],[48,-52],[56,-13],[76,-82],[54,-31],[51,14],[66,-18],[16,30],[25,-20],[-11,26],[33,-9],[-22,66],[-40,69],[-56,28],[-9,21],[-105,32],[-374,174],[-26,32],[-102,22],[-29,21],[-155,87],[-45,54],[-55,12],[-46,-14],[-8,-31],[56,-57],[86,-14],[22,-41],[108,-89],[-3,-26],[-49,13],[12,26],[-44,6],[12,18],[-10,10],[-61,-10],[0,16],[-199,95],[-52,-13],[-6,16],[-87,21],[-95,-15],[-55,-35],[-9,-54],[24,-47],[177,-85],[96,-66],[167,-52],[104,-119],[-68,-106],[-65,-56],[-115,-44],[-33,-26],[-21,-47],[-101,-13],[-52,-28],[-113,-73],[-16,-35],[-112,7],[-114,-52],[-84,-5],[-52,-30],[-103,41],[-70,5],[6,52],[-22,110],[-108,116],[-89,19],[4,43],[44,40],[13,38],[-22,24],[-36,3],[6,33],[31,-5],[25,20],[18,-7],[5,-23],[21,26],[26,-23],[-26,-46],[90,19],[20,32],[-55,59],[28,21],[-13,13],[-143,-1],[-54,-17],[-22,90],[-22,11],[-82,28],[-30,-31],[-40,-10],[-57,21],[63,59],[-10,11],[-55,-14],[-49,69],[-68,10],[61,67],[-30,9],[-17,83],[-85,-43],[22,-86],[-63,19],[-45,-28],[-13,10],[-36,-64],[-38,12],[9,-21],[-22,-20],[-38,-1],[1,-46],[20,-22],[-30,-73],[195,-23],[47,-23],[1,-66],[74,-8],[32,-37],[-34,-19],[-52,1],[-17,-23],[-41,-114],[23,-53],[-29,-5],[-162,73],[-45,48],[-95,47],[-251,38],[-13,46],[47,171],[38,54],[-27,26],[-73,20],[2,14],[-60,4],[-57,97],[27,100],[50,26],[27,53],[138,12],[16,19],[-11,53],[-94,59],[13,21],[-30,30],[-111,35],[-37,-25],[-25,5],[-67,-46],[-34,-45],[-22,7],[-37,30],[2,35],[-42,100],[41,35],[-47,41],[-9,82],[-14,9],[7,19],[-41,-12],[-73,23],[-47,48],[-39,0],[23,52],[-28,47],[-23,-5],[-42,-17],[-5,-40],[-19,-14],[-10,-76],[37,-55],[-14,-97],[42,-7],[-66,-57],[19,-18],[-25,-31],[-19,11],[-92,-82],[-33,13],[-23,53],[-48,44],[33,111],[-38,10],[-34,65],[7,38],[40,20],[14,68],[-36,15],[7,27],[-41,33]],[[45403,4860],[84,18],[-2,13],[43,16],[8,37],[21,1],[-23,79],[-68,36],[-10,64],[58,-28],[57,23],[28,-9],[-12,-18],[10,-10],[45,-14],[33,10],[-5,27],[99,40],[42,-44],[24,-84],[25,-35],[-4,-52],[51,-13],[3,-55],[-86,-14],[-149,67],[-108,-93],[-74,-28],[-48,11],[4,25],[-46,30]],[[49356,4648],[3,40],[41,-85],[-44,45]],[[49930,5033],[65,31],[49,-28],[6,-26],[-27,-13],[-82,14],[-11,22]],[[39925,6600],[-72,-50],[-86,-106],[1,-78],[14,-70],[-30,-100],[7,-106],[51,-29],[-17,-36],[-6,-31],[18,-51],[-15,-94],[12,-29],[-17,-44],[-77,-41],[-116,2],[-17,-43],[-45,-27],[-7,-23],[7,-50],[-17,-22],[44,-98],[-46,-59],[8,-20],[-19,-28],[-87,-47],[-10,-5],[120,-63],[14,-55],[63,-67],[8,-29],[-18,-69],[18,-21],[-7,-31],[-24,-9],[-6,-62],[-49,-31],[-16,-29],[-59,-58],[-29,1],[-27,-31],[-33,-5],[-6,-39],[-51,-1],[-110,-51],[-46,5],[-52,-27],[10,-21],[-40,-49],[-51,-5],[-16,-26],[31,-55],[-7,-63],[-24,-34],[-92,-62],[-105,1],[-49,-29],[-82,33],[1,-55],[15,-31],[15,-13],[-18,-48],[58,-30],[-10,-147],[90,-132],[108,-45],[-26,-21],[39,-27],[-9,-85],[-66,-44]],[[38865,3655],[-76,28],[-133,0],[-67,-11],[-102,-58],[-70,-8],[-45,16],[-31,36],[-72,15],[-44,-9],[-39,-80],[-30,-124],[-86,-68],[-48,-72],[-111,-48],[-212,-57],[-57,-44],[-231,-26],[-51,-10],[-186,-100],[-155,2],[-91,38],[-53,98],[-104,40],[-77,113],[-52,37],[19,35],[42,-34],[59,-15],[137,63],[51,6],[18,-4],[1,-21],[33,-2],[8,17],[-18,6],[28,40],[43,26],[0,-31],[22,-34],[31,68],[-50,28],[-26,101],[-74,28],[-2,26],[103,103],[53,15],[30,35],[-91,-23],[-67,-76],[-67,0],[-155,49],[-29,8],[-33,-32],[11,-33],[-31,-11],[-100,-106],[-73,-50],[-127,11],[4,81],[-134,57],[26,68],[6,60],[-13,39],[-147,134],[-63,189],[-52,59],[-196,138],[-144,170],[-18,101],[-1,140],[-60,131],[4,44],[19,32],[179,145],[70,83],[42,147],[-22,98]],[[44135,5849],[-11,-22],[-58,-7],[-53,-34],[-59,30],[-39,-26],[-107,-93],[-46,-107],[-85,-53],[-7,-73],[-42,-28],[-10,-28],[26,-88],[35,-5],[-19,-32],[3,-57],[-84,8],[-43,-37],[12,-24],[-42,6],[-93,-81],[-77,-14],[-106,-138],[17,-30],[49,-14],[51,-69],[22,-51],[-19,-13],[-19,-36],[-65,-11],[-26,-48],[58,-95],[97,6],[82,-65],[30,-44],[71,-42],[73,12],[32,-24],[69,51],[15,-12],[-29,-87],[20,-67],[34,-42],[29,-10],[37,16],[-50,14],[-7,17],[56,27],[-41,38],[7,21],[58,-6],[19,-59],[39,11],[20,-30],[23,-5],[16,0],[-7,57],[166,6],[86,-30],[71,9],[24,50],[-41,57],[7,23],[-17,8],[-8,32],[54,32],[3,-38],[65,-32],[-19,72],[7,20],[176,61],[27,-4],[10,-55],[52,-5],[59,-38],[85,57],[52,9],[36,64],[74,-8],[-7,-35],[26,-65],[33,-31],[15,9],[42,-27],[80,-83],[-36,-113],[-47,-43],[-93,-18],[-39,18],[2,32],[58,7],[30,33],[-17,61],[-43,29],[-24,-15],[-23,-60],[-55,-48],[24,-173],[57,-115],[1,-43],[-79,-90],[-25,8],[-21,-58],[-20,7],[-31,-25],[-14,-41],[-34,6],[-26,-20],[-35,38],[-43,-12],[-22,15],[-20,33],[38,47],[3,53],[68,28],[-29,2],[-14,55],[-55,-6],[-41,87],[-119,10],[-10,22],[-38,-8],[-3,55],[-108,7],[-36,30],[-39,-2],[-10,-4],[-3,-77],[-21,-19],[20,-24],[-67,5],[8,-73],[-124,-35],[-78,3],[-13,-11],[-34,16],[-11,-53],[-24,-34],[-39,11],[8,-24],[-27,-13],[3,-18],[-103,-18],[4,-58],[36,-55],[-7,-47],[37,-5],[19,-44],[119,10],[67,31],[50,-76],[-68,-43],[-83,4],[-97,-61],[-86,-2],[-187,-66],[-65,11],[-234,111],[-80,-50],[-54,-82],[-247,52],[-220,11],[-54,31],[-96,108],[-88,43],[-43,64],[17,146],[-24,31],[-125,44],[-135,-24],[-39,63],[-49,-2],[-140,-29],[-86,-84],[-29,17],[-34,121],[-61,38],[-60,8],[-59,-16],[-70,-78],[-48,-85],[-97,-44],[-78,-87],[-130,17],[-98,-61],[-2,-53],[-24,-26],[-211,-8],[-64,-75],[-25,-145],[-60,-56],[-90,-14],[-122,79],[-78,-14],[-108,-91],[-83,-29],[-159,-28],[-164,70],[-199,-15],[-154,31],[-40,-31],[-28,-95],[-38,-38],[-98,34],[-145,11],[-56,51],[-21,48],[-6,55],[36,78],[-44,107],[-106,108]],[[49924,11684],[-27,19],[-1,34],[-106,168],[5,41],[-98,34],[13,26],[-3,48],[53,-21],[169,-8],[25,-24],[75,-1],[44,26],[52,-35],[51,109],[4,50],[-18,77],[40,98],[19,6],[-11,21],[-43,-12],[-3,-33],[-22,-18],[-43,1],[-53,37],[-35,-6],[-4,19],[-25,-11],[-41,16],[-13,60],[-57,-16],[-58,30],[-60,103],[95,77],[9,88],[-181,35],[-10,-13],[-164,24],[-17,-12],[-25,35],[-29,-7]],[[49431,12749],[-18,47],[12,12],[-2,34],[-58,-14],[-38,34],[56,4],[-21,77],[59,26],[14,30],[-45,27],[54,29],[15,37],[40,28],[31,-22],[36,38],[-4,24],[25,32],[-3,39],[-27,-21],[-23,34],[-44,8],[-73,49],[-34,-17],[-10,12],[20,23],[-69,58],[-4,21],[38,35],[-54,37],[32,34],[-5,18],[37,29],[-21,30],[48,23],[48,74],[19,-6],[19,29],[41,18],[-49,23],[33,116],[-111,24],[-10,19],[-30,-2],[-7,33],[23,4],[-2,17],[44,29],[-17,27],[140,88],[99,31],[4,18],[-42,53],[-2,23],[-63,5],[4,40],[-47,14],[20,23],[-19,26],[23,69],[-17,41],[6,30],[34,20],[54,-3],[73,40],[54,-48],[13,5],[80,54],[-11,22],[18,53],[-9,13],[18,42],[-41,81],[11,6],[-7,24],[-12,24],[-13,-6],[-143,-25],[-7,36],[-1,30],[-80,70],[8,9],[-19,10],[0,20],[-124,41],[22,36],[-18,144],[42,99],[7,107],[-22,15]],[[53329,14643],[-27,-45],[3,-44],[31,-41],[-3,-30],[27,-49],[-17,-43],[7,-20],[31,-13],[-30,-35],[9,-13],[-9,-32],[-64,-20],[32,-41],[48,-11],[-35,-105],[-24,1],[78,-43],[-7,-56],[12,-23],[-14,-9],[3,-22],[101,-51],[99,-19],[21,-84],[25,-38],[59,-82],[-1,-40],[47,-78],[34,-174],[22,-38],[-17,-68],[-62,-4],[-28,-5],[19,-38],[-40,-4],[18,-121],[-3,-25],[-32,2],[-4,-70],[-118,28],[-126,2],[-101,-42],[-3,-28],[23,-43],[58,-46],[-2,-42],[-68,-17],[7,-24],[83,-12],[59,12],[39,-32],[-40,-24],[0,-27],[-29,2],[4,-18],[-26,-19],[-46,-8],[2,-26],[26,-11],[-24,-68],[32,-12],[-18,-28],[8,-62],[-41,-104],[-57,-88],[6,-55],[-40,27],[-153,35],[-11,-14],[18,-23],[-51,-73],[-22,-11],[1,-23],[-134,-19],[-7,-29],[1,-25],[87,-45],[10,-14],[-7,-11],[95,-14],[-3,-58],[-29,-16],[43,-49],[4,-28],[-27,-18],[-39,13],[-64,-13],[-24,-30],[-52,-11],[-30,-50],[-51,3],[-18,-27],[-60,-18],[-58,2],[-14,-25],[0,-30],[16,-14],[-11,-64],[81,-2],[5,-25],[85,16],[3,-18],[-26,-19],[6,-15],[-43,-22],[8,-10],[85,30],[1,-32],[-73,-47],[40,-27],[-248,-112],[-64,-27],[-1,-110]],[[52515,11128],[23,-85],[55,-25],[-49,-56],[42,-9],[0,-50],[-40,-42],[-80,-25],[-7,-15],[28,-28],[-37,-23],[-126,-61],[26,66],[-33,28],[-21,51],[-96,-21],[-28,-24],[-76,-3],[-19,-35],[-6,-81],[-117,8],[23,44],[-50,40],[-89,-8],[-98,-62],[-64,-6],[-85,67],[15,8],[-18,24],[26,15],[-60,16],[-49,94],[-29,5],[-10,77],[-8,34],[-35,14],[-126,146]],[[51297,11206],[18,6],[2,25],[-116,72],[-33,48],[-17,42],[-70,31],[-103,2],[-12,80],[-67,19],[-22,35],[8,9],[-38,38],[-2,39],[-27,28],[0,63],[-33,-17],[-75,18],[-25,-21],[-53,56],[-26,-6],[33,-57],[3,-46],[-31,-14],[-48,-73],[-57,-33],[-85,-17],[-48,29],[-117,-39],[-40,9],[-2,121],[-17,26],[-39,37],[-46,5],[-6,23],[-62,24],[-50,-73],[-70,-11]],[[49564,14767],[33,3],[7,-29],[-28,-13],[-12,39]],[[49336,15176],[42,-8],[-16,-13],[-26,21]],[[49431,12749],[8,-17],[-51,-15],[-127,44],[-23,-57],[-19,-12],[-98,-6],[35,42],[-59,-16],[-26,-25],[-32,2],[11,-31],[33,-11],[-86,9],[-48,-25],[-20,9],[16,48],[-124,-18],[-1,24],[18,15],[-15,27],[72,9],[40,51],[-110,-49],[-120,2],[-88,-26],[-86,8],[-12,10],[5,26],[-88,7],[-28,25],[-44,-18],[-45,49],[-6,31],[18,52],[-64,15],[-30,-72],[-148,33],[-125,-50],[-36,1],[-8,60],[-25,29],[-58,6],[-5,16],[-51,-4],[-79,3],[-51,33],[-103,19],[-59,-24],[-68,-1],[-31,79],[-74,3],[-53,-32],[-57,24],[0,19],[38,25],[-13,50],[21,18],[-16,42],[-14,-4],[-14,26],[30,37],[-14,-1],[-13,-6],[-107,-37],[-158,-15],[-35,-22],[-25,-47],[-212,18],[-49,-12],[-20,82],[-38,39],[-175,-13]],[[49924,11684],[17,-37],[-14,-16],[3,-45],[-43,-29],[-81,-24],[-64,11],[-22,-9],[-12,-29],[-109,-39],[-143,7],[-30,-34],[-168,-79],[24,-108],[-11,-55],[8,-27],[126,-25],[7,-53],[40,-23],[236,-63],[104,-81],[65,-8],[60,-55],[5,-11],[-49,-38],[-21,-46],[6,-33],[-38,-6],[27,-54],[-6,-52],[31,-20],[-11,-48],[36,-6],[-81,6],[-1,-25],[60,-7],[7,-40],[59,-66],[-59,-5],[-12,-53],[-55,-56],[8,-53],[-8,-30],[-12,0],[-65,-5],[15,-29],[-4,-43],[-94,-57],[62,-72],[-31,-23],[-101,84],[-58,7],[-53,42],[-117,-10],[-33,86],[-41,59],[-56,-55],[-67,2],[-61,-43],[-148,10],[-84,20],[-15,16],[14,12],[-11,17],[-36,-1],[-209,111],[-132,-70],[-61,4],[-83,-104],[-22,-63],[-97,-138],[5,-27],[-34,-79],[-68,-6],[-66,-37],[-110,-4],[-54,-73],[41,-74]],[[57157,13723],[-16,-42],[43,-26],[-4,-42],[24,-37],[-56,-8],[-27,-44],[-4,-35],[41,-14],[17,-28],[23,9],[-1,20],[29,-16],[-17,-8],[31,-46],[-88,-42],[-121,-99],[-10,-126],[-21,-35],[-210,-115],[-42,-88],[-128,-78],[11,-25],[-34,-32],[28,-69],[62,-67],[54,7],[-11,55],[42,30],[45,-28],[3,-53],[54,-4],[-41,-92],[23,-60]],[[56856,12485],[-62,20],[4,-11],[-64,-30],[1,-22],[-18,-5],[32,-15],[10,-25],[-97,-37],[7,-19],[-16,-1],[-2,-41],[12,-14],[105,26],[13,-27],[23,-54],[-77,-47],[-48,2],[-30,-52],[-36,15],[-36,-17],[-8,-40],[-43,0],[42,-41],[-24,-13],[4,-15],[21,1],[10,-28],[-10,-7],[-27,-3],[-13,42],[-19,-3],[-34,47],[-24,-13],[7,-8],[-118,-18],[11,33],[-80,-22],[-68,3],[-124,86],[38,18],[-2,25],[122,22],[44,77],[-13,77],[-21,30],[-134,68],[22,45],[-79,-15],[-34,-23],[1,-51],[-80,-23],[-8,25],[17,47],[-67,14],[15,54],[-96,9],[-26,-43],[-100,34],[-103,0],[-9,50],[-32,35],[39,26],[-24,48],[95,47],[-77,32],[15,15],[44,-26],[8,27],[40,13],[5,20],[16,1],[2,-38],[60,13],[-7,49],[42,7],[-9,68],[27,107],[69,-15],[61,4],[2,21],[87,-15],[8,70],[55,9],[23,63],[35,19],[122,17],[103,-38],[1,39],[-75,64],[-5,55],[-62,8],[14,28],[38,22],[87,14],[5,42],[-28,-3],[-8,18],[-28,-32],[-81,-42],[-59,-62],[-79,28],[2,65],[30,38],[-11,20],[-31,-8],[-11,17],[11,21],[58,13],[5,59],[71,-10],[23,52],[54,-4],[2,20],[72,42],[96,8],[40,-64],[71,30],[1,24],[31,23],[-12,16],[10,43],[-37,1],[-3,18],[111,-9],[1,62],[-36,34],[50,13],[2,-28],[23,-14],[2,-22],[218,17],[118,-1],[6,-67],[94,-16]],[[58851,14340],[61,-31],[-54,7],[-43,-17],[12,-23],[57,4]],[[58908,14220],[34,-95],[-51,-35],[-86,-4],[-64,-1],[-131,-65],[-193,-85],[25,-20],[-56,-28],[11,-11],[58,29],[13,-21],[-41,-17],[29,-28],[-10,-9],[-68,34],[6,-10],[-13,-7],[27,-47],[-43,-12],[-8,-58],[-98,11],[-227,-45]],[[58022,13696],[-20,29],[-32,-5],[-22,47],[-16,-3],[-21,68],[-31,18],[15,57],[-21,5],[7,22],[-106,24],[-13,-57],[-86,-42],[8,-21],[-34,5],[-1,-14],[-33,-4],[6,-29],[-198,-82],[-37,-7],[20,26],[-133,-9],[-44,26],[-19,-19],[1,21],[-55,-29]],[[56856,12485],[5,-30],[38,-12],[6,-27],[44,1],[15,-29],[-10,-20],[6,-61],[22,-47],[91,-77],[65,-138],[63,-80],[16,-39],[28,-15],[-4,-72],[84,-43],[58,-71],[57,-30],[8,-79],[-37,-27],[6,-74],[24,-49],[-34,-44],[44,-42],[16,-9],[-20,-59],[-38,-45],[-13,-54],[35,-11],[-1,-50],[47,-48],[-18,-23],[12,-61],[59,-4],[17,-33],[-11,-111],[10,-15],[47,4],[13,-46],[0,-65],[-13,-25],[17,-181],[33,-41],[7,-96],[36,-60],[7,-14]],[[57693,10333],[-28,-6],[2,-48],[-111,-17],[-35,-75],[-59,-33],[-96,-16],[-62,-56],[-14,5],[-289,71],[-51,31],[10,9],[162,-12],[56,19],[-14,64],[58,13],[24,29],[-27,32],[38,-15],[25,20],[-5,46],[-28,59],[10,87],[204,91],[-14,33],[-34,-7],[-21,21],[-5,24],[20,-1],[2,29],[-15,7],[-74,-49],[-67,-10],[-56,25],[-10,48],[27,20],[30,21],[-60,17],[35,69],[-40,67],[-37,-28],[-20,35],[64,23],[22,31],[-5,24],[16,45],[-34,3],[-18,47],[-128,-9],[-37,63],[8,22],[-30,42],[15,30],[-6,35],[-49,-40],[-44,8],[-100,-22],[-44,58],[26,15],[16,34],[-5,22],[-48,8],[41,81],[-97,4],[-6,18],[49,38],[-3,14],[-69,-35],[-10,21],[-22,-11],[-21,24],[-89,-24],[4,37],[-57,-14],[-30,13],[-72,-33],[-47,16],[7,19],[-76,-16],[-7,62],[-25,-6],[-9,37],[13,4],[-1,43],[21,8],[-38,59],[-32,20],[-11,-29],[-80,-14],[-2,21],[-25,0],[3,28],[-54,-13],[-8,52],[-74,15],[-23,-13],[4,18],[-26,2],[-27,-68],[26,-1],[-8,-36],[-67,-33],[4,-21],[-12,-10],[18,-35],[-91,-66],[-52,-49],[-36,-92],[-52,14],[-27,-155],[-91,4],[3,52],[-18,-1],[-9,26],[-171,-48],[3,17],[-17,16],[-47,-7],[4,-43],[-95,-29],[22,-36],[-7,-15],[30,-3],[5,-23],[-116,-12],[66,-20],[14,-48],[-140,-39],[14,-24],[-135,7],[22,-119],[3,-16],[-23,-21],[8,-15],[-104,-12],[-3,-25],[23,-24],[-119,-37],[6,-40],[29,-86],[-11,-11],[-44,-30],[-118,-5],[13,-33],[83,15],[40,-32],[20,4],[-1,-19],[15,1],[-1,-54],[-10,-27],[-83,-14],[8,-24],[-42,-14],[-134,8],[22,35],[-32,23],[-87,-45],[-2,42],[-15,1],[-10,32],[-56,-22],[-40,0],[-10,15],[-74,-50],[-9,-27],[-44,-15],[9,-18],[-45,-19],[13,-23],[-40,-40],[12,-20],[-59,-43],[-19,31],[24,41],[-35,33],[23,39],[-21,33],[0,29],[-22,31],[-37,-1],[-19,54],[-34,26],[-10,50],[-82,-45],[-135,8],[-6,42],[66,9],[29,-28],[12,47],[-22,-2],[-1,48],[-24,50],[-75,-1],[5,10],[-97,46],[-50,-1],[-16,20],[-53,-69],[-69,4],[9,-15],[-14,-8],[26,-16],[-30,-14],[-1,-23],[-32,-7],[-46,35],[10,-29],[-90,-45],[-37,20],[31,7],[-14,17],[-85,-5],[-38,-38],[-9,127],[-42,1],[6,35],[-14,-1],[-1,21],[-73,-3],[-4,34],[-21,-6],[-18,91],[-20,-6],[-10,17],[35,30],[-32,18],[14,22],[-144,44],[-53,59],[-92,7]],[[57693,10333],[10,-29],[-15,-19],[46,-68],[-10,-4],[6,-23],[43,-95],[-4,-33],[30,-50],[-6,-47],[8,-19],[125,-157],[82,-31],[34,-32],[2,-35]],[[58044,9691],[9,-24],[-15,-18],[8,-47],[32,-21],[1,-40],[-25,-20],[19,-60],[-50,-76],[12,-58],[73,-35],[-28,-104],[28,-63],[-10,-52],[-26,-14],[-5,-26],[18,-9],[0,-47],[-38,-23],[-24,-77],[-59,-62],[54,-73],[20,-30]],[[58038,8712],[-29,-97]],[[58009,8615],[-56,-51],[-14,-52],[-40,-34],[18,-61],[-58,-111],[1,-143]],[[57860,8163],[-65,-29],[-17,10]],[[57778,8144],[-138,76],[-8,-31],[-47,-36],[-19,19],[-117,-39],[-13,-25],[5,-50],[-55,-27],[-9,-64],[-56,-83],[-74,-42],[-29,-24],[-67,-5],[-19,27],[-73,7],[-127,45],[13,65],[-12,86],[17,24],[-7,26],[-136,-75],[-42,63],[-9,67],[-51,-17],[-6,-66],[-151,-59],[-42,-48],[-55,15],[-58,66],[-14,-27],[-53,13],[-11,18],[14,10],[-24,18],[-67,-28],[-42,74],[12,51],[-78,73],[-30,3],[6,15],[-63,3],[-52,-29],[-33,19],[-86,-19],[-35,-30],[-39,31],[-41,-21],[11,-20],[-59,-57],[-6,-46],[-30,-26],[12,-18],[-7,-17],[-65,-57],[-42,9],[-64,-77],[-43,22],[-8,-27],[-42,4],[-12,17],[7,17],[-13,7],[-1,39],[-106,15],[-29,-3],[5,-54],[-54,41],[-38,-1],[-45,-98],[-15,7],[-18,-22],[-37,58],[-67,8],[7,20],[-14,6],[-102,-23],[22,131],[61,13],[-112,36],[-32,-19],[5,23],[-25,9],[-83,32],[2,-28],[-60,-7],[-4,19],[-19,-2],[-4,24],[-86,1],[-16,47],[-48,-18],[5,-42],[-46,-20],[-15,-27],[-58,10],[-45,120],[-81,1],[-43,-63],[12,-10],[-27,-14],[2,-41],[-10,-9],[17,-34],[-13,-11],[-188,109],[-1,-31],[-39,6],[-37,-71],[-43,10],[-8,-32],[-62,19],[-2,-17],[-24,4],[-28,68],[-29,-16],[-22,-75],[-50,25],[-19,57],[-39,45],[-44,100],[48,43],[-4,23],[-19,2],[-21,72],[-35,3],[3,36],[-20,26]],[[53498,8464],[-6,86],[-38,32],[-27,55],[-50,-9],[-17,28],[25,32],[-109,19],[13,47],[-13,14],[-4,54],[-2,15],[-22,3],[-3,29],[-57,82],[-45,-13],[-40,19],[-31,42],[-64,-15],[2,19],[-42,10],[-9,31],[-36,0],[-47,110],[-41,43],[-57,-29],[-26,33],[-26,-38],[-22,12],[-8,42],[-23,7],[-20,20],[9,29],[-45,43],[-209,-28],[-80,37],[-28,-16],[-1,13],[-77,-5],[-24,58],[-64,33],[-150,36],[-3,26],[-110,50],[-6,79],[-18,22],[-140,-41],[28,-60],[-86,-18],[-18,-19],[-60,25],[-32,25],[-15,-26],[-37,16],[-28,-3],[-9,-17],[-109,31],[-25,60],[49,51],[-119,73],[-123,13],[-69,90],[-6,106],[-14,24],[-55,-12],[12,38],[-75,39],[-93,10],[-70,88],[42,49],[-133,9],[-9,-19],[-70,-16],[-33,57],[17,8],[48,22],[3,18],[-21,18],[27,22],[174,-8],[11,19],[74,33],[22,34],[-15,62],[39,87],[100,46],[36,71],[-18,77],[-18,1],[-5,39],[-36,24],[24,139],[-60,58],[1,38],[4,29],[69,24],[58,-23],[63,34],[0,49],[61,40],[-17,22],[106,29]],[[49424,6666],[50,8],[54,-30],[75,-10],[119,6],[25,-14],[-6,-21],[35,-6],[42,6],[11,41],[71,31],[46,-78],[19,-5],[5,16],[106,41],[-15,24],[32,4],[23,58],[80,57],[41,9],[127,-68],[32,23],[13,33],[-16,42],[31,-19],[11,11],[-35,51],[69,20],[-2,41],[-47,-7],[-54,45],[-6,36],[177,61],[91,-13],[25,-140],[33,-25],[4,-31],[72,17],[-9,-53],[37,-22],[40,28],[112,-38],[-6,23],[130,84],[37,-12],[11,-24],[13,12],[112,-55],[11,-12],[-24,-23],[184,-152],[55,-72],[109,-81],[-7,-62],[21,-21],[47,16],[52,-9],[28,-55],[66,-28],[-42,57],[87,-6]],[[51826,6375],[35,-21],[51,4],[29,-24],[61,68],[72,14],[17,-29],[36,49],[36,-17],[-28,-41],[-63,-34],[-12,-31],[17,0],[13,-41],[-37,-27],[93,20],[26,-16],[-1,20],[20,-12],[41,17],[53,-58],[-29,-20],[18,-22],[-11,-25],[-26,-11],[13,-18],[19,12],[-36,-104],[-44,-47],[-64,-12],[-65,-51],[-27,-77],[-1,-22],[39,6],[23,-19],[-8,-32],[14,-5],[4,-54],[18,-37],[23,20],[23,-12],[-17,-20],[45,-14],[1,-32],[58,7],[-3,24],[39,32],[7,-12],[14,27],[-9,19],[111,-8],[75,-45],[-26,-74],[40,-3],[26,-27],[11,17],[29,-3],[4,21],[22,0],[0,-18],[13,-3],[2,-18],[-26,0],[8,-28],[-20,-42],[-11,0],[-22,-86],[20,7],[2,-29],[10,-14],[27,5],[-9,-21],[11,0],[51,25],[71,-26],[23,21],[3,-16],[61,-16],[-8,-16],[14,-1],[24,39],[85,18],[-3,20],[-34,-5],[6,13],[44,2],[-6,-34],[13,-6],[178,-19],[28,-15],[31,39],[-11,19],[22,8],[90,-63],[-1,-25],[13,10],[71,-48],[74,-3],[35,-29],[-13,-16],[20,-22],[12,9],[89,-59],[-16,-54],[65,-2],[1,-24],[30,-27],[-3,-55],[35,-7],[49,40],[67,4],[36,-31],[23,0],[9,20],[46,16],[15,-15],[-43,-117],[7,-33],[83,-29],[18,-36],[-14,-14],[10,-10],[94,28],[76,-40],[112,71],[62,-72],[22,30],[-13,15],[62,4],[117,-28],[25,-36],[-3,-22],[25,-4],[-14,-69],[6,-67],[64,0],[14,-20],[-17,-57],[24,-3],[34,-67],[-42,-32],[4,-49],[-52,-28],[4,-27],[-19,-12],[-16,-44],[-32,9],[-24,-16],[2,-46],[-22,8],[-6,37],[-49,-9],[-22,-38],[-31,-15],[-38,11],[-38,46],[-43,-24],[-53,12],[1,-28],[-41,-28],[-13,-36],[25,-21],[6,-45],[34,0],[29,-30],[-39,-29],[4,-27],[12,2],[17,-30],[-4,-19]],[[54244,3933],[-71,-68],[-49,4],[-14,40],[-43,35],[-118,4],[-37,-48],[4,-23],[-123,-20],[-15,6],[-15,-22],[37,-18],[21,-86],[22,-14],[-17,-29],[-87,50],[-58,-18],[-50,-54],[-6,-54],[-49,-24],[-23,30],[-28,-14],[-19,37],[-32,-16]],[[53474,3631],[-56,44],[-153,-23],[-49,-23],[-105,8],[-12,8],[26,39],[-16,13],[-29,-36],[11,-15],[-18,13],[-11,9],[17,31],[-21,5],[-2,-28],[-16,16],[-11,-11],[26,-13],[-19,-2],[-179,181],[-19,45],[-3,98],[-36,13],[-43,57],[-17,137],[-52,50],[-127,145],[-79,18],[-53,-30],[-78,23],[-66,-31],[-21,35],[-73,40],[-64,24],[-88,3],[-113,101],[-126,27],[-116,-5],[-39,-14],[-7,-24],[-151,7],[-17,-33],[-28,12],[-64,-35],[-65,7],[-168,94],[-49,36],[-96,15],[-78,43],[-107,58],[-137,106],[-81,28],[-90,66],[-136,122],[-22,46],[-64,93],[-15,-2],[16,14],[-25,0],[20,42],[-22,23],[8,83],[-14,44],[-94,65],[-188,63],[-79,65],[-235,120],[-140,26],[-50,41],[-63,100],[-56,36],[-118,93],[-149,55],[-153,117]],[[51826,6375],[15,89],[-26,28],[-27,-1],[-23,70],[6,96],[-17,42],[-17,-5],[-27,42],[44,45],[2,56],[-35,-11],[-3,26],[-42,-1],[-19,-23],[-14,23],[-42,17],[-39,77],[5,34],[-27,64],[17,25],[22,31],[50,12],[-15,46],[140,143],[11,42],[-27,35],[9,23],[-43,75],[-23,8],[55,29],[43,-42],[27,1],[39,55],[0,26],[-48,77],[-41,1],[3,22],[23,9],[18,93],[70,10],[17,-41],[90,9],[49,-3],[-89,47],[23,87],[39,7],[-63,108],[17,12],[-10,21],[71,-48],[51,-8],[-8,-12],[61,16],[28,-19],[56,40],[20,51],[42,-65],[44,40],[110,-40],[-12,-22],[81,35],[-18,28],[75,20],[-25,16],[21,3],[-2,20],[28,27],[84,60],[36,112],[35,1],[3,38],[33,17],[5,-27],[26,-15],[7,-47],[19,5],[-6,-40],[23,10],[6,-27],[63,-19],[-38,-33],[19,-11],[-31,-19],[38,11],[16,-55],[43,23],[-2,-22],[12,-11],[57,-24],[-9,21],[42,44],[10,45],[18,3],[-13,-63],[57,-6],[17,-8],[17,33],[-22,91],[21,69],[-48,33],[-10,-16],[-27,6],[-23,27],[-4,29],[49,19],[24,-11],[-35,41],[14,46],[-23,33],[13,6],[-13,39],[94,-36],[13,-26],[-24,-38],[27,-25],[24,24],[16,-21],[43,7],[13,-16],[22,16],[-12,5],[5,47],[29,17],[45,11],[5,-29],[71,42],[58,-15]],[[57778,8144],[-104,-27],[-38,-32],[-23,-50],[-11,-87],[24,-87],[34,-46],[159,-105]],[[57819,7710],[8,-32],[-52,-121],[36,-54],[-2,-25],[18,-13],[-24,-4],[18,-57],[-56,-21],[9,-31],[-27,-6],[-1,-82],[22,-60],[-10,-49],[-12,-24],[-54,-22],[87,-24],[-1,-54],[-64,-21],[-1,-48],[-53,-58],[-34,-2],[-45,31],[-48,-24],[31,-27],[-12,-12],[24,-36],[-15,-9],[25,-55],[164,112],[22,-10],[-13,-53],[18,-11],[-1,-23],[-25,-17],[-2,-19],[-32,19],[-12,-20],[27,-10],[-5,-17],[-34,-2],[-2,-35],[-31,-32],[25,-20],[25,51],[16,-39],[37,80],[30,12],[25,-68],[-68,-41],[6,-12],[61,-25],[81,-140],[37,-15],[13,-45],[53,-5],[4,-28]],[[58005,6357],[4,-63],[48,-58],[-52,0],[0,20],[-33,23],[-105,-29],[-60,-59],[51,1],[12,-28],[28,4],[-21,-36],[-50,13],[-78,-15],[-49,49],[-22,-31],[-15,28],[-15,-6],[15,-29],[-54,-68],[-96,-36],[5,-23],[-88,-52],[34,-14],[-16,-11],[5,-15],[83,-25],[22,11],[45,-53],[-20,-63],[312,-135],[-30,-15],[5,-28],[-18,-16],[30,-25],[-10,1],[15,-37],[-18,-17],[-20,-69],[9,-42],[34,-56],[-20,-155],[34,-73],[164,-119],[-2,-62],[-94,-83],[39,-65],[-24,-40],[-6,-63],[-137,-79],[2,-33],[-117,16],[-78,67],[-13,-7],[37,-35],[-1,-79],[-43,-4],[16,-30],[-76,-62],[13,-55],[-28,-26],[15,-15],[-46,-51],[22,-20],[-11,-14]],[[57538,4266],[-26,11],[-19,38],[26,62],[-29,18],[30,92],[-58,59],[-35,131],[-40,62],[-80,-5],[-17,19],[-14,-59],[-40,-13],[12,31],[-28,-14],[-12,13],[-70,-38],[-12,23],[7,17],[-19,7],[30,48],[-22,50],[-112,-38],[-107,-16],[-44,-33],[-69,-50],[-78,-93],[-40,-20],[-6,-19],[20,-23],[-19,-55],[-60,-39],[-51,5],[-31,-20],[-62,45],[-66,-11],[-26,32],[-70,-47],[-56,16],[-31,29],[-53,37],[-197,25],[-63,38],[-58,88],[-23,-6],[-13,20],[-114,27],[-42,2],[-31,-25],[-13,35],[-14,-33],[-82,15],[8,-24],[-27,-6],[-2,-58],[-31,44],[-31,-22],[8,-67],[-27,-48],[13,-20],[-11,-21],[-82,-47],[-24,-48],[-67,19],[-70,-10],[-45,-40],[45,-27],[-6,-14],[-36,-90],[-84,-55],[-55,-1],[-36,-66],[-29,-13],[-30,-42],[-111,-74],[-13,-28],[23,-22],[-72,-69],[-63,10],[1,19],[29,23],[-6,20],[32,36],[0,43],[-10,6],[-71,-64],[-3,17],[-23,38],[-50,-85],[-14,-28],[-62,16],[-39,-26],[-26,10],[-22,-47],[-39,-10],[-88,33],[-21,67]],[[67619,17449],[45,23],[-9,97],[97,-11],[5,23],[16,-1],[158,-66],[72,-7],[33,-32],[125,7],[24,43],[35,2],[91,-40],[15,29],[88,-38],[-8,-19],[55,-17],[-2,-16],[28,-1],[1,35],[78,21],[112,-26],[64,30],[33,107],[-49,7],[7,27],[-36,5],[12,33],[57,27],[-15,16],[21,10],[17,102],[-34,4],[8,51],[12,0],[3,32],[19,-7],[2,22],[20,2],[3,31],[35,-10],[-2,-20],[46,-8],[4,-30],[191,-75],[16,-5],[-13,-49],[85,-33],[-31,-5],[117,-39],[17,-26],[-20,-3],[5,-37],[37,15],[38,-24],[89,2],[3,-30],[28,14],[19,-25],[39,24],[20,-28],[21,11],[14,-20],[69,-3],[28,-46],[23,2],[-43,-102],[40,-25],[-1,-22],[37,-54],[-14,-31],[16,-39],[-43,-18],[-73,9],[76,-79],[-80,-94]],[[69615,17051],[-27,-31],[47,-71],[-40,-32],[13,0],[-15,-25],[1,-45],[-279,4],[0,-33],[-60,-11],[7,-30],[-51,7],[-6,-32],[-36,-34],[8,-21],[-48,-32],[14,-41],[-29,-12],[-2,-42],[30,-13],[-8,-34]],[[69134,16523],[-56,-20],[-36,19],[3,-30],[-28,-1],[2,-21],[-181,-9],[-3,-26],[-28,2],[4,-84],[-21,-4],[-155,65],[18,3],[-30,94],[-38,48],[-5,44],[-51,9],[-68,51],[26,0],[1,36],[-33,69],[47,5],[-5,24],[31,16],[52,-20],[-19,34],[11,22],[-20,25],[-65,-27],[-27,15],[4,16],[-69,2],[-32,-55],[-54,-24],[-10,15],[-31,-34],[-39,-3],[-26,43],[2,18],[-48,9],[-32,27],[-28,62],[-2,54],[-51,58],[-13,62],[-70,-4],[12,15],[-28,4],[-44,53],[-23,-2],[-6,33],[-33,-5],[-36,43],[-31,-8],[-35,38],[-11,60],[-30,5],[-18,71],[-55,14],[-4,20]],[[68958,9907],[-102,-22],[-53,3],[-15,35],[-27,-7],[-13,14],[8,35],[-8,34],[38,19],[-24,51],[16,8],[-21,70],[-15,-7],[-15,28],[-16,-10],[-9,52],[-75,1],[1,28],[-33,13],[10,16],[-89,-3],[16,57],[25,15],[23,53],[7,82],[43,26],[91,-5],[65,71],[-14,11],[14,52],[-23,13],[21,115],[11,1],[68,5],[13,25]],[[68876,10786],[19,-18],[179,30],[40,7],[2,33],[220,14],[36,71],[94,50],[147,39],[-12,109],[21,37],[-5,30],[17,3],[-7,87],[78,28]],[[69705,11306],[96,-20],[129,-62],[39,-104],[28,-17],[112,-28],[293,19],[28,-46],[6,-140],[141,-1],[2,37],[42,25],[43,-1],[-52,93],[19,39],[10,-15],[-13,-15],[6,-24],[41,-5],[16,46],[195,-35],[-7,-26],[27,-29],[86,-47],[-7,-61],[-37,-43],[-52,-46],[-12,-70],[-80,-166],[21,-12],[-26,-65],[11,-1],[4,23],[47,-25],[-8,-15],[60,-26],[63,5],[-1,12],[151,20],[-41,36],[5,26],[215,-24],[35,32],[38,-32],[-42,-24],[47,-39],[-24,-46],[-61,12],[-1,-42],[-102,-138],[38,-35],[-4,-94],[262,44],[41,-36],[-13,-9],[20,-21],[-7,-28],[39,-32],[19,14],[24,-26],[-29,-17],[3,-13],[-61,-16],[10,-18],[-17,-14],[26,-16],[-35,-58],[-67,-17],[-45,39],[-33,-26],[27,-24],[-36,-29],[148,-43],[-11,-8],[43,-57],[-8,-50],[-33,-32],[-171,-87],[-15,-12],[12,-15],[-50,-3],[-16,-104],[39,-65],[-189,10],[-353,112],[-74,4],[-13,-17],[-48,-3],[-27,-18],[-7,18],[-96,-27],[-46,108],[-198,-98],[-3,-15],[-61,11],[-55,-156],[-26,7],[-16,-42],[-9,1],[11,39],[-17,69],[-78,-3],[-37,-51],[-10,-53],[-73,-14],[-7,-23],[-32,3],[-6,-20],[-21,5],[-23,-31],[-38,8],[-13,52],[9,29],[-256,145],[-9,-9],[-16,24],[41,56],[-24,8],[9,77],[-20,38],[30,49],[-11,23],[-37,15],[-56,-10],[3,117],[16,2],[4,26],[-10,132],[-45,17],[6,16],[-90,15],[-12,-24],[-4,24],[-150,49],[-150,-121]],[[74447,6330],[69,54],[-44,40],[5,15],[51,20],[20,36],[80,8],[-7,29],[37,35],[9,22],[-26,8],[0,47],[33,56],[-31,5],[34,45],[-25,13],[-14,60],[14,48],[40,8],[11,28],[55,11],[12,41],[52,-13],[32,106],[-12,46],[21,13],[56,-23],[28,15],[15,-12],[27,24],[73,-15],[15,-27],[63,56],[25,-1],[-15,-36],[23,-7],[-44,-134],[12,-113],[21,-42],[118,-128],[13,-38],[-8,-51],[-64,-139],[-131,-157],[-114,41],[-22,-6],[-34,-72],[-27,0],[-57,9],[-35,38],[-51,-21],[-303,58]],[[78826,10274],[15,-10],[35,40],[-24,19],[35,75],[49,-13],[12,32],[-16,6],[63,99],[-32,10],[5,47],[-7,-16],[-21,4],[28,59],[-3,39],[-24,30],[-33,3],[2,27],[20,8],[-2,56],[65,-8],[15,49],[-3,19],[-27,0],[-41,41],[-7,40],[33,5],[-2,49],[-8,42],[-24,20],[147,23],[-8,7],[59,32],[-4,31],[-33,-9],[-17,30],[-74,1],[-9,38],[-177,41],[-19,9],[-14,41],[5,94],[19,-3],[9,22],[39,89],[58,46],[207,11],[-7,115],[-13,12],[15,31],[-64,0],[-21,113],[-27,36],[-52,24],[-15,-12],[-10,12],[13,10],[-5,36],[-74,-29],[-27,26],[-96,-1],[-16,20],[36,18],[49,-6],[-4,44],[-7,24],[70,13],[6,25],[26,-2],[12,44],[22,0],[3,18],[-44,-1],[-15,20],[-7,23],[27,-4],[5,35],[-37,11],[-2,39],[-38,60],[35,0],[10,22],[-5,47],[57,20],[41,-15],[12,-26],[130,-33],[9,26],[-22,27],[30,22],[-31,28],[-8,48],[24,4],[-8,39],[83,14]],[[79177,12526],[45,-81],[16,13],[12,-76],[20,5],[-19,112],[-11,2],[4,31],[10,-4],[12,52],[11,1],[20,-103],[69,-34],[4,20],[92,-3],[-9,-55],[14,-3],[-13,-55],[65,-12],[31,26],[-1,-16],[68,-20],[-3,-25],[24,3],[-1,-15],[54,-18],[17,25],[-18,20],[9,2],[-9,91],[22,-40],[48,25],[18,-18],[23,7],[-3,35],[24,9],[59,-30],[-7,17],[14,4],[48,-56],[31,-78],[22,0],[0,-20],[27,20],[7,-17],[33,-2],[9,-25],[18,-3],[5,26],[29,-1],[0,-18],[23,12],[17,-22],[49,-10],[0,-28],[22,-5],[28,-42],[33,16],[76,-17],[29,6],[6,28],[120,17],[35,-42],[42,19],[-6,21],[12,17],[43,12],[85,-23],[-2,-16],[15,11],[89,-23],[64,-37],[-28,-42],[6,-13],[30,12],[1,-43],[24,4],[18,35],[23,4],[28,-24],[22,12],[10,-13],[-21,-14],[43,-43],[4,-33],[-27,-17],[9,-10],[-22,-22],[153,-80],[29,3],[55,-76],[19,5],[30,-42],[23,-4],[-41,-44],[22,-17],[-21,-24],[49,11],[33,-17],[10,-37],[43,-29],[86,-8],[2,-41],[-35,-24],[89,-8],[-22,-34],[11,-4],[25,34],[28,-5],[26,29],[40,-40],[-15,-38],[30,-21],[-20,-35],[38,-31],[-9,-62],[-62,-7],[7,-21],[-12,-43],[6,-18],[-23,-31],[76,-44],[53,-90],[130,-132],[92,-57],[101,-22]],[[82063,10827],[-242,-2],[-389,-54],[-50,-43],[-32,-136],[-59,-81],[-57,-138],[-103,-29],[-11,-76],[-37,-45],[-42,-26],[-123,-11],[-103,-59],[-7,-83],[-100,-182],[-34,-1],[-118,65],[-80,-20],[-10,-20],[5,-80],[-60,-65]],[[80411,9741],[-11,18],[-53,-14],[-173,-132],[-14,1],[-57,97],[-25,1],[-109,-68],[13,-12],[-14,-100],[41,-44],[-13,-37],[28,-46],[-8,-66],[22,-8],[-21,-57],[47,-49],[-89,-40],[-23,-39],[-87,-72],[-51,-5],[-10,-73],[14,-5],[-5,-22],[-64,-8],[2,15],[-154,11],[-29,20],[-73,-2],[5,-18],[-20,-4],[-89,27],[-20,-24],[-63,-7],[3,-24],[-56,3],[-5,60],[-22,3],[12,27],[-13,63],[38,10],[-11,58],[-103,24],[-1,15],[-23,-10],[-58,21],[3,-32],[-23,-5],[-20,28],[-52,-1],[-31,24],[-23,66],[42,13],[-60,65],[-27,98],[-61,94],[19,46],[17,31],[36,5],[8,59],[-3,37],[-54,-1],[8,30],[-25,85],[-62,19],[-26,-16],[-64,9],[1,66],[-48,91],[61,69],[6,29],[16,-2],[70,97],[49,41]],[[79935,4763],[47,4],[131,184],[-12,95],[-39,42],[26,18],[12,177],[36,84],[140,-18],[215,88],[46,-45],[32,19],[3,32],[39,23],[5,29],[39,4],[32,46],[12,45],[131,34],[117,-12],[62,-34],[105,36],[58,-34],[69,24],[-24,45],[-82,56],[-1,28],[-25,43],[-12,73],[5,86],[-318,37],[-52,42],[-137,-28],[-59,57],[-19,132],[-134,4],[-40,24],[-4,40],[-55,81],[-33,100],[-2,111],[12,3],[-23,46],[-25,1],[28,24],[-7,52],[67,19],[13,20],[-35,29],[39,81],[-38,39],[23,70],[-11,26],[89,42],[-23,59],[45,58],[-31,33],[5,25],[74,36],[-3,-21],[-34,-24],[-3,-34],[64,-22],[38,64],[36,-12],[28,32],[21,-27],[-17,-35],[109,41],[-1,-14],[76,-29],[-3,27],[78,20],[7,-27],[39,-22],[-21,-8],[17,-32],[25,9],[2,28],[26,7],[15,-36],[83,-3],[24,69],[43,1],[-8,-23],[32,-36],[47,18],[37,-7],[133,-61],[2,38],[14,8],[116,-66],[8,36],[-15,44],[26,10],[53,-29],[10,16],[-33,23],[-14,35],[50,-25],[1,18],[-72,64],[-29,7],[4,34],[-23,16],[-27,-7],[6,-22],[-54,2],[-35,23],[13,33],[-49,5],[-13,18],[-20,43],[8,16],[-20,29],[33,41],[-19,61],[7,40],[25,17],[-1,44],[33,26],[-30,39],[-27,-16],[-30,32],[14,20],[125,32],[-16,-45],[29,-17],[83,28],[1,79],[-15,42],[14,13],[27,11],[-24,19],[-5,24],[24,18],[8,37],[-31,8],[-11,29],[11,13]],[[81473,8005],[78,-40],[211,-20],[71,-32],[26,-34],[-12,-115],[29,-31],[87,10],[21,45],[20,-2],[26,-139],[44,-108],[176,-254],[120,-260],[65,-106],[109,-161],[26,-116],[-40,-69],[-127,-122],[-49,-106],[-140,-239],[-91,-81],[-39,-59],[-66,-14],[-9,-23],[11,-35],[-2,-22],[-58,-27],[-43,-66],[43,6],[15,19],[11,-1],[-9,-23],[66,9],[20,-74],[-42,-61],[-36,-9],[-4,-18],[24,14],[-24,-125],[-21,-1],[-16,-29],[-82,-8],[-66,-77],[-22,-64],[-54,-54],[4,-41],[35,-21],[36,-55],[79,-35],[21,-42],[41,-8],[145,28],[74,-51],[59,20],[95,-28],[117,4],[36,15],[30,50],[30,2],[31,0],[18,22],[14,20],[-9,15],[31,48],[78,7],[45,-22],[36,-53],[37,6],[108,-36],[-9,-11],[57,-26],[-13,-17],[68,-65],[42,-74],[73,-61],[44,-2],[54,-53],[-33,-162],[27,-123],[38,-24],[44,-74],[-10,-57],[72,-96],[15,-61],[-16,-40],[-10,-46],[-20,-12],[-111,-95],[-23,-49],[-50,-45],[-18,-65],[-60,-43],[10,-53],[36,-51],[26,-9],[7,-36],[-21,-26],[-222,-31],[13,-48],[-29,-29],[9,-35],[70,-119],[55,-16],[-18,-29],[4,-26],[-92,-80],[0,-30],[-64,-55],[-5,-40],[-49,-65],[20,-43],[110,-73],[9,-30],[-34,-17],[0,-41],[29,-15],[-5,-136],[14,-80],[-18,-19],[15,-30],[-48,-39],[-50,3],[-30,-25],[-54,-7],[2,-31],[-38,-68],[-21,-3],[-41,-80],[-39,-25],[-34,-50],[-44,-1],[-32,65],[-34,25],[11,79],[-46,-11],[-32,45],[-65,17],[0,19],[-24,5],[-16,-21],[10,-27],[-15,-29],[1,-50],[-29,2],[-151,62],[-368,201],[-208,182],[6,68],[-40,39],[-110,22],[-25,17],[-10,30],[-49,-13],[-49,44],[-17,24],[1,90],[-22,64],[-43,10],[-61,-23],[-152,0],[-118,58],[-80,78],[-19,98],[-68,43],[-37,66],[-6,55],[73,110],[47,24],[17,27],[-35,56],[20,34],[25,9],[25,39],[30,3],[38,56],[51,20],[81,-27],[16,28],[-120,106],[-96,55],[3,14],[-88,71],[-75,-7],[-129,132],[-5,32],[-56,58],[17,35],[61,5],[92,63],[-4,23],[34,46],[18,55],[-24,30],[-74,-96],[-78,13],[-53,-46],[-11,39],[-87,101],[-54,11],[-56,39],[-151,-37],[-87,56],[-38,-17],[-40,30]],[[68373,4896],[94,43],[-3,30],[79,22],[68,56],[-40,55],[4,43],[-20,40],[64,66],[21,48],[-14,5],[62,40],[109,-7],[20,42],[95,28],[17,45],[50,-16],[75,17],[53,11],[-18,16],[-105,4],[-33,32],[29,52],[2,41],[-49,59],[-18,-12],[14,38],[-47,23],[5,37],[-18,23],[-2,55],[-33,70],[20,48],[-8,13],[60,5],[43,29],[-19,12],[-151,1],[3,72],[-20,27],[-30,7],[-85,9],[-35,-61],[-34,-20],[-46,1],[-21,40],[-35,25],[-137,44],[-107,120],[10,31],[3,64]],[[68245,6369],[44,22],[25,45],[-13,49],[12,10],[-9,19],[19,74],[-36,322],[-17,44],[16,394],[-31,160],[32,161],[27,-5],[0,-61],[52,6],[7,-31],[55,24],[-9,20],[18,-1],[2,20],[27,1],[11,-54],[27,-24],[-1,51],[38,-20],[44,48],[29,-9],[-4,-31],[42,-19],[-15,-26],[57,-19],[-19,-18],[124,-7],[103,125],[-9,48],[-43,5],[0,33],[-32,17],[57,45],[-4,23],[58,128],[43,5],[11,68],[28,1],[21,36],[-42,68],[-24,10],[14,17],[45,-36],[63,54],[8,28]],[[69096,8189],[13,19],[22,-12],[33,-52],[28,22],[101,-33],[28,-60],[70,-34],[-44,-38],[-34,-4],[-7,-63],[112,57],[55,65],[17,51],[15,-2],[0,26],[29,13],[23,-18],[-3,-35],[113,37],[48,-32],[-23,-26],[17,-11],[110,-26],[-1,-20],[20,23],[-6,-22],[27,-12],[-33,-41],[18,-10],[-53,-66],[58,-30],[27,-4],[31,24],[192,-22],[-4,23],[37,23],[3,19],[127,35],[18,-27],[32,-1],[34,-51],[62,-12],[11,-48],[28,-5],[3,-34],[-21,-7],[7,-9],[59,5],[16,-6],[13,-47],[49,6],[8,-29],[26,-12],[-24,-63],[8,-55],[40,4],[36,-24],[6,-24],[89,2]],[[70762,7516],[26,-21],[0,-33],[19,-29],[11,1],[-3,-35],[36,13],[18,-29],[36,17],[85,-39],[52,-75],[-20,-7],[7,-34],[-41,-110],[-4,-44],[13,-26],[29,-11],[21,19],[-36,44],[11,22],[62,25],[24,-10],[-9,-55],[-34,-13],[-42,-97],[-44,-42],[6,-40],[-12,-47],[-26,22],[26,9],[3,19],[-27,3],[-36,3],[-46,-46],[23,-42],[-43,-82],[21,-8],[-15,-26],[-59,25],[-6,-12],[35,-48],[-24,-3],[-25,-52],[-46,17],[-47,-96],[-23,6],[-27,-52],[19,-8],[69,-28],[13,21],[52,-33],[40,17],[-35,-54],[14,-22],[124,-11],[45,23],[27,-15],[47,-43],[-14,-24],[37,-69],[12,2],[41,-99],[-2,-29],[-29,-37],[-47,-13],[-13,-23],[-81,-17],[-8,16],[-42,-6],[-12,14],[-12,-27],[29,-53],[-4,-17],[-69,-20],[15,-26],[-49,-24],[38,-43],[64,20],[72,-69],[5,-44],[19,-30],[25,2],[21,-45],[-31,-17],[3,-35],[35,-3],[6,-26],[-27,1],[-1,-20],[42,0],[-1,-26],[-26,4],[-19,-41],[56,8],[17,-11],[8,-37],[-23,2],[-45,-60],[-74,-7],[-75,-54],[-76,-28],[-57,-46],[30,-70],[96,1],[32,-36],[36,47],[71,24],[9,40],[50,-11],[31,-146],[11,-12],[-20,-65],[28,-68],[62,-35],[-19,-55],[4,-46],[-10,-19],[-56,-17],[-112,0],[11,-31],[-34,-12],[-10,-63],[-30,-9],[-8,-44],[9,-19],[27,11],[5,-20],[50,-23],[68,-71],[78,-85],[13,-33],[-20,-87],[90,-31],[-13,-36],[13,-51],[-60,-22],[29,-3],[-3,-38],[-578,-216],[-33,-126],[-57,-93],[27,-57],[53,39],[117,39],[72,7],[30,-20]],[[70843,3725],[-17,-83],[26,-51],[-30,-7],[-71,46],[-29,-1],[-53,-50],[-50,22],[-10,-11],[-44,-153],[-85,-90],[-28,-53],[20,-43],[-32,-68],[25,-165],[-6,-68],[-91,-60],[-42,-66],[-167,-26],[-10,13],[-143,-50],[-143,22],[-50,-53],[-59,-19],[-56,30],[-85,-2],[-13,21],[-271,-1],[-54,-20],[-67,121],[-167,-129],[-103,-129]],[[68938,2602],[-49,29],[-129,11],[-42,22],[-80,160],[-56,-25],[-42,11],[-83,117],[-91,18],[-45,33],[-29,48],[-22,4],[-49,-10],[-19,27],[-28,92],[14,51],[-36,42],[-41,11],[-15,26],[-188,3],[-1,40],[-13,16],[43,66],[15,54],[-27,49],[-248,88],[10,28],[-8,48],[32,116],[28,24],[-8,36],[35,33],[69,14],[67,51],[-68,35],[-25,21],[18,36],[-33,48],[46,60],[-72,24],[10,45],[-22,82],[-17,21],[26,22],[8,88],[52,67],[5,33],[25,48],[63,-12],[25,26],[74,-35],[17,13],[1,36],[30,-9],[3,-20],[15,18],[23,-4],[11,39],[15,-1],[-6,36],[34,16],[-15,35],[49,-32],[58,8],[13,33],[35,-6],[-9,-35],[115,6],[-12,35],[-1,141],[-11,-5],[-9,48]],[[66429,11541],[-21,10],[26,10],[-3,23],[31,0],[1,41],[-33,29],[7,58],[-18,21],[10,50],[-27,12],[-3,68],[-26,12],[37,31],[-6,-27],[81,15],[27,29],[-7,46],[-68,40],[37,43],[-10,22],[52,66],[38,-5],[-28,38],[15,12],[61,-12],[15,27],[40,-39],[38,-10],[5,26],[78,-2],[-17,34],[36,1],[27,1],[94,115],[-50,-4],[-22,52],[10,29],[-21,6],[25,24],[-10,15],[-39,1],[4,13],[63,40],[-10,10],[32,39],[-60,51],[33,35],[-24,61],[56,-7],[43,-32],[54,14],[-3,26],[-30,3],[-5,29],[-44,25],[-1,26],[75,25],[3,-34],[44,10],[1,32],[37,11],[-9,42],[56,40],[1,36],[-19,23],[18,38],[-76,32],[-21,60],[15,5],[-3,27],[-30,22],[-10,59],[-47,54],[80,3],[0,14],[47,5],[-1,30],[51,-20],[21,35],[25,0],[16,52],[70,32],[97,-13],[46,33],[72,-18],[11,18],[-8,21],[30,0],[-5,19],[41,62],[55,8],[22,-15],[67,45],[6,22],[-38,-7],[-2,13],[41,9],[31,-32],[47,-10],[47,28],[6,-13],[60,13],[43,-38],[29,8],[25,35],[22,-14],[26,29],[-30,19],[92,29]],[[68096,13666],[16,-20],[81,-11],[11,-17],[85,31],[12,53],[80,-5],[54,-45],[57,-14],[-12,-40],[12,-39],[30,19],[30,-45],[49,8],[10,-24],[48,21],[98,-71],[-12,-10],[7,-47],[-75,2],[15,-29],[-4,-43],[23,-1],[21,-24],[57,24],[46,-16],[-12,51],[27,10],[9,-46],[36,-7],[13,-24],[-15,-28],[-24,6],[-5,-14],[15,-14],[-14,-20],[7,-26],[44,0],[29,-23],[-14,-16],[32,-39],[26,2],[8,44],[34,-7],[2,23],[28,-2],[28,66],[135,-45],[-27,27],[-2,40],[-25,7],[0,48],[19,1],[-22,33],[19,20],[39,4],[13,34],[38,9],[93,12],[111,88],[49,-34],[36,0],[44,40],[39,-13]],[[69648,13530],[0,-47],[101,-35],[36,-45],[-72,-41],[29,-39],[37,2],[-35,-32],[-44,-1],[13,-8],[-15,-5],[7,-14],[22,-16],[-13,-4],[14,-22],[23,-5],[-13,-5],[28,-48],[-24,-9],[30,2],[40,-27],[32,-29],[-4,-13],[82,-6],[23,-17],[22,-104],[-128,18],[-24,-10],[-17,-15],[-2,-31],[16,2],[-14,-15],[13,-34],[-53,-10],[-18,-70],[68,-95],[108,-75],[-44,-36],[-90,8],[-1,-41],[3,-30],[49,12],[5,-46],[58,13],[14,-31],[86,-43],[16,17],[28,-23],[69,-13],[-10,-14],[156,-28],[27,-46],[49,-3],[12,-100],[6,-96],[-17,-109],[20,1],[-9,-20],[14,-51],[51,-25],[-29,-23]],[[70379,11900],[-33,-10],[-47,-63],[-41,-26],[-30,0],[-32,33],[-235,-140],[-96,-31],[-30,-122],[-25,0],[-8,-34],[-97,-36],[23,-63],[-16,-45],[-7,-57]],[[68876,10786],[9,60],[35,26],[-57,-7],[30,105],[-63,92],[-114,-1],[-47,97],[-65,-24],[-24,43],[-45,-26],[-36,13],[-12,-33],[-22,-13],[-26,20],[-76,-69],[-48,70],[-106,-72],[-9,26],[-25,-7],[-17,51],[-69,-17],[-86,198],[16,3],[-77,127],[-70,22],[-88,22],[-18,-6],[-3,-35],[-12,-3],[-8,17],[-50,-9],[-13,17],[-90,-4],[-3,-12],[-47,50],[16,13],[-4,38],[-134,53],[-1,28],[-32,1],[-19,54],[-107,1],[-7,-23],[-101,-11],[4,40],[-32,7],[-23,61],[-53,14],[-10,41],[-90,43],[-127,-67],[-79,-15],[-39,-44],[2,-18],[30,-39],[53,-21],[-5,-25],[-75,2],[13,-42],[-15,-43],[-45,23],[-37,-19],[-19,-7],[-9,21],[-166,-32]],[[72682,7839],[23,16],[13,55],[-43,55],[9,24],[-70,35],[-95,-27],[-34,19],[10,38],[-65,36],[8,38],[-40,8],[-24,32],[-14,-19],[-75,49],[34,49],[-130,24],[-55,59],[-186,13],[-21,60],[80,38],[-8,35],[-11,221],[157,0],[30,-24],[-38,163],[-5,60],[37,202],[84,-14],[6,28],[72,-27],[16,65],[-52,43],[-154,49],[7,34],[-26,120],[3,59],[-21,2],[11,36],[-90,25],[-39,35],[16,28],[-77,109],[-1,84],[-11,37],[-19,13],[4,30],[-16,9],[17,12],[1,28],[-74,125],[41,36],[-24,36],[72,56],[113,69],[-10,18],[12,20],[-4,33],[39,13],[-54,116],[8,28],[-30,81],[-13,-6],[-16,30],[-29,-12],[-43,78],[34,13],[-12,71],[41,55],[-6,33],[-22,19],[35,37],[-28,101],[-33,41]],[[71897,10994],[68,18],[-10,42],[24,6],[28,-79],[141,21],[99,-24],[-20,-34],[55,-7],[-5,-42],[67,-15],[44,-37],[57,7],[40,-8],[-3,-22],[21,-8],[45,19],[26,-21],[0,20],[-16,8],[81,17],[0,-26],[38,-4],[15,0],[2,28],[41,2],[1,-14],[33,0],[4,-14],[60,9],[-16,-43],[112,12],[45,30],[-11,-46],[19,-37],[-16,-46],[42,-50],[42,16],[-29,51],[13,24],[56,-31],[63,10],[29,-5],[-6,-21],[33,-18],[-13,-35],[16,-7],[-1,-63],[31,16],[27,-34],[45,56],[-33,20],[70,-17],[-16,-18],[26,-13],[-24,-75],[30,-62],[45,-28],[-5,-18],[32,-46],[40,-9],[40,18],[68,29],[34,37],[64,-9],[12,-31],[24,-3],[0,14],[30,-6],[26,20],[82,-90],[31,15],[36,57],[42,-11],[-22,64],[90,-16],[-15,-31],[39,15],[14,-17],[19,-17],[13,-59],[-99,-10],[-5,-15],[68,-10],[33,-51],[-4,-23],[74,10],[31,-34],[-9,-8],[33,-23],[-16,-17],[106,-82],[34,10]],[[74352,10075],[57,-142],[127,-22],[40,13],[-31,-69],[97,21],[17,23],[59,-13],[-3,-34]],[[74715,9852],[-6,-12],[14,-2],[13,-53],[-119,-44],[8,-25],[-14,-24],[64,-106],[-158,-4],[22,-61],[23,-10],[20,-51],[70,-16],[-32,-11],[3,-109],[-12,-13],[12,-8],[-6,-70],[14,-158],[24,-100],[7,-145],[17,-13],[-65,-98],[31,-23],[48,27],[42,-36],[-21,-16],[-22,11],[-51,-36],[46,-34],[12,20],[38,-12],[-16,-34],[58,5],[45,-21],[-16,-28],[15,-53],[-20,1],[9,-36],[-22,-39],[47,-16],[-9,-46],[-41,28],[-19,-14],[0,-52],[-41,-16],[-46,18],[-24,-17],[-51,5],[-18,-17],[-15,-56],[25,-35],[8,-41],[-70,-20],[-27,-42],[-294,10],[-25,-27],[-18,-87],[-60,-26],[-48,39],[-51,1],[2,-93],[-26,-5],[-32,65],[17,15],[-42,48],[-45,23],[-9,46],[-48,16],[-8,-18],[-41,32],[-28,55],[-33,-10],[-6,68],[-134,10],[-111,93],[-35,20],[-10,-11],[-31,-21],[-38,-87],[46,-90],[3,-37],[-25,-5],[16,-10],[16,-84],[22,-1],[12,-28],[-22,-6],[20,-26],[0,-86],[36,-66],[43,-6],[-1,-22],[-20,-14],[-38,9],[-14,-34],[-81,-13],[13,-81],[-37,-4],[-80,38],[-78,67],[-64,14],[-40,35],[-22,45],[-72,17],[6,33],[-21,12],[-68,3],[-15,28],[-69,-15],[-29,-10],[-21,-50],[25,-22],[-86,-20],[-28,18]],[[65481,17940],[-25,72],[-66,91],[27,87],[-87,-27],[-156,12],[-19,84],[12,51],[59,54],[56,-8],[17,32],[-33,13],[8,7],[-47,-2],[14,22],[-55,-29],[-59,-79],[-102,80],[-129,6],[-6,12]],[[64890,18418],[87,22],[138,-67],[19,16],[-22,10],[2,21],[26,-5],[-28,34],[2,22],[12,27],[67,45],[16,54],[296,89],[45,6],[40,-30],[108,30],[-22,9],[-14,32],[19,55],[84,28],[48,35],[-59,42],[-50,13],[3,40],[32,9],[15,-39],[61,-50],[16,46],[23,21],[85,21],[-1,46],[100,-25],[25,35],[-64,88],[0,30],[-136,83],[174,209],[-5,43],[92,52],[29,35],[31,8],[56,2],[56,47],[68,9],[136,-17],[148,-3],[-25,17],[2,19],[28,8],[-16,13],[28,5],[5,31],[-36,0],[60,112],[3,32],[-48,36],[23,9],[-17,23],[104,17],[32,36],[29,0],[8,36],[-58,11],[-10,29],[65,2],[8,10],[-9,8],[17,1],[-5,21],[-27,13],[-2,52],[28,2],[-18,22],[115,25],[-2,19],[29,-7],[-8,-26],[31,-14],[23,5],[-13,22],[12,19],[56,8],[-8,51],[-51,6],[19,40],[-28,5],[-12,-24],[-12,23],[-3,17],[79,108],[108,99]],[[67152,20537],[34,14],[35,-21],[7,22],[49,7],[5,30],[53,-28],[23,5],[-3,31],[183,-52],[42,19],[15,45],[19,0],[-32,-74],[-24,-7],[22,-31],[2,23],[15,3],[5,-40],[-17,-34],[35,-19],[-8,-32],[39,-7],[40,-58],[46,-5],[2,-12],[-39,-5],[14,-112],[-27,7],[-3,-40],[31,-11],[-11,-14],[6,-16],[43,-19],[30,8],[13,-38],[55,9],[3,-17],[35,-22],[5,15],[71,7],[-17,20],[27,45],[-26,-1],[-11,57],[34,-3],[21,-73],[17,0],[5,-27],[21,-1],[16,-25],[-4,-18],[50,-20],[57,5],[73,-52],[57,35],[-8,32],[23,51],[54,-15],[11,24],[-6,59],[75,33],[-45,35],[37,16],[41,-49],[84,-25],[144,25],[-21,56],[25,32],[24,-15],[12,89],[121,-11],[53,26],[-5,17],[48,20],[35,-9],[-15,25],[-60,13],[-17,140],[-32,-2],[-7,42],[51,4],[12,-37],[126,7],[33,4],[-6,43],[-45,30],[-29,45],[-51,17],[25,-23],[-11,-26],[-42,13],[-34,-11],[-2,27],[-36,0],[-20,54],[15,9],[-20,2],[2,42],[-39,7],[-4,29],[-41,9],[13,39],[-24,8]],[[68729,20911],[17,24],[31,-8],[21,25],[-33,45],[52,14],[-1,-15],[22,-8],[-30,-30],[102,-70],[119,-50],[64,-71],[7,11],[62,-27],[126,-15],[37,1],[20,20],[28,-42],[38,3],[6,42],[183,-27],[9,20],[17,-3],[5,24],[13,-4],[31,72],[30,13],[-8,18],[46,15],[4,-15],[29,2],[29,-21],[-9,-19],[82,-6],[28,17],[8,-15],[25,4],[-7,-22],[27,6],[7,-18],[65,7],[4,-42],[42,0],[11,-25],[-74,-34],[41,-10],[-11,-28],[-17,5],[-30,-73],[-13,4],[-2,-17],[15,-7],[-30,-66],[24,-13],[1,-27],[-67,15],[-4,21],[-88,-10],[10,-23],[59,-40],[-31,-20],[12,-15],[-37,-34],[42,-11],[9,-23],[62,12],[11,-19],[50,-4],[-4,-15],[58,-19],[-11,-84],[22,-23],[-23,-6],[-4,-62],[-48,17],[-9,-13],[22,-23],[-5,-19],[62,-9],[16,-30],[61,19],[-6,-91],[22,-24],[26,3],[-41,-18],[3,-21],[28,3],[53,-43],[68,3],[19,23],[31,-19],[22,-58],[1,-21],[-10,-2],[8,-90],[29,-20],[23,-74],[54,-33],[8,-16],[-20,-25],[43,0],[-13,-21],[13,-49],[38,-26]],[[70556,19438],[41,-16],[-16,-11],[177,-67],[100,24],[-3,-29],[-21,-4],[18,-32],[6,-83],[31,-12],[141,-20],[17,14],[-27,49],[116,-19],[-43,-30],[-14,-34],[56,-38],[74,24],[-14,33],[104,7],[12,16],[-17,11],[8,10],[36,-28],[16,-45],[-16,-30],[74,-32],[38,-41],[95,8],[-3,27],[33,12],[16,43],[-2,70],[72,-24],[-69,-209],[-30,-153],[47,-83],[61,5],[81,-25],[-19,-57],[7,-45],[52,-27],[-2,-53],[-15,4],[-9,-22],[-58,1],[-2,-46],[-97,11],[-34,-50],[4,-45],[-26,-69],[44,-23],[-11,-34],[14,-2],[-11,-57],[26,-4],[-18,-58],[-19,0],[12,-36],[-76,-14],[-41,53],[-47,5],[-15,-23],[11,-31],[32,-4],[6,-25],[-18,-40],[20,-42],[-25,-66],[35,5],[13,-25],[2,-38],[-17,3],[14,-40],[65,0],[24,23],[69,14],[8,25],[35,-18],[84,-2],[-35,-17],[-11,-37],[-34,15],[-50,-25],[28,-24],[-6,-13],[20,14],[20,-18],[-8,-30],[11,-24],[45,-17],[-23,-121],[-109,-87],[-32,8]],[[71584,17498],[-16,29],[-27,-5],[-24,39],[-31,-8],[-91,54],[2,-41],[-16,1],[-59,-95],[-75,22],[-28,-15],[-7,-20],[37,-39],[-12,-19],[-68,-13],[-8,54],[-25,46],[23,42],[-137,-14],[-122,135],[57,5],[20,59],[-10,0],[-15,67],[-10,-1],[-1,45],[-109,3],[-127,-11],[-4,29],[-100,0],[-14,-1],[18,-63],[-27,-8],[15,-51],[-36,-9],[9,-41],[-50,-1],[1,-28],[-32,-1],[-44,-83],[-36,1],[3,-23],[-71,-15],[8,-13],[-24,-18],[9,-53],[16,-8],[-8,-30],[9,-35],[-64,-67],[-6,-55],[-96,-25],[-1,-17],[44,-45],[37,-7],[16,-38],[-21,-19],[-45,1],[-17,11],[-1,23],[-32,8],[-18,-21],[35,-39],[-12,-63],[-17,-10],[-47,27],[34,48],[-18,28],[-36,5],[6,-50],[-13,-9],[-25,7],[-3,30],[-36,-8],[-15,-43],[20,-34],[-4,-40],[-84,-56],[-34,1],[-7,30],[-49,-28],[-15,16],[-26,-17],[-62,15],[-88,58],[-16,18],[18,14],[-34,35]],[[67619,17449],[-81,4],[-44,-14],[-1,-20],[-30,-15],[-31,-2],[1,-26],[-99,-10],[-1,21],[-13,3],[15,19],[-152,58],[13,58],[-27,36],[-117,10],[-6,57],[-70,28],[-47,-51],[-71,-10],[-23,3],[3,25],[-98,31],[-66,0],[-28,28],[10,10],[-60,28],[-50,11],[-30,79],[-94,27],[-9,-78],[-28,-10],[-175,11],[-25,-5],[0,-22],[-22,4],[-5,32],[-79,13],[-32,-20],[-37,-129],[-17,-5],[34,-32],[-43,-13],[-18,22],[-54,-34],[-14,7],[11,44],[-18,-8],[-58,50],[-65,17],[17,82],[-39,42],[40,38],[49,15],[-44,72],[-40,-17],[-23,39],[-51,-22],[-77,20],[-119,-10]],[[71897,10994],[-5,10],[-64,173],[12,35],[37,21],[49,145],[-62,101],[-34,16],[-86,137]],[[71744,11632],[-12,92],[-47,53],[67,83],[122,6],[-1,-28],[59,3],[0,31],[51,8],[5,79],[12,4],[-5,56],[23,8],[-8,30],[-19,3],[9,71],[-24,2],[-8,70],[49,70],[19,88],[70,163],[9,51],[89,95],[144,174],[-7,95],[99,46],[181,31],[19,49],[-27,133],[71,26],[82,9],[42,-30],[40,17],[68,-9],[28,25],[54,12],[37,43],[-8,18],[90,-3],[12,29],[18,-2],[63,23],[17,25],[15,-5],[57,3],[25,44],[95,46],[14,77],[120,100],[90,49],[14,-19],[33,20],[122,-23],[-13,-31],[19,-9],[-40,-38],[-2,-34],[22,16],[71,-35],[29,20],[14,-21],[-10,-8],[40,-6],[15,-34],[-13,-14],[5,-57],[47,-8],[18,16],[20,-30],[95,17]],[[74129,13417],[46,-61],[-3,-61],[-18,-10],[6,-35],[58,0],[7,17],[74,17],[-15,-34],[48,-6],[10,62],[56,1],[9,22],[65,9],[48,-23],[55,51],[54,25],[68,0],[13,-49],[99,15],[17,-11],[85,3],[28,11],[8,-17],[42,-1],[29,-17],[5,-32],[26,6],[8,33],[17,-10],[-6,-66],[36,-7],[7,58],[48,45],[10,-34],[35,-14],[-8,40],[56,14],[9,-32],[53,-21],[30,17],[52,-25],[16,-44],[-6,-19],[32,-9],[-18,-33],[10,-28],[18,-4],[2,-44],[-11,-18],[-30,6],[1,-35],[38,-12],[-11,-16],[27,-7],[8,-21],[69,-4],[8,-44],[47,-18],[5,-32],[-30,-40],[88,-28],[-12,-25],[-22,3],[34,-29],[-74,-67],[66,-24],[-9,-19],[23,-29],[-1,-23],[49,8],[64,-33],[28,-57],[23,-13],[11,-30],[-16,-12],[31,0],[1,-16],[61,36],[47,-29],[20,-71],[-12,-15],[18,-2],[-22,-19],[-17,9],[28,-25],[-11,-33],[41,-7],[-32,-58],[39,-13],[-1,-21],[35,-26],[1,-16],[38,-12],[36,-5],[2,-15]],[[76126,12159],[-15,-25],[53,-165],[-21,-1],[-9,-23],[2,-56],[27,-41],[-24,-38],[21,-8],[-4,-32],[-57,-7],[-12,20],[3,-31],[-43,11],[-22,-26],[19,-32],[-20,-6],[33,-50],[-69,-6],[-13,-16],[-46,18],[-7,-75],[-26,-25],[-9,-52],[10,-8],[-18,-18],[23,-49],[29,20],[32,-17],[1,-46],[19,-3],[-10,-22],[17,-11],[-4,-17],[-51,-14],[-12,-22],[-65,-23],[13,-21],[-18,-46],[14,-48],[-30,11],[-16,-32],[1,-33],[106,-16],[-29,-34],[3,-19],[29,-10],[-57,-42],[58,-48],[36,1],[-42,-117],[45,-40],[-113,-19],[-40,52],[-13,-17],[9,-14],[-66,27],[-33,63],[3,32],[-12,5],[8,14],[-11,33],[12,25],[-57,-25],[-79,7],[-44,-84],[12,-49],[19,-18],[-12,-1],[-5,-28],[-27,-15],[-15,17],[10,60],[-74,2],[21,-41],[-8,-32],[-119,-6],[-75,-52],[35,-23],[-7,-24],[-54,16],[-38,-19],[-24,30],[-21,-3],[4,-40],[-15,-48],[-34,14],[6,-44],[-84,26],[30,-28],[-69,-14],[-57,36],[-45,-48],[1,-26],[27,-9],[-56,-51],[-28,-23],[37,-30],[-15,-11],[-107,-2],[-69,-54],[-7,27],[-58,-24],[-2,14],[-47,-1],[19,-26],[-106,16],[-53,-35],[-22,-59],[17,-6],[-1,-16],[-66,1],[-21,21],[4,26],[-67,23],[-11,-18],[94,-198]],[[71744,11632],[-27,30],[-123,-31],[-2,17],[-157,-16],[-30,-76],[-90,32],[-27,-30],[-354,36],[-21,-4],[10,-73],[-20,-6],[-18,55],[-195,-7],[-11,51],[-115,73],[-50,-69],[-24,147],[-81,79],[-30,60]],[[69648,13530],[47,-7],[21,12],[-4,14],[68,-5],[11,12],[-8,15],[28,11],[-2,32],[46,12],[5,42],[52,5],[53,38],[24,-1],[-8,22],[27,26],[-6,44],[-47,58],[56,2],[-2,28],[81,13],[-6,43],[38,21],[1,37],[75,33],[-17,45],[9,19],[114,1],[58,-30],[-26,-20],[21,-36],[78,8],[-13,-49],[82,-5],[15,-42],[16,20],[12,-21],[-21,-35],[64,-55],[91,-45],[46,9],[26,-25],[34,16],[-32,40],[35,42],[35,-5],[-1,30],[15,13],[-6,30],[39,7],[-19,28],[31,15],[-8,71],[37,-6],[-6,56],[21,23],[52,-9],[-23,42],[-43,10],[104,28],[32,-21],[45,15],[-21,34],[11,134],[17,19],[-2,31],[25,23],[-17,32],[-31,12],[-8,28],[12,3],[-5,59],[-17,37],[16,1],[-18,34],[8,8],[-15,9],[11,32],[14,-1],[2,56],[12,0],[-2,22],[-17,10],[5,31],[77,3],[-8,26],[-62,10],[-1,35],[-15,3],[-9,50],[48,17],[22,38],[90,-31],[3,41],[-54,-7],[12,25],[-6,14],[21,0],[20,44],[33,7],[19,29],[7,-14],[48,23],[30,-20],[23,42],[40,22],[-2,15],[39,-2],[35,38],[-46,12],[-7,57],[58,10],[-3,11],[-65,74],[10,45],[-34,2],[3,59],[-12,15],[86,59]],[[71475,15567],[16,-18],[32,9],[-9,-37],[102,-11],[89,-46],[-3,-17],[90,-7],[65,-57],[147,-9],[10,15],[36,-19],[45,57],[12,43],[-8,33],[26,44],[14,-1],[-14,-43],[16,-1],[32,12],[12,25],[19,-5],[-2,-13],[62,17],[22,-58],[67,0],[8,-41],[30,-1],[-5,-25],[31,-7],[-57,-46],[11,-13],[85,14],[69,-49],[101,-15],[74,-33],[34,-29],[4,-27],[98,-31],[2,-44],[42,11],[11,-15],[17,35],[61,-8],[20,34],[21,3],[-14,17],[8,32],[30,-45],[54,-15],[20,6],[6,32],[101,-16]],[[73215,15204],[50,-52],[61,13],[19,-37],[125,-36],[22,-32],[21,30],[41,-4],[68,39],[23,-24],[21,-36],[11,-65],[-48,-10],[-1,-25],[15,-16],[15,-68],[64,-11],[9,-33],[-12,-13],[31,-18],[-84,-41],[2,-32],[39,-15],[8,-42],[24,-17],[-34,1],[-32,-23],[3,-44],[-23,-1],[24,-64],[-5,-22],[27,-24],[20,-80],[12,-23],[25,6],[13,-22],[-48,-23],[-3,-45],[-73,-47],[-27,-26],[8,-13],[62,-33],[20,8],[35,-51],[23,-9],[118,-1],[165,55],[27,-13],[-43,-34],[18,-18],[-11,-14],[21,-6],[-17,-38],[11,-11],[-54,-123],[-11,-21],[9,-16],[-34,-35],[33,-23],[21,15],[-19,-50],[-23,7],[-35,-61],[-5,-67],[-25,-33],[38,-21],[67,57],[42,-29],[-14,-28],[10,-10],[12,16],[14,-11],[-6,-15],[40,-23],[-33,-18],[6,-12],[-13,-2],[20,-40],[-16,0],[69,-11],[-22,-12],[20,-1],[-16,-29],[18,-2],[0,-25],[-19,-4]],[[65725,10668],[20,-15],[15,47],[17,10],[23,-22],[24,11],[-4,18],[81,-5],[2,-15],[33,8],[-5,24],[16,29],[-31,5],[37,33],[-14,12],[-9,57],[12,2],[4,36],[-79,0],[-15,44],[-28,16],[14,18],[-78,26],[89,22],[-100,58],[36,8],[-24,13],[13,13],[-1,45],[48,13],[0,53],[98,-7],[14,59],[-7,32],[-13,-1],[5,17],[-110,-6],[3,55],[19,22],[66,10],[76,-29],[27,5],[0,72],[-17,0],[5,54],[-13,-1],[-35,64],[20,29],[15,-2],[3,28],[18,17],[45,-7],[2,46],[12,-3],[0,-15],[43,-15],[-17,-17],[14,-11],[-5,-19],[44,5],[15,-28],[32,-9],[-6,-17],[46,-49],[37,15],[-4,-29],[-27,-8],[27,-42],[84,15],[47,56],[45,23]],[[68958,9907],[-104,-123],[-90,41],[-40,-93]],[[68724,9732],[-19,-26],[23,-12],[-25,-26],[-98,101],[-160,-64],[-17,-45],[-18,1],[-115,72],[-20,-17],[-37,32],[-114,21],[-6,30],[-49,-10],[-9,6],[11,22],[-23,8],[-13,82],[-48,-2],[-31,20],[-13,-12],[-50,40],[-112,-8],[-12,38],[17,11],[-6,16],[-56,-17],[-43,19],[-23,-5],[-6,-21],[-69,17],[-54,-47],[-24,7],[-19,-34],[-51,1],[-4,-31],[-60,13],[-10,-45],[-67,-18],[-74,-59],[35,-3],[31,-28],[-60,-3],[-35,19],[-62,-39],[25,-42],[-82,-93],[30,-21],[-81,-24],[-11,31],[-42,5],[20,15],[-23,28],[-39,6],[14,-25],[-75,-11],[-2,65],[-44,3],[-7,26],[-78,-53],[-19,28],[14,24],[-6,18],[-48,-28],[-20,9],[-25,-34],[-53,-76],[24,-21]],[[66601,9566],[-42,-12],[-2,-17],[-84,-2],[0,16],[-32,0],[2,-23],[-95,-6],[-68,-37],[-86,-33],[-6,26],[-12,-4],[-12,34],[-26,17],[8,31],[-25,-3],[-105,14],[-29,46],[-25,12],[-20,-12],[-37,23],[7,41],[30,-6],[15,20],[-6,23],[66,31],[-34,27],[-4,-20],[-22,-8],[-41,28],[7,25],[-12,0],[1,17],[45,-4],[-15,36],[-1,37],[10,2],[-10,30],[-36,-14],[-40,47],[-25,6],[23,21],[76,-5],[17,46],[-9,28],[-69,9],[-40,-30],[-34,69],[18,8],[-34,50],[-28,17],[-94,-16],[-15,20],[-28,-10],[-12,31],[-25,11],[-19,-17],[-47,47],[-50,10],[80,65],[6,15],[-22,19],[7,32],[-21,8],[-37,-41],[-54,35],[4,38],[-45,1],[-19,57],[187,27],[0,24],[88,-26],[25,19],[3,35],[17,14],[-8,11],[46,56],[-39,15],[37,21]],[[64457,3081],[-49,54],[-20,62],[-3,46],[40,66],[-62,13],[-33,60],[37,14],[0,32],[13,11],[-38,55],[153,84],[146,6],[39,34],[34,2],[74,35],[11,42],[137,84],[19,74],[-23,23],[-8,46],[102,76]],[[65026,4000],[84,60],[4,32],[22,16],[8,57],[17,23],[-2,31],[-30,49],[7,58],[84,56],[81,11],[17,47],[28,15],[-50,5],[9,12],[-27,18],[46,50],[-9,68],[39,58],[-71,27],[5,74],[-86,48],[8,97],[-60,18],[-20,13],[17,16],[-14,33],[29,15],[-10,20],[58,3],[27,35],[8,69],[144,-12],[53,-40],[104,-5],[27,-24],[26,25],[86,14],[17,-26],[-8,-25],[90,-22],[13,67],[-6,57],[23,11],[41,-5],[19,29],[-15,12],[10,54],[29,11],[8,-13],[75,48],[9,53],[61,-52],[15,3],[50,1],[41,35],[75,20],[32,-45],[19,7],[27,-34],[59,65],[56,15],[22,-20],[32,54],[19,5],[30,-26],[97,11],[56,-25],[18,-26],[17,4],[16,-30],[61,5],[-6,-24],[17,-16],[41,-30],[19,8],[13,-34],[-17,-31],[32,10],[30,-26],[5,-28],[36,7],[23,26],[39,7],[15,30],[-17,6],[32,42],[30,1],[-7,76],[67,14],[31,-39],[22,5],[61,-59],[79,1],[33,20],[11,-33],[28,4],[17,-31],[94,-6],[26,-46],[56,6],[-10,51],[43,9],[24,-16],[7,-27],[-18,-24],[218,-28],[-1,13],[31,-3],[11,-6],[-10,-27],[103,-46],[42,8],[142,71],[16,-20],[-2,-27],[-29,-79],[120,-94],[68,-36],[15,7]],[[68938,2602],[-21,-51],[-75,-49],[-30,-49],[-38,-1],[-49,-70],[-12,-47],[64,-65],[154,2],[-9,-26],[33,-71],[-4,-25],[84,-133],[-52,26],[-58,0],[-9,-13],[-44,26],[-120,-19],[-29,25],[-81,6],[-39,-43],[-56,-8],[-59,47],[-64,-14],[-50,25],[-52,0],[-62,-64],[0,-59],[-83,-18],[-32,-60],[-55,-25],[-96,7],[-18,-26],[-57,-16],[-7,-58],[26,-33],[-27,-138],[-44,-53],[-103,-57],[-43,-3],[-43,20],[-222,-14],[-73,-35],[-51,26],[12,47],[54,43],[37,91],[45,31],[5,45],[114,94],[-40,57],[-243,-25],[-131,39],[-60,-73],[-158,-15],[-31,-25],[-121,-27],[-53,-7],[-159,-91],[-78,-12],[-45,-66],[-7,-36],[20,-38],[-76,-52],[-136,-14],[-44,17],[-281,8],[-69,-5],[-44,-26],[-93,31],[-51,-36],[-27,2],[-36,39],[-156,-33],[-226,33],[-78,35],[-7,51],[13,46],[-20,40],[19,54],[80,22],[39,29],[-10,105],[-218,249],[-220,191],[-37,45],[87,91],[-32,34],[-59,-7],[-150,39],[-246,-73],[-88,31],[-13,29],[18,108],[-10,65],[174,94],[232,71],[-8,14],[12,29],[-24,22],[-92,-17],[-100,138],[-25,86],[-34,-5]],[[63438,6631],[17,10],[14,48],[-57,6],[23,16],[6,39],[-33,-18],[-123,17],[-8,9],[45,28],[-21,2],[17,28],[-8,18],[37,4],[-6,10],[72,38],[47,-3],[8,36],[30,18],[-16,12],[46,46],[25,-8],[11,21],[3,-21],[13,0],[50,114],[9,26],[-35,15],[-14,-36],[-76,-24],[-37,12],[-5,47],[21,49],[-1,57],[12,8],[39,-27],[103,139],[-18,8],[-35,-46],[-54,23],[-5,27],[20,13],[-1,33],[-20,0],[2,32],[30,24],[12,49],[-56,23],[-25,-18],[-6,27],[18,9],[6,31],[-20,1],[3,38],[113,53],[-14,17],[12,16],[35,-13],[4,-19],[40,-7],[30,19],[-5,32],[-26,15],[4,19],[33,-7],[-4,51],[-29,9],[5,53],[-26,35],[19,23],[3,-23],[36,-22],[14,40],[42,28],[4,15],[-17,1],[-2,22],[35,16],[-20,28],[13,26],[-11,33],[74,25],[-8,12],[-29,-14],[-4,13],[31,16],[31,74],[-29,29],[52,40],[8,35],[28,4],[7,47],[-58,3],[24,25],[25,-2],[3,15],[-22,-1],[13,20],[-13,15],[6,23],[-40,-18],[-64,15],[13,45],[-35,37],[17,53],[-30,39],[4,22],[66,20],[-6,29],[12,1],[-8,71],[-35,-6],[-17,46],[-32,-12],[-10,14],[10,24],[-23,-4],[7,19],[-46,-6],[-7,17],[-24,-6],[-5,20],[-97,-32],[-59,7],[-2,-39],[-134,0],[8,66],[-41,2],[11,46],[19,13],[-31,15],[81,15],[41,123],[43,68],[50,9],[5,-47],[33,4],[-21,55],[5,116],[36,8],[-4,22],[74,15],[16,12],[-2,21],[26,0],[12,35],[48,5],[22,105],[48,73],[0,35],[-126,-10]],[[63732,9642],[-32,135],[-22,-7],[-19,69],[-28,-8],[-11,63],[53,23],[-15,50],[-49,115],[-5,91],[212,26],[110,-23],[94,-41],[73,2],[4,22],[38,-16],[-1,34],[-39,10],[16,32],[23,-9],[21,20],[6,19],[-37,4],[8,18],[105,-14],[40,104],[18,-19],[40,57],[29,97],[15,50],[-1,95],[19,10],[27,-51],[69,47],[63,239],[48,288]],[[64604,11174],[211,-24],[-8,-19],[40,-12],[-8,-13],[12,-3],[8,-68],[34,16],[-10,-29],[40,-13],[6,-35],[48,3],[-16,-81],[23,-5],[-34,-61],[146,-93],[57,12],[-13,30],[58,16],[-11,20],[33,16],[-5,12],[61,20],[54,5],[0,-31],[27,0],[-3,-15],[86,-9],[-5,-24],[96,-15],[24,-37],[91,-5],[29,-33],[60,-10],[-10,-21]],[[66601,9566],[19,-19],[-37,-56],[11,-38],[-14,-76],[-38,-26],[3,-34],[51,-19],[20,-111],[-45,-94],[-36,-138],[54,-343],[54,-116],[96,-62],[62,50],[30,0],[32,-27],[-13,-55],[36,-52],[-14,-34],[-107,-89],[-54,-90],[5,-190],[-7,-49]],[[66709,7898],[6,-126],[-32,-60],[-61,-26],[-26,7],[-14,22],[45,51],[-22,26],[-15,-29],[-27,-7],[-17,33],[-13,-56],[11,-41],[-19,-4],[-23,24],[-11,-23],[-23,-1],[10,-28],[-18,-34],[-13,-24],[-50,-26],[-57,-3],[-19,-20],[-156,-1],[-119,-38],[22,-65],[85,-88],[-122,-83],[-83,-7],[-111,27],[-106,-33],[-43,18],[-29,80],[-39,-6],[-6,30],[-27,-8],[18,-35],[-13,-8],[6,-16],[-118,15],[-13,-7],[5,-14],[-33,9],[2,-35],[-17,-6],[18,-32],[-12,-13],[-116,-14],[-8,-54],[-42,-23],[64,-34],[1,-43],[-29,-9],[-58,47],[-30,-16],[16,-25],[-18,-17],[-3,-35],[19,-12],[-15,-20],[77,-57],[-32,-35],[-57,-5],[-10,-28],[-103,-10],[-33,23],[1,27],[-26,-7],[-19,23],[21,29],[-21,28],[-58,-22],[8,24],[-21,68],[-26,12],[5,11],[-55,3],[-9,-51],[-95,-50],[-24,-47],[-1,-35],[34,-11],[-11,-25],[-18,15],[-16,-65],[-41,0],[-12,26],[-33,-15],[-21,16],[10,53],[-11,3],[-15,-60],[-21,1],[-26,19],[-7,87],[-48,12],[-13,-14],[21,-32],[-17,-5],[-31,36],[-32,-19],[5,26],[-13,26],[-76,-20],[-38,45],[-22,-47],[-23,-14],[-31,-21],[-35,20],[-34,-59],[-23,2],[-3,-29],[-98,-59],[45,-26],[-21,-29],[-94,20],[0,20],[-25,0],[-17,34],[-11,-5],[12,-34],[-20,-30],[-59,-3],[-22,22],[-68,-19],[-15,21],[-72,-43],[25,27],[-17,21],[-50,-27],[3,-24],[-53,-13],[-19,-39],[-30,5],[-2,-18],[27,-18],[-113,14]],[[70762,7516],[135,62],[13,-41],[20,1],[1,28],[27,3],[10,25],[66,9],[3,-30],[32,-29],[90,92],[40,5],[54,65],[168,25],[21,-31],[35,7],[83,-229],[145,20],[204,43],[12,139],[-11,45],[166,48],[39,-54],[10,-62],[40,6],[2,-42],[110,-16],[51,-26]],[[72328,7579],[-2,-27],[-38,-30],[40,-90],[-3,-21],[37,-40],[-15,-25],[47,-50],[-33,-32],[56,-11],[6,-13],[-15,-12],[38,-3],[15,-7],[-2,-15],[51,-21],[-15,-21],[57,8],[-27,-52],[15,-17],[5,-45],[67,-13],[52,-74],[24,-8],[5,-31],[53,-13],[0,-61],[34,3],[7,15],[18,-32],[61,-34],[53,21],[8,38],[98,-4],[27,-14],[16,-45],[31,5],[25,-77],[18,-14],[63,22],[4,25],[20,12],[67,-12],[17,-38],[25,-13],[3,-32],[31,27],[12,-10],[11,42],[19,-3],[18,-19],[22,7],[9,-54],[13,-1],[2,19],[61,-45],[-16,-28],[20,-36],[10,-121],[28,-6],[-4,-69],[-43,14],[-96,-71],[-91,-8],[-84,-72],[38,-11],[4,-58],[41,-8],[17,-33],[102,-8],[61,-49],[65,-11],[-4,-23],[49,-10],[-16,-24],[-25,1],[-4,-32],[-63,13],[-16,-11],[9,-16],[229,-57],[-12,-16],[88,10],[66,-47],[30,-31],[-47,-25],[11,-13],[-10,-22],[37,27],[-7,-28],[39,18],[22,-11],[-36,-41],[8,-17],[-29,-9],[15,-13],[-13,-16],[0,-51],[32,-4],[-1,-12],[-31,-17],[-7,-57],[-34,-18],[43,-1],[47,-68],[126,-42],[44,29],[22,-21],[2,26],[24,-15],[-5,-38],[-23,-9],[-70,-94],[9,-30],[79,-18],[-34,-38],[13,-4],[-7,-15],[-30,-5],[34,-27],[-76,-57],[7,-17],[-19,-21],[28,-43],[11,-16],[37,7],[67,-21],[-17,-26],[14,-21],[-40,-65],[42,-27],[64,17],[15,-17],[-41,-12],[0,-20],[11,-24],[46,-24],[20,-92],[31,14],[28,-19],[54,15],[33,-10],[-68,-40],[-17,-51],[-38,-7],[-16,-27],[0,-33],[-36,13],[4,-76],[-54,-19],[5,-40],[66,-39],[-80,3],[19,-38],[45,-22],[61,-75],[108,-7],[46,-30],[11,-60],[-14,-91]],[[74502,4029],[-81,-45],[-120,32],[-50,-33],[-16,-36],[-62,-6],[-25,9],[-28,77],[-33,37],[5,16],[-36,23],[-78,-42],[-159,-31],[-40,-68],[-15,28],[-53,20],[-300,-50],[-167,12],[-93,-63],[-74,1],[-255,-86],[-80,15],[-65,-231],[-30,-13],[-123,11],[-17,39],[-89,-13],[-232,38],[-76,40],[-308,-40],[-384,15],[-161,-60],[-72,19],[-77,-21],[-49,5],[-76,73],[-51,-13],[-18,50],[-35,8],[-36,-21]],[[76126,12159],[39,2],[4,53],[57,4],[32,26],[87,5],[9,-17],[-23,-47],[11,-39],[40,2],[45,12],[0,29],[18,7],[-17,22],[15,6],[3,34],[47,15],[17,-19],[58,2],[23,-53],[-33,-25],[24,-22],[-4,-25],[-16,-6],[14,-24],[70,-4],[-2,12],[29,8],[-6,15],[88,3],[8,14],[-42,9],[-4,27],[-32,13],[42,17],[-4,28],[18,0],[14,-47],[31,0],[15,47],[-5,30],[-19,4],[0,28],[-25,4],[-23,31],[18,29],[61,7],[51,-35],[6,-39],[58,-10],[16,-40],[13,14],[13,-17],[64,5],[6,22],[28,-7],[-20,17],[26,42],[-9,2],[4,49],[20,49],[55,-6],[43,25],[3,-30],[12,1],[-4,59],[49,-9],[28,93],[27,17],[-9,12],[43,16],[4,-27],[53,9],[5,58],[55,-30],[71,-5],[28,60],[6,74],[39,14],[26,-19],[15,-2],[-2,25],[16,3],[15,45],[-5,39],[-24,-9],[-5,56],[54,-11],[63,24],[-13,10],[21,14],[-10,9],[-34,1],[-1,47],[27,12],[5,22],[15,-4],[6,31],[-35,10],[29,30],[-23,5],[-8,42],[-84,84],[9,24],[65,-32],[21,9],[28,-22],[105,-18],[13,70],[63,-8],[-1,18],[51,0],[16,-24],[13,4],[-10,30],[25,14],[-12,18],[33,11],[-6,15],[40,-8],[16,18],[-7,54],[19,9]],[[78121,13405],[56,-36],[25,16],[9,-20],[55,-1],[18,-21],[91,-4],[6,-18],[16,17],[26,-28],[3,-23],[-21,-13],[25,-1],[0,-17],[27,-10],[-1,18],[36,9],[-13,23],[38,1],[10,-28],[13,8],[-5,17],[17,-8],[3,14],[60,20],[17,-32],[-11,-35],[-59,-4],[-16,-18],[59,-19],[-28,-8],[-18,-35],[70,-111],[72,29],[-20,40],[27,2],[3,22],[73,-76],[-5,29],[46,0],[-12,-32],[15,-60],[39,8],[3,-31],[12,0],[18,-94],[-9,-4],[48,-108],[26,-5],[4,17],[-34,117],[48,13],[8,-22],[51,6],[24,-88],[27,17],[-4,-32],[-27,2],[-7,-51],[65,-13],[3,-42],[28,6],[7,-19],[-12,-4],[-6,-36],[16,-6],[-3,-41],[43,-9],[-19,-67]],[[78826,10274],[-92,58],[-36,-38],[-48,-4],[-32,-44],[-34,4],[-70,-55],[24,-68],[-29,-15],[-340,125],[-8,-29],[-41,-3],[-23,-20],[-9,-53],[40,-16],[32,17],[63,-13],[-42,-40],[-31,-76],[-66,8],[5,-31],[-48,-45],[-2,-46],[-66,-35],[-22,-33],[40,1],[29,-30],[-109,23],[6,-40],[-73,-3],[-91,-51],[-87,43],[35,70],[-35,23],[-26,64],[-37,38],[-76,-69],[-37,-13],[-34,-58],[-63,-37],[-12,14],[27,45],[-17,54],[-42,-16],[-25,-43],[-7,-47],[-19,4]],[[77298,9794],[-8,16],[-28,-21],[-40,9],[-24,78],[-43,8],[4,35],[-182,-24],[-62,-141],[-58,-45],[-46,1],[-9,-46],[-13,-10],[-91,3],[3,18],[-13,6],[-51,-15],[-16,18],[12,13],[-31,9],[-143,-48],[-29,11],[6,44],[-15,62],[-84,14],[-37,-23],[-89,138],[-62,58],[-15,38],[-14,-5],[6,-53],[-69,-42],[-34,42],[-85,28],[-80,86],[-87,37],[-7,-44],[26,-46],[-14,-46],[-12,-45],[-88,-59],[-5,-34],[-42,-21],[11,-44],[-24,-5],[5,-29],[-21,-4],[16,-48],[-43,-11],[-30,14],[-42,-29],[4,-31],[33,-29],[-11,-39],[20,-33],[-72,-9],[-29,-33],[-17,8],[-17,-34],[18,-7],[-43,-32],[-52,24],[-13,-10],[-55,45],[-39,-41],[-29,45],[19,17],[0,32],[-56,8],[-10,10],[10,20],[-31,14],[34,25],[-7,14],[30,47],[45,6],[-14,17],[0,59],[46,19],[1,14],[-74,17],[-8,15],[10,9],[-48,48],[10,42],[-26,50],[-22,-3],[-7,17],[-31,-9],[-28,-16],[-24,-56],[-34,6],[-36,-28],[-82,33],[-63,-8],[-2,-33],[-86,0]],[[69096,8189],[-50,7],[1,42],[-26,38],[-25,-12],[-91,50],[-19,70],[48,41],[68,-1],[-6,12],[42,10],[18,82],[52,66],[34,-11],[-16,46],[-42,31],[17,94],[25,39],[-13,5],[-14,-27],[-94,39],[-125,-1],[143,112],[-10,133],[-18,98],[-30,77],[-95,50],[79,99],[1,34],[33,7],[1,18],[65,82],[9,33],[-43,41],[18,17],[-309,122]],[[72682,7839],[-73,1],[8,-54],[-18,1],[7,-59],[-79,1],[0,-48],[16,-16],[-20,-3],[-8,-15],[10,-18],[-20,-15],[0,-43],[-22,-20],[-155,28]],[[65626,15607],[-3,35],[29,38],[36,1],[71,1],[27,24],[-19,-1],[8,15],[-12,-1],[-22,68],[-41,39],[25,27],[16,19],[-22,21],[9,15],[17,-22],[21,16],[-65,43],[-145,38],[35,14],[3,42],[-32,-22],[-25,44],[-29,10],[8,34],[-20,11],[15,1],[1,21],[-62,-2],[-17,37],[15,35],[-24,-2],[-1,45],[-41,29],[24,37],[-34,30],[4,21],[-48,25],[-35,53],[53,90],[-20,25],[3,34],[-35,144],[-25,11],[-12,63],[43,-1],[-14,-50],[9,-17],[35,2],[14,86],[28,-7],[9,-30],[28,-21],[37,11],[-54,65],[19,45],[58,-8],[-41,40],[-72,0],[-12,23],[-52,-28],[-18,18],[53,36],[-36,21],[27,5],[-10,62],[29,0],[16,32],[47,28],[8,52],[-28,19],[-10,28],[35,13],[-3,27],[19,-28],[-5,41],[-86,13],[-99,57],[-50,-20],[-4,27],[35,42],[-22,12],[-28,-32],[-29,14],[43,35],[31,-1],[105,148],[-57,22],[-1,30],[-20,13],[8,30],[-16,10],[-48,7],[-22,-37],[-66,-7],[8,74],[-45,1],[-8,9],[18,5],[-15,21],[9,26],[-36,-3],[0,27],[-41,11],[37,45],[55,-31],[1,-18],[67,-18],[105,3],[2,19],[53,10],[4,34],[95,28],[82,57]],[[69134,16523],[24,-5],[-3,-22],[39,2],[54,39],[-36,19],[13,26],[33,-42],[71,-28],[13,-76],[-36,-18],[6,-27],[-49,18],[-118,-43],[14,-39],[-58,0],[-2,-22],[59,-4],[26,36],[53,8],[21,-26],[-20,-39],[23,-56],[-30,-1],[20,-23],[-10,-20],[33,-13],[-11,-26],[-30,12],[-3,-38],[-15,-1],[-21,-58],[9,-58],[-10,-2],[5,-50],[-16,-30],[-44,10],[5,-18],[-59,-22],[0,-15],[-201,-2],[-3,-22],[-47,0],[-2,-13],[14,-40],[12,10],[18,-17],[-108,1],[-26,-28],[-28,7],[-17,-55],[-36,1],[1,-34],[-29,-13],[12,-48],[-21,-18],[34,-18],[6,-34],[-32,18],[-111,-18],[-100,-57],[-37,-42],[6,-47],[21,-31],[107,-19],[20,-32],[21,-1],[13,-26],[-20,-17],[-8,-35],[37,39],[63,-11],[-3,-29],[26,-28],[56,11],[-14,-88],[-72,2],[0,-27],[-25,-4],[56,-122],[33,-25],[-14,-20],[-75,27],[-9,24],[17,2],[-70,61],[-56,-3],[-32,56],[-34,-16],[-57,19],[-27,-27],[10,-14],[-14,-17],[-36,-16],[63,-131],[58,-77],[99,-73],[28,-51],[-84,-39],[-9,11],[-80,-53],[-28,7],[-2,-38],[-29,-7],[12,-50],[-66,-16],[16,-19],[-26,-7],[7,-19],[-66,-3],[6,-46],[-87,-16],[42,-130],[32,2],[1,-19],[19,-13],[-35,-11],[-30,34],[-49,-18],[13,-2],[-17,-22],[28,-8],[18,-54],[-11,1],[-1,-24],[28,-9],[-14,-10],[-21,-93],[-95,-3],[-17,-19],[-11,10],[0,-24],[-29,-23],[-9,-49]],[[67957,13924],[-60,-11],[-13,-26],[-53,32],[-11,-19],[-32,12],[-24,-82],[-38,-32],[-24,6],[-18,22],[9,15],[-26,13],[-38,-9],[-6,29],[18,37],[-90,45],[19,54],[-15,8],[1,37],[-70,6],[-124,58],[-47,-5],[2,38],[-40,-3],[-21,20],[-29,53],[-2,80],[55,33],[-18,3],[6,23],[-35,15],[-23,105],[5,55],[-31,-7],[-17,41],[-37,-18],[-10,29],[-55,-12],[-3,48],[-72,52],[-47,3],[-174,80],[-31,42],[-9,-21],[-91,22],[-62,-4],[-5,41],[-56,4],[-3,18],[15,-1],[7,74],[19,19],[60,-22],[47,11],[19,24],[79,-26],[20,17],[-8,63],[15,-4],[13,41],[44,-2],[-27,51],[15,4],[-10,25],[27,8],[-9,27],[-18,-2],[-8,80],[-26,-7],[-29,93],[-79,-44],[1,-27],[-33,-8],[-19,50],[-43,-27],[-37,1],[-12,14],[-31,-6],[-34,31],[-13,8],[16,19],[-17,48],[0,75],[-116,10],[0,-16],[20,-2],[4,-48],[-107,19],[-45,-5],[-12,-24],[-89,-9],[-15,53],[-60,-21],[-34,9],[-22,-13],[-4,-22],[-112,-4],[-40,28],[7,38],[-77,7],[-57,81],[12,7],[-83,58]],[[68096,13666],[-89,6],[-14,37],[6,37],[-19,25],[3,58],[16,4],[-7,24],[33,7],[0,29],[15,4],[-10,24],[-73,3]],[[71584,17498],[4,-28],[-29,1],[-47,-37],[-23,78],[-98,14],[-17,-34],[1,-27],[33,-34],[-5,-49],[34,-68],[-4,-23],[-28,-21],[24,-25],[45,11],[46,-30],[25,-52],[-109,-39],[-308,-45],[-92,-49],[0,-17],[14,-150],[100,-62],[-14,-40],[-1,-9],[11,-40],[-71,-45],[-42,-81],[19,-38],[-33,-22],[187,-140],[49,34],[39,-48],[84,-41],[-53,-49],[-5,-24],[15,-3],[26,27],[15,-8],[-30,-46],[-12,3],[4,-73],[-45,-62],[101,-48],[40,-1],[-3,-17],[38,-30],[-17,-34],[12,-22],[44,0],[17,-23],[-24,-68],[-49,-20],[28,-14],[-12,-27],[-16,-1],[-13,-32],[-24,13],[-22,-22],[-31,2],[-12,-39],[45,-44],[-34,-34],[36,-29],[-12,-14],[-33,7],[5,-20],[118,-23]],[[77298,9794],[-9,-67],[18,-13],[-44,-36],[-18,-38],[-114,8],[-63,-13],[9,-16],[-12,-3],[-66,18],[17,-30],[-37,-33],[9,-50],[-11,-21],[-79,-29],[-47,7],[14,-40],[-17,-29],[47,-78],[-49,8],[-20,-35],[73,-34],[-1,-23],[-112,-2],[-35,-80],[20,-7],[13,-57],[27,-20],[41,8],[61,-21],[24,-91],[35,16],[17,-46],[51,-43],[-71,-75],[15,-24],[-16,-65],[-28,1],[-40,-36],[-33,7],[0,-26],[14,1],[-41,-60],[6,-21],[-15,-25],[16,-51],[19,8],[28,-45],[-8,-4],[13,-27],[-18,2],[10,-24],[-25,-30],[9,-91],[-55,-30],[7,-41],[24,5],[7,-32],[-78,-44],[3,-25],[26,-17],[22,-46],[45,10],[37,-41],[28,-2],[17,-13],[-16,-43],[45,-35],[90,19],[17,-42],[21,3],[1,17],[34,-2],[11,-57],[88,-2],[12,14],[19,-59],[19,5],[9,-29],[-28,-1],[-13,-19],[35,-5],[1,-18],[22,-12],[50,4],[15,-16],[31,20],[42,80],[27,7],[39,51],[37,0],[9,-52],[19,-19],[-6,-14],[55,-31],[40,38],[77,-22],[-76,-65],[2,-25],[-19,-2],[2,-24],[-68,-29],[-10,-88],[-68,-82],[33,-22],[47,40],[33,6],[11,52],[58,15],[14,-7],[-21,-29],[83,-27],[-21,-65],[-81,-130],[-11,-127],[-68,-61],[-63,-109],[-73,-56],[-78,24],[5,49],[-12,22],[-34,-7],[-27,-42],[2,-37],[-16,-4],[-42,135],[-79,11],[-15,-17],[18,-94],[45,-41],[2,-30],[-15,-17],[-25,25],[-50,-7],[-48,-25],[34,-62],[-4,-18],[12,-2],[-18,-32],[26,-116],[32,-56],[-6,-45],[25,-7],[-22,-24],[17,-45],[65,-37],[70,39],[315,1],[-12,-72],[79,4],[-8,-158],[-89,-10],[-97,1],[5,58],[-155,4],[24,-61],[-77,-7],[41,-110],[51,-64],[-18,-53],[-15,1],[-49,-58],[-53,-8],[-48,-86],[27,-165],[-4,-66],[-20,-35],[-22,-7],[13,-8],[-19,-36],[-237,-107],[-80,-134],[15,-42],[-10,-67],[-51,-28],[11,-158],[-18,-46],[9,-37],[40,-39]],[[76874,4935],[-394,-83],[-59,3],[-64,-26],[-123,-112],[-69,12],[-19,52],[-61,42],[-40,77],[49,194],[33,21],[121,229],[-15,52],[-52,70],[-63,-18],[-197,-268],[-125,-82],[-52,-8],[-19,-36],[-63,12],[-81,-53],[-25,-40],[-183,9],[19,-129],[42,-129],[114,-140],[14,-76],[116,-205],[30,-109],[18,-117],[37,-104],[-7,-47],[-29,-35],[-156,-24],[-65,-45],[28,110],[-20,46],[-132,-10],[-204,-94],[-92,3],[-118,68],[-281,-20],[-36,44],[-108,37],[-11,23],[-30,0]],[[77269,6831],[7,19],[46,11],[5,81],[17,26],[70,-82],[78,-57],[38,0],[2,-14],[-28,-9],[-19,-56],[-84,10],[-79,-14],[-43,22],[10,27],[-20,36]],[[77536,6922],[31,8],[-22,-28],[-9,20]],[[77608,6963],[14,42],[27,-16],[-26,-41],[-15,15]],[[68245,6369],[-130,2],[-175,105],[-32,40],[15,30],[2,80],[14,91],[65,55],[11,39],[-43,95],[-69,65],[-2,61],[-33,50],[6,47],[-94,-34],[-6,-50],[-44,-12],[-10,17],[-70,-57],[-19,42],[-33,11],[-11,43],[-89,-16],[-2,-18],[-31,20],[-17,-10],[10,-28],[-86,24],[-72,-6],[4,27],[-61,17],[1,30],[-26,35],[-20,-17],[30,-37],[-158,1],[-51,-22],[3,58],[31,131],[30,40],[17,-39],[38,19],[16,13],[-24,23],[15,9],[-9,12],[69,21],[-23,30],[46,11],[55,48],[21,-11],[51,33],[45,5],[45,45],[-47,-5],[-4,48],[-55,-3],[-16,75],[-33,-39],[-13,73],[-23,-5],[10,-32],[-28,0],[-15,-24],[-32,9],[2,46],[-10,-15],[-30,5],[-9,-39],[-19,40],[-60,-2],[-1,34],[-15,-9],[-17,65],[35,4],[-45,27],[-37,69],[-72,5],[10,-44],[-56,-2],[32,80],[-8,17],[-25,-26],[-155,9]],[[80411,9741],[-21,-52],[31,-232],[54,-144],[78,-95],[339,-280],[231,-183],[157,-168],[35,-64],[101,-435],[57,-83]],[[79935,4763],[-96,-12],[-4,16],[-52,-2],[-103,-19],[-73,-49],[-23,-51],[-54,-21],[-27,38],[-57,-30],[-74,59],[-114,-42],[-104,8],[-22,-52],[-44,-27],[-121,-217],[-40,-152],[-26,-24],[-331,48],[-208,-129],[-109,-3],[-73,115],[3,23],[-222,146],[-99,162],[-6,48],[-63,34],[-8,36],[-33,0],[-15,26],[17,30],[-13,13],[27,108],[-7,19],[11,11],[-25,40],[-65,-10],[-28,22],[-146,-31],[-414,-113],[-58,77],[-40,2],[-6,17],[-112,-18],[-28,27],[24,49]],[[65026,4000],[-146,1],[-47,117],[-33,20],[-5,24],[-193,82],[124,209],[-25,22],[3,38],[-49,-23],[-108,-3],[-72,-31],[-85,8],[-20,-13],[-20,43],[-60,1],[-16,25],[-72,10],[-16,44],[-33,15],[-23,1],[-32,-41],[-48,1],[26,17],[-6,15],[-27,-16],[-27,-52],[-66,-6],[-33,-38],[-134,13],[-96,-19],[-54,18],[-49,44],[-52,6],[27,91],[79,51],[10,49],[14,6],[-10,34],[53,54],[21,77],[-25,82],[45,77],[41,26],[53,-11],[30,12],[95,107],[3,103],[-99,-37],[-12,21],[-20,-21],[-55,5],[-119,-77],[-20,-31],[12,-19],[-18,-1],[-18,-36],[-5,-57],[-40,14],[-79,-82],[-77,-10],[-80,-45],[14,-12],[-17,-69],[-71,-18],[-46,17],[-14,-22],[-21,3],[3,-29],[-33,-2],[-31,-32],[-6,26],[50,33],[-24,35],[42,37],[2,35],[-30,18],[-49,-9],[-66,33],[-3,18],[22,2],[-12,24],[-48,30],[22,85],[117,4],[16,45],[18,1],[2,24],[-45,11],[27,107],[-8,34],[-26,18],[30,7],[-19,8],[31,18],[-18,85],[27,33],[23,75],[19,18],[8,-13],[61,55],[-81,-2],[-14,54],[23,53],[40,-15],[15,10],[10,-30],[74,48],[72,-32],[52,11],[9,-23],[40,20],[10,52],[37,46],[-35,15],[19,48],[-128,61],[-38,72],[-46,-26],[-37,23],[-27,61],[44,53],[-26,10],[6,39],[21,15],[-60,10],[17,10],[-11,26],[67,1],[2,24],[-22,1],[-5,44],[20,1],[18,29],[-19,11],[21,33],[25,-7],[23,73],[14,16],[-3,43],[-38,-4],[-11,50],[71,5],[4,55]],[[74149,14337],[0,19],[21,1],[-2,14],[29,-8],[31,31],[-32,18],[10,59],[-31,23],[122,13],[17,-16],[113,58],[54,-9],[65,18],[-20,66],[362,132],[96,-3],[12,34],[-17,26],[24,11],[-19,58],[65,13],[16,21],[-42,142],[94,41],[59,-115],[27,12],[137,-121],[-10,-28],[38,-20],[-9,-42],[72,16],[26,38],[81,55],[42,70],[14,-2],[51,12],[77,62],[87,36],[30,28],[30,80],[68,20],[153,94],[213,28],[39,-27],[77,-30],[-42,-14],[-30,-31],[16,-18],[-10,-5],[8,-40],[-23,17],[-6,-20],[-69,0],[-19,-38],[-55,-32],[11,-36],[-73,-34],[-6,-26],[28,-23],[-13,-80],[-92,11],[-3,-22],[-20,-4],[5,-17],[-32,-30],[-35,-6],[2,-17],[-36,-25],[-17,26],[-53,3],[-12,-40],[21,-5],[-15,-22],[-30,-1],[16,-22],[50,1],[9,-37],[-36,-4],[23,-35],[9,10],[31,-79],[-27,-4],[-4,-27],[-21,-13],[-43,-15],[0,38],[-24,21],[-9,39],[-54,5],[-50,-27],[5,-14],[-13,-7],[-57,42],[-38,-39],[17,-85],[-27,-15],[13,-6],[-13,-14],[-110,-47],[-9,8],[19,22],[-12,5],[-160,-68],[-50,6],[3,-20],[-108,-5],[-12,29],[-27,-3],[7,16],[-32,0],[-11,-33],[-10,39],[40,53],[-29,32],[-90,-64],[-15,25],[-185,-55],[-42,-10],[-21,30],[-22,0],[-221,-71],[-98,28],[-199,-50],[-33,21]],[[86927,15270],[-61,-24],[-39,-93],[45,-36],[-11,-37],[-45,-46],[-73,-14],[12,-26],[-14,-33],[-58,-32],[-51,37],[-37,-27],[15,-40],[-8,-32],[-76,-27],[-66,28],[-24,22],[-4,32],[-47,36],[-103,-72],[-11,-41],[15,-62]],[[86286,14783],[-63,-21],[-13,-34],[-20,-10],[-9,61],[-89,-17],[-44,38],[-20,-2],[1,-101],[-13,-11],[-119,53],[-55,133],[-5,-12],[-52,-31],[-12,19],[-119,42],[-6,76],[-63,-11],[5,18],[39,20],[-118,-8],[78,39],[-3,13],[-52,-7],[-2,13],[54,9],[-18,21],[-57,10],[16,16],[-53,38],[83,-46],[23,3],[10,27],[-174,41],[-23,22],[-13,45],[-52,39],[-81,-26],[-86,65],[1,26],[-39,71],[3,28],[45,35],[113,-44],[156,-22],[96,-8],[16,57],[-8,34],[194,-14],[31,59],[50,-13],[22,-35],[85,-12],[21,26],[48,-44],[28,12],[-1,-38],[47,21],[2,44],[41,10],[57,-35],[41,3],[12,-29],[110,45],[15,-61],[65,-42],[10,-31],[17,-10],[15,17],[31,-1],[19,-27],[54,8],[16,-20],[12,44],[48,23],[26,40],[119,13],[24,-19],[20,25],[35,0],[-2,-46],[63,7],[12,-14],[-16,-43],[16,-24],[-4,-53]],[[78091,18501],[52,20],[188,10],[-3,32],[134,31],[4,64],[13,-3],[10,33],[-97,39],[28,69],[34,-4],[-6,27],[42,27],[-40,15],[24,79],[-9,24],[54,34],[38,80],[-17,9],[42,34],[66,-8],[77,-63],[25,19],[50,-25],[69,7],[2,-23],[71,-41],[25,0],[6,16],[4,-43],[34,-8],[4,-35],[-22,-16],[28,-33],[14,19],[2,-42],[41,28],[44,2],[108,-73],[67,28],[31,79],[36,26],[96,-47],[72,28],[133,-21],[-23,-47],[-28,-2],[23,-11],[-23,-21],[4,-72],[-16,-31],[82,-3],[-5,-39],[12,-3],[-13,-50],[-58,-1],[-11,-30],[53,-27],[-12,-31],[-64,17],[-4,-54],[-33,14],[0,-66],[-25,10],[-1,-26],[-73,42],[2,23],[-26,10],[6,24],[-33,-3],[-16,-74],[-73,37],[-2,-32],[-36,-1],[-2,-64],[-123,3],[10,-20],[-65,-43],[13,-35],[-78,10],[-10,-42],[-19,6],[-112,21],[-51,-55],[6,-29],[-21,-2],[-37,70],[-25,-22],[-39,19],[-82,-84],[-37,-12],[-8,38],[-55,0],[2,30],[-68,4],[11,-29],[-16,-5],[-28,53],[-40,-33],[10,21],[-40,11],[-19,46],[-64,-10],[-3,15],[-116,19],[11,70],[-55,-1],[-29,35],[-2,68]],[[80517,17662],[18,53],[24,-6],[7,41],[-39,13],[5,43],[-91,34],[23,23],[-70,38],[27,51],[33,17],[21,49],[25,-3],[4,21],[44,-4],[-11,13],[19,14],[-21,27],[28,24],[95,-71],[198,-86],[144,6],[142,70],[100,117],[-20,70],[34,12],[-65,73],[43,14],[-2,34],[-13,-3],[-8,28],[-33,23],[-23,65],[33,50],[29,-9],[26,23],[-68,79],[-33,108],[8,50],[57,58],[141,-2],[20,12],[-15,41],[18,17],[51,8],[4,28],[38,-6],[-22,54],[13,8],[-94,70],[37,-1],[-23,20],[0,28],[53,27],[-24,17],[2,30],[-66,4],[6,-32],[-19,-11],[-37,35],[83,41],[-18,14],[5,13],[52,39],[-32,37],[-7,46],[75,21],[-25,34],[-4,48],[44,-45],[52,-2],[15,-17],[45,21],[29,56]],[[81604,19474],[79,-70],[8,-42],[103,-104],[152,5],[47,23],[60,5],[5,30],[63,-17],[-3,-54],[-24,-16],[-29,18],[18,-24],[-18,-24],[37,-33],[82,18],[-8,80],[19,18],[0,75],[40,44],[75,5],[43,27],[-15,64],[84,-90],[62,-11],[131,12],[64,-61],[65,-22],[28,-71],[6,-150],[-63,-22],[-50,59],[-71,-38],[-3,-25],[18,-24],[45,23],[123,-171],[49,31],[19,-78],[50,1],[3,-40],[19,-31],[53,-38],[85,-115],[103,-6],[101,-23],[73,26],[37,15],[21,-45],[26,30],[38,-16],[12,25],[53,-16],[14,15],[-7,14],[41,19],[0,23],[37,-4],[42,-41],[53,-2],[39,-29],[28,-53],[1,17],[112,-61],[75,-10],[-8,-15],[19,-11],[-5,-27],[67,-25],[8,35],[-50,34],[38,-2],[9,10],[-8,21],[26,-9],[-3,-55],[27,0],[27,58],[62,-30],[-7,19],[36,11],[9,-27],[-27,-40],[49,-2],[19,17],[36,-24],[-17,-22],[-54,-7],[1,-16]],[[84208,18412],[-56,-10],[31,-12],[18,-67],[76,-70],[35,-3],[-51,-8],[47,-63],[-38,-3],[-26,-32],[8,-10],[-25,3],[7,-12],[-14,-21],[30,-22],[-20,-18],[7,-50],[-72,-18],[-84,13],[-19,-37],[-55,-38],[-6,-25],[-29,-16],[8,-14],[25,-3],[13,26],[19,-17],[29,38],[26,-2],[9,41],[29,-5],[0,-50],[45,-14],[34,3],[9,20],[35,-14],[14,33],[116,-12],[6,-13],[-41,-16],[5,-31],[58,-24],[33,3],[47,-29],[-13,-28],[15,-15],[28,2],[36,54],[41,-31],[39,-73],[-37,-22],[-12,-49],[14,-66],[-20,-28],[-48,7],[13,-13],[-117,-71],[61,-25],[-13,-17],[-9,-68],[29,-4],[13,-27],[92,-13],[23,-45],[66,8],[26,-33],[3,-13],[-28,-24],[-3,-45],[-44,-4],[-24,-18],[43,-54],[39,-2],[37,-37],[12,-26],[-5,-26]],[[84748,17007],[-5,-85],[-17,-39],[-24,-12],[8,-62],[-41,-38],[-6,-49],[13,-12],[-9,-28],[-76,-16],[-66,15],[-6,23],[-9,-18],[-58,18],[-3,-21],[25,-23],[-114,-13],[-21,-87],[-80,-12],[0,-39],[-112,10],[-40,28],[-55,-14],[-46,13],[-41,-29],[-74,17],[-3,18],[12,8],[-28,2],[-22,6],[-25,39],[-23,1],[-22,-16],[19,-66],[41,-10],[-30,-9],[-61,30],[-34,-25],[22,-8],[9,-27],[-33,-25],[-30,2],[-36,-45],[-137,4],[10,-82],[-26,-3],[-23,-26],[-76,-120],[-19,-7],[32,-10],[-21,-63],[9,-3],[-4,-44],[-26,-2],[-7,-43],[38,-13],[-5,-22],[26,-8],[-6,-15],[24,-72],[-68,-16],[-7,-60],[-41,-14],[-2,-16],[128,-10],[-2,-52],[-6,-13],[-20,20],[-100,-29],[27,-8],[-11,-20],[14,-10],[-14,-28],[-17,5],[-10,-33],[-51,10],[5,47],[-25,31],[-47,1],[-50,-36],[-37,0],[-17,-23],[-50,16],[11,43],[-11,3],[-49,-29],[-67,18],[-2,-40],[-39,0],[-109,58],[-33,-75],[-1,-51],[-16,5],[-26,-108],[38,-6],[-6,-22],[24,-4],[-10,-51],[-45,-21],[1,20],[-77,24],[0,18],[-47,7],[-1,-15],[-38,15],[-30,-33],[8,-34],[-23,17]],[[82487,15381],[-67,16],[22,49],[-30,39],[-81,-5],[-74,25]],[[82257,15505],[-18,25],[-58,6],[-19,14],[11,24],[-106,66],[-8,40],[13,20],[-20,4],[30,53],[18,-4],[12,100],[-21,97],[-13,-6],[-15,45],[-57,3],[-28,-45],[-34,14],[-31,47],[7,18],[-35,21],[-35,-25],[-10,-39],[-73,28],[-38,-9],[-10,18],[12,5],[-15,9],[8,47],[-69,19],[-80,-26],[-65,30],[-53,54],[-81,-16],[21,-42],[-21,-21],[-37,30],[-18,-23],[-31,1],[16,33],[-11,26],[12,7],[-15,85],[-44,16],[-10,55],[-16,13],[-34,-13],[12,-24],[-23,-7],[-5,18],[-66,-23],[-35,16],[13,13],[-13,24],[-31,36],[7,20],[-20,24],[5,34],[-12,-4],[-14,44],[-80,48],[-92,142],[-54,42],[36,31],[-32,31],[80,35],[7,-24],[45,15],[28,10],[-49,175],[-63,-8],[-29,39],[-37,-14],[-27,29],[-25,-9],[-13,47],[-20,-16],[-38,6],[-8,23],[29,10],[-20,35],[-28,-11],[-7,14],[9,4],[-19,82],[15,10],[-8,29],[-30,24],[14,15],[-23,1],[-4,42],[16,2],[-7,56],[25,-11],[4,49],[37,0],[11,37],[-33,9],[-8,41],[-54,3],[-2,17],[-31,17],[-5,46],[19,18],[-33,-3],[15,44]],[[81456,18980],[3,-24],[18,8],[-21,16]],[[84208,18412],[74,24],[61,-30],[27,-45],[70,-13],[104,25],[112,27],[15,32],[-1,83],[19,27],[-4,24],[23,21],[70,-29],[49,1],[38,-31],[64,5],[20,11],[-3,26],[39,14],[-23,37],[38,33],[-36,33],[11,36],[-12,21],[-47,32],[17,29],[27,0],[-5,21],[27,41],[-46,119],[93,82],[16,41],[22,50],[-59,68],[-48,7],[-13,64],[41,40],[-12,39],[-51,58],[33,78],[88,-22],[62,30],[10,-47],[73,-65],[49,-5],[64,29],[53,-52],[28,15],[14,56],[40,24],[43,67],[68,19],[50,41],[49,72],[9,103],[54,29],[151,-60],[19,31],[42,5],[175,-15]],[[86099,19768],[68,-32],[14,-55],[57,-7],[87,-70],[141,-37],[17,-24],[67,-72],[122,-35],[7,-37],[49,-41],[47,-37],[108,9],[-2,71],[-19,142],[15,57],[-4,42],[75,-4],[114,62],[66,-8],[56,-60],[39,-16],[77,3],[53,39],[81,-51],[27,47],[36,7],[46,-26],[59,-73],[0,-31],[-23,-33],[9,-45],[126,-128],[27,-14],[-3,39],[51,9],[62,49],[66,-1],[13,-24],[-56,-50],[-15,-39],[134,-154],[0,-77],[16,-30],[14,5],[32,-64],[85,-207],[43,12],[80,-49],[-14,-30],[31,-88],[150,-19],[98,38],[44,-12],[95,-29],[61,36],[56,68],[63,-15],[-6,-71],[56,-46],[0,-20],[59,-84],[-4,-97],[36,-33],[32,-98],[64,-111],[-7,-36],[78,-43],[43,21],[121,-25],[-44,-58],[37,-18],[31,-45],[20,-27],[-21,-28],[167,-209],[-28,-47],[-20,-86],[-48,-48],[78,-84],[153,-37],[72,9],[-7,-72],[-86,-73],[-52,-31],[-14,-28],[9,-51],[-14,-117],[-21,-40],[8,-51],[-73,-32],[-17,-49],[-55,-56],[-3,-30],[-55,-21],[9,-19]],[[89345,16688],[-42,39],[-84,31],[9,24],[-50,36],[-74,-7],[-7,-16],[31,-9],[-5,-40],[-53,-5],[-13,-20],[16,-36],[-20,-21],[-31,-2],[-55,58],[-36,8],[-14,-22],[-41,3],[5,24],[-40,39],[-57,-2],[-18,-47],[24,-32],[-5,-13],[-42,4],[7,-18],[-41,-32],[-5,-36],[19,-29],[30,1],[24,-45],[0,-54],[30,-22],[21,-40],[-134,12],[8,-18],[-18,5],[13,-18],[-6,-19],[-25,-4],[-45,29],[-21,45],[-94,-19],[-54,9],[-6,-17],[-18,20],[-62,-55],[-48,9],[-18,16],[0,-21],[-42,-37],[-80,-5],[-66,30],[-54,-47],[-19,20],[26,37],[-34,13],[12,8],[-27,29],[-88,-32],[-11,16],[7,32],[-30,5],[-41,-21],[-9,-75],[-45,-18],[-215,3],[-19,63],[-73,2],[-61,29],[3,19],[-22,13],[0,45],[-40,9],[-42,-20],[-52,25],[-33,119],[-61,17],[-117,31],[-16,14],[1,43],[-25,36],[-32,-9],[8,25],[-35,32],[-69,-6],[-3,40],[-38,-19],[-52,13],[-33,-36],[12,-34],[-40,-24],[-70,24],[-44,-32],[-49,6],[-63,-18],[3,-22],[-29,-7],[-11,-31],[-21,9],[-1,24],[-19,20],[-20,3],[-59,17],[-45,70],[4,40],[-42,42],[-97,224],[-15,47],[-38,16],[-65,-30],[-51,44],[-26,-1],[0,-13],[-44,-5],[-31,51],[-60,-25],[-14,-29],[16,-65],[-164,55],[-47,-14],[-75,11],[-24,-19],[-7,-35],[-3,-55],[15,-50],[-27,-14],[12,-3],[-5,-16],[-40,-39],[-43,19],[-40,-7],[-6,32],[-97,29],[-9,20],[-29,-8],[-16,-42],[-55,15],[-2,19],[-20,-7],[-4,-28],[13,-13],[-12,-22],[-32,-37],[-54,-7],[-5,-18],[-76,2],[-3,16],[-33,9],[-9,33],[-209,56]],[[70556,19438],[-16,39],[12,14],[-34,15],[34,52],[59,28],[11,80],[17,9],[-8,29],[15,4],[1,29],[15,1],[1,30],[84,46],[-73,24],[40,37],[-37,20],[15,14],[-39,35],[58,30],[-35,36],[3,87],[23,9],[42,-36],[17,18],[36,-40],[47,28],[93,-29],[32,20],[15,41],[71,50],[-5,23],[23,5]],[[71073,20186],[16,-36],[90,7],[27,28],[61,-5],[67,69],[68,-25],[-9,-43],[14,-33],[69,25],[61,-3],[-17,-31],[109,-14],[-7,-36],[32,-48],[19,-102],[44,46],[48,-2],[42,-34],[-49,-48],[23,-23],[39,16],[136,-34],[26,-19],[-6,-50],[33,16],[12,-20],[34,19],[-26,28],[60,42],[47,-5],[10,33],[-61,-6],[-2,19],[60,6],[8,56],[36,12],[23,-14],[-12,96],[66,22],[-3,25],[22,8],[15,31],[58,14],[-22,19],[-1,23],[157,27],[32,27],[37,-28],[213,9],[35,-18],[6,27],[52,-24],[1,-13],[-39,-61],[75,-48],[42,-13],[103,51],[42,-70],[15,-81],[-37,-60],[-15,2],[12,-30],[89,45],[14,-41],[58,-42],[60,-97],[-93,-8],[-43,-29],[31,-54],[47,-48],[33,36],[69,-4],[-2,-46],[76,-35],[-20,-106],[-26,0],[-1,-14],[-80,20],[23,-29],[-9,-29],[49,-37],[24,-22],[53,27],[12,-12],[58,11],[26,-17],[25,9],[-8,45],[23,36],[22,-11],[24,22],[38,-20],[49,41],[-6,30],[24,20],[-14,13],[4,24],[104,-14],[18,13],[41,-40],[47,42],[23,-22],[-44,-54],[-12,-54],[20,-29],[55,-17],[-9,39],[91,3],[4,14],[72,-9],[26,43],[21,-8],[4,11],[-23,7],[34,14],[-15,6],[17,22],[-30,19],[121,-31],[21,-14],[-37,-13],[-2,-16],[19,-4],[12,-44],[-10,-16],[22,-25],[-13,-20],[97,28],[36,-75],[13,10],[97,-28],[29,20],[32,-14],[15,-40],[47,13],[40,-35],[-25,-55],[-19,-11],[24,-12],[1,-60],[27,-19],[100,4],[8,-20],[-29,-22],[-50,-1],[-2,-41],[-39,-67],[16,-25],[-24,-48],[41,-16],[-7,-30],[39,36],[90,35],[95,-2],[-7,-21],[12,-34],[-15,-63],[45,0],[39,37],[20,-16],[-9,-29],[15,-11],[-12,-5],[-37,-141],[48,-14],[12,9],[-7,41],[63,0],[-6,-25],[35,-28],[8,-43],[-18,1],[-13,-174],[-64,33],[-26,-2],[-35,-39],[-30,0],[-51,-37],[-44,-82],[58,-7],[-6,-24],[-29,-4],[-43,-52],[29,-17],[-9,-16],[14,-48],[28,5],[6,-52],[28,-9],[-51,-22],[15,-28],[-28,-8],[7,-62],[40,-82],[-2,-74],[-30,-29],[37,-3],[3,-20],[-20,-44],[-18,-7],[-5,-27],[-15,4],[-6,-24],[-11,1],[1,-29],[-25,-20],[-2,-20],[23,-20],[-21,-18],[28,-65],[-23,-49],[-1,-42]],[[74817,17363],[-62,-11],[8,-23],[-22,-60],[-23,-21],[-90,-10],[9,-7],[-13,-9],[97,-22],[-26,-61],[11,-25],[-11,-8],[-20,25],[-39,-21],[-41,42],[-42,17],[-4,-16],[-54,13],[-6,-27],[-59,-31],[-1,78],[-45,43],[-37,-11],[13,-5],[-24,-27],[-84,4],[-53,-28],[-59,11],[-16,-27],[-94,1],[-5,-30],[-112,18],[12,-20],[-22,-1],[-1,-28],[-11,-3],[13,-34],[-19,-8],[8,-21],[-85,-9],[-13,-38],[9,-25],[-79,-74],[-64,22],[-15,-19],[41,-25],[-70,-19],[-19,11],[-15,-30],[-59,26],[-28,-28],[-1,-30],[-63,-32],[-63,-83],[-22,-12],[-43,25],[-43,-8],[-38,-27],[23,-16],[0,-30],[-36,1],[-11,-43],[-20,-13],[-29,7],[-16,-24],[-86,4],[-13,-31],[-12,3],[29,-28],[-26,-13],[-11,-57],[24,-14],[-1,-25],[14,-8],[100,-10],[-40,-23],[14,-7],[-23,-27],[19,-5],[-28,-1],[-5,-22],[31,-29],[-47,-15],[-14,-41],[24,-11],[-33,4],[17,-19],[-19,-4],[2,-21],[-22,24],[-68,-17],[-1,-17],[-20,-5],[34,-9],[-3,-31],[-30,-1],[9,-25],[-10,-54],[49,-1],[34,-46],[24,-72],[-44,-64],[71,-23],[-39,-9],[4,-32],[-14,-19],[-56,-8],[-3,-14],[37,-16],[100,-1],[-23,-37],[29,-13],[-38,-86],[8,-20],[41,-15],[5,-33],[60,-8],[-9,-40],[-22,-13],[29,-20],[-85,20],[-4,-53],[13,-8],[-16,-32],[-35,-8],[139,-18],[-20,-27],[1,-42],[47,-11],[-7,-19]],[[74817,17363],[19,-21],[42,7],[10,-38],[-18,-3],[26,-27],[50,15],[3,32],[128,-1],[19,-34],[44,0]],[[75140,17293],[3,-23],[107,-24],[49,6],[60,-37],[24,17],[14,-52],[-10,-19],[32,-73],[28,36],[43,-4],[58,-56],[35,-10],[34,51],[57,23],[27,-47],[-22,-30],[35,-25],[-21,-21],[60,-4],[63,-36],[67,-9],[11,-89],[14,-30],[75,-3],[35,20],[4,-23],[102,26],[4,-32],[59,-14],[-3,-33],[39,8],[34,42],[30,7],[20,27],[-14,0],[1,21],[16,4],[-8,38],[-13,-7],[1,28],[146,86],[-2,13],[83,-15],[7,47],[33,-4],[47,-159],[34,4],[-6,-26],[22,-21],[-47,-45],[69,-8],[20,-26],[104,-14]],[[76800,16778],[4,-26],[-14,-33],[9,-21],[-43,-16],[83,-8],[0,-20],[46,-28],[-21,-43],[74,-30],[8,-21],[-32,-20],[15,-44],[14,1],[-56,-51],[60,-10],[19,-38],[54,10],[18,-38],[48,17],[10,-17],[21,3],[-14,17],[12,3],[86,-5],[83,-86],[36,-23],[-27,-71],[-36,-19],[34,-18],[-31,-33],[35,-39],[25,1],[71,-176],[-25,-12],[-12,20],[-47,-6],[-152,-35],[35,-84],[-73,-17],[5,-22],[-20,-7],[5,-35],[-90,-17],[8,-39],[20,-29],[0,-35],[18,-1],[2,-21],[-14,-6],[55,-42],[-9,-3],[20,-45],[67,-18],[2,-17],[-26,-2],[5,-40],[-141,-14],[-14,-18],[27,-27],[-20,-15],[0,-60],[35,-10],[-23,-39],[-34,2],[2,-32],[-36,-34],[6,-87],[41,-2],[5,-30],[58,1],[51,-44],[41,51],[62,-28],[66,-105],[59,13],[31,-36],[-7,-25],[29,-20],[0,-31],[-23,-12],[25,-39],[-19,-5],[-1,-35],[16,-21],[43,-7],[5,-67],[10,-3],[30,26],[14,48],[-7,28],[69,10],[3,39],[53,15],[18,-16],[-4,31],[78,25],[-10,26],[-17,3],[4,86],[55,-44],[156,26],[61,-43],[8,49],[33,-20],[27,9],[14,33],[73,-48],[30,20],[33,-30],[40,6],[0,-24],[18,-5],[14,-31],[-9,-5],[43,-50],[25,11],[14,-25],[-10,-7],[17,-14],[-15,-6],[13,-13],[-49,-47],[-59,16],[-87,-49],[5,-18],[-21,-9],[78,-57],[5,-22],[-30,6],[-28,-16],[19,-35],[79,3],[11,-24],[-45,-1],[8,-53],[114,-13],[7,-92],[-36,-11],[30,-21],[-2,-19]],[[78329,14252],[-11,-3],[7,-27],[-22,0],[10,-31],[-67,6],[-15,-22],[26,-62],[-15,-9],[-12,-4],[-22,22],[0,24],[-18,2],[-9,-46],[-30,5],[-12,35],[-81,-44],[11,-16],[-9,-8],[-53,-13],[18,-47],[-17,-9],[36,-66],[23,-8],[-17,1],[-11,-33],[42,-109],[-10,-1],[6,-46],[-13,-6],[24,-27],[11,-16],[-28,1],[23,-18],[-13,-42],[-16,-5],[17,-64],[-6,-56],[11,-53],[26,1],[8,-53]],[[84050,11841],[-44,131],[24,28],[-14,37],[-142,98],[-46,56],[11,38],[-13,19],[25,56],[-13,59],[-41,-23],[-26,20],[-24,-7],[-9,30],[-41,11],[-25,34],[-19,-23],[-25,-1],[-45,46],[-22,-2],[-35,-47],[-16,10],[-36,-24],[3,41],[-85,28],[-17,38],[-47,24],[-36,102],[30,39],[-60,21],[-24,2],[-9,34],[11,25],[32,6],[48,99],[14,4],[-22,4],[8,17],[-62,6],[18,36],[38,-16],[53,21],[21,52],[42,-23],[38,37],[39,-2],[61,33],[174,30],[47,-9],[21,11],[38,136],[43,53],[-10,21],[27,1],[-13,-57],[15,-15],[35,18],[49,-28],[30,41],[-4,22],[-28,7],[22,42],[-13,7],[5,44],[-26,44],[-1,-28],[-17,-4],[-62,12],[-20,31],[-33,3],[-1,17],[16,0],[-24,31],[19,10],[-96,23],[-84,85],[-47,2],[-88,53],[-2,123],[48,48],[-46,6],[2,22],[-24,27],[27,10],[-8,11],[-28,37],[0,142],[22,3],[-3,31],[-30,-11],[-124,34],[-41,-5],[-11,-24],[-58,19],[35,72],[5,77],[25,50],[-9,9],[26,22],[-34,57],[24,13],[22,48],[-23,32],[1,32],[16,18],[-4,21],[42,14],[-24,47],[2,42],[34,-18],[25,13],[13,15],[-39,12],[40,3],[-53,8],[2,46],[-28,12],[4,34],[-30,-12],[-43,18],[24,14],[-46,-8],[19,-58],[-33,-14],[2,23],[-42,17],[48,23],[-56,-12],[-23,21],[27,24],[-45,44],[-6,-13],[-27,7],[-10,-21],[-104,7],[0,-15],[-25,-6],[-4,-25],[-39,0],[1,19],[-16,-21],[-1,18],[-24,-1],[-36,-33],[-34,6],[-13,-45],[-24,-10],[-19,23],[-35,-18],[-53,-50],[-16,-55],[-84,-36],[-49,24],[-11,5],[-21,71],[22,53],[-12,12],[117,84],[-1,37],[25,-8],[23,34],[37,2],[3,30],[-41,58],[28,47],[-49,27],[22,19],[-18,4],[8,13],[20,-3],[-4,14],[16,6],[-22,25],[8,5],[-51,21],[12,19],[-15,3],[-53,-8],[-12,-25],[-16,7],[5,11],[-48,-31],[-37,7],[8,26],[-16,3],[4,13],[-89,22],[52,74],[-23,3],[47,83],[10,-4],[-9,13],[16,4]],[[89345,16688],[58,-63],[71,5],[14,-29],[-14,-38],[26,-21],[24,4],[30,-25],[145,17],[-34,-100],[-134,31],[-36,-32],[5,-70],[-10,-27],[32,-24],[24,-118],[-18,-53],[3,-70],[-32,-125],[82,-89],[-16,-46],[36,-27],[8,-91],[-30,-30],[19,-78],[-21,-11],[-8,-40],[-57,1],[-13,-22],[4,-34],[-36,-9],[-5,-32],[-21,-11],[17,-38],[-8,-20],[-59,-27],[1,-60],[47,-24],[-16,-12],[17,-58],[-19,-26],[4,-28],[-43,-71],[-86,-18],[-21,-39],[-54,-33],[-5,-32],[-42,-30],[-33,-44],[3,-21],[-19,-12],[-20,3],[-67,134],[-33,-3],[-54,-95],[-17,-4],[10,-30],[-22,-11],[69,-22],[-94,-82],[11,-43],[29,-8],[3,-85],[-11,-28],[-119,-52],[0,-35],[-25,-14],[11,-58],[-39,-37],[-190,56],[-62,62],[-91,55],[-194,71],[-36,36],[-37,101],[-52,51],[-223,51],[-98,72],[-55,64],[-69,37],[-78,-21],[-52,-88],[-24,-10],[-109,29],[-130,97],[-76,54],[-123,132],[-131,53]],[[86286,14783],[98,-124],[1,-51],[-42,-46],[0,-38],[15,-42],[94,-118],[-90,-210],[-172,-427],[6,-67],[86,-134],[17,-83],[-144,-300],[-29,-98],[-14,-151],[-30,-81],[-58,-75],[-64,-38],[-278,-178],[-160,-186],[-206,-189],[-536,-295],[-108,-28],[-314,20],[-185,11],[-123,-14]],[[81604,19474],[-51,83],[-49,34],[-14,36],[27,99],[-44,74],[-21,83],[-134,104],[-91,94],[8,19],[-28,32],[-53,-30],[-68,69],[-68,103],[-14,58],[21,10],[5,28],[-38,12],[-38,56],[-54,5],[-1,51],[25,40],[-21,35],[11,16],[-10,29],[-30,19],[-8,6],[11,13],[-70,55],[-5,24],[12,12],[-41,56],[23,33],[-65,35],[10,48],[47,-2],[12,15],[-17,58],[-35,6],[-34,123],[-33,11],[-13,41],[-47,27],[12,87],[-80,45]],[[80553,21326],[-38,44],[30,92],[99,7],[65,94],[71,-89],[-18,-43],[12,-21],[109,43],[26,-29],[-8,36],[86,32],[39,-8],[-2,-18],[-7,-24],[13,-14],[51,21],[6,57],[81,55],[29,-33],[100,3],[72,-31],[113,60],[23,29],[24,-33],[78,-51],[0,-24],[26,-10],[130,32],[40,27],[46,-12],[39,25],[-82,63],[7,26],[-16,20],[11,13],[-12,7],[37,53],[234,-118],[-4,13],[14,3],[52,99],[53,31],[107,170],[52,2],[-29,-44],[5,-18],[175,-42],[81,42],[52,-10],[39,-38],[97,16],[113,-42],[47,2],[28,3],[77,-70],[71,-34],[-2,-46],[28,-40],[7,-66],[-11,-42],[130,-67],[128,-37],[65,-67],[41,-17],[146,-27],[48,10],[-7,41],[16,138],[63,69],[-1,24],[46,9],[1,23],[98,20],[45,78],[7,27],[-43,100],[5,28],[28,25],[62,133]],[[83997,22006],[52,-108],[-57,-234],[107,-110],[196,-143],[259,-97],[181,49],[216,29],[58,-21],[201,-164],[37,-5],[63,-43],[29,-48],[70,-28],[31,-40],[44,-21],[15,-72],[67,-39],[83,-113],[52,-15],[40,-64],[10,-45],[25,-16],[41,4],[22,-51],[52,16],[41,-38],[2,-72],[-46,-35],[66,-55],[29,-122],[24,-33],[-2,-15],[-33,-16],[-12,-53],[18,-64],[51,-41],[7,-49],[-61,-102],[7,-79],[117,-85]],[[78329,14252],[21,3],[27,-51],[15,18],[19,-7],[6,-42],[26,-19],[4,-14],[-67,-9],[19,-56],[14,3],[30,-41],[7,-39],[26,-5],[-4,35],[77,14],[18,-10],[-14,-10],[4,-27],[50,21],[73,-24],[1,29],[59,-9],[-2,65],[13,-2],[-19,60],[68,49],[61,13],[-12,39],[-59,-14],[-30,53],[-23,-2],[-32,54],[-17,80],[30,30],[-8,28],[23,12],[1,18],[11,11],[51,-44],[29,-53],[45,35],[2,-37],[103,1],[-15,61],[14,9],[91,-12],[4,-18],[36,-16],[82,4],[90,-54],[32,5],[1,-22],[46,-17],[4,-58],[46,-99],[-67,9],[-25,-32],[11,-160],[35,-5],[28,49],[32,2],[-2,34],[50,-16],[11,48],[51,9],[9,-25],[74,-1],[-7,60],[106,80],[32,88],[77,-12],[100,-11],[-11,17],[15,5],[-28,35],[13,17],[-4,61],[-16,-3],[-9,33],[14,11],[59,-12],[53,-79],[37,-17],[15,15],[-22,57],[47,17],[-6,12],[57,9],[-7,42],[19,10],[-58,54],[3,56],[26,56],[-11,7],[15,18],[-10,33],[17,9],[95,-50],[20,32],[49,-3],[9,-8],[-51,-41],[-9,-49],[16,-11],[28,1],[-5,53],[33,-22],[77,29],[25,-26],[24,4],[-13,-46],[38,10],[101,32],[-12,14],[9,31],[22,7],[16,-23],[41,26],[-122,77],[-29,64],[9,11],[-14,8],[36,36],[-7,50],[22,9],[-27,25],[34,28],[-11,22],[16,2],[8,44],[-22,38],[20,1],[17,114],[21,2],[35,10],[7,56],[48,22],[-5,17],[57,-12],[121,27],[22,-5],[-5,-18],[13,17],[36,-47],[30,71],[41,-1],[65,-47],[-20,-60],[83,-4],[1,-29],[65,13],[25,24],[-15,7],[-24,107],[42,6],[-21,27],[19,19],[36,5],[34,-36],[154,15],[31,-6],[7,-30],[23,-1],[84,2],[-7,-24],[11,-28],[47,9],[15,22],[-41,38],[15,13],[63,-25],[17,32],[35,-4],[20,35],[-11,38],[10,19],[-24,25],[42,11],[77,-10],[24,-21],[-3,-16],[57,17],[12,-48],[48,-19],[21,-33],[73,32],[50,-1],[5,27],[68,-11],[51,16]],[[84050,11841],[-410,-182],[-261,-9],[-149,-7],[-208,-130],[-276,-85],[-100,-67],[-99,-157],[-297,-287],[-90,-61],[-97,-29]],[[75140,17293],[-65,73],[9,24],[-9,23],[17,38],[95,32],[88,8],[-12,19],[145,53],[40,120],[129,-71],[54,-3],[-8,26],[14,52],[-26,20],[33,25],[18,41],[12,-21],[27,0],[8,16],[12,-5],[-3,-22],[58,-5],[-2,53],[11,5],[30,-24],[63,41],[78,-12],[45,20],[-19,24],[-63,15],[16,94],[56,34],[-30,44],[22,13],[-12,17],[25,17],[-22,17],[2,26],[48,1],[-3,-24],[21,-35],[39,8],[7,-30],[51,38],[46,30],[-4,40],[23,30],[-10,35],[-32,26],[12,10],[-7,27],[-35,-5],[18,44],[53,22],[13,56],[28,14],[-10,-26],[21,-68],[23,-2],[7,-26],[33,-1],[-38,-41],[3,-58],[12,12],[63,-26],[15,35],[32,15],[-2,58],[15,-1],[15,-69],[67,-64],[-15,33],[25,4],[-8,20],[68,21],[-6,20],[12,23],[-24,57],[42,-1],[-3,28],[87,23],[-8,43],[67,-7],[29,-4],[-4,-21],[24,3],[3,-43],[48,-1],[17,-28],[51,30],[-14,20],[24,15],[114,-93],[42,-58],[95,-3],[86,34],[36,28],[14,56],[134,81],[-25,15],[90,56],[50,52],[96,41],[29,-4],[8,68],[-20,10],[-43,4],[-9,25],[24,143],[78,-7],[-12,63],[23,0],[4,41],[17,-3],[18,88],[19,18],[82,3],[5,19],[26,4],[-1,16],[-22,6],[-27,41],[-40,13],[-11,105],[-15,26],[-42,-18],[-8,40],[17,8],[4,77],[24,1],[-32,128],[18,-6],[10,-36],[29,0],[-10,36],[41,-17],[31,39],[-12,23],[12,29],[-11,3],[4,23],[-32,14],[3,16],[-102,41],[5,38],[37,51],[5,32],[77,10],[217,-95],[18,38],[43,-16],[27,34],[-12,25],[26,-11],[-29,25],[-4,70],[-26,67],[22,21],[-13,39],[14,81],[35,37],[19,93],[-19,7],[3,38],[-48,4],[-17,23],[-17,-17],[-3,51],[13,40],[-17,15]],[[78080,20369],[-27,42],[-28,9],[6,41],[18,24],[30,-8],[-6,29],[39,-9],[25,19],[8,19],[-12,3],[32,25],[-15,22],[39,16],[-8,14],[49,31],[-29,42],[5,16],[44,12],[51,-10],[54,-22],[26,-34],[112,16],[49,90],[8,31],[-11,41],[32,-8],[-39,42],[69,56],[-4,21],[10,-5],[12,28],[19,-17],[15,12],[58,38],[20,39],[103,-12],[25,25],[13,-9],[9,29],[46,12],[-7,18],[30,-29],[59,15],[-1,54],[14,8],[22,-7],[21,23],[62,17],[-25,-32],[27,-16],[45,19],[24,-21],[52,14],[20,-37],[34,35],[-15,48],[15,22],[33,2],[45,-34],[97,13],[-1,-28],[56,-7],[32,64],[-16,5],[14,17],[-15,25],[19,3],[121,-37],[87,-60],[49,6],[-6,11],[12,5],[17,-23],[85,20],[1,20],[18,6],[72,-11],[-28,30],[82,51],[44,10],[77,26],[29,39],[49,17],[41,-41],[-28,-12],[-10,-26],[43,-13],[30,18],[87,-22],[27,21],[28,-10],[13,-25],[10,6],[-11,21],[46,29]],[[80517,17662],[-105,18],[-162,-109],[18,-28],[-84,-62],[4,-48],[-38,-14],[3,-20],[-58,-47],[-33,-4],[-12,-24],[-46,8],[-17,-38],[7,-49],[-39,-41],[-55,13],[-17,-18],[-22,14],[-18,-49],[-22,8],[-14,-31],[-15,4],[4,-14],[-15,14],[-29,-31],[-52,31],[-33,49],[-52,6],[-18,-45],[7,-53],[-23,-15],[13,-8],[-16,-31],[-33,7],[11,-36],[-101,19],[-98,-8],[-14,-68],[29,-2],[-7,-21],[13,-14],[-50,-14],[-37,13],[3,17],[-107,-15],[-54,28],[-21,-6],[19,-54],[-16,-49],[-42,5],[14,-15],[-5,-30],[-44,29],[-135,4],[-157,47],[-48,-43],[-47,5],[-70,-133],[-49,-3],[-9,22],[41,85],[38,7],[-21,56],[15,10],[-106,65],[-15,11],[3,22],[54,-2],[7,32],[-29,7],[11,45],[39,5],[6,22],[-22,6],[6,19],[-34,-1],[-3,-27],[-46,-1],[13,63],[-35,29],[-12,-9],[13,-15],[-13,-27],[-39,17],[16,27],[-45,36],[-48,7],[-10,-16],[-27,19],[-26,-24],[-33,27],[26,37],[-33,18],[-7,-32],[-45,11],[-48,-34],[-58,26],[-71,-30],[39,-18],[-16,-13],[7,-10],[-11,-20],[-41,22],[-58,-8],[12,24],[-22,-17],[-45,11],[-5,-30],[20,-13],[-24,-14],[41,-29],[-47,-52],[-164,245],[-33,-24],[-19,9],[3,-27],[-62,20],[-164,-77],[-18,-19],[-12,-75],[-33,11],[-123,-39],[69,-44],[-69,3],[-27,-31],[-1,-19],[103,23],[22,-43],[28,-16],[-8,-17],[-64,-5],[-43,-36],[-33,16],[6,14],[-18,52],[-59,-4],[-59,-21],[-8,-21],[-67,-40],[-26,3],[-27,-77],[-42,18],[-42,-15],[-45,-43]],[[72073,25127],[87,130],[-1,42],[18,13],[-81,7],[4,33],[-10,14],[66,46],[-5,12],[52,-9],[16,30],[202,-62],[7,23],[25,-11],[27,27],[42,-15],[2,34],[18,16],[125,-35],[0,41],[26,3],[2,34],[-54,8],[21,60],[-9,55],[40,25],[16,-53],[51,16],[65,37],[19,77],[61,-7],[3,28],[30,-51],[-5,-26],[56,-43],[41,-106],[-10,-60],[12,-63],[17,3],[32,-56],[57,6],[3,15],[18,-30],[45,15],[39,-2],[-2,-12],[-6,-71],[-31,-6],[-6,-17],[15,-6],[-26,-19],[27,-5],[34,-36],[4,-30],[-69,-40],[-49,5],[7,-22],[-26,-5],[-3,-23],[-24,7],[-5,-28],[-21,8],[1,-25],[-12,-1],[24,-18],[-66,-63],[-44,-1],[-58,49],[-36,-6],[0,-41],[20,-16],[-69,-6],[4,-23],[-14,-8],[-29,9],[4,-36],[-93,0],[-37,49],[-31,-23],[7,-25],[-28,-14],[-21,-88],[-20,4],[-10,31],[-14,-15],[-11,20],[-104,51],[3,44],[-16,31],[-122,-19],[-31,25],[-17,-5],[-6,44],[-54,-24],[13,-27],[-65,-4],[-19,26],[-12,45],[36,18],[-19,35],[9,57],[-52,29]],[[74235,20111],[32,63],[103,106],[-8,38],[-41,8],[-58,79],[27,0],[1,39],[13,-33],[-16,67],[26,10],[21,-14],[56,69],[-8,24],[46,19],[27,-113],[-23,-13],[29,-5],[46,-47],[158,-29],[14,17],[71,12],[9,7],[-25,35],[14,9],[-9,19],[74,-5],[20,35],[-35,61],[-6,161],[32,-7],[5,14],[75,18],[54,-13],[10,45],[37,3],[34,-25],[45,6],[30,23],[-6,34],[16,-8],[-1,21],[-36,15],[21,24],[7,-14],[56,-72],[-29,-77],[13,-16],[-17,-20],[5,-41],[43,-27],[-24,-41],[38,20],[31,-10],[2,-43],[6,19],[1,-17],[38,-4],[13,18],[97,5],[13,-97],[-14,-4],[-12,-56],[37,-20],[7,-24],[-65,-47],[-6,-48],[11,0],[-1,-22],[-16,0],[9,-17],[-10,-3],[101,-41],[92,-79],[77,-2],[10,-22],[-43,-31],[2,-76],[-14,-61],[34,-18],[-121,-202],[-81,12],[-3,-31],[-62,81],[-29,-17],[-16,18],[-74,-67],[-46,0],[1,-20],[-51,-21],[-6,-27],[-46,-1],[-27,66],[-37,-12],[-15,47],[-50,-28],[13,-24],[-46,-2],[-2,-15],[-20,-4],[20,-23],[-68,-5],[-4,39],[-25,30],[-78,-28],[-46,29],[-20,-11],[-1,-27],[-54,17],[-22,21],[5,14],[33,0],[-25,92],[-27,0],[-10,19],[16,20],[-26,29],[14,50],[-21,38],[3,29],[-22,-3],[-101,58],[-102,-26],[-87,104]],[[74530,27794],[42,58],[17,-39],[26,-6],[28,31],[2,22],[-47,11],[7,11],[20,30],[72,-2],[-1,52],[33,31],[-114,53],[6,48],[37,18],[123,-18],[77,-35],[11,13],[-77,36],[-52,4],[44,9],[173,-85],[14,37],[1,36],[63,34],[65,87],[111,-46],[24,37],[45,-104],[4,26],[126,33],[53,-53],[73,2],[38,-37],[-21,-31],[27,4],[9,-38],[32,5],[-14,-45],[24,-9],[-17,-41],[135,-1],[12,38],[9,-28],[13,6],[22,-30],[45,8],[19,-20],[-14,-9],[7,-11],[32,44],[18,-8],[1,-19],[26,-12],[-19,-5],[9,-24],[-31,-1],[10,-51],[-13,-34],[62,-22],[-38,-51],[19,-12],[8,25],[39,19],[108,-20],[6,-34],[19,-7],[51,74],[20,-33],[-6,-35],[34,-53],[45,-2],[-16,-25],[-37,-9],[30,-27],[-27,-40],[6,-15],[-62,-20],[32,-96],[-22,-36],[2,-26],[-22,26],[-49,-21],[-8,-27],[-46,-6],[-64,7],[34,84],[-41,43],[-28,2],[-6,49],[49,16],[-74,6],[-3,18],[-31,17],[2,59],[-17,9],[4,17],[-36,-33],[-41,42],[14,19],[-33,2],[-40,-30],[5,-61],[-48,-18],[-61,13],[6,-12],[-60,0],[-18,55],[-50,55],[-46,2],[-10,-14],[-25,13],[-7,-43],[-91,-120],[12,-12],[-18,-43],[18,-15],[-10,-16],[-15,13],[-19,-28],[-27,2],[-6,-20],[-36,-9],[-17,-45],[20,-24],[5,-76],[-61,-9],[7,-94],[-25,27],[-43,2],[-8,-37],[-18,-11],[-27,33],[-4,33],[-82,51],[-4,60],[28,4],[-1,59],[-32,39],[-9,41],[-87,11],[-69,-17],[-18,6],[6,18],[-18,14],[35,34],[13,62],[-35,5],[-57,42],[-31,-1],[-13,63],[24,12],[14,48],[-136,51],[-8,-12],[-45,33]],[[70200,24844],[-17,111],[13,50],[39,32],[49,77],[-8,20],[18,20],[14,-8],[64,70],[26,25],[15,57],[81,86],[30,69],[6,27],[-63,29],[-1,30],[31,61],[-8,7],[-94,20],[-17,-20],[-1,45],[-35,-1],[-38,25],[-46,82],[-2,34],[19,4],[0,30],[-248,18],[-31,22],[11,31],[-25,11],[20,31],[91,35],[-14,9],[30,14],[10,28],[-33,15],[1,34],[-14,19],[30,6],[2,19],[-20,0],[-4,22],[23,-1],[2,22],[-53,40],[23,30],[28,-14],[41,12],[-18,65],[-104,-1],[-2,-24],[-45,26],[31,13],[-10,13],[-109,-2],[-16,28],[-33,-12],[-18,19],[39,19],[-9,12],[-31,-14],[-21,24],[38,40],[-17,12],[118,24],[-11,26],[14,9],[-19,9],[48,17],[5,-21],[56,-4],[-2,-13],[57,-21],[31,36],[52,24],[-7,39],[-29,23],[14,38],[35,-9],[12,26],[36,10],[127,43],[-13,25],[-45,-4],[-43,55],[1,34],[45,38],[-19,14],[11,41],[-50,-8],[-2,-23],[-30,-11],[-16,26],[25,0],[6,24],[-35,-2],[-8,13],[18,13],[-7,9],[-34,0],[-27,31],[15,25],[70,-4],[-4,22],[22,-2],[-7,18],[10,6],[-16,37],[59,-1],[38,33],[55,-6],[-6,18],[18,-11],[4,35],[89,-76],[94,131],[-32,2],[29,31],[-16,5],[-26,90],[-19,0],[11,29],[-22,2],[4,21],[-31,30],[-41,21],[-22,-9],[0,-18],[-43,-12],[-57,11],[-6,14],[30,34],[5,30],[-75,86],[-12,57],[14,21],[52,4],[35,26],[-20,21],[2,35],[-105,113],[2,36],[30,48],[-36,33],[-140,49],[4,20],[160,23],[-53,78],[11,27],[31,10],[-20,54],[4,33]],[[70223,28258],[27,54],[2,53],[-48,28],[-29,38],[15,24],[-30,5],[-5,16],[63,13],[21,-26],[46,1],[-4,-11],[31,-26],[-14,-11],[67,-12],[86,20],[4,30],[38,42],[31,5],[18,44],[-6,48],[15,20],[-36,78],[-14,2],[9,19],[25,18],[101,5],[93,52],[95,6]],[[70824,28793],[17,-29],[61,-14],[-23,-21],[-1,-24],[88,-44],[-16,-52],[4,-26],[32,2],[-4,-35],[-53,2],[4,-36],[53,4],[9,-48],[-24,-87],[12,1],[39,-78],[-2,-40],[-13,2],[-8,-24],[35,-11],[42,53],[34,10],[7,-9],[-15,-30],[-31,-15],[54,-37],[-1,-27],[-17,-14],[9,-40],[43,-18],[-130,6],[8,-33],[-10,-45],[-35,-23],[10,-16],[-30,-22],[-5,-23],[24,-11],[-14,-28],[72,-45],[-9,-14],[46,-51],[-23,-30],[-73,-15],[-11,-85],[28,-8],[7,-24],[1,-105],[-32,-45],[-62,-6],[7,-24],[17,-69],[-39,-92],[13,-20],[116,-13],[-8,-21],[87,-28],[202,-15],[22,5],[20,53],[94,3],[72,-25],[16,-28],[193,14],[44,16],[-15,43],[13,8],[-3,18],[-15,4],[9,16],[42,-16],[52,24],[52,-20],[-17,40],[50,-5],[68,23],[86,122],[74,40],[95,-20],[85,30],[123,-70],[71,-68],[75,8],[134,-41],[35,6],[20,-21],[109,-23],[40,12],[-6,14],[47,-3],[46,42],[85,-20],[2,12],[-37,18],[28,16],[40,-9],[68,38],[23,-34],[-8,-46],[185,11],[-4,54],[89,2],[69,-31],[52,2],[1,-15],[124,-2],[8,-58],[32,-65],[-10,-21],[-27,-4],[59,-64],[-32,-41],[-34,-1],[-48,-44],[31,-11],[14,-37],[96,-10],[5,16],[53,-41],[13,-46],[-89,-72],[48,-109],[-6,-29],[-86,-15],[15,-25],[36,-4],[9,-40],[41,-6],[16,-27],[56,5],[147,31],[126,2],[8,-23],[-17,-12],[20,-73],[11,7],[0,36],[35,18],[-7,14],[30,-9],[0,18],[103,8],[-8,18],[28,6],[134,-14],[19,5],[12,-51],[-41,-12],[11,-33],[-11,-19],[3,-38],[37,-3],[-2,-21],[27,-6],[4,26],[65,-40],[69,-16],[10,12],[68,-12],[-13,43],[28,-3],[-13,29],[29,22],[44,-38],[5,-30],[24,-23],[54,-10],[3,-30],[-19,-29],[15,-26],[-23,-4],[-8,-37]],[[74971,26334],[-107,-50],[-122,-6],[-27,-39],[20,-80],[-39,8],[5,-13],[-93,-28],[-6,-16],[10,-71],[-10,-13],[14,-40],[24,-26],[26,1],[5,-41],[51,0],[-16,-34],[26,-30],[-5,-19],[30,-8],[1,-36],[32,7],[16,-90],[-29,-5],[-2,-24],[16,-7],[-11,-30],[-29,28],[-13,-17],[11,-33],[-30,8],[0,-76],[-22,1],[5,22],[-18,2],[-3,22],[-115,-14],[-10,26],[13,8],[0,48],[13,15],[-33,36],[-28,2],[-45,-48],[-91,45],[-41,-6],[-13,-21],[-63,15],[-26,-14],[19,-34],[36,0],[-33,-32],[4,-24],[20,22],[27,-8],[-21,-21],[21,0],[-3,-18],[-49,-25],[42,-110],[-17,-38],[-20,-5],[34,-40],[45,-8],[-53,-43],[20,-27],[6,-74],[-42,9],[-4,-15],[30,-40],[-24,-62],[-4,-111],[-12,-22],[-95,16],[-17,41],[-71,-41],[-58,3],[-77,30],[-106,-3],[-33,19],[52,-5],[-74,24],[11,-34],[32,-14],[-22,-25],[119,-28],[11,-27],[-130,5],[-19,-48],[62,-26],[1,-37],[54,-11],[27,-48],[116,-64],[-69,-91],[-1,-26],[67,-6],[-58,-13],[-7,-25],[77,-10],[113,68],[37,-28],[6,20],[173,-30],[133,-54],[-15,-23],[-73,22],[-26,-77],[34,-47],[92,20],[-30,-37],[6,-34],[17,-6],[-62,-48],[-43,-2],[0,-24],[50,-5],[18,-33],[-14,-59],[-29,-10],[72,-56],[-123,-7],[-29,-85],[-39,52],[28,35],[-35,-8],[-19,30],[-128,-24],[17,46],[-25,-1],[-26,-29],[-5,-68],[-87,20],[-7,24],[-61,-18],[1,22],[-44,-3],[24,-19],[2,-30],[-25,-6],[1,-17],[28,8],[6,-20],[19,-1],[4,-25],[86,-4],[-5,-23],[-29,-6],[-9,-28],[-62,-9],[-12,-65],[17,-6],[7,-62],[-88,-10],[17,-59],[-128,-36],[-26,-11],[-7,-28],[-42,-41],[40,3],[5,-34],[-59,-19],[35,-121],[56,-32],[-8,-23],[15,-3],[-38,-4],[-9,-40],[82,-42],[-2,-30],[-83,20],[-28,-16],[-103,10],[-54,-23],[-27,43],[-19,-36],[-14,-19],[17,-17],[-7,-16],[20,-39],[-17,1],[-6,-32],[80,1],[24,-5],[0,-25],[60,-1],[9,-21],[12,5],[-5,-53],[20,-10],[-5,-18],[45,5],[0,-19],[81,-13],[13,-34],[-289,-109],[-54,-75],[-20,-4],[14,-33],[-7,-44],[9,-31],[28,14],[1,-51],[50,-22],[-37,-27],[60,-47],[-90,-4],[-73,81],[-13,-4]],[[73420,22555],[-6,64],[-35,45],[8,67],[-24,12],[11,20],[12,-6],[-15,96],[-21,38],[21,78],[-38,29],[-35,61],[-66,-6],[18,44],[-340,128],[-127,71],[-130,11],[-96,-25],[-50,48],[10,7],[-99,2],[-35,20],[-36,-10],[-38,29],[-12,-18],[-63,48],[-36,-20],[-13,14],[28,17],[-47,34],[-94,102],[-135,47],[-3,29],[-19,14],[-150,27],[1,18],[-17,2],[-17,38],[47,18],[-173,155],[-72,29],[3,-21],[-46,-31],[-17,-105],[-21,16],[-27,-8],[-17,-49],[9,-24],[28,-4],[-11,-14],[28,-23],[-5,-11],[-44,-39],[-13,24],[-41,-18],[2,-23],[-14,-13],[24,-7],[-41,-28],[-24,19],[10,16],[-24,69],[32,83],[-36,11],[-36,-52],[-23,-5],[-39,39],[-33,-36],[-68,-4],[-20,36],[45,21],[-25,27],[22,13],[-11,19],[-26,4],[-18,44],[-72,17],[7,11],[-12,12],[-105,-11],[-64,78],[32,29],[-17,17],[21,14],[-21,27],[51,6],[-31,27],[-14,54],[-63,12],[-3,30],[46,5],[50,57],[48,-5],[-11,30],[-15,-1],[22,68],[-52,-12],[-34,32],[17,18],[-6,27],[52,5],[3,21],[-32,19],[-7,52],[-27,-10],[-8,-23],[-44,14],[-4,39],[-17,21],[-74,52],[-76,-76],[-57,7],[2,-34],[-76,17],[-2,28],[-28,20],[-1,27],[-16,-4],[0,19],[-86,52],[12,14],[-20,19],[18,29],[-44,24],[32,66],[-48,8],[-34,42],[-17,-17],[-32,13]],[[76643,21762],[13,21],[-24,29],[25,42],[56,-12],[31,134],[16,47],[35,10],[-6,73],[-32,49],[34,23],[41,-2],[12,28],[24,-5],[-15,59],[36,5],[-2,23],[-16,0],[17,38],[-61,-8],[-16,31],[153,14],[-14,36],[24,85],[20,4],[-11,34],[65,16],[45,-30],[2,31],[-34,107],[231,-7],[2,20],[-20,24],[31,8],[28,43],[27,3],[-3,39],[-174,-7],[-24,40],[0,43],[95,9],[-33,38],[-59,26],[25,64],[78,61],[152,-30],[20,18],[163,4],[-22,30],[-46,1],[63,36],[-1,77],[87,-18],[32,34],[69,-39],[48,-7],[-22,-54],[45,-7],[-10,-71],[70,-7],[-29,22],[-15,44],[13,1],[20,61],[34,-4],[30,20],[88,-34],[28,25],[-11,29],[16,5],[19,57],[-9,20],[54,43],[-5,45],[-49,30],[-4,40],[-81,15],[10,28],[116,18],[21,17],[12,-11],[20,17],[45,-12],[7,37],[61,54],[43,69],[-69,11],[-18,26],[-148,-18],[10,17],[-9,5],[-9,8],[22,28],[0,24],[42,32],[-18,7],[20,46],[-35,-5],[-74,81],[54,32],[-25,37],[11,65],[17,3],[-27,26],[11,84],[53,67],[41,2],[20,29],[-20,15],[38,28],[-3,43],[27,1],[20,23],[-1,21],[-51,49],[-58,26],[6,56],[-40,34],[94,91],[0,43],[43,12],[-9,16],[14,2],[13,-29],[56,12],[22,-21],[59,52],[54,-8],[-1,25],[13,6],[29,4],[37,-29],[124,54],[-14,24],[27,17],[19,-11],[24,27],[-62,38],[-3,47],[-18,6],[-9,36],[-15,-7],[-9,17],[17,35],[-22,-6],[-13,19],[18,44],[-18,27],[-43,-8],[19,11],[-5,39],[-71,-9],[7,25],[-28,6],[121,77],[13,2],[15,46],[-1,46],[102,-6],[8,21],[36,-11],[149,59],[48,-44],[-4,34],[82,14],[-24,46],[-26,14],[36,2],[-4,77],[38,-8],[-3,-27],[23,-25],[40,12],[25,32],[12,-28],[40,9],[0,65],[33,75],[95,29],[0,-16],[79,-7],[-17,-58],[-42,-16],[-12,22],[-15,-9],[27,-64],[46,-19]],[[79403,25505],[30,-5],[40,-69],[57,-17],[80,-206],[-20,-23],[12,-42],[9,-67],[-18,-53],[199,-96],[252,-18],[42,-57],[10,-66],[156,-48],[211,-175],[30,-141],[-26,-85],[88,-114],[75,-16],[36,-42],[8,-12],[-31,-47],[1,-83],[64,-31],[139,-44],[295,-10],[51,20],[3,32],[39,-10],[48,-72],[48,9],[151,-75],[104,8],[-31,82],[-38,40],[-6,80],[184,-11],[156,-71],[78,16],[83,-31],[36,24],[60,-16],[72,-72],[47,5],[74,-37],[33,-47],[102,-68],[21,-50],[112,-85],[14,-57],[18,-15],[184,-19],[13,-194],[-43,-100],[71,-174],[78,12],[35,-15],[24,15],[51,-13],[20,-41],[-11,-25],[7,-56],[20,-31],[65,-11],[8,-26],[34,-10],[69,11],[22,-25],[48,-122],[-4,-42],[-20,-20],[68,-50],[172,-77],[0,-65],[-36,-111],[63,-47],[103,-26],[69,-72],[34,-8],[63,-92],[112,-85],[77,-12]],[[78080,20369],[-23,-40],[-18,28],[-82,21],[-14,24],[-1,-52],[-22,-11],[-12,39],[-100,34],[12,98],[-29,-30],[-26,19],[-55,-6],[-6,22],[-28,-3],[-20,30],[-33,2],[-11,-20],[-27,11],[2,-25],[-21,-27],[-23,50],[-19,57],[-41,19],[-6,42],[33,11],[34,-38],[21,-9],[9,13],[27,-26],[27,41],[34,-11],[80,52],[-26,5],[8,21],[-23,7],[-4,34],[-80,39],[5,59],[-11,26],[-39,23],[51,4],[10,31],[-21,32],[25,33],[-32,29],[17,20],[-2,23],[-57,49],[-76,24],[-107,37],[-98,-14],[-58,30],[-51,-2],[40,-36],[76,-27],[21,-38],[-79,-15],[-10,-33],[-46,1],[-31,-32],[-57,2],[-46,26],[-7,-16],[-37,-7],[-27,29],[-85,-2],[-15,-24],[-59,11],[-14,-17],[-33,1],[-5,25],[-24,4],[8,84],[42,-4],[21,28],[-9,18],[52,2],[14,-21],[14,9],[4,-27],[24,-13],[11,25],[-13,28],[7,17],[29,2],[-3,15],[-46,38],[-24,67],[-66,10],[-34,-14],[18,-4],[-9,-26],[-25,2],[-56,97],[-25,-7],[6,45],[-69,13],[52,40],[-41,16],[-32,28],[9,9],[102,-20],[50,19],[11,26],[-41,38],[10,54],[-76,18],[8,66],[-15,38]],[[68729,20911],[-8,-16],[-31,9],[26,54],[-21,16],[-24,-7],[-7,55],[-93,37],[-58,-27],[-64,8],[-4,19],[49,56],[83,32],[1,11],[-54,-4],[-24,149],[-18,9],[-25,23],[11,14],[-23,13],[-7,-28],[-14,-3],[-14,23],[-27,3],[-69,-15],[-104,13],[4,14],[-23,6],[13,6],[-15,41],[28,7],[-6,17],[-55,44],[20,32],[58,131],[-29,55],[0,39],[15,19],[-12,42],[-46,-4],[-3,23],[-56,-25],[-21,29],[8,55],[-26,-1],[48,173],[-119,59],[-43,10],[-38,-26],[-29,11],[2,54],[-150,16],[6,40],[13,-3],[-1,48],[-82,5],[0,37],[34,6],[-5,94],[-23,-3],[-7,24],[10,11],[249,-7],[92,-38],[77,-5],[-1,32],[23,-3],[43,-72],[20,-7],[-32,100],[-33,39],[-30,-6],[-21,50],[-38,21],[16,6],[-107,171],[4,23],[9,-9],[37,29],[33,53],[-61,73],[-50,3],[15,11],[-7,17],[-28,18],[41,21],[-22,19],[-30,-3],[16,28],[-22,4],[-35,-72],[-35,-8],[-37,48],[22,2],[14,18],[-9,9],[-55,17],[-49,-12],[41,52],[69,33],[87,-35],[39,15],[-9,16],[-49,-4],[32,15],[-25,23],[-39,-9],[25,16],[-13,16],[-70,18],[-125,-1],[-116,-51],[-43,21],[-20,55],[-60,-1],[-22,28],[-20,4],[-3,-21],[14,-3],[-6,-29],[-100,30],[4,19],[-18,-13],[7,-36],[-54,-6],[-21,5],[-20,38],[96,114],[-4,58],[-70,-2],[-66,-32],[-28,43],[-71,55],[-10,30],[27,3],[-8,45],[121,12],[79,48],[-1,31],[71,41],[117,-39],[86,-68],[67,26],[2,85],[-110,51],[24,46],[48,8]],[[67544,23761],[101,-20],[65,9],[9,-5],[-9,-23],[45,4],[45,-49],[-4,-21],[11,-11],[-39,-29],[87,20],[60,-18],[10,23],[-17,7],[24,20],[80,-47],[16,-49],[113,-5],[79,-71],[10,2],[8,56],[18,-6],[-12,-41],[19,-14],[42,24],[4,15],[-20,-1],[-5,31],[47,17],[6,31],[29,-10],[30,53],[-19,32],[7,10],[30,-24],[80,7],[75,36],[-36,13],[23,47],[50,7],[16,-29],[85,35],[-29,39],[46,28],[14,56],[23,8],[1,36],[-39,5],[-3,18],[-72,53],[16,37],[-33,16],[-26,44],[14,0],[37,21],[12,-32],[-23,-23],[22,-9],[29,42],[24,-15],[11,28],[66,-17],[48,87],[53,1],[9,41],[-76,28],[21,32],[46,12],[17,-25],[20,0],[21,31],[74,16],[-5,61],[-16,23],[14,32],[61,40],[-40,25],[10,19],[123,29],[-7,18],[28,16],[-20,24],[40,14],[20,57],[15,-15],[113,59],[8,28],[-18,29],[-42,-12],[-9,23],[-18,-6],[2,-23],[-12,-6],[-18,18],[-20,-12],[-6,11],[39,22],[-10,34],[18,7],[-14,11],[15,30],[-18,41],[90,57],[25,-112],[27,-12],[112,62],[67,-22],[15,-35],[27,-1],[6,-20],[95,-24],[35,9],[30,-14],[-13,-20],[19,-8],[113,-14],[111,-42],[48,16],[20,-11],[80,38],[41,25],[-11,30]],[[73420,22555],[59,-92],[-7,-31],[17,-41],[-31,-15],[33,-11],[-56,-111]],[[73435,22254],[5,-83],[-74,10],[-47,-13],[-104,-98],[-32,-66],[-67,2],[-5,21],[-62,-1],[-45,-18],[4,-21],[-37,-23],[-174,4],[1,-56],[-27,-55],[39,-16],[-10,-46],[-71,4],[-6,23],[-20,1],[-14,-39],[-26,-1],[15,-20],[-35,-19],[-18,30],[-24,-2],[-82,72],[-49,-30],[-19,31],[31,-4],[-3,16],[-48,29],[-1,35],[-32,14],[-4,60],[-22,2],[-7,18],[-54,-54],[-42,-4],[-13,-17],[-30,-34],[-2,-55],[-12,-6],[25,-56],[-55,-13],[-23,-23],[-11,-120],[-92,-50],[-4,-18],[49,-31],[6,-42],[-128,34],[-37,-15],[30,-30],[-11,-9],[5,-43],[-20,15],[-14,-15],[-95,-7],[-20,-33],[-5,-12],[33,-27],[-14,-1],[-5,-30],[31,-92],[-13,-14],[-46,28],[-22,-22],[34,-34],[-47,4],[3,-24],[-48,28],[10,-31],[-32,-15],[-172,-33],[-33,-48],[-64,34],[-59,-38],[-12,-23],[46,-25],[-29,-46],[7,-15],[-37,-34],[19,-36],[-92,41],[-57,-14],[-9,-16],[22,-13],[-29,-39],[11,-26],[29,9],[4,-53],[-32,8],[5,-25],[-13,-19],[74,-3],[56,-63],[-29,-53],[-99,-28],[27,-65],[-58,-11],[-43,-97],[-10,4],[-16,-47],[13,-4],[-8,-29],[-30,4],[-2,-25],[19,-2],[0,-46],[-20,-5],[-8,-25],[6,-55]],[[70824,28793],[25,14],[-35,13],[25,29],[-32,-17],[24,66],[-8,23],[98,46],[-25,225],[8,19],[-21,11],[-12,15],[15,36],[34,22],[70,21],[76,-43],[23,38],[57,21],[46,45],[38,-58],[38,-16],[11,21],[69,-33],[67,41],[-4,104],[19,6],[-10,38],[39,9],[24,-28],[118,-5],[17,7],[-21,103],[55,1],[-17,34],[7,12],[40,0],[10,19],[65,19],[-33,15],[-14,38],[34,10],[46,-20],[27,29],[37,-36],[95,7],[8,-6],[-26,-30],[14,-14],[60,79],[102,-27],[-2,-16],[57,4],[-21,-10],[4,-13],[36,11],[101,68],[24,75],[163,-45],[-3,-29],[14,-12],[36,7],[-10,31],[72,16],[-5,28],[-30,15],[56,30],[58,-31],[29,16],[55,-48]],[[72741,29793],[13,-7],[-13,-25],[22,-11],[-9,-18],[14,-3],[0,-39],[33,-6],[38,-58],[-66,-44],[3,-37],[31,7],[24,-17],[6,-26],[65,-53],[-5,-25],[59,-17],[51,-59],[42,-66],[54,53],[24,-10],[-13,-32],[67,-12],[30,-42],[102,67],[63,61],[53,15],[73,-67],[64,-10],[166,80],[71,28],[22,36],[87,59],[16,-19],[5,-45],[93,-12],[0,-15],[55,-32],[55,-63],[64,-170],[-119,37],[-59,-51],[5,-27],[54,-45],[53,21],[21,32],[187,-38],[29,-9],[11,39],[38,6],[8,14],[-16,33],[33,18],[65,-67],[77,-7],[-14,-10],[77,-42],[28,16],[0,16],[51,-19],[9,9],[-11,30],[14,32],[38,15],[-10,11],[12,5],[-4,17],[47,29],[-12,7],[22,31],[-45,30],[-3,117],[77,49],[1,63],[49,-10],[0,-33],[45,-2],[18,30],[20,2],[86,-15],[11,16],[27,-5],[34,74],[-5,23],[78,103],[116,55],[58,-4],[12,73],[24,27],[-6,38],[45,-2],[16,-38],[-13,-61],[42,-10],[-5,-29],[15,-5],[-21,-7],[29,-5],[-9,-12],[10,-28],[99,-61],[-49,-50],[49,-51],[3,-24],[-74,1],[-9,-18],[55,-46],[68,-9],[22,-21],[-9,-26],[99,-25],[0,-28],[-88,-43],[12,-20],[39,7],[2,27],[23,-5],[-16,-46],[31,15],[1,-15],[169,11],[36,-28],[-11,-35],[-32,-17],[-2,-56],[-18,-9],[46,-26],[-44,-41],[51,-31],[-12,-38],[26,-24],[1,-50],[108,-40],[11,36],[32,-4],[10,-36],[42,-11],[25,-42],[88,15],[-19,27],[109,57],[44,-17],[54,15],[-3,-15],[41,-37],[96,-41],[121,10],[-39,-56],[122,-7],[72,30],[66,64],[46,-13],[23,10],[20,40],[98,14],[29,-44],[24,6],[27,-39],[-19,-31],[29,-19],[-48,-19],[5,-22],[52,7],[25,-37],[42,2],[24,18],[-5,21],[57,11]],[[77417,28767],[-7,-52],[44,-70],[-11,-33],[15,-63],[54,-44],[1,-37],[111,-23],[28,-111],[36,-33],[-3,-24],[86,-142],[85,-29],[39,10],[201,-81],[39,-41],[-2,-42],[69,-24],[60,8],[40,-14],[78,30],[64,-13],[10,-115],[60,-115],[-63,-74],[7,-49],[23,-23],[-71,-95],[7,-33],[51,-9],[38,-36],[-53,-63],[6,-62],[95,-25],[-12,-28],[-52,-18],[10,-48],[69,-1],[84,38],[125,-20],[-32,-62],[49,-64],[13,-144],[111,-115],[-52,-192],[26,-58],[1,-61],[53,-44],[11,-45],[52,-72],[51,-38]],[[79061,26268],[-44,-29],[17,18],[-18,29],[-47,-27],[-46,73],[-100,47],[-27,-64],[-55,-30],[-7,36],[13,39],[-70,0],[9,-30],[-27,-55],[-53,-10],[-66,-77],[-66,9],[-90,64],[-98,73],[-41,-26],[-70,-7],[-55,24],[-15,73],[-78,-41],[-17,-93],[-95,-35],[-96,-8],[37,-80],[-33,-27],[6,-23],[-47,-17],[6,-25],[-30,-19],[-82,-3],[-32,-9],[-24,14],[35,27],[-18,11],[34,27],[-5,18],[-91,31],[-128,-12],[-12,20],[-10,-8],[10,-35],[-24,-18],[-16,8],[2,-29],[-25,-64],[-191,21],[-62,-44],[2,-48],[-20,-6],[-21,47],[6,-17],[-60,-5],[-47,29],[-17,-8],[-6,-57],[35,-34],[26,12],[4,-14],[-28,-30],[16,-13],[-27,6],[-13,-22],[-29,36],[-32,-20],[-47,72],[-78,27],[-32,-18],[-21,24],[-17,-19],[-70,38],[6,9],[-25,-3],[-12,-16],[6,-17],[-35,-4],[-7,61],[-31,-2],[-9,25],[-32,-35],[-28,8],[-2,38],[62,57],[-51,21],[50,19],[30,72],[-32,12],[-64,-19],[-22,26],[-44,-9],[-23,70],[-33,11],[-47,-38],[-50,-23],[-23,11],[-26,-22],[6,26],[-15,48],[22,42],[-49,47],[-87,-10],[7,50],[-19,28],[-63,66],[5,18],[23,-8],[33,34],[-25,18],[34,10],[-16,32],[29,29],[-96,32],[-15,63],[-54,6],[6,62],[-68,-40],[-24,28],[-67,-12],[-79,36],[-16,38],[-30,4],[5,-33],[-45,-17],[-19,-53],[9,-22],[-67,7],[-6,-18],[41,-6],[4,-80],[-47,-32],[44,-12],[-6,-9],[-66,-3],[3,-18],[-21,-14],[-109,19],[1,-56],[-27,28],[-55,-4],[-37,29],[-62,-45],[-82,-25],[-26,-28],[-5,-48],[59,-69],[-68,3],[-90,-24]],[[73435,22254],[110,-8],[12,-13],[-3,-47],[24,-6],[16,-47],[58,9],[22,-24],[41,31],[24,-24],[26,27],[26,-4],[18,-8],[-12,-23],[59,-43],[33,15],[-20,28],[30,27],[124,13],[-29,-23],[17,-15],[-7,-28],[43,-22],[3,-19],[32,2],[-9,-20],[29,-19],[-20,0],[-18,-51],[-38,4],[-13,-20],[12,-29],[-20,-6],[3,-25],[-36,-3],[6,-9],[38,-32],[158,7],[-1,16],[30,-24],[55,14],[1,18],[56,4],[-22,32],[50,20],[24,44],[99,-16],[42,-5],[-26,-63],[27,-3],[-2,-42],[-31,10],[-9,-12],[61,-22],[52,-48],[0,-18],[55,-38],[40,-15],[33,24],[19,-4],[58,-56],[40,-9],[-16,31],[48,34],[20,53],[-9,61],[200,14],[-73,101],[42,-3],[98,80],[78,-7],[3,20],[23,1],[-9,43],[48,10],[14,19],[29,-16],[1,27],[-42,41],[22,-2],[8,18],[-27,23],[-10,43],[8,25],[-16,6],[-8,56],[-18,14],[-10,74],[30,5],[10,-13],[-10,-16],[20,-25],[50,51],[31,-25],[29,80],[41,22],[29,68],[25,16],[42,-7],[-6,-21],[38,-67],[13,-79],[18,-36],[17,-2],[-7,-29],[-29,-6],[20,-10],[-8,-49],[55,-84],[10,-58],[43,-44],[28,5],[17,-34],[42,28],[110,-36],[21,16],[26,-11],[-4,-19],[-35,-10],[74,-8],[-36,-31],[40,-80],[-34,-11],[7,-30],[-10,-12],[38,-23],[1,-37],[28,-38],[33,-17],[20,15],[-7,15],[37,2],[41,56],[105,-34],[84,24],[28,-47],[-7,-32],[24,-13],[17,21],[56,15],[-31,10],[-14,32],[6,26],[-34,25],[26,28],[-4,23],[36,13],[44,-11],[57,-70],[93,-41],[30,-40]],[[79061,26268],[11,-8],[-12,-15],[-44,-19],[113,-71],[89,-24],[22,-23],[35,11],[25,-32],[59,5],[17,46],[46,12],[47,-60],[24,-44],[-18,-82],[14,-59],[-35,-118],[35,-67],[3,-115],[-48,-22],[-41,-78]],[[72741,29793],[19,2],[42,58],[-26,48],[-42,8],[-90,83],[-11,19],[15,16],[-17,16],[22,28],[9,50],[-55,46],[48,42],[20,-13],[26,42],[34,6],[-17,13],[7,7],[18,52],[-65,0],[18,16],[-22,18],[-16,-22],[-41,-2],[4,63],[-77,24],[-17,-22],[-31,20],[20,10],[-7,11],[-42,2],[27,34],[97,-5],[-2,20],[21,10],[-34,13],[22,59],[-30,29],[3,46],[-10,2],[-6,38],[-19,8],[4,44],[-26,74],[-51,9],[-2,-43],[-12,-9],[-70,21],[3,22],[32,24],[-15,7],[19,45],[37,-8],[-10,43],[-65,24],[-4,20],[18,16],[-19,58],[18,12],[-21,32],[0,27],[34,35],[-4,-33],[59,24],[65,-6],[34,-17],[129,4],[23,-32],[30,26],[116,4],[15,48],[67,21],[-9,16],[57,-11],[17,19],[111,4],[45,61],[-15,27],[13,22]],[[73159,31318],[86,-96],[89,16],[381,84],[40,39],[34,5],[60,-34],[73,24],[87,-12],[78,13],[41,26],[-10,35],[-20,2],[20,41],[15,-27],[15,15],[9,-10],[-20,-21],[19,-47],[5,20],[40,-4],[-2,-27],[14,-18],[13,30],[-11,44],[19,-4],[10,-23],[39,16],[-57,30],[39,0],[39,-41],[56,-24],[32,-43],[52,58],[29,5],[106,118],[87,-36],[-25,-50],[1,-29],[150,-100],[69,22],[48,-6],[1,31],[95,61],[79,25],[93,14],[27,-21],[30,-8],[6,68],[216,57],[159,34],[24,-4],[-8,-18],[19,-10],[29,13],[-32,31],[5,12],[-29,9],[76,50],[-13,68],[18,34],[-14,56],[-19,20],[2,110],[66,21],[118,0],[8,-13],[137,38],[44,-16],[25,30],[65,101],[53,27],[-8,55],[33,52]],[[76214,32236],[100,33],[51,-42],[7,-28],[169,40],[101,-36],[30,-35],[25,10],[16,-53],[-31,-31],[76,-84],[8,-67],[29,-10],[41,31],[18,42],[27,13],[76,-38],[18,-58],[75,-77],[13,9],[48,-31],[15,-61],[94,18],[-6,-28],[16,-30],[59,-18],[121,29],[19,-19],[-45,-55],[42,-12],[-6,-26],[107,-8],[83,-48],[61,25],[6,-25],[28,-18],[0,-59],[-82,-30],[50,-30],[1,-49],[78,24],[109,60],[4,22],[74,12],[67,-44],[-13,-22],[58,-62],[8,-31],[114,11],[82,-113],[-48,-26],[0,-39],[-27,-50],[-1,-40],[-79,-4],[-93,-106],[0,-47],[68,-108],[136,15],[-11,-43],[97,-45],[316,-61],[54,-43],[31,-128],[-6,-77],[-47,-80],[-44,-52],[-38,-5],[-117,-105],[-24,-53],[-3,-101],[-56,-103],[-122,-30],[-4,-63],[14,-48],[-9,-112],[-98,46],[-33,2],[-59,-51],[-24,-43],[28,-98],[-11,-67],[-14,-49],[-55,-25],[-23,-31],[53,-89],[2,-34],[-46,-48],[40,-35],[38,-6],[-14,-69],[-38,8],[-543,-276],[-28,-51]],[[72305,31004],[37,24],[23,-23],[-37,-15],[-23,14]],[[63945,30387],[54,37],[59,14],[5,19],[30,-4],[31,49],[-147,72],[23,0],[42,9],[36,17],[146,-5],[65,-44],[64,27],[16,-23],[89,89],[120,5],[112,50],[26,18],[24,-26],[55,4],[48,-46],[79,-78],[76,-158],[22,-109],[-8,-121],[16,-43],[-52,-68],[5,-32],[30,-34],[-3,-39],[80,-145],[-38,22],[-38,52],[-38,-2],[-36,-27],[-45,11],[-74,-47],[12,-31],[-25,-19],[18,-34],[-23,-7],[-111,46],[-79,34],[-31,-5],[0,33],[-52,1],[-63,32],[-12,22],[-32,-8],[-4,30],[38,33],[-64,-19],[-51,50],[-52,2],[36,40],[-23,-8],[-85,27],[10,23],[-41,8],[6,25],[-41,25],[-46,-35],[6,25],[-62,-2],[10,24],[-10,24],[48,37],[-38,15],[-29,-15],[7,-14],[-11,-11],[-21,4],[-3,59],[28,21],[-14,26],[10,37],[-39,-6],[-24,20],[-17,47]],[[69667,30955],[21,58],[-5,42],[32,35],[41,19],[37,-11],[7,-21],[-17,-18],[12,-7],[100,20],[27,8],[-1,19],[55,-18],[7,27],[25,8],[26,-60],[30,-3],[26,45],[-5,22],[33,-9],[-37,34],[9,19],[37,-10],[15,16],[-22,20],[82,36],[-17,21],[45,21],[11,-11],[88,33],[52,-12],[23,16],[87,-48],[48,25],[17,-45],[76,2],[-4,-18],[83,-8],[24,-24],[21,0],[2,21],[54,6],[26,37],[58,-20],[69,26],[6,-14],[17,15],[46,-12],[-44,-27],[34,-30],[-24,-16],[13,-20],[-22,-3],[-13,-38],[-58,14],[-34,-54],[88,-49],[32,-49],[42,-20],[1,-28],[24,-30],[13,24],[36,-4],[26,-44],[-16,-10],[48,-26],[2,-19],[-27,-25],[-77,5],[-56,32],[-53,-38],[-113,-38],[-49,-63],[-43,-18],[0,-34],[-39,-56],[26,-63],[31,-10],[-2,-37],[-33,-48],[-50,-12],[-5,-85],[-73,28],[-42,-11],[7,-23],[-20,-25],[-34,39],[14,17],[-53,-8],[-38,-34],[-85,15],[-9,-36],[-25,-11],[-36,9],[17,40],[-24,7],[-21,-23],[-51,23],[-44,-5],[7,129],[42,0],[37,-27],[25,5],[-10,23],[7,20],[-22,-5],[-32,57],[-66,17],[-67,90],[-72,36],[-18,15],[-28,-7],[16,-36],[-9,-6],[-54,45],[-54,63],[69,1],[14,20],[-16,4],[4,43],[-113,84],[-31,-7],[-8,47],[-119,2],[-10,22]],[[69491,31016],[3,49],[30,38],[147,43],[-37,-42],[-7,-31],[24,-38],[-45,-27],[-6,-25],[12,-18],[-47,14],[-41,-27],[103,90],[-9,59],[14,24],[-101,-33],[-29,-79],[-11,3]],[[64467,34825],[33,25],[125,19],[5,25],[28,-8],[38,38],[37,9],[15,35],[56,0],[21,22],[18,-32],[38,-14],[90,70],[37,-7],[-3,-17],[28,-11],[56,24],[36,-56],[-5,-16],[27,-13],[82,-11],[110,26],[45,-47],[-121,-71],[39,-57],[67,11],[32,-16],[78,-25],[58,-85],[90,19],[6,-19],[81,67],[64,-30],[0,37],[36,24],[51,-12],[1,-29],[21,-23],[69,-10],[19,-42],[-104,-20],[-47,-40],[-66,-16],[-31,18],[-13,-38],[15,-33],[-48,-53],[-52,26],[-36,-40],[-78,-10],[5,-14],[-117,-54],[-22,-21],[1,-37],[35,-40],[-75,-19],[1,-43],[-49,-64],[-54,-3],[-44,80],[18,19],[-29,76],[-38,-3],[-19,24],[4,28],[-43,34],[-130,-3],[-57,-53],[-48,31],[-32,-4],[-6,20],[-123,-39],[-39,17],[-148,108],[40,48],[37,-21],[28,5],[-1,13],[89,-9],[31,17],[-6,23],[29,30],[-38,41],[3,30],[34,-1],[-30,28],[-80,7],[-93,122],[-82,33]],[[72336,35143],[12,59],[41,2],[81,47],[39,-1],[6,36],[28,6],[28,-39],[-12,-40],[72,-2],[-1,12],[37,0],[5,25],[71,6],[-2,31],[18,8],[12,-15],[42,41],[44,-30],[103,55],[-41,23],[-7,24],[56,5],[-20,49],[-28,26],[-19,-27],[-34,29],[84,51],[-7,14],[25,20],[-78,58],[54,-25],[15,23],[-19,17],[3,18],[-35,7],[43,9],[25,-11],[9,-30],[57,3],[9,-13],[-22,-25],[30,-22],[61,26],[26,-41],[29,31],[-1,33],[-14,-3],[1,14],[21,11],[30,-28],[-3,14],[37,15],[41,-3],[0,-34],[-18,-13],[34,10],[17,-14],[-13,-12],[43,-36],[-20,-17],[13,-25],[-9,-16],[40,-10],[22,67],[86,-6],[-12,10],[23,8],[68,1],[49,-30],[-16,-11],[28,-52],[24,-12],[-14,-30],[38,-39],[-14,-16],[75,23],[-26,-68],[8,-25],[24,-12],[6,-18],[-20,-6],[19,-41],[-38,-16],[-13,13],[-83,-11],[-5,-31],[15,-6],[-9,-7],[11,-17],[-99,-33],[-24,-20],[0,-34],[-42,4],[-12,-14],[-23,-45],[24,-36],[-23,-66],[12,-37],[-15,-27],[-26,-3],[-36,-31],[-6,-32],[-43,12],[-1,-27],[-32,-19],[-26,17],[-17,-13],[-6,-16],[20,-13],[-7,-21],[-31,4],[1,-31],[-12,-7],[-12,17],[-66,-3],[-16,22],[-16,-1],[9,-16],[-60,1],[-43,-12],[-5,13],[26,17],[-28,9],[10,30],[-82,25],[-44,-10],[-20,37],[11,18],[-47,66],[-53,19],[-48,-6],[-3,-23],[-105,17],[7,87],[-38,12],[25,10],[-61,18],[8,12],[-13,19],[-31,-16],[-13,12],[-1,35],[-27,-7],[-48,49],[16,12],[-7,8],[-78,6],[-8,17]],[[62474,28337],[-103,133],[6,23],[-19,22],[10,12],[-31,44],[-67,-41],[6,23],[-10,6],[-98,-17],[-120,29],[-10,23],[-27,8],[-96,5],[-35,46],[-48,1],[-25,30],[-140,15],[-74,38]],[[61593,28737],[27,100],[-7,66],[-124,13],[-11,32],[4,49],[-20,55],[-97,27],[21,14],[-6,26],[15,9],[56,5],[-9,18],[15,16],[-15,26],[-16,-17],[-117,31],[15,31],[-30,45],[-68,-50],[-16,-37],[-100,-43],[0,-23],[-31,-30],[-115,-20],[-70,12],[3,17],[-27,14],[17,18],[-23,10],[80,63],[14,-9],[15,43],[24,11],[-5,23],[37,4],[-3,15],[-20,14],[-14,47],[-49,34],[-27,-27],[34,-35],[-21,-9],[-23,11],[-14,35],[-19,-3],[0,-17],[-57,0],[-41,73],[-62,48],[14,12],[-10,21]],[[60717,29505],[-9,15],[39,50],[20,43],[-9,7],[70,45],[-144,86],[-19,-16],[-19,8],[-7,25],[66,45],[-27,4],[41,74],[29,129],[3,63],[23,-17],[32,94],[364,-86],[20,9],[8,52]],[[61198,30135],[65,1],[42,-14],[21,-29],[43,29],[156,5],[59,67],[78,-5],[4,-38],[-41,-9],[-17,-31],[32,-13],[4,-25],[-10,-6],[31,-12],[7,-58],[18,6],[-11,17],[17,24],[19,4],[0,-28],[10,2],[43,35],[4,37],[30,8],[33,-25],[-3,-60],[-43,-42],[61,-35],[48,-13],[-9,47],[28,6],[25,94],[128,48],[-13,-57],[-76,-91],[-13,-36],[18,-31],[-4,-17],[71,-3],[2,18],[178,70],[26,15],[18,43],[6,67],[187,102],[0,16],[20,0],[-16,54],[74,30],[48,-13],[2,-42],[83,12],[4,-44],[12,7],[19,-25],[20,11],[-13,10],[5,14],[25,15],[60,44],[-14,17],[-59,8],[14,13],[-4,38],[66,40],[3,22],[55,0],[11,21],[28,8],[-82,23],[-8,13],[9,8],[-41,47],[23,41],[29,15],[-6,14],[82,22],[-10,16],[23,7],[-7,22],[41,-29],[19,15],[-9,17],[50,35],[-14,16],[7,28],[-20,8],[139,45],[7,39],[32,-7],[5,63],[50,45],[-48,38],[-43,9],[-48,62],[-30,-28],[-19,14],[67,51],[-12,5],[231,13],[-2,19],[29,20],[8,41],[22,-11],[-4,61],[-65,39],[-36,57],[-5,60],[-65,54],[137,35],[69,66],[-7,39],[23,69],[-12,42],[-103,-7],[-8,72],[-22,-1],[12,18],[14,3],[8,27],[50,17],[34,-2],[-21,-30],[9,-9],[25,37],[16,-1],[-6,-22],[16,13],[39,15],[-19,29],[9,30],[35,5],[-32,45],[15,13],[-13,18],[56,27],[-24,48],[59,37],[78,8],[25,-31],[22,15],[20,-60],[42,-13],[12,-21],[42,0],[88,15],[50,46],[-17,11],[47,27],[51,-15],[11,21],[-23,20],[35,16],[-60,32],[10,14],[-5,40],[42,37],[-44,50],[39,55],[-8,37],[47,14],[18,23],[97,-39],[37,12],[3,37],[18,20],[-18,21],[28,22],[-4,33],[-20,3],[-9,27],[8,47]],[[64233,32622],[16,-44],[33,7],[-7,15],[36,49],[60,14],[26,-15],[7,-39],[40,29]],[[64444,32638],[62,-64],[-39,-75],[11,-81],[-23,-16],[-88,36],[-9,-23],[7,-32],[35,-10],[14,15],[-6,-39],[-24,-13],[69,-48],[14,22],[20,-24],[-23,-20],[76,-33],[-14,-31],[9,-19],[-28,-18],[28,2],[74,-42],[-24,-25],[-30,-55],[-39,-12],[-2,-48],[82,6],[56,49],[37,-18],[12,15],[-27,9],[11,13],[33,-13],[114,-58],[-6,-16],[15,-5],[13,7],[-5,27],[25,47],[-10,28],[8,16],[102,-4],[11,34],[29,16],[-3,-16],[38,4],[6,-65],[37,-4],[8,-40],[18,11],[110,-18],[-5,25],[38,-2],[81,-52],[14,-25],[-5,-34],[27,-17],[-47,-59],[-47,17],[-4,-41],[14,-29],[140,-45],[66,-1],[25,6],[10,86],[33,9],[49,50],[14,-33],[13,16],[90,-36],[51,19],[38,-19],[136,117],[32,24],[36,-25],[127,40],[7,-30],[47,-1],[40,34],[65,-16],[8,46],[23,-2],[33,44],[52,12],[29,-13],[30,45],[153,-33],[18,-18],[38,12],[9,-20],[23,11],[10,29],[55,5],[-22,58],[65,32],[137,28],[-13,6],[56,-4],[105,-99],[-72,14],[34,-22],[-26,-52],[-63,-56],[-49,-19],[-53,16],[-10,-31],[27,-6],[1,-22],[-79,-17],[-72,9],[3,-24],[-20,13],[-52,-121],[74,-54],[56,3],[15,17],[37,-28],[89,40],[14,21],[-6,32],[136,11],[-36,-43],[18,-17],[-101,-87],[26,-21],[33,39],[8,-17],[-11,-20],[19,-29],[111,39],[40,49],[72,-1],[-10,-12],[55,-33],[12,-28],[-41,-14],[13,-68],[19,10],[55,-26],[4,-24],[52,-6],[-1,-51],[94,-51]],[[67537,31440],[22,-10],[-35,-27],[3,-14],[49,-43],[14,-30],[-10,-8],[-59,12],[-12,-32],[-30,1],[-20,-31],[-158,-6],[-4,-45],[-28,-16],[17,-41],[-5,-21],[-50,-34],[-48,-1],[36,-23],[-117,-40],[5,-30],[-23,-4],[5,-34],[49,-18],[-3,-16],[101,-11],[32,-59],[3,-31],[-19,-4],[-17,-32],[24,-40],[-32,-12],[9,-41],[-26,-18],[6,-26],[-31,-10],[-20,-90],[-68,-48],[-91,0],[21,-27],[-14,-3],[4,-32],[41,-12],[20,-21],[-8,-21],[28,-47],[37,-22],[-58,-42],[-20,-42],[26,-21],[-10,-30],[122,-14],[15,-21],[37,15],[2,-33],[80,-26],[96,10],[41,-55]],[[67466,30063],[10,-46],[41,-14],[-97,-20],[0,-23],[-11,21],[-33,-14],[6,-45],[-21,-9],[69,-51],[13,-32],[-65,-8],[0,-33],[26,3],[-17,-52],[17,-27],[25,5],[-16,-37],[-76,-34],[-169,49],[-44,-22],[21,-29],[-8,-18],[-15,3],[-7,24],[-32,8],[8,26],[-45,10],[1,-26],[-17,-11],[-102,-39],[-23,36],[-44,17],[73,29],[-55,-7],[-1,46],[17,8],[-27,18],[-76,-17],[-154,15],[-30,-56],[-60,14],[-39,-41],[-52,4],[-34,24],[-71,-13],[-29,-38],[-11,-22],[9,-128],[-8,-32],[-34,-12],[8,-150],[-69,-36],[-73,5],[15,-39],[19,7],[-54,-74],[-50,-8],[4,54],[-38,7],[-41,-41],[-149,-1],[-48,-37],[-123,-25],[-33,-20],[9,-15],[-12,-9],[-102,-31],[-14,-20],[-18,7],[-1,31],[-8,-23],[-50,-2],[0,20],[-115,19],[-13,-24],[-32,30],[-11,-10],[28,-40],[-48,-9],[-31,-28],[25,-43],[-8,-8],[-29,5],[-10,-21],[-17,11],[-11,-20],[-40,6],[2,-24],[-35,-5],[-6,36],[-27,-21],[-16,23],[-18,-9],[-2,35],[-166,37],[-43,-36],[22,-45],[-36,2],[-6,-44]],[[64808,28884],[-69,45],[-15,46],[98,63],[20,36],[-27,-10],[-78,23],[-25,-20],[-26,-57],[-13,25],[-101,-35],[-7,-11],[17,-29],[32,-13],[-10,-5],[-40,-11],[-34,41],[-35,-1],[0,-12],[-155,-49],[-20,-18],[74,-37],[-29,-61],[21,-16],[-6,-28],[-51,-15],[-9,21],[-25,-19],[-17,34],[-37,-13],[-38,14],[-23,-35],[-75,-2],[-74,-31],[-45,-40],[-21,4],[-27,-46],[-25,-10],[20,-35],[-14,-15],[-90,-30],[-26,14],[-48,-10],[-8,27],[-30,14],[7,73],[-68,22],[17,20],[-11,26],[-30,5],[-3,29],[-50,65],[-27,-3],[-41,57],[-81,-3],[-44,27],[-2,21],[-41,13],[-52,0],[-82,55],[-68,73],[-72,21],[-27,34],[-49,-3],[6,-41],[-15,-8],[13,-41],[-27,-35],[-34,-11],[-31,22],[-68,-28],[-187,-153],[9,-32],[-31,-12],[-5,-23],[44,-19],[24,7],[9,-35],[62,-6],[34,-73],[104,34],[30,-12],[-11,-63],[-31,-16],[10,-31],[-24,-35],[23,18],[9,-18],[-18,-24],[-145,3],[-21,-47],[-70,-1],[-46,-22],[0,-40],[13,-16],[-86,4],[-59,-18]],[[64350,28575],[63,24],[106,-41],[-2,-32],[-74,6],[-19,6],[-13,31],[-49,-7],[-12,13]],[[67537,31440],[70,48],[-52,60],[71,12]],[[67626,31560],[32,6],[34,-95],[175,-49],[18,-112],[-37,1],[-7,-83],[-33,-18],[2,-30],[34,-21],[84,22],[0,-15],[57,-22],[154,-4],[26,-33],[-15,-13],[74,-32],[75,-7],[2,-18],[20,7],[0,-21],[42,0],[14,-45],[28,-9],[-3,-41],[23,13],[22,-10],[-1,-24],[16,-2],[2,17],[32,-13],[51,-61],[87,25],[15,-20],[-4,-21],[61,-23],[44,16],[11,33],[-32,-15],[17,32],[-6,17],[85,44],[-44,62],[22,40],[-3,41],[21,2],[0,32],[34,-7],[-2,-15],[85,1],[16,14],[75,-10],[42,-53],[15,23],[-3,37],[20,25],[-7,26],[-58,79],[-50,22],[4,32],[-12,2],[18,31],[-11,42],[13,20],[-3,32],[19,26],[98,1],[26,28],[68,-14],[23,-50],[-63,-29],[91,-53],[73,12],[74,25],[79,131],[23,15],[30,6],[36,-18],[-11,-17],[34,-25],[77,51],[29,-22],[44,14],[4,-20],[7,56],[18,-15],[30,28],[115,17],[21,18],[-8,49],[84,-8],[10,-39],[-33,-31],[135,49],[30,39],[119,72],[52,-23],[0,-20],[40,-10],[29,35],[126,80],[58,-11],[-12,116],[18,21],[-6,20],[97,42],[29,63],[46,-59],[44,-14],[37,20],[-24,57],[-19,0],[3,21],[85,33],[80,-34],[30,10],[22,41],[-24,27],[19,61],[-57,-7],[-83,62],[20,12],[-9,17],[37,-2],[19,19],[-66,9],[6,36],[-41,10],[22,36],[59,26],[88,-41],[5,32],[37,13],[-7,25],[247,138],[30,24],[-34,22],[-32,-15],[-29,42],[16,10],[-31,23],[23,17],[-11,31],[7,28],[-25,18],[22,40],[-18,47],[14,5],[30,115],[-19,24]],[[71229,33002],[103,6],[10,35],[67,63],[49,-31],[-20,-36],[40,-26],[-5,-27],[89,-22],[4,-19],[127,53],[28,-38],[52,-2],[36,-7],[-17,-26],[9,-11],[148,57],[28,33],[84,23],[27,-26],[-8,-19],[14,-20],[21,6],[-28,-18],[33,-26],[-5,-14],[71,-3],[-18,-32],[30,-15],[-64,2],[15,-86],[30,-21]],[[72179,32755],[106,-29],[66,-39],[21,-35],[-9,-42],[66,-31],[-10,-37],[-74,-8],[-34,13],[-26,-11],[-19,-48],[-10,17],[-9,-61],[52,-67],[31,-7],[44,18],[195,-72],[3,-24],[-17,-30],[20,-73],[91,-85],[24,-3],[49,2],[42,-23],[58,-23],[65,-121],[-114,-36],[-18,-41],[4,-31],[144,-70],[31,-65],[78,-81],[47,-23],[39,-45],[-10,-67],[14,-33],[25,-28],[-16,-25],[9,-31],[23,-13],[-1,-29]],[[70223,28258],[-25,9],[-6,-53],[24,-13],[2,-24],[-29,-16],[-6,-28],[35,-63],[-134,-25],[-25,-31],[50,-43],[50,6],[90,-49],[-67,-96],[25,-15],[-17,-42],[39,-15],[26,-51],[1,-22],[-49,-56],[22,-35],[-31,-22],[22,-19],[5,-29],[-19,-26],[16,-3],[-2,-22],[-34,3],[13,-54],[-37,16],[-23,-10],[1,-23],[-36,-5],[-30,46],[-9,-12],[12,-22],[-41,18],[10,34],[-9,3],[-22,-13],[14,-4],[-5,-13],[-19,-1],[-65,32],[-33,-4],[-24,12],[8,19],[-18,-11],[-51,27],[-54,-21],[7,-18],[-65,23],[-59,-20],[-23,-30],[8,-12],[-14,-25],[-26,-17],[-1,25],[-43,-2],[-10,39],[-85,-12],[23,-39],[-44,-22],[27,-14],[-94,-21],[8,-29],[-29,1],[-8,-17],[24,-10],[-1,-22],[-23,2],[14,-13],[-24,-11],[-229,13],[-8,-14],[40,-12],[-28,-42],[19,-38],[-9,-11],[-37,-47],[-12,21],[-29,2],[-50,64],[-22,2],[14,9],[-7,48],[-39,-34],[-62,-6],[-46,35],[18,57],[-15,31],[-44,-15],[-9,9],[26,82],[-19,17],[20,7],[-40,41],[16,4],[-16,10],[10,31],[-32,11],[5,40],[-59,17],[8,6],[-21,33],[-69,-1],[55,113],[-27,9],[-49,-33]],[[68583,27707],[7,20],[-31,39],[-80,19],[3,30],[-33,-18],[-54,19],[1,25],[56,8],[81,6],[34,62],[22,-6],[31,29],[-19,0],[49,26],[-12,32],[16,23],[-41,8],[-3,-21],[-13,1],[-3,33],[-47,9],[23,33],[41,-38],[6,65],[18,-19],[69,4],[-77,38],[-31,-6],[-3,-22],[-56,-6],[-62,40],[16,43],[15,-8],[64,63],[-46,32],[-18,35],[26,14],[-5,16],[11,5],[-41,21],[-24,5],[50,26],[-7,23],[5,29],[42,36],[-27,65],[74,121],[22,21],[16,-9],[105,30],[-39,27],[8,55],[-25,34],[16,40],[-56,54],[41,48],[-17,26],[-110,-8],[-23,12],[-1,46],[-38,0],[-26,-28],[-21,45],[-39,-16],[-25,27],[40,16],[17,55],[56,41],[-6,11],[21,24],[33,-3],[17,48],[-8,26],[-67,49],[-26,-11],[-12,24],[-58,3],[2,29],[-36,-9],[-11,23],[-41,-23],[3,43],[-74,33],[-13,-27],[40,-42],[-35,-32],[1,-16],[16,9],[24,-19],[-42,-22],[-13,9],[11,17],[-18,-3],[-48,-55],[-80,-20],[-32,2],[-87,54],[-2,63],[-44,55],[-45,20],[-32,46],[6,29],[-58,55],[3,36],[-55,35],[1,23],[-60,89],[-14,60],[34,22],[-34,42],[-29,-12],[-15,40],[115,41],[9,46],[-27,5],[-22,48],[-37,16],[-2,31],[-13,17],[-136,-7],[-49,-41]],[[64233,32622],[12,37],[-18,31],[-14,104],[21,101],[25,19],[15,47],[-27,26],[1,26],[55,6],[23,25],[-9,27],[7,69],[45,20],[-5,19],[33,31],[-30,47],[-126,49],[-48,70],[-31,6],[-76,-41],[10,-13],[-21,-12],[48,-26],[-10,-13],[14,-13],[-49,-35],[-58,37],[-91,-12],[-49,36],[-8,-27],[-45,-9],[-7,29],[-29,1],[-50,-26],[16,-67],[-102,7],[18,32],[-50,54],[13,35],[-43,-14],[15,-29],[-28,-30],[-36,44],[-27,4],[-4,67],[-24,63],[-1,54],[20,100],[52,23],[2,65],[-16,12],[4,131],[-28,1],[-13,46],[-26,-7],[-9,44],[-52,50],[12,9],[-19,28],[-92,46],[26,30],[-8,11],[9,21],[51,38],[-10,12],[-59,8],[-74,46],[-142,31]],[[63116,34223],[-21,5],[7,70],[-14,48],[27,22],[4,24],[-28,31],[48,50],[137,-47],[-17,-46],[31,-16],[170,-19],[126,89],[-22,32],[95,-12],[65,14],[53,-82],[-8,-7],[18,-26],[-6,-15],[154,-30],[91,22],[2,28],[15,9],[58,5],[26,22],[37,76],[-14,94],[8,59],[-50,54],[8,65],[-16,9],[-73,-33],[-30,7],[-52,50],[-76,-4],[-116,24],[-19,42],[23,61],[-16,39],[-47,9],[-24,30],[-62,-17],[-99,9],[-40,-23],[-70,66],[-26,62],[-60,32],[-15,34],[-76,74],[-42,-20],[-82,52],[-60,-1],[-42,30],[-6,62],[13,18],[-11,57],[40,2],[73,57],[-10,35],[15,40],[-15,28],[16,11],[-74,19],[-51,-38],[-15,96],[46,11],[-22,93],[200,-9],[92,-56],[43,2],[52,49],[15,68],[21,10],[-16,7],[25,23],[9,-15],[59,18],[100,152],[40,-34],[85,-31],[48,2],[41,31],[3,20],[51,22],[27,-13],[90,89],[166,-25],[8,-24],[55,-6],[77,17],[13,57],[42,30],[30,-3],[15,-39],[79,-7],[-20,-47],[57,-92],[14,-3],[49,51],[96,23],[16,-17],[42,34],[136,49],[41,-6],[70,-63]],[[64966,36029],[36,-34],[-13,-20],[96,-75],[18,27],[13,-20],[-5,-46],[-52,-40],[43,-8],[178,-185],[28,-51],[62,19],[29,-26],[27,60],[-15,23],[-31,-5],[-18,79],[12,59],[125,-3],[84,-46],[32,11],[21,-18],[80,9],[20,-13],[2,-22],[-37,-37],[99,-21],[2,-13],[-65,6],[-30,-14],[12,-26],[26,-47],[37,17],[16,-22],[21,14],[159,37],[81,52],[64,-24],[40,5],[-32,22],[41,62],[-10,35],[21,6],[-4,23],[18,12],[61,1],[27,18],[131,-6],[34,-89],[-23,-64],[-22,-14],[24,-37],[42,-4],[42,83],[107,-31],[-26,-44],[197,-223],[-18,-45],[20,-4],[-8,-17],[-56,-42],[-74,-23],[-72,-58],[-26,-69],[0,-49],[12,-42],[38,-6],[23,-56],[-5,-22],[30,5],[-14,-48],[37,-49],[47,11],[20,-28],[40,66],[60,-80],[55,14],[46,-28],[55,-2],[-23,-50],[-14,-14],[-18,9],[-15,-21],[-13,-36],[13,-16],[99,-4],[24,19]],[[67054,34696],[15,-3],[20,-47],[17,5],[-33,-26],[22,-33],[35,13],[26,-82],[-12,-15],[-40,8],[4,-39],[-30,-9],[-6,21],[-23,-2],[-10,-10],[18,-13],[-9,-9],[-68,-8],[-21,15],[-10,-26],[133,-79],[-25,-22],[11,-27],[18,7],[-11,-19],[11,-24],[-34,-27],[22,-31],[-9,-14],[-96,-41],[13,-33],[-9,-34],[17,1],[8,-57],[-12,-6],[14,-21],[-24,-20],[-105,-41],[41,-59],[29,-14],[77,-5],[107,28]],[[67125,33898],[1,-8],[-4,-30],[-62,-27],[-93,-132],[-79,16],[-90,24],[3,54],[-62,57],[-44,-10],[-19,-23],[-42,1],[-11,-31],[-138,32],[-60,-45],[-43,37],[-10,-8],[-12,18],[20,30],[-10,27],[71,-6],[0,42],[-82,24],[-52,54],[-64,-12],[-48,-55],[-83,55],[-50,8],[-28,-16],[-32,23],[-19,-59],[-32,33],[-102,39],[-47,28],[-3,21],[-15,1],[-16,-33],[-45,20],[-2,42],[-88,-13],[-44,13],[-16,-27],[-117,-13],[-151,-40],[-11,-24],[20,-30],[17,1],[-6,-27],[86,-9],[-14,-18],[43,-38],[53,6],[-53,-15],[28,-32],[56,-22],[-2,-20],[-62,-22],[13,-21],[-41,-39],[77,-61],[-23,-33],[-113,3],[-19,-28],[-44,14],[-21,-29],[-25,-3],[-4,22],[-152,-30],[-16,24],[-42,-21],[-25,-18],[28,-53],[5,-44],[-51,-68],[10,-10],[-29,-16],[-6,12],[-43,-15],[-30,10],[-3,-17],[-85,-35],[-47,-4],[-19,-7],[31,-20],[10,-41],[-68,-17],[-21,-28],[56,8],[25,-36],[37,18],[7,-53],[35,14],[42,-60],[74,-37],[7,-22],[-20,-7],[20,-33],[-58,-45],[-37,-69],[-56,5],[-37,45],[-80,31],[-26,-10],[-25,-62],[-176,-28],[6,-14],[-30,-10],[-32,-48],[24,-24],[-56,-94],[37,-17]],[[68583,27707],[-135,-21],[-10,-25],[-76,-46],[-12,-16],[10,-19],[-11,-39],[-67,-57],[-6,-25],[37,-9],[-33,-20],[-7,-66],[-100,0],[44,-18],[-44,-3],[7,-31],[-15,-6],[-30,3],[-13,21],[-56,-10],[-51,-32],[11,-8],[-10,-8],[-37,14],[15,-9],[-22,-24],[-18,-58],[38,8],[5,-23],[-9,-14],[-18,10],[-3,-35],[-34,-18],[-43,29],[-10,1],[-4,-64],[22,-12],[-18,-60],[-12,-21],[-41,-10]],[[67827,26986],[-23,24],[-57,3],[-10,-13],[-49,15],[-41,-25],[16,-13],[-26,-29],[-15,-50],[-37,-22],[5,29],[-84,-9],[-29,29],[-69,-17],[3,20],[-17,-3],[-10,48],[-15,2],[10,31],[-19,3],[5,21],[-56,14],[-33,-22],[11,-21],[-28,-12],[6,-9],[-57,-26],[11,-22],[-4,-55],[-81,-43],[-11,15],[-85,-24],[-1,-20],[-58,0],[-5,-15],[-113,41],[-8,-25],[-40,-8],[-30,26],[-102,-18],[-85,7],[-68,8],[-22,-19],[-47,25],[-21,-15],[-59,11],[-18,-20],[8,38],[-13,-9],[-24,75],[-50,-5],[49,21],[1,14],[-34,4],[-6,-16],[-82,20],[-31,-9],[2,21],[-16,4],[-21,46],[-13,-5],[-11,26],[14,5],[-39,61],[-18,73],[39,9],[11,26],[-27,16],[15,26],[-85,17],[-16,52],[-26,7],[-46,54],[-50,-9],[6,-46],[-47,8],[-39,-16],[0,-19],[-30,-9],[0,-35],[-30,4],[-1,-30],[-42,14],[-67,18],[12,40],[-33,13],[83,70],[36,-17],[-4,44],[63,-11],[1,15],[49,11],[-4,38],[-21,11],[26,73],[94,15],[4,26],[12,59],[-27,12],[-62,-48],[-8,16],[26,13],[-4,12],[-60,12],[35,54],[-36,11],[79,138],[-35,30],[-58,-64],[-16,4],[-84,-66],[-10,13],[-32,-22],[-209,36],[7,16],[44,-2],[0,29],[34,-6],[1,38],[21,7],[-9,29],[-45,18],[-114,-29],[-43,9],[-36,-17],[-58,14],[-57,-28],[-11,10],[37,28],[-32,67],[9,14],[-119,5],[-186,80],[-2,29],[-48,5],[-44,68],[-43,-5],[20,53],[-14,5],[1,25],[65,-33],[16,-26],[10,18],[-25,49],[53,-26],[5,18],[29,0],[40,-28],[-15,24],[9,6],[-48,27],[10,1],[87,-42],[-4,21],[16,-1],[31,-33],[61,57],[-70,21],[-29,-12],[-75,102],[-12,42],[-84,-42],[-13,26],[15,8],[-20,26],[-16,-8],[-34,44],[18,10],[-42,28],[23,6],[-14,46],[-15,7],[67,38],[-12,19],[76,-6],[4,12],[-32,10],[11,21],[-26,6],[24,6],[10,32],[-24,29],[8,21],[-38,29],[-23,-8],[-4,20],[-80,-14],[-21,25],[3,21],[21,-2],[-5,-21],[53,-5],[17,26],[23,-19],[53,25],[-46,3],[5,26]],[[70055,34631],[-38,116],[146,65],[67,63],[41,15],[-47,45],[-13,23],[32,49],[-5,23],[-25,25],[-8,40],[-44,38],[10,25],[-22,18],[8,27],[-49,-10],[-36,50],[-32,3],[-5,29],[-46,44],[-38,44],[76,69],[14,46],[-20,15],[17,44],[-7,65],[27,69],[-55,33],[9,14],[51,-28],[50,4],[21,57],[-11,9],[24,9],[17,-8],[-28,-69],[26,-15],[71,49],[96,14],[55,35],[-20,27],[20,2],[11,57],[-27,5],[-3,20],[-32,-16],[-62,61],[59,27],[66,61],[73,-27],[50,21],[37,-16],[9,12],[19,27],[34,-7],[1,17],[32,10],[-12,52],[-49,35],[12,10],[-12,18]],[[70590,36171],[155,-131],[141,28],[305,53],[81,-19],[97,35],[30,49],[85,44],[31,-18],[11,-57],[17,-8],[31,39],[75,5],[74,68],[35,36],[44,13],[9,-24],[86,-34],[59,5],[-100,84],[8,25],[45,1],[127,-46],[12,7],[4,37],[41,37],[70,-38],[36,30],[33,4],[189,-204],[69,45],[21,-50],[-71,-50],[-6,-47],[39,-24],[72,60],[26,-17],[10,24],[139,72],[44,-26],[43,6],[35,12],[13,45],[59,34],[63,78],[166,21],[37,10],[-3,28],[40,29],[81,26]],[[73298,36468],[84,-38],[43,29],[37,-61],[56,-24],[-22,-38],[9,-16],[88,-53],[-20,-10],[13,-8],[-49,-69],[9,-49],[22,-10],[13,24],[36,7],[26,-19],[37,52],[38,-32],[11,-43],[37,-34],[31,10],[20,-41],[28,10],[-22,-45],[0,-32],[-23,-24],[52,-53],[-48,-84],[44,-18],[-17,-11],[22,-11],[-45,2],[2,-15],[-28,-18],[36,-4],[16,-57],[-56,-51],[53,-28],[107,28],[19,20],[12,-17],[-18,-45],[8,-20],[94,-14],[56,21],[-1,-45],[41,-37],[19,-12],[51,18],[28,-19],[-12,-33],[33,-78],[73,15],[-40,55],[15,9],[59,-76],[9,-57],[19,6],[-1,35],[-22,30],[46,-3],[51,-54],[11,6],[-27,56],[49,-31],[13,6],[-15,16],[24,25],[45,-22],[12,-22],[33,4],[7,-19],[37,-12],[27,19],[-4,19],[22,12],[21,-12],[-12,20],[15,9],[29,0],[5,-11],[-17,-13],[21,-19],[-17,-54],[31,10],[9,-22],[25,-2],[25,-58]],[[74846,35238],[34,-36],[88,-24],[89,-60],[5,-16],[-28,-24],[-28,-61],[31,-96],[105,-77],[4,-36],[34,-38],[-17,-31],[-97,-60],[-50,-11],[-6,-21],[-57,12],[-64,-46],[-73,-18],[38,-41],[6,-36],[-101,-39],[13,-31],[47,-38],[73,3],[22,-101],[155,-63],[123,-23],[6,38],[79,22],[-3,-27],[-46,-34],[103,-38],[8,-16],[-17,-25],[47,0],[-16,-20],[4,-23]],[[75357,34103],[-95,-56],[-73,31],[-38,-25],[-17,7],[-31,-46],[-18,-1],[-48,57],[-36,-23],[-228,39],[-11,16],[5,51],[-53,40],[-25,-13],[16,-24],[-25,-1],[-40,-44],[-53,25],[-32,-19],[8,-40],[-65,-35],[-46,3],[-3,-29],[-40,-34],[-2,-29],[-47,-59],[-5,-35],[32,-13],[-23,-41],[-69,-17],[-29,-24],[-59,6],[55,-85],[-153,-54],[-132,-99],[-31,18],[-56,-29],[-10,29],[29,35],[-15,20],[5,56],[-26,29],[-1,22],[57,23],[-169,8],[7,29],[-17,23],[-9,24],[-50,36],[-1,45],[-14,5],[-29,-13],[-11,-20],[7,-18],[-47,-33],[2,43],[-33,24],[-43,-10],[6,-35],[-25,-7],[-10,29],[-47,8],[-34,-22],[17,-38],[-17,-31],[20,-34],[46,24],[19,-35],[-20,-39],[0,-22],[22,-7],[-6,-23],[-82,-17],[40,-57],[-132,-43],[-15,-23],[10,-23],[-84,-59],[-178,-124],[-51,-58],[9,-20],[-9,-49],[-35,-21],[-63,1],[-30,-61],[-41,-26],[-39,-35],[-64,-3],[-40,-90],[-89,-4],[-116,-113],[-107,-54],[-101,30],[-97,-42]],[[71229,33002],[-92,1],[-24,-78],[-33,0],[-39,-31],[-25,4],[-12,51],[-50,18],[4,35],[-34,47],[34,61],[-10,-1],[22,57],[4,16],[95,14],[118,-48],[44,11],[-2,19],[-29,2],[-10,66],[5,16],[55,19],[-7,25],[35,12],[-20,46],[63,19],[1,39],[-45,18],[-65,-36],[-16,11],[16,30],[-25,4],[-30,-86],[-69,52],[-95,15],[68,93],[11,77],[46,18],[91,-4],[36,24],[-2,23],[-26,-4],[-3,-19],[-42,14],[34,14],[-34,44],[33,23],[-15,30],[37,17],[-79,26],[21,22],[9,41],[24,-2],[-13,23],[-43,31],[-30,-14],[-89,11],[-7,92],[21,41],[-3,73],[35,35],[-42,63],[-88,15],[-6,-14],[-33,17],[-23,-27],[42,-23],[-34,-11],[-34,33],[33,26],[-40,4],[-50,-33],[-8,-36],[-40,11],[-84,-23],[-21,19],[-74,-36],[-23,18],[113,103],[-11,73],[-33,19],[61,29],[-35,11],[-7,37],[17,30],[-21,8],[13,26],[-38,-1],[54,58],[-28,11],[75,30],[42,-31],[-5,-30],[68,9],[-23,57],[-22,9],[-34,37],[-127,14],[-185,-149],[-40,-8],[-78,10],[-71,54],[-123,15],[-34,15],[-21,33]],[[68357,33414],[-208,-6],[17,24],[-148,32],[-35,-39],[-146,-9],[-1,22],[-70,48],[-43,2],[-53,43],[-75,12],[0,15],[24,6],[-42,15],[-6,15],[27,32],[-35,65],[-64,9],[-17,28],[-64,-38],[-70,5],[17,41],[1,49],[45,17],[-11,23],[28,56],[-65,41],[-65,-5],[-5,-17],[-58,4],[-9,-23],[-17,33],[-7,-13],[-21,5],[1,17],[-48,4],[13,-32],[-22,3]],[[67054,34696],[12,34],[-16,8],[18,31],[-11,8],[-1,38],[66,120],[119,-84],[37,-4],[-14,-38],[38,5],[47,-47],[96,-23],[20,-34],[82,-53],[41,14],[14,38],[50,31],[-20,107],[24,33],[-19,15],[9,19],[-62,40],[17,51],[-16,16],[73,9],[46,30],[38,54],[-31,28],[0,27],[-23,12],[-16,58],[-48,58],[51,26],[-12,46],[12,71],[-10,28],[135,-23],[-93,186],[-31,-10],[-2,14],[132,38],[55,54],[-44,85],[15,44],[-21,18],[-20,91],[-33,52],[-67,19],[2,50],[54,33],[-110,67],[27,31],[-4,20],[70,188],[-18,21],[10,112],[-41,124],[-138,69],[-1,20],[68,67],[-21,79],[-63,87],[17,75],[38,39],[49,14],[72,-26]],[[67702,37106],[74,41],[38,-22],[-6,24],[95,26],[19,-63],[-17,-49],[14,-7],[15,38],[40,32],[-11,12],[56,52],[-25,6],[10,12],[153,7],[37,25],[15,83],[-19,17],[-12,101],[34,19],[154,0],[32,16],[-11,43],[-23,37],[6,25],[24,10],[14,-16],[82,-3],[103,39],[82,-28],[70,-60],[47,57],[28,-32],[76,-19],[159,-1],[78,-89],[16,-51],[53,-38],[-43,-99],[-71,3],[-70,26],[-6,-14],[14,-45],[17,-6],[-8,-31],[42,-21],[-71,-31],[20,-88],[-42,-74],[69,-65],[-37,-92],[-3,-74],[15,-52],[28,-18],[142,-37],[91,-88],[-55,-68],[-11,-50],[23,42],[115,49],[30,41],[100,-6],[2,21],[56,-22]],[[69549,36551],[12,-17],[-21,-54],[65,-111],[-21,-51],[-55,-49],[-6,-66],[97,-55],[68,35],[44,-1],[24,-37],[100,0],[12,-9],[-3,-72],[19,-100],[-8,-76],[117,61],[13,19],[103,36],[47,-19],[64,17],[42,35],[13,41],[9,58],[48,51],[71,-13],[106,43],[81,-46]],[[70055,34631],[-140,-60],[28,-51],[-12,-11],[-86,27],[-28,-27],[-90,-19],[-41,10],[-27,-46],[-36,14],[-28,-12],[-14,-70],[-20,-13],[-6,-36],[-57,-79],[-107,60],[-28,-30],[26,-17],[-25,-22],[5,-18],[-35,-5],[-7,-22],[29,-36],[-52,-7],[-14,-34],[1,16],[-22,-6],[-20,-51],[-37,13],[13,24],[-19,21],[-20,-64],[-32,-44],[-35,17],[2,-33],[-73,-48],[-39,-79],[-26,-3],[7,-10],[-23,-22],[54,-10],[74,-74],[23,-62],[29,-31],[-14,-19],[-50,6],[-87,-37],[-28,4],[-14,-32],[-24,9],[-27,-21],[-33,19],[20,16],[-7,10],[-60,-42],[-69,54],[-54,72],[21,16],[78,1],[-9,55],[-48,5],[11,-23],[-37,-15],[-8,33],[-57,0],[-72,-56],[6,-17],[-37,2],[-9,-17],[28,-8],[-38,-11],[16,-48],[-26,-58],[11,-63],[-16,-29],[-102,-38],[-55,-35]],[[67626,31560],[-24,36],[0,57],[-26,12],[17,19],[-12,20],[12,32],[-18,9],[126,31],[66,-60],[22,6],[9,34],[-27,38],[23,-12],[17,13],[7,-21],[36,14],[-24,30],[22,12],[-7,30],[-58,35],[142,20],[-1,14],[56,21],[-5,16],[51,51],[-46,19],[-19,-18],[-12,12],[17,8],[-41,22],[37,-1],[-23,25],[77,51],[55,104],[-45,24],[38,18],[10,30],[-52,-12],[-19,70],[-37,30],[64,44],[-64,27],[36,21],[-4,37],[20,12],[184,-13],[-53,46],[17,19],[-84,81],[-18,26],[6,20],[-86,22],[-4,22],[26,-1],[47,33],[-12,18],[60,46],[-19,23],[4,25],[28,0],[-17,-23],[50,-38],[59,12],[-12,18],[52,28],[82,127],[1,53],[99,16],[-29,-24],[45,-30],[5,-35],[16,6],[12,58],[-10,11],[25,61],[-52,28],[6,25],[23,26],[51,-4],[-3,31],[19,24],[-63,24],[-32,-3],[-10,-42],[-71,0],[8,16],[-30,15],[15,64],[-16,22],[16,41]],[[75357,34103],[19,1],[10,-24],[-54,-40],[15,-37],[47,28],[16,-19],[76,10],[23,-89],[61,-16],[-30,-34],[6,-17],[63,16],[13,-22],[50,0],[-2,-13],[-48,-1],[-23,-25],[105,-77],[21,-92],[39,-78],[-8,-53],[74,-16],[-41,-108],[-91,-73],[-4,-11],[28,-12],[-16,-25],[18,-29],[-29,-1],[-43,-31],[-6,-62],[26,-24],[-8,-92],[1,-57],[23,-61],[25,-23],[-23,-43],[16,-38],[45,-23],[32,-55],[90,25],[66,-18],[-11,-62],[53,-33],[114,39],[9,-21],[-30,-10],[14,-29],[19,4],[3,-21],[28,13],[14,-56],[47,-48],[64,-53],[75,-22],[-122,-136],[-11,-43],[9,-30]],[[60762,23299],[93,31],[-2,59],[142,-1],[14,-47],[-19,-34],[61,18],[16,14],[-4,18],[78,14],[-1,43],[-21,16],[28,20],[-23,4],[-29,80],[-67,8],[-73,63],[14,20],[-28,41],[-13,103],[83,14],[87,-42],[17,10],[7,44],[100,-41],[100,4],[-6,-26],[37,-25],[47,29],[-12,14],[33,34],[9,39],[127,109],[165,-5],[32,-17],[8,49],[52,13],[89,-12],[17,-92],[18,-21],[37,6],[56,-41],[98,-28],[107,6],[22,-11],[-25,-17],[203,-36],[2,-28],[-15,0],[7,-22],[51,22],[13,-57],[-33,1],[7,-40],[-40,-6],[-24,-28],[-2,-45],[-93,-29],[-16,-111],[-19,2],[10,-24],[-34,-5],[18,-35],[-97,-10],[-63,-49],[120,-19],[-104,-20],[18,-22],[-7,-14],[18,-2],[1,-32],[63,-1],[13,-98],[30,-1],[8,-26],[133,-53],[-2,-36],[-40,-15],[14,-36],[-59,-28],[7,-57],[26,-4],[0,-39],[20,-4],[-20,-27],[5,-17],[-36,10],[-28,-20],[-21,33],[-184,19],[22,16],[-23,45],[-20,7],[-57,-25],[-49,9],[-12,29],[-40,-6],[10,-17],[-79,16],[10,11],[17,17],[-26,40],[-108,26],[-53,-9],[-5,42],[-37,12],[-13,40],[-18,3],[-42,-36],[-156,61],[-36,-18],[-23,1],[-4,18],[-13,-2],[10,-17],[-18,-16],[8,-18],[-24,-5],[-89,17],[-8,69],[-46,17],[-13,-14],[-36,19],[-27,-11],[-23,27],[-143,-31],[13,19],[-15,36],[82,50],[-19,33],[-17,19],[-30,-4],[3,-47],[-24,-1],[-21,30],[-33,-19],[-29,14],[16,22],[-15,-6],[-54,69],[-14,14]],[[65682,26189],[-33,2],[-25,27],[-42,0],[-12,-25],[-46,27],[-39,-1],[-1,18],[-146,9],[-11,-41]],[[65327,26205],[-113,50],[-45,-87],[-208,22],[-12,-19],[-36,20],[-47,-13]],[[64866,26178],[-12,2],[1,42]],[[64855,26222],[18,-2],[-13,28],[25,9],[-16,33],[23,47],[-26,47],[28,107],[-12,14],[-135,-15],[-26,24],[-7,58],[34,58],[40,30],[8,54],[-21,108],[14,183],[-47,137],[61,49],[-32,-5],[-11,40],[98,26],[0,23],[-88,2],[-29,28],[-24,68],[43,-31],[2,30],[13,-1],[45,93],[76,-56],[25,16],[28,-73],[82,-2],[61,-42],[-40,-31],[28,-39],[29,-31],[74,-7],[2,-37],[13,12],[19,-53],[26,-13],[86,-14],[23,35],[46,7],[-7,28],[79,-28],[23,25],[-31,-64],[-1,-16],[15,-3],[92,-15],[47,59],[42,-16],[106,10],[-27,-31],[20,-25],[52,0],[19,-9],[-4,-19],[31,-2],[1,-32],[-24,-39],[21,-24],[-19,-21],[54,-15],[-53,-10],[-20,-16],[-3,-32],[-24,-10],[-50,-32],[-12,-113],[-5,-108],[29,-107],[-16,-23],[4,-124],[29,-43],[-54,-13],[-2,-30],[-42,-4],[14,-45]],[[65327,26205],[62,-17],[0,-111],[59,-18],[18,-27],[-45,-23],[8,-82],[122,-59],[21,-1],[4,21],[66,-4],[3,12],[30,-15],[-6,-19],[-25,2],[-12,-108],[-44,-5],[-37,-38],[26,-25],[-9,-18],[14,-31],[17,7],[8,-46],[21,1],[0,-40],[25,6],[4,-56],[-14,-57],[-22,-15],[-43,32],[13,-28],[-77,-73],[-18,-125],[-39,-36],[-40,11],[-34,-32],[41,-75],[-24,-5],[9,-37],[-61,-25]],[[65348,25046],[-27,55],[-1,36],[-20,10],[6,43],[-27,-8],[-10,52],[-16,6],[-15,-24],[-55,8],[-11,20],[9,19],[-67,34],[-138,-1],[0,18],[-104,-10],[-132,55],[-56,-18],[-48,60],[34,22],[9,52],[-45,38],[-28,-3],[-27,86],[12,13],[-3,47],[-20,0],[-28,32],[0,22],[-18,-6],[-6,26],[61,0],[17,38],[-10,5],[8,13],[22,-11],[18,72],[14,10],[103,19],[49,-20],[64,5],[-17,101],[10,58],[-33,2],[1,26],[46,1],[3,40],[-46,-1],[34,54],[6,36]],[[67553,24932],[78,34],[-6,17],[-68,53],[25,29],[-26,30],[66,-17],[80,16],[12,-54],[56,-132],[56,-92],[-151,-3],[20,-65],[-49,-17],[-5,80],[-25,13],[51,1],[-12,89],[-59,-6],[-43,24]],[[65682,26189],[18,-24],[71,-30],[109,-6],[47,-21],[55,-33],[-13,-13],[117,-61],[-68,24],[-25,-16],[-6,-39],[0,-4],[-41,0],[-5,-24],[52,7],[-16,-36],[-53,-5],[7,-63],[86,-3],[68,34],[-18,-22],[12,-30],[183,-31],[-11,76],[46,16],[55,-20],[-3,59],[50,34],[58,-30],[-6,-58],[35,-9],[-4,-181],[33,12],[37,-17],[-22,-20],[15,-10],[47,9],[62,-18],[8,-34],[26,1],[18,-35],[-10,-28],[27,-18],[-6,-73],[237,31]],[[66954,25480],[25,-34],[0,-34],[39,-5],[-107,-34],[-11,-8],[5,-26],[-178,-48],[-27,14],[-55,-29],[19,-27],[-35,-19],[-21,10],[21,-27],[100,31],[10,-56],[24,-32],[-39,-35],[-114,30],[-33,-8],[-4,-23],[-19,-12],[-27,6],[25,-33],[43,-11],[-19,-58],[196,-114],[189,-77],[20,15],[-25,47],[12,75],[125,-9],[-3,-31],[64,-28],[-6,-14],[109,-9],[-51,-1],[4,-27],[-13,-10],[-77,-16],[-13,-19],[-101,21],[-32,-17],[108,-81],[-1,-37],[-59,24],[-80,63],[80,-171],[-41,-26],[-39,16],[-1,-37],[91,16],[26,-60],[-19,-2],[-162,-13]],[[66877,24490],[-17,11],[-76,-21],[-113,-2],[-103,48],[-118,-22],[-71,14],[2,-49],[-79,-113],[65,-3],[25,-41],[81,-45],[-14,-14],[-43,10],[-31,41],[-38,1],[-5,-20],[-45,26],[2,-17],[70,-51],[-1,-28],[48,-2],[-16,-21],[16,-11],[57,6],[2,-28],[-15,-15],[16,-12],[-25,-1],[-58,-10],[-26,-54],[-19,7],[-62,-50],[-34,27],[-41,-1],[6,-19],[-33,-5],[9,-45],[22,-6],[-9,-18],[-94,-35]],[[66112,23922],[-67,-18],[17,-5],[7,-28],[-31,1],[17,-25],[-21,-10],[-15,26],[-18,3],[-11,44],[-104,43],[-8,39],[-25,21],[-11,-13],[-23,74],[-14,-19],[-44,3],[-2,17],[23,12],[-6,22],[-21,-2],[43,19],[20,38],[-15,11],[8,12],[-13,26],[-85,83],[-27,-30],[-96,24],[-18,-22],[-85,47],[-42,-9],[-15,37],[-19,2]],[[65411,24345],[-4,14],[-35,-5],[8,10],[-12,46]],[[65368,24410],[42,22],[-8,35],[10,18],[87,-9],[31,20],[11,43],[79,12],[-12,22],[39,35],[-5,42],[12,6],[-55,55],[-25,-9],[-7,21],[35,31],[-35,-20],[-8,17],[78,79],[-38,26],[-23,-7],[5,-10],[-17,-18],[-61,13],[-28,16],[-20,71],[-35,5],[-21,23],[10,25],[-61,72]],[[66112,23922],[16,-43],[-29,-5],[1,-20],[29,-6],[13,-21],[36,-195],[-79,-8],[9,19],[-14,16],[11,11],[-8,16],[-57,-9],[3,-16],[-89,20],[13,-31],[-39,-12],[-23,25],[-35,-12],[7,-13],[-37,-8],[-35,-53],[7,-28],[-29,-6],[3,-72],[-61,-2],[68,-23],[-6,-17],[-37,6],[-110,-43],[-88,7],[-35,25],[-5,21],[14,17],[-6,19],[38,13],[4,34],[-51,-9],[-12,18],[-47,9],[6,51],[20,11],[-73,21],[1,26],[-19,2],[1,54],[-117,-29],[-11,47],[-30,31],[83,75],[57,10],[0,43],[-26,45],[-64,29],[1,21],[-41,18],[11,38],[-58,29],[-17,53],[8,29],[28,20],[48,-9],[-13,22],[50,1],[-18,18],[35,23],[19,-9],[-10,28],[41,34],[-48,42],[95,25]],[[57889,25470],[99,-27],[41,18],[-6,35],[33,4],[-6,32],[12,-15],[74,30],[38,1],[7,-16],[41,11],[33,-28],[27,8],[15,-44],[21,6],[38,13],[-12,41],[34,15],[-3,34],[34,41],[-7,16],[50,20],[0,20],[15,-40],[79,14],[24,23],[37,-26],[25,32],[227,-45],[73,-43],[-9,-22],[39,-89],[81,18],[22,-44],[47,4],[64,-68],[-23,-24],[-22,7],[-33,-46],[8,-9],[-21,-3],[7,-15],[-55,-29],[12,-47],[-49,0],[34,-42],[26,4],[-1,-39],[32,-55],[10,6],[43,-88],[72,17],[23,-43],[-10,-6],[10,-45],[53,-28],[-18,-54],[73,-74],[56,-16],[134,72],[47,46],[139,66],[50,51],[52,-1],[-26,-54],[2,-30],[41,-26],[23,-149],[62,-5],[9,17],[59,13],[19,26],[174,-27],[31,75],[37,36],[86,7],[-11,37],[-60,36],[43,43],[179,-39],[107,-13],[69,-97],[43,-23],[-30,-26],[-2,-19],[18,-18],[120,45],[-9,28],[24,63],[28,0],[-10,-15],[38,-94],[-9,-16],[52,22],[13,-37],[46,43],[-84,82],[16,18],[60,-29],[-12,20],[1,42],[44,16],[13,13],[-21,10],[50,32],[10,-20],[40,-1],[19,16],[-9,32],[71,14],[21,-21],[38,3],[33,19],[0,25],[-49,-9],[-10,33],[18,41],[-25,7],[20,7],[-13,33],[106,22],[12,-42],[36,14],[39,-57],[69,-4],[3,-19],[-20,-10],[12,-28],[75,13],[2,-36],[39,23],[30,-9],[-11,35],[8,43],[21,13],[46,-43],[51,7],[20,-30],[-4,-15],[23,-3],[128,63],[134,36],[10,-21],[42,18],[13,25],[22,-32],[-1,-20],[38,-39],[-53,-7],[8,-18],[-17,-30],[12,-47],[-129,10],[-12,-23],[17,-2],[11,-39],[-21,-43],[11,-14],[68,13],[45,-12],[-16,18],[34,30],[3,48],[37,-4],[51,-38],[39,3],[23,-33],[-18,-14],[35,-30],[37,53],[9,-24],[32,-8],[147,43],[105,-16],[9,59],[157,31],[52,43]],[[62841,25043],[48,10],[21,-10],[-17,-9],[18,-21],[66,-9],[14,33],[17,1],[5,-15],[58,-4],[83,15],[-1,-27],[39,8],[11,-2],[-10,-24],[36,-13],[8,-20],[-25,-50],[86,-21],[-7,-32],[15,-3],[-7,-24],[13,-3],[-25,-15],[-25,10],[-9,-33],[-42,24],[-18,-7],[-13,-57],[44,-35],[8,-83],[32,-10],[8,14],[111,-72],[47,10],[15,-33],[24,2],[8,-28],[23,10],[12,-25],[48,-68],[47,20],[-30,35],[24,12],[37,-43],[97,-30],[-3,-47],[17,2],[25,-32],[77,-36],[52,25],[25,-10],[61,-53],[87,-39],[-5,-32],[121,-17],[0,-15],[13,5],[37,-39],[58,-16]],[[64300,24117],[-17,-45],[8,-2],[-31,-24],[13,-12],[-34,-12],[13,-18],[-6,-39],[12,-1],[3,-35],[33,-13],[-6,-46],[-14,-5],[4,-53],[24,-16],[8,-42],[34,-1],[-2,-21],[-34,-4],[29,-33],[-67,-23],[10,-33],[23,-4],[71,44],[31,-44],[71,23],[-34,-43],[11,-8],[-5,-32],[21,-31],[93,13],[-17,-31],[28,-58],[2,-63],[20,7],[23,-18],[20,-17],[-8,-17],[10,-50],[-53,-27],[3,-31],[16,-12],[-30,-4],[17,-24],[-21,-50],[-11,-29],[-20,-8],[15,-49],[29,6],[18,-17],[4,-59],[-26,-59],[39,-27],[54,27],[15,-96],[-78,-40],[-39,6],[-21,-74],[-42,-14],[-8,-49],[-44,14],[-84,-27],[-42,-57],[-107,-63],[32,-49],[-62,-11],[-5,-41],[31,-11],[3,16],[30,4],[2,-51],[11,-9],[-84,-26],[-14,23],[-88,-51],[-42,-47],[3,-9]],[[64041,22285],[-107,-17],[-13,-17],[-30,52],[-31,-29],[-95,24],[-79,-5],[-16,-17],[-10,9],[15,15],[-6,30],[-11,1],[-45,0],[-82,-52],[53,55],[-23,9],[23,5],[-59,20],[-75,-44],[-48,-8],[-26,33],[-93,-72],[-74,-3],[-25,-43],[4,-38],[-58,-46],[-54,17],[-45,-56],[-42,-15],[6,-19],[-57,-12],[11,-62],[36,-30],[-5,-15],[-27,-20],[-1,12],[-60,-2],[-41,-78],[4,-21],[-51,-54],[19,-37],[-13,0],[-7,-20],[-70,-10],[-24,-21],[-34,-84],[-62,9],[3,-18],[-30,-28],[5,-40],[-111,-10],[-7,-13],[5,-37],[23,-16],[-21,-37],[-37,-11],[3,-13],[14,7],[31,-56],[-20,-9],[14,-9],[69,10],[14,-38],[-16,7],[4,-18],[-15,-2],[-9,-36],[30,5],[2,-14],[-74,12],[-11,-23],[-32,-5],[0,-14],[23,-8],[-3,-20],[-46,-13],[-23,-139],[14,-22],[17,14],[24,-17],[49,-69],[23,20],[133,-8],[-16,-4],[1,-37],[-22,1],[16,-86],[49,9],[77,-21],[-36,-53],[23,-31],[-52,-41],[61,-155],[-20,-12],[2,-43],[-24,-14],[-24,18],[-29,-45],[24,-55],[-29,-19],[-16,-89],[-55,-21],[8,-38],[-13,-26],[-128,-14],[-6,31],[-52,-19],[1,17],[-16,-1],[-12,-22]],[[62370,20191],[-94,-1],[-27,45],[-115,-66],[-29,19],[-8,26],[-40,-12],[-45,88],[1,40],[-42,68],[-177,15],[-9,-15],[16,-28],[-10,-6],[-56,28],[-22,-25],[-10,5],[11,14],[-84,7],[-88,-90],[31,-31],[45,-3],[-27,-7],[6,-16],[-71,31],[-37,-26],[2,-34],[31,-48],[-18,-20],[44,-44],[-15,-24],[-95,-16],[-39,20],[-74,-3],[-24,14],[-10,-23],[-85,-5],[-49,20],[8,-22],[-20,3],[-12,38],[-56,23],[-30,-17],[-47,-15],[-42,31],[-70,6],[4,-11],[-96,-35],[-54,42],[-5,-43],[-79,-24],[-62,-47],[-15,7],[5,29],[-80,-8],[51,-50],[-52,-26],[5,-35],[-30,-23],[6,-50],[92,-52],[-15,-29],[-125,11],[-22,-9],[17,-26],[72,1],[28,-20],[-151,1]],[[67827,26986],[8,-22],[-17,-11],[39,-20],[1,-40],[20,0],[-16,-17],[37,-22],[-59,-43],[-72,-16],[-23,-49],[-19,-1],[-1,-20],[29,-2],[12,-32],[15,4],[-15,11],[71,16],[13,-11],[-3,-28],[-140,-10],[-7,-20],[37,-21],[-32,-29],[32,-21],[-5,-15],[-51,30],[-33,-1],[3,46],[-47,-2],[-9,-27],[-37,-9],[-87,29],[-14,-45],[-24,-13],[6,-17],[-91,-5],[-71,17],[-39,-8],[6,-22],[-16,-4],[-10,21],[-56,-23],[13,-21],[-77,-42],[-34,12],[-9,-5],[20,-75],[41,-46],[-13,-21],[15,-28],[-4,-33],[-44,-46],[-6,-44],[-11,37],[-15,-22],[26,-31],[14,-28],[-22,-51],[-32,-26],[-4,-48],[-49,-67],[18,-32],[-24,-6],[2,-26],[35,-76],[-67,-108],[-50,-2],[-20,-25],[25,-32],[13,-53],[-20,-39],[24,-26],[89,15],[7,-43],[-49,-16]],[[64855,26222],[-7,25],[-66,-2],[-2,29],[-118,12],[3,36],[-52,25],[-60,-24],[15,-41],[27,-19],[-24,-7],[0,-14],[-127,20],[8,-32],[-20,-27],[-40,5],[-100,66],[-39,-5],[-29,-34],[-202,-26],[-10,-33],[-158,16]],[[63854,26192],[2,25],[-48,70],[2,15],[33,-1],[-22,53],[82,22],[-58,29],[3,42],[-36,4],[-19,52],[-33,-12],[-21,58],[-54,7],[-1,29],[-25,27],[21,85],[-35,1],[-3,26],[-29,1],[-26,32],[-22,3],[-44,16],[-43,-47],[-57,-6],[-67,21],[6,-33],[-13,12],[-17,116],[14,52],[-5,65],[34,-7],[46,36],[85,13],[-4,18],[-97,-13],[-33,15],[-12,27],[-35,-1],[11,27],[-9,15],[45,22],[9,22],[-14,45],[3,26],[16,1],[6,50],[112,16],[24,39],[58,26],[-7,62],[29,10],[-2,15],[-46,2],[13,15],[-3,28],[50,56],[-1,17],[-53,60],[-32,-8],[-109,32],[-37,29],[-15,56],[-46,29],[-88,9],[20,18],[-24,26],[12,13],[-21,43],[-38,9],[-7,30],[-22,-5],[-30,44],[-262,33],[-27,38],[-77,-22],[-12,-32],[15,-17],[-117,5],[-37,-18],[5,-16],[-40,-8],[0,-23],[-12,-5],[-5,23],[-20,5],[-146,-37],[-176,-16],[-174,20],[10,44],[115,57],[2,18],[-96,17],[-104,-14],[4,18],[-12,2],[-4,50],[11,9],[-20,9],[22,8],[-31,55],[20,20],[-7,21],[14,5],[-1,25],[28,5],[6,-45],[38,27],[67,-14],[-13,24],[51,-1],[30,33],[-8,19],[16,3],[-2,45],[40,36],[256,8]],[[65368,24410],[-125,36],[-65,-46],[-130,14],[-17,0],[5,-17],[-28,4],[11,-24],[-20,-21],[9,-24],[-83,5],[-29,24],[-23,-28],[21,-69],[-31,3],[13,-30],[-86,55],[5,-38],[65,-25],[-3,-63],[-21,-30],[-23,-1],[11,-12],[-128,42],[-27,-2],[-19,-44],[-31,-9],[-50,17],[-220,-28],[-49,18]],[[62841,25043],[18,39],[-7,42],[-24,-13],[-44,28],[-2,90],[37,19],[2,44],[-36,23],[45,0],[13,27],[-10,26],[-12,-1],[0,52],[16,-4],[-11,25],[45,13],[-24,36],[23,12],[-17,2],[-10,32],[-50,-8],[-24,17],[2,21],[-53,14],[3,70],[28,30],[-53,34],[97,46],[26,-16],[11,29],[24,-3],[-14,-27],[10,-21],[59,19],[-6,20],[32,23],[3,42],[23,10],[69,-6],[16,-25],[168,14],[-6,86],[11,43],[17,2],[77,-10],[30,-24],[14,44],[-17,30],[27,12],[-10,23],[64,-26],[7,-28],[25,-5],[-12,-9],[17,-27],[33,-22],[139,-11],[-19,178],[64,-9],[-12,15],[8,5],[24,-27],[16,18],[-8,14],[22,12],[-10,15],[40,7],[-2,17],[51,-17],[30,64],[20,4]],[[67544,23761],[30,20],[-18,21],[-7,45],[-35,-4],[-10,22],[-39,1],[5,17],[-21,8],[28,43],[-26,28],[-78,2],[11,36],[-11,56],[-120,7],[-156,64],[-1,12],[40,8],[118,-25],[8,40],[83,-15],[-50,27],[-55,3],[-49,17],[-5,51],[-39,-2],[-3,28],[-103,13],[68,4],[-1,22],[21,5],[-4,57],[-31,1],[-18,23],[-239,-40],[-36,15],[-37,-14],[-24,25],[27,13],[13,40],[-42,-4],[36,22],[211,-2],[-108,39]],[[57593,26284],[7,43],[-12,0],[-7,51],[10,1],[-3,49],[-21,14],[-3,42],[-32,30],[17,19],[-35,-5],[-22,30],[20,10],[-13,47],[14,60],[12,2],[-4,46],[-22,-1],[-17,80],[19,31],[-29,18],[54,26],[-10,18],[71,24],[-5,35],[34,13],[4,71],[31,-2],[-5,28],[80,17],[-14,53],[26,5],[-8,19],[90,26]],[[57820,27184],[65,8],[75,-94],[26,8],[21,-36],[44,10],[1,-17],[39,13],[18,-17],[37,13],[16,-32],[-13,-6],[10,-36],[33,-22],[12,-76],[23,-35],[13,11],[80,-49],[15,-8],[13,68],[48,-3],[1,45],[22,-12],[81,40],[54,-21],[-2,36],[36,-3],[15,123],[-18,124],[4,26],[45,3],[19,19],[0,22],[16,-9],[19,21],[56,1],[-1,18],[85,-36],[90,-7],[90,-45],[156,-14],[20,12],[102,-69],[55,20],[43,55],[30,-15],[39,32],[46,-69],[12,0],[29,56],[23,2],[89,-4],[11,-36],[36,13],[151,-19],[108,44],[13,46],[29,21],[76,-5],[120,33],[-39,52],[-37,135],[-111,129],[19,23],[-48,27],[54,24],[-9,47],[-81,69],[13,34],[23,0],[2,-15],[38,17],[4,61],[47,6],[-1,19],[19,9],[19,-15],[-20,-25],[8,-24],[75,14],[17,58],[-52,21],[14,25],[-55,-36],[-86,-9],[-11,36],[-17,-2],[4,-21],[-38,13],[-43,7],[15,23],[-110,3],[-29,30],[-55,6],[26,18],[23,49],[29,4],[13,-48],[70,-7],[15,13],[-26,16],[42,31],[-9,15],[118,53],[28,35],[23,35],[-18,18],[27,46],[151,83],[55,66],[69,14],[41,60],[-16,7],[14,12],[43,-24],[26,43],[15,2],[-47,-159],[52,0],[-2,34],[28,41],[19,1],[2,41],[60,60],[6,39],[103,-26],[15,-22],[126,-52],[136,38],[98,-21],[29,38],[2,17],[-23,17],[34,50],[99,-17],[160,41],[5,-25],[105,-4],[69,38],[33,-6]],[[67152,20537],[-79,50],[3,22],[-43,42],[-53,19],[5,15],[-20,13],[11,15],[-42,36],[12,27],[-32,-9],[-9,14],[-33,59],[17,50],[-45,72],[11,15],[-36,20],[-20,3],[-15,-48],[-50,-23],[-94,35],[-1,27],[-41,-22],[-19,33],[-97,-11],[-5,24],[-68,17],[-54,78],[-103,19],[-24,24],[19,20],[-18,15],[-32,17],[1,15],[-25,-10],[1,18],[-57,12],[16,24],[-40,28],[50,65],[-18,11],[-12,44],[-74,-11],[12,23],[-18,5],[-24,65],[-20,5],[-47,-26],[-19,25],[-33,-25],[42,-10],[-12,-21],[-51,1],[-68,56],[-62,14],[17,31],[-19,17],[-106,19],[12,7],[-15,28],[-47,-16],[13,54],[-33,-4],[-18,27],[-54,-18],[-52,2],[-3,18],[-45,-9],[-17,21],[33,11],[-5,26],[11,4],[-24,22],[24,19],[-20,25],[-89,18],[-36,-48],[-26,7],[-82,-44],[-20,24],[-50,-22],[-184,-16],[-9,-25],[48,-59],[-23,-17],[-22,-99],[-88,20],[-29,34],[-16,-24],[-68,49],[-22,-6],[-13,24],[-34,-29],[-11,69],[-91,100],[-92,-1],[-12,24],[-87,19],[1,44],[-20,3],[-11,-24],[-31,7],[-21,39],[-67,2],[12,46],[-6,50],[39,17],[11,38],[38,24],[61,83],[-1,34],[23,17],[-88,5],[-52,-29],[-11,26],[-134,-3],[-6,24],[43,17],[-39,29],[1,14],[-37,-1],[1,28]],[[64890,18418],[-45,-9],[-26,33],[17,29],[-49,61],[-43,14],[-40,-13],[-5,25],[25,7],[-48,21],[2,17],[-35,3],[-16,35],[-329,-80],[3,46],[20,9],[7,26],[-43,22],[-110,1],[31,51],[-19,11],[47,-4],[11,40],[20,5],[-80,39],[-39,-17],[-128,10],[-35,48],[21,-47],[-72,-2],[-9,21],[-27,-1],[-20,38],[-25,-2],[-64,76],[108,27],[69,54],[-8,15],[20,3],[4,-31],[17,-6],[0,23],[-26,42],[-1,31],[-18,-1],[6,41],[-17,75],[-65,23],[35,11],[-10,11],[-81,20],[13,41],[22,7],[-13,15],[26,8],[-27,34],[29,41],[-54,-27],[-35,24],[-29,-25],[-1,-37],[-40,-35],[-20,3],[15,22],[-32,3],[-22,-45],[-34,7],[-15,-36],[-102,-99],[-2,-31],[-31,10],[-5,-15],[37,-58],[37,-1],[-4,-36],[-108,-10],[-55,37],[-24,54],[-23,13],[-127,2],[-34,-16],[18,-47],[-28,-84],[-16,1],[-27,-49],[-4,-46],[-33,-4],[-12,-41],[-77,-8],[-23,5],[1,45],[-40,46],[-86,-43],[-5,16],[25,8],[-10,18],[-105,27],[-4,16],[-57,-26],[-3,16],[-17,-8],[-17,20],[53,19],[-94,84],[19,40],[115,62],[23,43],[-13,21],[39,-5],[13,59],[74,-10],[8,50],[-54,21],[-55,-11],[1,50],[43,42],[-17,89],[-45,-9],[-4,15],[-27,31],[13,8],[-10,24],[-22,-6],[-27,82],[-26,15],[-18,85],[-55,43],[-97,10],[3,-14],[-25,-15],[-36,-10],[-11,17],[-39,-25],[-7,-3],[-13,33],[21,20],[-54,26],[4,33],[-47,12],[-8,46],[39,-2],[-2,32],[36,-1],[-9,80],[50,66],[-3,32],[-15,9],[7,22]],[[50358,30807],[-151,13],[-127,-60],[-209,-53],[-54,15],[-50,49],[-19,-53],[-38,-42],[-153,-33],[-16,57],[-48,47],[-192,103],[-32,-25],[16,-25],[-42,-21],[9,-13],[-11,-4]],[[49241,30762],[-135,189],[-30,-16],[-34,68],[26,11],[-28,41],[48,28],[32,-34],[29,28],[-103,127],[12,15],[-15,6],[25,41],[52,-14],[127,16],[-6,28],[52,71],[-45,3],[9,23],[-46,8],[10,34],[-156,95],[-7,46],[-49,75],[73,63],[65,25],[57,68],[-10,-86],[54,-39],[-2,-47],[49,8],[27,22],[17,44],[71,14],[36,-105],[9,2],[-5,28],[15,-7],[15,-47],[82,-7],[12,-23],[64,-16],[47,8],[-1,-36],[76,-38],[7,-47],[75,-24],[62,-55],[25,-2],[15,-26],[31,-8],[13,-44],[-20,-47],[-74,-42],[-3,-31],[-21,-25],[53,-11],[-8,-26],[99,20],[15,-55],[-35,-32],[138,13],[39,-50],[41,-13],[-2,-20],[35,-37],[97,-48],[0,-40],[16,-25]],[[58291,31922],[65,37],[56,85],[67,10],[1,22],[-67,112],[6,23],[54,-20],[24,14],[15,79],[32,2],[1,79],[50,10],[-4,14],[43,11],[95,-62],[74,-11],[21,36],[-12,15],[19,77],[-21,64],[28,22],[4,25],[-75,-7],[14,21],[-7,37],[99,23],[12,17],[11,-28],[25,4],[4,-13],[-24,-35],[18,-37],[-12,-73],[104,-20],[-20,38],[10,30],[72,63],[-4,-20],[57,-38],[-31,-61],[-5,-26],[17,0],[14,-19],[-2,-78],[45,-10],[2,-39],[-60,-28],[-30,-52],[52,28],[89,12],[12,-15],[-24,-34],[-130,-59],[-129,-120],[-2,-49],[16,-44],[-31,-56],[5,-69],[59,3],[25,-58],[-16,-12],[-140,-7],[-141,-63],[-42,-2],[-63,43],[-41,-4],[-95,68],[-54,12],[1,22],[-57,33],[-20,30],[-45,15],[-14,33]],[[55779,29207],[55,31],[31,-23],[16,15],[-83,148],[-12,128],[38,9],[54,-29],[34,8],[8,12],[-18,26],[74,30],[49,-16],[-3,-11],[61,5],[14,44],[7,175],[32,13],[57,-28],[-1,32],[48,-52],[28,11],[43,-78],[30,4],[6,-21],[32,-6],[43,0],[40,17],[-19,16],[10,6],[109,27],[144,3],[22,-31],[44,29],[21,-52],[-26,-89],[32,-46],[31,15],[55,-72],[26,15],[13,-124],[34,-13],[-16,-38],[49,1],[9,-25],[-61,-20],[17,-52],[-46,-34],[-34,-62],[-124,30],[-40,-61],[-39,-15],[-14,-20],[45,-102],[3,-19],[-55,25],[-31,-20],[-53,4],[-35,-72],[-52,16],[-5,-18],[188,-65],[80,-145],[10,-123],[-46,-13],[5,-32],[-61,-13],[-6,-19],[54,-93],[53,4],[3,-29],[-32,-56],[2,-21],[-178,-38],[-3,25],[-17,-4],[-8,21],[-46,4],[-4,-30],[-36,-7],[-8,77],[-31,40],[-33,-10],[-22,35],[18,10],[-20,31],[21,9],[-37,32],[4,54],[-162,68],[-121,77],[-35,-32],[-93,-4],[-46,31],[-46,69],[105,76],[62,89],[-81,9],[-106,-19],[21,27],[-20,32],[135,50],[29,21],[3,28],[50,12],[28,-44],[76,-15],[-134,150],[-119,65],[-36,28],[-51,-28],[-6,20]],[[51788,32575],[-74,-47],[-7,25],[-51,7],[-97,-21],[-46,-16],[180,22],[14,-39],[55,-50],[3,-41],[43,-35],[37,-66],[1,-33],[-28,-3],[16,11],[-9,37],[-59,62],[-97,-4],[16,-33],[-8,-20],[-18,-36],[-35,-7],[20,-27],[-22,-65],[36,-48],[69,-24],[34,36],[57,2],[8,80],[27,-77],[24,-5],[46,-59],[-143,29],[14,-40],[28,-19],[-29,-36],[-55,46],[-32,6],[64,-104],[123,-31],[14,-26],[-140,3],[0,-47],[23,-50],[39,-17],[28,-38],[73,54],[109,-46],[-46,-17],[-60,-6],[-90,-60],[-105,29],[-25,-39],[7,-162],[9,-5],[-28,-16],[42,0],[-15,32],[-9,133],[100,-9],[30,-12],[12,-55],[-36,-21],[-10,-50],[28,-46],[51,-21],[111,-3],[65,-122],[48,-52],[-20,-161],[31,-74],[67,-82],[117,10],[82,-47],[63,52],[24,-8],[-22,-54],[-30,-12],[-99,-83],[-7,-62],[-34,-34],[19,-40],[-16,-42],[10,-48],[-91,115],[-144,-89],[-123,-15],[66,-67],[3,-37],[-38,-83],[6,-31],[65,-92],[-15,-35],[2,-46],[-94,-31]],[[51940,30187],[-108,-29],[-55,-51],[-32,-33],[-15,7],[-31,-45],[-4,-52],[-155,-60],[-80,-56],[21,-164],[42,-20],[-35,-13],[15,-16],[-12,-13],[-40,-18],[-27,32],[-69,10],[-40,19],[-74,-22],[-102,26],[-42,-42],[-55,-23],[6,32],[-43,94],[-45,44],[-76,133],[-78,12],[-20,58],[7,24],[-226,-18],[-29,-144],[-52,20],[-63,56],[59,31],[-60,43],[28,16],[97,39],[28,93],[44,66],[32,91],[28,20],[47,78],[8,33],[-16,28],[1,46],[11,16],[-63,25],[-67,167],[-41,5],[-36,-35],[-85,18],[3,23],[-29,38],[-39,7],[-15,24]],[[49241,30762],[41,-68],[-56,-23],[23,-41],[-32,-2],[-11,-46],[46,-82],[-29,-13],[36,-58],[-46,-17],[14,-23],[-8,-26],[-93,-60],[14,-53],[40,-49],[-43,-94],[-26,5],[-22,53],[-141,27],[-53,-44],[-23,-55],[-75,-38],[9,-32],[-14,-16],[-40,8]],[[56569,32194],[-33,-34],[-10,-69],[-16,-1],[-5,-73],[22,-10],[-40,-4],[-52,-65],[-25,1],[-39,40],[-40,-32],[16,-30],[-106,-12],[-4,39],[-82,80],[-6,60],[-123,99],[-18,-6],[-27,-60],[-75,-13],[-33,-106],[-58,-34],[-59,-8],[-131,35],[3,-21],[-24,-19],[-22,9],[13,26],[-156,54],[-46,32],[-154,32],[-18,92],[112,114],[-59,43],[35,32],[-10,3],[9,43],[56,22],[14,33],[27,-19],[28,81],[-213,82],[-19,55],[27,13],[-14,36],[-56,54],[17,7],[8,30],[-10,19],[10,44],[-124,4],[-19,-15],[2,-39],[-31,-1],[-11,158],[-18,26],[-54,61],[-153,-20],[-59,-34],[-6,26],[20,40],[-15,35],[26,64],[-12,18],[24,15],[-22,45],[5,37],[-149,43],[-54,131],[-93,49],[-15,9],[4,60],[-30,-13],[-104,98],[-9,91],[17,24],[2,57],[-35,32],[-5,87],[-27,51],[-34,28],[-45,2],[-31,84],[6,46],[-203,-28],[-85,12],[-25,-10],[-115,50],[-52,-2]],[[56327,36412],[34,-39],[-26,-15],[65,-24],[-5,-59],[-31,-31],[-75,-29],[9,-28],[38,-9],[-3,-20],[-29,-3],[15,-10],[-5,-40],[-16,0],[-10,-61],[-76,-47],[18,-29],[-34,-28],[0,-24],[21,-44],[5,-55],[19,1],[6,93],[111,51],[-44,47],[15,16],[39,-45],[119,8],[-19,45],[-70,15],[-35,62],[-21,7],[46,1],[4,-34],[85,-39],[28,-57],[-7,-19],[-31,-7],[21,-11],[-38,-69],[24,-46],[-88,-21],[-67,14],[-21,-50],[-71,18],[44,-57],[115,12],[-5,11],[28,14],[57,-9],[5,-26],[-39,-11],[-6,-26],[-66,-18],[-5,-41],[-99,-26],[62,-55],[-11,-14],[30,-41],[-14,-19],[18,-31],[54,-28],[22,3],[27,35],[37,-12],[34,-24],[-8,-14],[16,-29],[35,0],[-16,-60],[78,-5],[5,-72],[31,-36],[26,3],[85,-42],[32,59],[69,61],[-21,23],[61,15],[-22,34],[36,21],[35,-48],[33,-15],[9,18],[-13,32],[24,-4],[36,-173],[40,0],[5,-52],[38,-19],[-8,-24],[100,27],[22,-54],[48,-14],[132,-85],[30,52],[30,24],[25,-4],[3,58],[-39,71],[-120,72],[9,7],[136,-86],[10,-20],[17,-54],[32,-5],[-1,-36],[130,12],[20,-23],[3,-47],[75,65],[86,-33],[17,-37],[39,-15],[-12,-15],[59,-58],[-9,-43],[-41,-9],[-36,-79],[-45,61],[-60,-2],[-1,-26],[-29,-29],[-58,-23],[6,-29],[21,-14],[25,13],[61,-53],[50,-11],[73,-9],[42,39],[97,-43],[125,78],[73,-68],[-11,-4],[4,-33],[53,-39],[141,55],[56,8],[27,-16],[41,22],[117,5],[162,-50],[84,-6],[26,20],[63,1],[10,54],[40,63],[21,-3],[17,31],[23,80],[20,4],[40,52],[50,-69],[1,54],[38,-6],[18,-33],[27,25],[-8,-48],[9,-3],[19,44],[-17,22],[27,34],[-8,13],[69,33],[4,24],[-79,-44],[-41,55],[18,15],[54,44],[55,14],[106,-39],[35,-33],[24,7],[14,30],[49,17],[30,-58],[-6,-25],[-26,-18],[16,-25],[55,-22],[20,-27],[62,-17],[-2,-31],[-52,-16],[12,-21],[-31,7],[-7,-76],[-27,-18],[44,-22],[12,-14],[-14,-11],[8,-7],[35,7],[-1,-23],[34,8],[19,-18],[-26,-20],[31,-23],[-16,-3],[7,-10],[22,-5],[-49,-21],[31,-66],[-27,-23],[10,-21],[22,-3],[-20,-31],[4,-18],[76,-81],[27,11],[2,-23],[30,-1],[-3,-44],[-3,-18],[33,-17],[17,18],[30,-26]],[[60043,34210],[-91,-112],[-78,-40],[-38,-64],[-104,-12],[-28,13],[7,11],[-63,-2],[-15,-16],[65,-38],[-9,-30],[29,-1],[-10,-105],[21,-12],[-7,-17],[36,-12],[10,-32],[39,-12],[0,-48],[-17,-124],[-26,-3],[3,-12],[-163,8],[15,-80],[-36,-42],[41,-17],[-5,-21],[25,-24],[-3,-29],[33,-23],[12,-41],[-27,-25],[-54,18],[-1,32],[-43,34],[-64,14],[-11,70],[-30,17],[-1,-19],[-28,-20],[-58,10],[-11,-35],[-113,-1],[-7,-69],[-79,-58],[-61,-15],[-12,6],[57,90],[-43,44],[-14,-25],[7,-18],[32,-13],[-26,2],[-10,-22],[-38,6],[3,20],[-17,3],[10,37],[-19,19],[-23,-55],[-22,25],[-70,18],[-31,-11],[-38,-40],[-7,-46],[-26,-16],[-60,43],[-254,-6],[-82,53],[-75,-66],[-6,-28],[-70,4],[-25,-23],[-26,28],[-51,-21],[13,-37],[-13,-48],[-30,-7],[-13,-35],[-21,-8],[33,-51],[-25,-100],[-40,-67],[-29,10],[-43,-16],[4,-36],[-29,-7],[19,-58],[-13,-17],[-20,54],[-123,40],[-4,-23],[77,-8],[-46,-25],[4,-20],[-14,-4],[-32,42],[-38,18],[-60,1],[-70,-59],[-121,1],[-18,17],[-27,-34],[13,-21],[-69,-29],[-39,-3],[6,19],[-47,7],[-21,35],[-42,-2],[-17,27],[-200,1],[-81,25],[-20,-42],[-37,-13],[-32,-79],[-110,-6],[-6,-31],[-24,-19],[6,-23],[-34,-34],[1,-28],[-113,-3],[-2,-37],[-15,-7],[8,-18],[-20,-13],[19,-41],[-21,-23],[-66,-22],[-10,-57],[18,-41],[52,-49],[-15,-19],[4,-17]],[[57516,35019],[27,-2],[6,72],[-27,4],[-6,-74]],[[57231,37532],[90,32],[112,103],[58,-5],[8,15],[-36,11],[18,35],[-5,28],[25,15],[5,26],[139,68],[38,43],[-2,59],[38,-17],[10,24],[-1,46],[65,64],[105,5],[58,-33],[9,-21],[-38,-12],[-18,-30],[50,-28],[36,-55],[71,-66],[67,2],[10,13],[-11,18],[23,34],[-15,11],[22,25],[22,-30],[58,5],[135,-79],[-7,34],[28,67],[126,37],[31,4],[24,-18],[42,12],[9,-121],[37,-45],[106,-18],[28,-64],[-1,-33],[61,8],[-53,-143],[52,-63],[-9,-17],[85,9],[25,29],[6,-26],[60,-19],[41,19],[99,-100],[59,20],[145,-110],[88,-34],[40,-16],[20,21],[141,-14],[8,22],[36,-3],[2,-25],[19,-13],[7,-34],[-10,-11],[75,-48],[-17,-87],[-19,-25],[-9,-85],[103,-39],[35,-71],[38,-14],[30,-77],[24,-12],[-20,-17],[35,-46],[15,9],[6,-47],[77,22],[38,-11],[5,-10],[-76,-20],[3,-23],[-22,-4],[5,-35],[66,8],[5,-29],[115,4],[3,-39],[85,-8],[9,-17],[6,-19],[-39,-12],[8,-35],[-52,-16],[-4,-46],[-42,-26],[5,-17],[-52,-16],[11,-30],[-11,-3],[32,-87],[31,2],[27,-55],[11,12],[-9,26],[96,-18],[1,-19],[67,18],[5,-18],[47,6],[32,-20],[121,34],[1,66],[52,22],[55,-14]],[[60730,36207],[24,-4],[19,-59],[-19,-14],[-2,-26],[35,-59],[21,-1],[-10,-53],[45,-83],[29,19],[55,-59],[118,32],[28,-75],[33,7],[10,-25],[-15,-10],[10,-14],[-27,-12],[8,-23],[-23,16],[-35,-5],[27,-18],[27,-75],[57,31],[5,-29],[14,7],[17,-31],[23,10],[10,45],[46,22],[2,-72],[15,2],[1,-45],[33,50],[44,7],[26,43],[1,34],[31,-6],[-12,21],[18,27],[34,7],[19,-35],[61,21],[77,-77],[13,-37],[-44,-62],[51,-91],[52,-50],[35,10],[105,-26],[45,-38],[47,17],[59,-13],[40,11],[-43,-163],[-27,-28],[20,-45],[-20,-22],[0,-38],[8,-18],[26,2],[77,-152],[-29,-40],[-37,-11],[5,-57],[22,1],[7,-19],[-71,-54],[-19,-72],[21,-26],[111,33],[7,-13],[-36,-14],[-45,-86],[62,-41],[28,-92],[26,1],[-1,-24],[-66,-39],[-55,5],[54,-59],[57,-151]],[[62095,34197],[-27,-28],[-83,-23],[-51,-36],[31,-41],[-38,-12],[-30,-81],[-104,-52],[-25,17],[-15,-29],[-14,5],[5,18],[-60,5],[-34,27],[-18,72],[-51,30],[-2,18],[17,13],[-20,37],[-86,38],[0,24],[-55,47],[-86,28],[-67,21],[-1,-68],[-31,-33],[-67,-21],[-40,-129],[-34,0],[33,-30],[-150,3],[-65,52],[-8,-13],[44,-46],[96,-12],[-19,-24],[-110,1],[-99,-70],[-90,-19],[-20,-12],[24,-43],[-15,4]],[[60730,33835],[-28,36],[-34,14],[-26,45],[5,26],[-18,6],[-8,28],[20,5],[-30,14],[-25,109],[-25,24],[-68,14],[-74,-48],[-14,52],[-59,-2],[-21,-23],[-32,-4],[-67,72],[-111,11],[1,15],[-34,10],[-39,-29]],[[62095,34197],[17,-45],[196,-14],[205,90],[28,-47],[-41,-34],[42,-16],[80,-10],[128,52],[-8,-42],[16,-37],[70,-84],[36,8],[24,-23],[53,-3],[65,-63],[67,15],[58,76],[-21,109],[6,94]],[[61198,30135],[19,55],[-84,-28],[-14,-21],[-2,22],[-19,8],[9,25],[-19,30],[-76,1],[-158,46],[12,50],[-79,25],[10,48],[15,-14],[16,-20],[62,-14],[15,12],[11,27],[-20,21],[15,7],[43,-31],[-8,-34],[57,-40],[32,61],[-11,50],[-38,28],[21,35],[-14,17],[13,20],[40,-83],[-2,-54],[20,-21],[81,-31],[37,45],[-14,16],[26,-11],[23,13],[-132,84],[16,5],[-12,21],[15,7],[10,-30],[122,-88],[57,-16],[11,4],[-23,22],[14,0],[30,-29],[85,-33],[11,27],[-45,16],[-36,42],[-42,-6],[36,21],[-68,63],[-11,-17],[-23,9],[14,4],[-4,52],[-67,3],[-1,15],[62,-1],[2,52],[-48,17],[28,3],[-11,25],[8,30],[20,11],[3,-21],[59,31],[-22,62],[-205,79],[-119,17],[-87,73],[-2,58],[-19,29],[-54,7],[-2,-15],[19,-6],[-21,-8],[-13,52],[-41,-2],[15,-10],[-19,-22],[-54,-9],[37,53],[-32,11],[11,53],[-32,25],[10,38],[-42,22],[6,25],[28,-2],[15,63],[-44,24],[-8,24],[-43,0],[9,24],[-64,-19],[-66,13],[-24,30],[-27,-19],[-10,9],[18,11],[-52,0],[16,36],[-48,25],[-43,-16],[-9,20],[-20,-11],[-21,19],[-12,58],[-25,-2],[18,16],[-8,46],[64,39],[10,41],[-44,40],[-78,11],[-57,-2],[-80,30],[-77,-9],[-4,20],[-88,22],[-105,-3],[-67,27],[-68,88],[91,29],[21,23],[50,-48],[22,17],[-1,32],[119,5],[3,-30],[20,-5],[-20,-14],[14,-19],[-20,-14],[15,-28],[46,-9],[41,28],[31,-4],[-5,16],[47,61],[19,-34],[17,4],[-74,102],[60,48],[-17,5],[16,18],[25,18],[22,-13],[-24,-27],[104,15],[32,-18],[88,163],[-31,78],[47,32],[63,-9],[41,88],[23,-17],[79,45],[-16,11],[14,22],[-14,12],[1,26],[-42,12],[-66,8],[-48,41],[-69,-23],[-33,34],[-32,-6],[-1,38],[-13,9],[-100,-4],[-8,-22],[-46,31],[20,7],[-9,111],[125,26],[3,29],[17,0],[65,98],[8,49],[17,3],[-7,63],[-46,51],[7,70],[-55,28],[-12,32],[59,0],[28,44],[55,14],[50,80],[58,22],[14,53],[-8,8],[49,33],[-7,34],[19,3],[-4,22],[23,3],[10,52],[63,26],[2,42],[-23,0],[-5,76],[73,80],[9,33],[24,13]],[[60746,33812],[28,-36],[26,0],[-39,50],[-15,-14]],[[60892,33737],[37,-1],[-36,24],[-1,-23]],[[57820,27184],[-66,71],[-33,-38],[-32,70],[-47,-2],[-2,16],[-46,28],[16,42],[-14,54],[30,11],[-46,48],[25,60],[56,87],[54,25],[37,-22],[18,-38],[3,55],[41,34],[-4,54],[140,-22],[68,8],[-84,177],[35,38],[-100,85],[-37,61],[-73,30],[-20,32],[-39,139],[157,43],[-25,21],[-3,13],[-51,-3],[-1,-29],[-46,1],[-19,-27],[-101,-5],[-171,12],[1,37],[-70,4],[-1,27],[-13,1],[-44,45],[0,78],[-30,56],[28,9],[-35,61],[-53,0],[-4,15],[31,2],[-4,18],[25,7],[-1,16],[54,13],[-4,19],[39,3],[-2,14],[14,1],[-7,26],[27,15],[-31,45],[24,24],[-39,41],[13,1],[-19,42],[45,49],[28,-20],[14,21],[-27,5],[-2,44],[36,32],[-31,4],[-18,65],[21,4],[-32,19],[27,30],[-29,21],[-12,42],[35,1],[-19,57],[17,7],[-5,20],[36,15],[-15,9],[-3,74],[27,14],[7,38],[-32,11],[7,16],[20,-3],[2,34],[27,9],[-9,11],[13,9],[137,60],[-14,11],[28,38],[42,-29],[36,32],[43,-17],[91,5],[-2,25],[93,-12],[9,44],[-19,6],[-11,37],[43,4],[-6,37],[41,11],[79,-1],[8,-38],[77,11],[99,-15],[44,26],[-2,113],[-2,108],[18,25],[-30,47],[3,53],[63,73],[32,7],[23,-25],[56,32],[49,74]],[[58495,30313],[126,-2],[-4,15],[65,38],[3,26],[-31,13],[-12,75],[5,25],[36,13],[-14,41],[43,5],[8,-22],[113,49],[3,-57],[63,-19],[-49,-30],[27,-45],[-4,-17],[23,0],[15,-39],[-21,-7],[15,-39],[-31,-8],[5,-19],[10,1],[16,-47],[35,-11],[64,-63],[111,83],[35,2],[-38,-25],[19,-7],[139,73],[31,-7],[10,-17],[45,15],[7,-15],[19,-139],[-9,-60],[-16,-18],[56,-28],[-2,16],[35,0],[6,-45],[24,-35],[-25,-26],[28,0],[80,-46],[30,0],[21,-27],[65,8],[22,4],[-6,26],[63,29],[-4,30],[28,32],[64,-37],[168,-43],[-7,22],[86,54],[6,49],[66,-28],[-11,-15],[69,-19],[2,-33],[-14,2],[-1,-37],[-14,6],[-5,-34],[22,-3],[24,-38],[-32,-6],[5,-20],[103,-3],[-3,-51],[-66,-30],[-29,6],[17,-38],[-18,-2],[0,-27],[-25,-14],[-25,12],[9,-24],[-99,12],[-8,-27],[204,17],[-8,-30],[114,-22],[26,-36],[63,-12],[-5,-22],[186,-30],[25,-23],[28,29],[12,-21],[10,9]],[[51940,30187],[114,-38],[9,-55],[-10,-4],[30,-43],[-7,-24],[103,-192],[73,-58],[168,-74],[-22,-28],[-116,42],[-98,55],[-74,79],[-39,-2],[-14,-33],[-24,-12],[9,-35],[145,-126],[21,-36],[-6,-45],[-44,-46],[-13,-43],[6,-36],[51,-60],[94,-26],[28,-26],[17,-64],[-8,-114],[11,-25],[-38,-85],[51,-19]],[[56569,32194],[15,-4],[5,21],[50,-22],[73,43],[19,-39],[17,4],[-1,-29],[-32,-15],[42,-52],[7,-105],[51,-18],[8,-23],[97,-18],[50,19],[0,28],[83,33],[8,-17],[48,30],[81,-43],[25,-36],[-6,-68],[-36,-8],[3,-35],[-13,-1],[-1,-24],[25,-45],[13,11],[2,-30],[65,-5],[5,-49],[-23,-4],[18,-61],[-32,-9],[10,-33],[-187,-61],[-17,26],[-106,-25],[-10,-76],[-42,-15],[9,-44],[57,20],[4,-12],[169,5],[73,24],[26,-2],[11,-35],[23,8],[2,-29],[-31,-4],[8,-94],[21,4],[-1,-20],[-16,-35],[-41,-20],[27,-89],[-58,-28],[3,-19],[-57,-9],[-18,-45],[47,-7]],[[57141,31008],[-19,-33],[-124,30],[-24,-24],[3,-56],[-12,-21],[47,-23],[31,7],[16,-22],[-106,-30],[-107,-5],[-58,32],[-10,26],[-36,-19],[-19,35],[-15,-1],[-2,-32],[-164,-1],[-63,-20],[-30,103],[-40,-5],[-51,21],[-221,-180],[-8,-66],[44,-63],[-20,-42],[0,-46],[39,-23],[-19,-51],[21,-64],[73,-109],[-35,-21],[-187,24],[-86,-10],[-81,-52],[-2,44],[-58,-2],[-80,29],[-104,-15],[-10,17],[-24,8],[-103,-45],[-21,50],[-55,-14],[67,-208],[-81,-43],[-66,4],[-12,30],[-30,13],[4,12],[-96,41],[-126,-39],[-85,7],[-139,-95],[-89,-61],[10,-56],[-90,-192],[-49,-58],[-29,12],[-30,-19],[10,-10],[-37,-26],[14,-9],[-24,-22],[-24,18],[-61,3],[-79,47],[-73,7],[-129,-21],[-46,-27],[-73,-2],[41,-31],[4,-24],[-32,-37],[9,-27],[39,-14],[-9,-11],[30,-24],[-27,-24],[9,-24],[-22,-42],[-46,-26],[-44,-2],[24,-18],[17,-51],[-142,7],[14,-50],[-25,-7],[13,-68],[-38,-8],[0,-14]],[[58495,30313],[-41,15],[36,63],[4,57],[-28,-2],[-7,40],[-39,-14],[-54,89],[-81,-55],[-40,-30],[19,-40],[-87,-4],[-1,22],[-74,43],[-66,-15],[3,30],[-131,-20],[-18,4],[10,20],[-49,8],[-3,18],[-92,-26],[-21,14],[-10,29],[25,-11],[-20,40],[30,19],[-9,51],[15,2],[-1,27],[18,1],[1,47],[-310,37],[5,41],[-65,25],[-10,71],[-46,-8],[-25,55],[-81,17],[-10,36],[17,2],[-5,14],[-95,-12],[-3,-25],[-12,-2],[-3,22]],[[64438,13738],[79,0],[16,-5],[13,-56],[41,7],[38,-123],[-15,-13],[28,-60],[-9,-22],[68,7],[50,-85],[-11,-34],[22,-6],[-1,-17],[50,16],[33,-86],[32,-43],[95,-224],[101,-168],[-9,-28],[22,-60],[-8,-33],[-88,-22],[13,-10],[-10,-19],[27,-31],[8,-77],[18,-13],[31,-211],[-79,-29],[9,-29],[-11,-37],[17,-14],[6,-58],[-28,-84],[52,-73],[7,-37],[-14,-41],[-69,-72],[21,-104],[-24,-59],[-31,-44],[-7,-115],[-158,2],[-4,-43],[-12,-25],[-30,-9],[-3,-28],[-47,1]],[[64667,11424],[-27,1],[-9,48],[29,3],[-7,33],[-41,4],[-15,41],[1,98],[-41,37],[32,148],[-239,-9],[-68,-5],[-7,-15],[-181,59],[-31,-17],[-17,-58],[-13,0],[-70,75],[-146,34],[-61,-99],[-71,24],[3,25],[-77,-6],[-27,39],[-151,-16],[-20,49],[13,74],[16,-3],[-10,25],[18,45],[21,11],[-9,16],[105,-30],[32,47],[41,19],[3,31],[27,17],[-19,6],[5,16],[-10,5],[25,24],[-61,40],[-101,6],[-2,25],[75,-2],[3,30],[-28,6],[118,2],[25,31],[-4,55],[61,79],[16,-22],[121,21],[-16,-51],[11,-44],[40,-10],[53,19],[27,-12],[23,52],[99,-9],[4,-21],[51,3],[17,18],[-3,52],[-30,8],[-17,35],[52,70],[15,60],[-9,0],[1,48],[-79,16],[2,90],[-16,-1],[-7,23],[-116,-19],[-19,87],[91,-11],[13,22],[-13,46],[21,1],[16,32],[5,81],[-10,9],[43,9],[-18,50],[67,5],[72,6],[5,-22],[50,-12],[2,-14],[28,30],[88,24],[9,50],[32,-3],[13,231],[-53,299]],[[61592,7100],[18,6],[17,20],[90,14],[8,-17],[54,9],[-9,42],[31,1],[-7,56],[120,4],[115,84],[26,19],[8,27],[44,24],[-2,19],[79,15],[6,58],[47,24],[-6,14],[17,10],[136,-44],[55,-18],[-7,-54],[-18,-43],[-59,-5],[-4,-33],[26,-37],[31,-9],[54,18],[-3,-19],[18,-15],[-13,-28],[29,0],[38,-150],[-64,-8],[-3,-140],[33,-36],[0,-22],[14,1],[-8,-16],[19,-56],[-25,-16],[13,-20],[-14,-13],[14,-10],[-22,-18],[43,-82],[-41,-36],[6,-19],[-26,17],[-23,46],[-73,52],[58,16],[1,25],[-15,12],[-53,-16],[-22,-21],[6,-17],[-77,-43],[-20,24],[-28,-11],[-25,29],[17,15],[-24,24],[-33,-15],[-40,22],[-65,-6],[-45,-57],[-13,2],[-41,7],[0,26],[-16,8],[-57,-11],[-4,47],[-35,2],[-38,42],[-68,-35],[-14,26],[-8,42],[36,25],[-22,27],[37,59],[-41,21],[29,7],[2,16],[-85,21],[-63,42],[-16,29]],[[58872,5734],[32,48],[130,21],[-16,24],[19,3],[22,-41],[-16,-42],[16,-1],[32,48],[52,30],[5,-17],[50,-18],[27,14],[0,18],[46,47],[52,-22],[21,23],[55,-6],[-28,-58],[28,-52],[100,9],[6,-16],[44,-1],[-12,21],[-24,-2],[53,32],[51,2],[86,-53],[84,12],[72,7],[3,-31],[29,-39],[20,-2],[40,36],[90,-31],[60,-73],[5,-42],[-30,-68],[1,-31],[-20,-3],[-39,-91],[-38,0],[-2,-22],[-11,1],[10,-37],[-48,-1],[15,-44],[56,13],[22,-135],[47,8],[11,-21],[-12,-24],[-40,-25],[-86,32],[-18,-20],[-40,9],[-11,-22],[-74,19],[-35,-60],[-43,-7],[6,-16],[-17,-2],[-1,-18],[-81,-46],[-2,-35],[-26,-23],[-30,20],[-53,-10],[-2,15],[-52,25],[-108,1],[-2,18],[-31,-18],[0,-30],[-49,30],[1,50],[-73,-16],[11,-24],[-64,-36],[-2,17],[20,12],[-18,19],[40,19],[5,23],[-44,15],[6,19],[-73,-8],[-56,54],[16,7],[-35,19],[30,25],[-11,18],[21,9],[-1,25],[61,-7],[17,12],[-18,18],[52,4],[-39,41],[17,8],[-55,40],[29,12],[-11,21],[7,32],[24,14],[-31,66],[14,84],[-24,21],[17,13],[-43,37],[-103,-33],[-32,26],[6,20],[-55,2],[79,21],[-15,15],[-14,-18],[-49,33],[-8,41]],[[57860,8163],[-3,-58],[15,32],[49,-14],[-58,-98],[13,-5],[-4,-42],[63,20],[45,-46],[34,16],[20,-10],[83,67],[-25,27],[-15,-12],[-18,51],[-65,-31],[-22,38],[18,14],[33,148],[20,14],[-8,15],[149,21],[2,39],[33,61],[-137,188],[-40,-15],[-33,32]],[[58038,8712],[76,8],[28,23],[53,-21],[66,31],[62,-45],[112,46],[122,85],[45,-3],[-33,29],[7,24],[31,22],[72,6],[10,35],[72,-14],[81,47],[26,-16],[-20,-43],[-9,-21],[39,-3],[-11,-62],[-58,-6],[-22,-22],[22,-70],[-14,-103],[41,-70],[-22,-5],[-90,-29],[-34,-35],[-53,-14],[9,-20],[-65,-17],[26,-52],[-11,-44],[31,-125],[31,-11],[-71,-47],[31,-101],[-70,-89],[22,-47],[-96,-44],[8,-21],[-29,-36],[28,-23],[35,-74],[-85,-10],[-11,-26],[20,-13],[-22,-15],[0,-40],[-41,-9],[-5,25],[-79,-91],[-56,-20],[-3,-26],[23,-24],[-25,-13],[-23,-11],[-13,12],[10,62],[-13,10],[-30,-22],[-11,98],[-45,-123],[-57,18],[17,61],[-29,46],[-29,-22],[-140,66],[-48,59],[-2,-17]],[[64604,11174],[62,168],[-28,3],[26,37],[3,42]],[[64438,13738],[-6,32],[-50,257],[-58,131],[-55,129],[62,292],[128,26],[3,16],[53,6],[2,-22],[28,4],[-3,14],[31,-2],[9,25],[54,36],[47,2],[4,-18],[34,-4],[2,15],[49,-31],[23,13],[9,-39],[93,-6],[29,0],[34,63],[19,-8],[44,28],[7,86],[55,-13],[-5,-39],[-48,4],[36,-15],[43,23],[168,21],[-8,-20],[18,-7],[30,55],[-36,-2],[-11,31],[-31,-2],[-14,55],[24,4],[-13,22],[23,5],[-25,50],[-39,68],[-27,-8],[-6,23],[-30,-10],[-1,35],[-23,3],[-6,19],[-40,-5],[-2,17],[-51,-5],[-16,-22],[-45,10],[-62,-55],[-38,10],[20,42],[-41,13],[15,32],[-2,38],[-35,52],[-28,11]],[[64779,15223],[30,65],[21,2],[-3,43],[49,8],[-13,18],[37,12],[-1,15],[42,-9],[75,16],[14,-22],[16,10],[44,-25],[-1,35],[101,0],[42,-37],[38,-2],[19,32],[-22,30],[41,-19],[13,20],[31,-11],[41,47],[13,-14],[33,33],[20,-17],[8,26],[-10,2],[17,6],[-23,7],[2,16],[47,-16],[24,44],[-7,10],[109,59]],[[61783,10890],[-104,103],[13,78],[-47,82],[23,9],[94,96],[-26,9],[26,35],[-13,16],[13,8],[-11,15],[11,31],[-12,8],[51,34],[-51,34],[57,-4],[27,27],[80,15],[26,36],[-83,-8],[0,22],[-10,0],[15,13],[-5,30],[82,43],[51,-16],[-27,22],[33,19],[3,48],[-64,-5],[13,28],[54,34],[0,16],[-60,-25],[-31,-42],[-14,20],[-6,68],[38,-6],[-15,48],[-49,-9],[-8,30],[8,51],[27,1],[11,39],[-12,4],[3,56],[-35,54],[7,16],[-11,25],[-104,-31],[-15,36],[-20,-19],[-36,22],[6,10],[-27,11],[2,16],[-29,8],[-6,26],[-81,-29],[6,-24],[49,10],[-34,-79],[-64,-28],[-26,24],[-34,12],[-27,6],[-28,-23],[-29,6],[-6,27],[-24,-11],[-136,22],[-2,13],[-81,0],[25,50],[-7,62],[34,15],[-16,23],[20,30],[71,15],[25,24],[31,100],[20,37],[24,4],[-117,35],[-1,19],[77,12],[2,103],[37,49],[-17,22],[16,21],[-13,20],[-55,19],[32,44],[-11,28],[35,50],[39,-3],[14,63],[51,4],[19,-19],[43,21],[-14,26],[40,41],[55,5],[-5,62],[-30,34],[-76,-11],[-256,81],[2,36],[44,31],[47,-9],[16,18],[99,84],[52,12],[52,0],[2,30],[-42,88],[-7,124],[-24,18],[-14,112],[14,99],[-46,55]],[[61396,13887],[148,111],[21,-30],[-9,-17],[70,-24],[32,53],[102,20],[-21,19],[10,16],[52,-12],[28,26],[47,6],[-3,15],[25,-4],[3,19],[35,8],[38,-19],[9,18],[-77,27],[3,18],[184,-39],[9,30],[21,2],[-3,68],[104,11],[52,-36],[64,6],[31,-76],[67,38],[-9,11],[14,30],[81,17],[88,-15],[35,18],[80,-45],[90,-7],[61,-50],[-9,-108],[55,19],[4,36],[10,0],[52,2],[9,-17],[-16,-26],[30,32],[48,0],[-5,14],[-23,-3],[-21,36],[60,16],[22,24],[118,-2],[8,19],[32,-25],[15,10],[8,26],[19,5],[-6,41],[-54,27],[102,-39],[27,15],[58,-11],[-3,28],[-27,15],[-93,40],[-30,-18],[-28,21],[14,55],[50,21],[28,8],[-17,37],[25,17],[12,-11],[17,40],[18,-6],[-1,18],[11,0],[-18,33],[26,57],[63,-7],[-28,19],[15,36],[39,10],[-19,17],[16,1],[-11,49],[-53,25],[1,38],[19,9],[-39,36],[-2,53],[-18,28],[20,-14],[3,25],[41,13],[17,59],[86,-1],[-3,69],[-34,4],[-2,82],[-59,-11],[-2,22],[20,19],[-14,16],[7,18],[-15,24],[3,52],[-16,-5],[-1,33],[-21,-15],[-8,52],[12,18],[-3,34],[71,11],[-9,35],[52,12],[-16,18],[80,39],[-31,63],[-27,-2],[-19,21],[1,26],[22,16]],[[63543,15593],[165,20],[19,35],[28,6],[25,-11],[-6,-11],[23,2],[-3,17],[133,12],[-1,24],[26,9],[-3,13],[75,19],[-3,48],[59,3],[-3,-67],[73,26],[-1,37],[148,13],[84,27],[23,-5],[33,-9],[-2,-160],[-40,-13],[0,-50],[34,-77],[21,3],[16,-138],[26,-18],[33,18],[31,-10],[-1,-75],[29,-23],[21,-4],[21,41],[27,-6],[1,-42],[29,-17],[-7,-30],[29,-10],[74,33]],[[63732,9642],[-44,-28],[-101,-20],[10,-17],[-17,-16],[-33,10],[-24,-14],[13,-19],[-23,-10],[-4,13],[-106,-22],[9,-39],[-13,-11],[-21,26],[-15,123],[-26,12],[-5,39],[-51,-16],[24,40],[-5,20],[-31,-3],[-3,15],[-55,-7],[12,-26],[-13,-88],[7,-32],[-13,1],[-8,107],[-32,1],[-8,-76],[-19,2],[-1,-23],[-97,36],[-2,-24],[-68,3],[15,-48],[-105,18]],[[62879,9569],[-9,2],[-6,-36],[-59,5],[11,48],[-50,156],[-14,158],[-27,0],[9,31],[-8,18],[37,27],[-22,4],[9,24],[40,-6],[36,28],[48,86],[-72,40],[-62,2],[30,87],[42,-4],[17,96],[-26,32],[-24,-18],[-44,60],[-2,23],[-116,12],[-33,-64],[-42,32],[-59,8],[-58,-70],[-36,4],[-14,40],[-131,-42],[-13,-83],[-55,-8],[-21,21],[-77,10],[-16,32],[-53,34],[-41,-10],[-154,31],[-76,-11],[-8,35],[13,6],[-14,4],[12,53],[-129,-36],[-69,20],[-14,-12],[-17,12],[30,23],[52,5],[-20,30],[16,13],[150,20],[-4,44],[18,19],[65,-26],[81,15],[31,39],[53,9],[-15,30],[-67,-9],[-11,28],[-57,-3],[-28,18],[6,18],[37,13],[-21,42],[109,45],[-2,47],[-58,30],[-61,5],[-33,-15]],[[61044,16492],[9,30],[13,-4],[72,11],[9,20],[-14,21],[18,8],[-32,9],[20,31],[-18,10],[39,28],[14,44],[30,10],[-34,87],[46,25],[-17,32],[10,28],[43,1],[20,22],[-1,18],[-25,15],[31,12],[-10,39],[50,15],[9,42],[36,33],[20,-4],[1,22],[40,31],[91,8],[74,28],[-2,-24],[27,1],[5,-33],[34,12],[2,-21],[102,-2],[-11,-18],[14,-51],[34,12],[7,-12],[8,26],[23,0],[15,-23],[22,7],[1,18],[32,-13],[-1,15],[43,11],[66,0],[13,67],[78,60],[46,-56],[2,-20],[-19,-12],[-40,9],[19,-66],[-1,-33],[-16,-1],[6,-16],[32,-4],[-11,-15],[11,-12],[60,14],[114,-19],[81,8],[54,-11],[17,-35],[54,-25],[-1,-66],[-21,-100],[-25,-29],[2,-85],[-58,10],[1,-35],[-22,-2],[-22,40],[-25,-14],[52,-67],[59,-41],[-15,-35],[22,-8],[-8,-19],[-19,3],[-36,-34],[-141,-2],[1,-24],[-17,1],[-49,-18],[11,-22],[111,-85],[177,-60],[-11,-25],[16,-7],[-16,-17],[32,-30],[-18,-9],[8,-16],[21,11],[57,-60],[-36,-5],[7,-13],[97,-23],[17,-21],[56,3],[49,-35],[18,35],[19,-26],[-27,-11],[15,-6],[63,21],[4,-13],[53,39],[18,72],[26,0],[45,-32],[11,-30],[70,2],[13,-27],[-6,-19],[59,-7],[-20,-29],[46,0],[7,52],[-16,80],[12,44],[41,-19],[52,11],[-24,-148],[5,-154],[61,-16],[12,-30],[50,21],[127,127],[52,-45],[-18,1],[-28,-40],[7,-11],[-65,-51],[-4,-25],[49,-22],[-8,-13],[21,-75],[38,-26]],[[61396,13887],[-84,30],[-213,37],[-20,12],[2,21],[-24,8],[9,68],[-62,-2],[0,23],[-67,-4],[-33,-9],[3,-27],[-53,4],[-49,-20],[6,-14],[71,3],[-36,-32],[-32,0],[-11,22],[-74,5],[2,29],[-43,-3],[-64,-49],[-5,20],[-73,-20],[-9,27],[-20,77],[-4,161],[-25,151],[22,9],[-17,38],[11,11],[11,50],[14,7],[-29,19],[-61,-20],[10,-20],[-78,-23],[15,-14],[-30,-26],[-59,-20],[-20,22],[-47,-27],[-28,6],[2,-21],[61,7],[7,-28],[-52,-38],[66,-31],[-27,-37],[-48,-24],[-6,-91],[-14,-25],[-58,10],[-55,-21],[-6,17],[23,18],[-26,16],[-64,-34],[-10,27],[-24,-3],[-8,33],[-29,-6],[6,30],[-41,6],[-10,-23],[13,-66],[-9,-34],[-152,-37],[5,-33],[-37,-36],[-11,35],[-51,-43],[-60,61],[-94,1],[18,23],[-2,22],[-62,-14],[5,39],[-41,27],[-76,128],[-48,-4],[13,39],[-85,42],[-19,41],[61,14]],[[59199,11092],[9,41],[4,53],[-11,20],[36,-1],[79,47],[-29,121],[16,35],[39,21],[-29,53],[11,22],[51,13],[156,-34],[12,-2],[22,41],[8,55],[-109,-27],[-5,42],[-55,36],[16,48],[-27,4],[-42,56],[-32,-11],[1,35],[25,4],[43,8],[44,144],[-85,19],[-90,14],[-23,153],[-82,-56],[4,30],[-19,50],[27,17],[59,-4],[-25,49],[20,29],[-22,57],[19,25],[-47,58],[-82,-24],[-13,37],[50,53],[-12,10],[2,45],[83,1],[8,29],[-18,23],[59,55],[-13,28],[-138,-62],[-21,-74],[-97,-72],[-43,-5],[-7,21],[-42,8],[-14,59],[-43,85],[-62,13],[-19,62],[-75,-11],[-26,30],[-11,-12],[-6,26],[-39,-16],[-33,49],[-22,-16],[-82,55],[-28,53],[3,25],[28,-4],[-9,61],[18,7],[-10,35],[-93,3],[-5,21],[-30,-8],[2,-30],[-26,-11],[-4,63],[25,45],[-32,29],[16,9],[0,24],[-27,28],[8,19],[25,42],[19,-12],[20,29],[-48,124],[23,27],[104,43],[10,33],[-24,29],[12,10],[-12,41],[9,33],[-19,74],[-65,-15],[-8,20],[-26,-46],[-72,22],[-152,4],[-20,19],[33,22],[-44,22],[-7,26],[-18,-2],[-6,28]],[[61783,10890],[4,-21],[-33,-22],[-67,-20],[31,-25],[25,-69],[-76,64],[-117,-16],[-29,62],[-88,-26],[-7,9],[23,91],[-54,24],[33,33],[-19,26],[-39,-13],[-11,31],[-18,-6],[-26,27],[-47,-50],[-57,-9],[-22,-23],[-39,6],[5,23],[-22,-7],[-6,16],[-21,-4],[4,-24],[-81,-6],[-11,-34],[-39,21],[-6,-30],[-12,2],[-63,-85],[-234,4],[-2,-21],[27,-96],[-25,5],[-24,-29],[43,-19],[-5,-23],[-76,-13],[-47,19],[-48,-5],[-7,25],[-33,12],[-18,-72],[-28,6],[-22,40],[-45,28],[5,-44],[19,-17],[-1,-59],[-30,-6],[-25,-30],[-107,-11],[7,-21],[-23,-13],[13,-18],[-20,-15],[6,-29],[-131,-17],[13,-40],[-17,-30],[-43,2],[-36,-36],[-50,-4],[-14,50],[-38,-2],[-23,-68],[-6,51],[12,-1],[-18,47],[25,0],[18,62],[-42,2],[-97,68],[-156,37],[-16,154],[-18,18],[-22,-39],[-7,-42],[16,2],[1,-14],[-19,-40],[-23,1],[2,-30],[-108,6],[14,60],[-32,19],[16,22],[-26,5],[-23,50],[50,6],[-11,49],[24,4],[0,34],[29,1],[-10,13],[21,91],[-33,4],[-1,36],[-40,6],[29,29],[-24,25],[-39,-25],[-27,36],[-19,-11],[9,-14],[-20,1],[-42,73],[-47,8]],[[59199,11092],[-43,-89],[-81,-13],[8,-13],[-29,-20],[11,-21],[-11,-19],[12,-7],[-19,-18],[26,-17],[-11,-39],[21,-24],[-20,-34],[-42,3],[37,-13],[-14,-33],[-75,-35],[-27,-37],[-133,-8],[-27,-63],[63,2],[31,-18],[-49,-19],[-5,18],[-27,-5],[13,-28],[96,24],[-25,-38],[-51,5],[-57,-24],[-30,-92],[4,-25],[43,-32],[1,-35],[-119,1],[-9,-23],[14,-39],[-4,-38],[-28,-17],[39,-51],[-16,-27],[50,-38],[-38,-24],[-10,-29],[-109,-60],[-18,-65],[-19,-4],[3,-47],[-97,7],[-262,-72],[-11,-39],[-26,-10],[-15,-34],[-70,-25]],[[57538,4266],[-13,-12],[8,-11],[-29,-38],[16,-22],[-20,-17],[28,-33],[-32,-35],[29,-32],[-10,-34],[10,-10],[-39,-19],[-32,11],[-3,-37],[14,-18],[-21,-33],[-47,5],[3,-40],[66,-36],[-74,-61],[17,-41],[-33,-90],[27,-79],[-84,-14],[-132,-67],[-22,30],[-28,-2],[-39,54],[6,32],[-37,-5],[-36,-16],[14,-18],[-27,-78],[-38,-12],[-39,29],[17,-21],[-27,1],[-49,-85],[-50,29],[-63,2],[-4,-24],[-103,-72],[-99,70],[-9,-45],[-33,17],[39,-43],[26,-87],[33,-30],[-17,-38]],[[56602,3191],[-40,-46],[-37,8],[14,-17],[-7,-39],[36,-35],[-11,-7],[-184,43],[-64,-65],[-103,-34],[-69,35],[-42,67],[-1,26],[-55,40],[-109,-1],[-65,46],[-25,-18],[-31,-36],[22,-18],[3,-29],[-35,-65],[15,-22],[-9,-37],[-92,55],[-47,6],[-42,70],[-37,23],[-41,-6],[-124,33],[-8,23],[-37,13],[-77,3],[-5,23],[17,42],[76,76],[-44,126],[40,26],[16,68],[-22,24],[-9,72],[-48,18],[-34,-7],[-100,90],[-100,-27],[-119,19],[-64,-87],[-33,14],[5,-40],[-26,10],[-19,-36],[10,-24],[-47,-16],[-2,-82],[-70,-25],[34,-30],[-40,-41],[-3,-41],[-31,-24],[31,-35],[-41,-6],[-13,-19],[-48,-83],[13,-132],[-58,-14],[14,9],[-21,3],[-68,128],[-71,56],[-76,-15],[-28,21],[-74,-14],[-45,-73],[-50,-16],[-44,34],[47,38],[14,45],[-28,51],[-239,7],[-65,44],[-13,40],[-33,26],[-83,-6],[11,37],[-23,17],[-58,-7],[-21,-23],[-88,44],[-50,139]],[[60919,3661],[15,63],[-21,67],[22,32],[-18,26],[4,19],[-33,7],[-108,-37],[-54,111],[16,5],[-10,20],[120,20],[4,47],[-22,16],[0,26],[51,28],[29,-4],[29,60],[180,26],[59,77],[-4,50],[24,55],[-13,26],[19,32],[0,31],[-19,35],[11,11],[53,70],[-168,53],[-15,36],[-45,15],[-2,51],[44,12],[45,-28],[57,61],[-18,12],[-44,-43],[-23,16],[51,51],[-336,56],[3,18],[35,19],[-16,15],[13,151],[7,104],[-49,100],[-88,63],[12,13],[13,-16],[61,-4],[1,25],[84,28],[-1,26],[15,1],[6,25],[-50,10],[14,27],[-13,3],[6,31],[-18,45],[15,22],[-75,-1],[-2,31],[-29,16],[27,10],[8,34],[-12,12],[-87,-36],[-7,51],[27,10],[-43,11],[26,30],[-40,-13],[13,11],[-28,56],[72,0],[-55,17],[22,17],[-28,4],[52,4],[-39,6],[-9,18],[12,29],[-35,8],[47,15],[-24,11],[-5,26],[-23,1],[-12,155],[-174,-13],[-73,86],[-38,1],[6,-9],[-46,16],[16,24],[-16,7],[14,21],[-21,8],[-48,-51],[-13,-22],[-28,-2],[-21,28],[-37,6],[50,6],[-26,33],[-41,-21],[-3,31],[-18,3],[-5,-26],[15,-12],[-16,-19],[-73,57],[-34,0],[-20,41],[46,18],[-11,33],[28,14],[-4,16],[-88,-18],[0,12],[38,3],[-4,18],[27,23],[-20,19],[-35,-3],[9,36],[-25,-7],[20,19],[-9,12],[-20,-20],[-18,30],[7,69],[-36,30],[-34,-10],[13,26],[-77,4],[37,71],[36,26],[-69,-30],[-20,0],[-20,26],[-42,-2],[-8,9],[11,14],[-18,3],[19,34],[-12,17]],[[59673,6796],[93,30],[-74,28],[53,23],[-60,35],[-4,15],[28,32],[87,44],[15,-19],[106,-17],[70,71],[6,20],[-64,47],[59,13],[0,23],[19,0],[43,-14],[48,-55],[16,20],[-19,50],[54,56],[-9,42],[-47,93],[-109,65],[-37,99],[67,26],[-11,18],[43,37],[28,-35],[34,-48],[39,-18],[35,-138],[28,2],[0,-36],[38,2],[-1,-47],[12,1],[3,48],[7,-32],[77,-3],[-33,69],[52,-12],[-41,48],[19,8],[-13,29],[33,17],[22,-20],[20,28],[54,-14],[58,12],[-3,21],[49,68],[39,-19],[27,32],[100,0],[26,40],[15,-15],[-11,-10],[21,-9],[16,12],[-3,30],[26,70],[14,-6],[17,33],[-8,6],[50,42],[81,9],[63,92],[29,-23],[-52,-85],[-8,-44],[42,-10],[1,-23],[15,3],[-2,19],[70,12],[6,-13],[35,23],[57,30],[37,50],[2,42],[-18,6],[-5,39],[12,36],[50,22],[28,148],[-33,-3],[-22,43],[29,41],[39,-6],[18,90],[32,19],[77,6],[6,-43],[42,-25],[44,17],[42,-26],[36,1],[58,-27],[-14,-18],[31,4],[11,-43],[171,-32],[115,-19],[18,-27],[-19,-36],[78,-15],[-10,-51],[25,4],[-8,-44],[41,6],[2,-32],[26,6],[26,-23],[16,33],[47,45],[58,90],[10,68],[69,32],[30,81],[-9,12],[15,8],[-24,33],[8,44],[-13,48],[57,-15],[-6,44],[21,95],[22,-5],[5,21],[27,-8],[3,85],[-36,2],[19,74],[47,4],[38,-24],[72,17],[-1,65],[105,12],[2,11],[-31,10],[5,53],[-14,35],[54,-25],[3,16],[56,-2],[-1,144],[-34,1],[-31,59],[25,60],[74,17],[-1,21],[49,35],[-14,276],[-28,-5],[-11,168]],[[64457,3081],[-165,-12],[-42,-20],[-73,8],[-4,-15],[-86,-65],[-26,0],[-12,-27],[-64,34],[-153,-22],[-18,-25],[12,-51],[-146,15],[-74,-51],[-30,7],[-49,-40],[-9,21],[-33,-1],[-75,47],[-13,39],[20,22],[-5,37],[-56,76],[-60,30],[-102,16],[-173,-7],[-81,65],[-120,10],[-26,74],[-14,50],[19,8],[-10,28],[-92,-34],[-33,41],[-352,-1],[-80,23],[-3,24],[-57,44],[-96,-13],[-85,46],[-20,-33],[2,-24],[-52,-58],[-81,-49],[-7,-30],[23,-31],[-1,-23],[-74,-166],[-78,1],[-13,27],[-31,10],[-296,-23],[-305,60],[-138,121],[-105,21],[-51,36]],[[60764,3301],[109,139],[50,31],[-21,107],[70,12],[26,43],[-77,3],[-2,25]],[[59673,6796],[-76,-25],[-18,30],[-51,3],[-33,57],[-9,-18],[-8,12],[-37,-20],[-14,-42],[7,-30],[-77,-30],[-39,38],[-20,-13],[7,16],[-22,27],[-41,-17],[14,-38],[-26,-4],[-12,29],[-76,1],[9,27],[-58,24],[3,-15],[-81,-39],[-1,-32],[18,0],[17,-83],[-61,-6],[-103,-49],[9,-16],[-126,1],[-13,22],[-24,0],[-10,24],[-39,9],[0,45],[-96,-19],[-27,21],[-34,0],[8,26],[-16,25],[-11,-18],[-25,17],[9,-28],[-27,-14],[19,-55],[39,-44],[-5,-18],[-156,-45],[0,-19],[-33,-12],[-3,-40],[-52,-7],[-10,-34],[-18,-6],[-14,18],[-72,-14],[37,-19],[-7,-25],[-183,-17]],[[60919,3661],[-89,-15],[-50,-33],[-178,13],[-22,-28],[20,-25],[-49,-25],[36,-49],[-11,-13],[25,-47],[83,-5],[51,-147],[29,14]],[[60764,3301],[-133,-373],[27,-54],[-13,-61],[-79,-114],[51,-145],[25,-18],[0,-35],[22,-23],[73,13],[48,-36],[54,2],[2,-28],[39,-40],[-10,-41],[29,-58],[-40,-47],[21,-64],[-20,-60],[35,-57],[4,-45],[24,-20],[-9,-27],[34,-98],[-144,-46],[-25,-103],[-83,-51],[-68,-15],[-20,-30],[11,-49],[-54,-46],[25,-32],[-32,-44],[-11,-60],[63,-120],[-47,37],[-97,9],[-33,-58],[-41,-21],[-116,-11],[-70,-76],[-1,-35],[-28,-57],[11,-34],[-7,-36],[-77,-45],[-57,-81],[-118,-97],[-4,-44],[-91,-133],[-4,-25],[30,-24],[-20,-26],[-50,-12],[-10,-42],[-80,-67],[-46,-11],[-31,31],[-52,1],[-114,-91],[-50,15],[-30,-64],[-65,-38],[-28,-41],[-132,4],[2,-32],[-40,-10],[-14,-31],[-87,-28],[-35,15],[-65,-98],[-49,-18],[-86,62],[-125,-6],[-55,18],[-53,-43],[-180,-33],[-13,45],[23,19],[-27,37],[33,36],[-10,77],[26,33],[9,47],[92,-21],[82,42],[96,102],[17,57],[30,-4],[-44,75],[4,18],[-100,88],[68,68],[1,29],[-28,21],[114,158],[-7,41],[66,56],[4,27],[33,26],[15,55],[55,61],[-47,60],[40,37],[-79,81],[-71,-72],[-51,-26],[-41,30],[-74,7],[-38,66],[-112,35],[-2,-40],[11,-8],[-54,-34],[-62,7],[3,-167],[-31,-30],[-207,-19],[-192,99],[-167,-242],[-144,451],[27,67],[-38,22],[-16,32],[-32,3],[-47,37],[-10,29],[44,53],[95,-2],[86,37],[5,53],[79,73],[-99,134],[-8,77],[16,35],[-29,105],[-27,13],[-68,-55],[-85,6],[-21,62],[-94,49],[-29,12],[-17,43],[26,47],[-4,18],[-76,103],[16,16],[-21,16],[-73,14],[-115,-56],[-54,9],[-48,-33],[-77,0],[-55,51],[-66,142],[69,50],[-50,32],[-45,62],[-27,-7],[-27,35],[-55,24],[-57,65],[27,83],[-7,18],[-18,1],[-4,91],[19,9],[1,31],[32,33],[-1,17],[-26,7]],[[28853,22529],[148,116],[8,-32],[155,-32],[61,-5],[82,31],[48,30],[21,50],[64,40],[13,-3],[1,-26],[33,10],[2,63],[109,14],[84,108],[26,66],[84,29],[3,-25],[44,1],[-86,104],[4,33],[-80,16],[45,58],[262,-30],[21,37],[-25,50],[29,26],[-14,45],[-4,15],[72,6],[17,32],[-62,50],[26,18],[36,-23],[7,-28],[45,62],[51,20],[13,24],[-45,88],[3,26],[63,66],[-85,105],[20,15],[59,50],[-22,50],[-35,24],[-31,76],[-33,-1],[-43,31],[77,-15],[80,22],[22,29],[45,3],[9,23],[160,68],[-15,22],[15,14],[32,-9],[47,35],[1,21],[31,32],[48,-18],[32,13],[6,90],[27,2],[9,-34],[13,-2],[-6,50],[62,11]],[[30742,24366],[44,-46],[57,1],[21,-34],[-20,-57],[63,-74],[8,-33],[48,-9],[69,34],[21,-16],[166,18],[191,-3],[-19,-43],[-54,-61],[55,-1],[31,7],[32,-29],[149,27],[-4,-78],[57,33],[80,-42],[10,-16],[-18,-17],[7,-90],[14,-17],[37,-20],[32,5],[37,102],[-7,71],[39,-7],[70,37],[21,-47],[41,-42],[52,20],[-5,-19],[14,-14],[76,9],[8,-19],[30,-9],[0,-27],[-70,-23],[69,-90],[-43,-43],[13,-39],[-32,-17],[15,-19],[62,-15],[15,-18],[-5,-18]],[[32219,23578],[-46,-41],[-77,-21],[-39,-30],[-20,24],[-31,-44],[13,-12],[-9,-11],[-28,-21],[-31,8],[-24,-25],[34,-80],[-12,-50],[10,-13],[-70,-18],[19,-73],[-100,3],[-25,-35],[-30,-2],[-4,-48],[20,-42],[-15,-24],[49,-62],[68,27],[59,-33],[-33,-68],[53,-15],[7,-35],[51,16],[20,39],[82,55],[29,-7],[5,22],[40,-12],[8,-34],[71,-40],[29,-41],[41,-6],[-15,-24],[7,-27],[-27,-136],[-32,-68],[37,-73],[33,18],[47,-11],[9,-39],[-24,-24],[-31,21],[-18,-21],[-12,-57],[-71,-62],[-19,-65],[20,-24],[-38,-5],[-17,-34],[-34,-11],[-3,-18],[-12,8],[-6,-34],[49,-107],[128,8],[20,-49],[-32,-35],[-53,4],[-95,-70],[-30,-57],[-32,-9],[1,-25]],[[32083,21803],[-54,-38],[-63,-10],[-26,17],[-19,-15],[-6,-56],[24,-39],[-19,-23],[65,-97],[-2,-38],[-151,-67],[-27,-47],[-17,-70],[-81,-27],[-40,10],[-46,37],[-25,49],[22,189],[-50,124],[-74,107],[7,82],[-46,75],[15,76],[35,59],[-3,72],[16,39],[-60,-2],[-40,-24],[-16,46],[-92,-60],[-16,70],[-80,5],[-59,74],[-149,100],[-22,0],[-111,-74],[-73,54],[-96,103],[-15,67],[-166,3],[0,-32],[-61,-56],[-95,-17],[-61,-52],[-173,66],[-23,46],[-99,46],[-182,-115],[-11,-18],[51,-28],[85,-103],[-15,-76],[68,-76],[27,-58],[2,-34],[-24,-49],[-125,-18],[1,-105],[26,-79],[-115,-70],[-147,76],[-76,11],[-46,39],[-81,16],[-27,31],[-85,27],[-162,-42],[-97,23],[-96,-36],[-78,65],[-22,38],[-56,32],[-78,151],[173,203],[-68,149]],[[27429,24846],[-9,21],[-15,-11],[-14,14],[-15,47],[-78,82],[-19,15],[-13,-11],[-30,29],[-82,1],[-90,61],[-56,60],[-72,52],[-126,26],[-171,159],[-77,-43],[-107,64],[-22,-17],[-38,28],[-23,31],[11,10],[-47,41],[-75,2],[-50,-62],[-53,-38],[-128,-43],[-115,25],[-3,-19],[-39,-5],[-9,24],[-23,7],[1,21],[-37,10],[17,224],[-17,79],[4,82],[-90,330],[30,54],[167,175]],[[30290,27091],[3,-53],[33,-59],[-14,-32],[9,-39],[89,-80],[0,21],[37,22],[71,1],[48,30],[58,4],[23,24],[173,-56],[27,36],[-13,-77],[5,-34],[24,-25],[-54,-36],[32,-17],[-1,-19],[-51,-68],[1,-26],[26,-13],[-42,-49],[74,-9],[2,-40],[36,1],[16,-32],[-73,-66],[20,-29],[19,-118],[-16,-58],[-36,-33],[29,-92],[-14,-58],[15,-34],[-9,-61],[-73,-8],[-72,-44],[-23,4],[1,-14],[-47,-5],[-15,-29],[-29,15],[-19,-12],[-42,45],[-68,-69]],[[30450,25800],[-58,-76],[-143,-90],[-100,-89],[-184,38],[-104,-74],[0,-18],[-40,5],[-133,-75],[-75,50],[-56,-40],[-70,-129],[-6,-13],[16,-5],[-19,-32],[38,-10],[8,-37],[-54,-37],[-4,-27],[17,-25],[-31,-6],[-4,-32],[-20,-2],[-9,-27],[-30,-1],[76,-47],[13,-63],[-10,-103],[28,-28],[-48,-72],[-50,-40],[-75,-31],[-129,-18],[-78,-70],[-66,-8],[-28,12],[-100,-98],[-117,-56],[17,-14],[-35,-35],[-66,-20],[6,-20],[-67,-17],[-2,-14],[-36,-4],[-30,28],[12,41],[-5,45],[-196,86],[-76,109],[-79,86],[-87,58],[-36,-24],[-23,21],[-36,-25],[-23,12],[-33,-23],[-9,-37],[-139,-31],[-13,-6],[6,-15],[-43,-13],[-16,-24],[-64,15],[-3,19],[-47,-10],[-28,11],[10,30],[-43,43],[0,37],[-68,98],[-56,-30],[-68,43]],[[30742,24366],[-30,18],[-16,36],[3,70],[-34,16],[29,36],[-64,55],[-55,-18],[1,39],[41,33],[-44,23],[-65,108],[57,30],[0,64],[66,32],[-8,26],[13,25],[12,-24],[65,-26],[22,10],[73,-15],[66,34],[59,57],[57,-3],[137,57]],[[31127,25049],[43,12],[25,-5],[-13,-32],[123,-16],[-1,-26],[66,-2],[-8,-22],[21,-32],[27,2],[16,-27],[69,-21],[74,1],[1,24],[54,26],[62,-119],[16,-5],[3,-44],[29,-33],[81,30],[100,-13],[72,47],[17,5],[-2,49],[21,28],[61,-21],[49,28],[7,17],[-39,5],[36,46],[64,-14],[48,31],[20,-5],[12,-29],[32,12],[7,23],[15,-4],[-7,-28],[24,-20],[11,-58],[129,-49],[119,34],[62,49],[192,44],[0,38],[15,12],[107,37],[-8,35],[19,42],[46,-21],[115,-121],[39,8],[30,-28],[151,49]],[[33721,24719],[-65,-67],[-93,-5],[-44,-40],[-63,-17],[-55,4],[-34,-64],[14,-23],[-31,-13],[12,-36],[-99,-33],[-19,-36],[-135,-119],[-11,-61],[23,-7],[-3,-24],[26,-16],[67,22],[25,-9],[41,-67],[16,-79],[-18,-4],[-64,-87],[43,-32],[-6,-38],[23,2],[-2,-24],[34,-14],[-1,-15],[59,-10],[38,-34],[65,6],[3,-29],[32,-14],[-61,-62],[-69,21],[-103,-62],[69,-68],[-60,-55],[-493,-189],[-27,51],[70,57],[-29,56],[25,46],[-134,-18],[-85,-90],[-1,18],[-26,0],[-24,37],[-133,2],[-106,69],[-93,29]],[[28853,22529],[-32,26],[-115,-54],[-89,-13],[-52,59],[-14,46],[21,78],[-14,79],[-32,42],[47,72],[-6,20],[-17,-5],[-36,50],[-56,23],[-14,25],[-97,-36],[-33,78],[63,113],[-16,69],[36,38],[-86,40],[-58,-28],[-25,84],[-53,15],[-46,68],[-58,1],[2,19],[-85,66],[-62,-21],[-22,51],[-27,10],[-39,64],[-134,115],[55,92],[-50,53],[15,13],[-7,10],[-25,-18],[-15,23],[-42,-32],[-23,8],[-10,16],[11,21],[-24,40],[-42,20],[-44,50],[-17,95],[89,32],[65,-28],[34,-40],[-6,-18],[27,-17],[18,58],[22,8],[-7,31],[40,13],[-7,12],[54,78],[-21,-6],[-6,30],[-38,28],[-97,-36],[37,168],[-7,25],[-55,4],[-29,50],[-113,-20],[-30,51],[-67,20],[-2,66],[-44,4],[-23,21],[-29,-10],[-20,47],[-10,48],[12,32],[84,65],[34,-11],[38,27]],[[30450,25800],[54,-42],[21,-64],[63,-34],[-1,-15],[-42,-18],[-10,-34],[-44,-6],[-36,-30],[14,-23],[86,-73],[22,-42],[63,44],[30,-13],[66,33],[106,125],[62,31],[47,-17],[24,-47],[-29,-24],[39,-55],[-21,-23],[-1,-36],[63,-17],[-33,-33],[4,-20],[-22,-31],[61,-94],[-30,-30],[53,6],[43,-37],[8,-90],[17,-42]],[[34372,21866],[-48,-49],[-15,-44],[14,-95],[-13,-8],[11,-16],[-149,1],[-34,23],[-99,-5],[-123,-73],[-45,-104],[-39,-28],[-13,-45],[-49,-68],[-44,-27],[-93,23],[13,75],[-19,11],[-29,-22],[-57,21],[-50,-19],[-145,55],[-32,31],[-158,-49],[-180,-26],[-48,-92],[-16,-5],[-15,75],[-50,48],[9,6],[-10,19],[-27,-2],[-15,39],[-68,-11],[6,-19],[-12,-4],[-20,11],[-56,-21],[-15,17],[-23,-23],[-34,-74],[-81,53],[-123,39],[-36,39],[0,36],[-48,81],[-186,-41],[-11,38],[7,44],[83,75],[-52,8],[-10,32],[-42,7]],[[83941,61609],[362,-140],[6,19],[86,-11],[13,38],[-9,28],[-78,63],[-61,90],[45,31],[87,127],[31,94],[151,-5],[222,-10],[8,87],[-26,73],[53,-10],[120,16],[9,132],[-17,1],[12,93],[211,-17],[21,-23],[-82,-45],[76,-119],[-20,-40],[8,-24],[-41,-11],[38,-46],[7,-35],[-51,-11],[0,-13],[92,9],[200,-66],[66,9],[3,15],[114,-18],[141,60],[14,13],[-14,23],[74,56],[48,15],[37,93],[47,29]],[[85944,62179],[73,-67],[50,14],[98,-92],[34,23],[37,-1],[13,78],[49,12],[9,44],[116,10],[-5,-16],[51,-6],[117,69],[3,29],[-99,10],[-98,61],[74,72],[55,-21],[81,90],[40,-3],[-35,-49],[-3,-48],[107,50],[-25,-132],[48,-51],[188,-106],[52,22],[14,-26],[22,2],[-9,-75],[-37,-108],[-102,-44],[-4,-72],[-18,-9],[-26,-58],[-30,-100],[20,1],[78,-151],[164,1],[169,-50],[74,-44],[101,-120],[68,0],[22,-31],[30,-2],[24,-127],[27,-53],[-18,-79],[217,-49]],[[87760,60977],[210,-30],[-29,-40],[-45,-5],[-7,-88],[265,-3],[14,-47],[-124,-75],[-92,-87],[-74,-192],[53,-12],[-135,-154],[-13,-59],[25,-10],[-42,-49],[31,-10],[17,17],[34,-10],[-1,-21],[39,-2],[2,62],[78,24],[49,42],[65,-8],[101,-54],[59,1]],[[88240,60167],[101,-55],[33,-37],[122,-24],[13,-105],[52,-9],[10,41],[-14,74],[-41,46],[147,-69],[36,-65],[73,-70],[206,-34],[11,-9],[-3,-42],[42,-7],[-12,-44],[24,-4],[-4,-13],[-4,-12],[-62,9],[16,53],[-31,-2],[-55,-39],[-8,-47],[-45,1],[-2,-21],[20,-2],[-5,-24],[22,-5],[-5,-31],[-30,-1],[-56,-71],[-16,-47],[35,-64],[44,-44],[-30,-15],[-6,-47],[-30,-23],[-66,-16],[-59,11],[-91,-52],[-58,-56],[-10,20],[-6,-24],[-50,-46],[-33,5],[-11,-16],[17,-23],[58,-23],[32,8],[-15,-47],[25,4]],[[88521,59054],[2,-32],[-72,-86],[-34,-5],[-49,27],[-93,-38],[-35,-48],[-9,-44],[-76,-78],[-9,-44],[-42,-59],[6,-38],[-29,-14],[-49,21],[-54,81],[12,15],[8,137],[70,69],[1,30],[-1,16],[-44,10],[14,74],[-85,-13],[-46,64],[-202,-88],[14,17],[-3,24],[5,22],[-30,41],[-64,42],[-21,85],[-239,-68],[-250,8],[-5,52],[28,83],[-86,-26],[-58,36],[-54,-1],[-302,-63],[-20,82],[-79,189],[-51,14],[-373,-124],[-2,-32],[78,-235],[-57,-122]],[[86136,59035],[-277,20],[-11,122],[-144,-1],[15,62],[-111,53],[-138,107],[2,46],[-268,-144]],[[85204,59300],[-115,149],[-20,51],[-186,-131],[-60,-7],[-93,23],[-57,-18],[-35,183],[-201,-5],[-147,-52],[-82,-9],[-309,-141],[-13,-76],[115,17],[2,-23],[-48,-18]],[[83955,59243],[-60,-4],[-140,31],[-88,-83],[16,-9],[-5,-20],[-22,4],[-33,24],[3,26],[42,-2],[49,46],[-27,21],[12,11],[-25,15],[-73,-30],[-113,85],[-32,61],[40,6],[-9,36],[-49,-6],[-22,-27],[-21,9],[0,17],[-31,-1],[11,-23],[-10,-12],[-57,28],[-20,90],[62,25],[35,41],[43,-14],[67,59],[-4,36],[92,74],[-32,61],[-84,77],[23,40],[6,59],[-15,15],[-1,64],[53,74],[7,75],[64,15],[243,250]],[[83850,60487],[109,96],[-180,86],[-20,24],[-219,-31],[20,163],[46,147],[47,145],[48,-41],[81,1],[12,21],[-10,62],[60,147],[0,64],[-29,58],[-149,-42],[-15,40],[-20,-1],[8,51],[52,-3],[76,29],[42,20],[70,71],[62,15]],[[77645,59982],[28,-23],[-7,-14],[-46,-18],[-35,-47],[37,-77],[-2,-23],[-39,-54],[58,-75],[40,12],[19,-14],[1,-42],[-34,-115],[53,32],[-6,21],[19,61],[36,-1],[-12,-12],[20,-35],[40,41],[0,69],[-29,102],[-9,137],[12,21],[194,-41],[72,112],[49,12],[91,97],[35,16],[18,-10],[51,45],[16,-9],[67,27],[-51,-76],[8,-39],[24,-2],[46,-138],[68,3],[-2,-21],[227,-23],[61,-24],[60,57],[-10,70],[24,45],[-17,34],[7,133],[41,15],[67,-13],[27,36],[105,-2],[20,29],[25,64],[52,61],[29,-32],[126,-10],[3,-37],[63,62],[32,5],[64,-20],[11,-25],[26,8],[-13,-53],[-94,40],[-17,-40],[-70,-27],[-67,44],[-95,-9],[-61,-81],[-48,6],[-29,-22],[-19,13],[-67,-36],[-23,-85],[-30,-37],[12,-77],[16,-25],[-37,-85],[13,-27],[146,15],[38,56],[45,0],[41,40],[127,40],[24,2],[125,-72],[14,-23],[158,58],[8,-20],[42,3],[7,-19],[51,3],[5,-56],[62,-5],[71,25],[26,-54],[22,21],[94,9],[16,-21],[5,-10],[-35,-28],[-53,30],[-9,-33],[-43,-11],[-18,22],[-73,-14],[-26,-33],[-37,-7],[36,-132],[103,-100],[-32,-84],[-143,-22],[-35,-123],[-60,-84],[-38,54],[-338,-35],[-73,-237],[20,-27],[6,-58],[-54,7],[-43,-55],[-13,-47],[2,-104],[-155,8],[-124,-21],[-87,73],[-125,5],[-14,-40],[-102,-28],[27,-64],[-55,-53],[-71,0],[-8,-63],[-42,-11],[0,-100],[-48,-2],[-99,32],[-60,17],[-20,-29],[-17,3],[-18,-67],[-89,32],[2,-36],[-188,-21],[-199,-56],[-17,52],[-2,193],[49,24],[-16,67],[-56,42],[-16,42],[-34,-4],[-46,97],[-64,75],[39,28],[-13,18],[0,150],[-25,17],[-11,51],[-28,43],[18,17],[-24,69],[36,47],[-55,39],[6,97],[-19,91],[21,166],[-133,-33],[24,-43],[-3,-21],[-89,25],[-38,169]],[[77072,59804],[277,62],[15,29],[65,26],[28,47],[70,1],[27,-18],[84,37],[-20,-13],[-13,-42],[23,22],[30,0],[-13,27]],[[79509,60282],[42,-7],[23,18],[2,54],[29,77],[49,15],[27,41],[93,16],[223,119],[29,-22],[-19,-25],[-104,-38],[-20,-108],[-42,-38],[-113,45],[-32,-29],[-20,-46],[-57,-6],[-28,-26],[-13,-41],[-30,-16],[-39,17]],[[80107,60757],[-39,-21],[11,-73],[-33,11],[-1,64],[-20,-4],[6,49],[44,68],[5,40],[34,39],[-1,19],[65,-15]],[[80178,60934],[13,-4],[-8,-22],[-55,7],[12,-38],[-27,-33],[51,-14],[-50,-28],[14,-12],[-21,-33]],[[93432,52301],[3,108],[116,24],[100,46],[65,81],[-12,33],[53,26],[-79,47],[19,125],[-68,80],[1,39],[33,21],[-9,8],[23,145],[10,30],[153,-18],[-14,-61],[139,-41],[-14,-41],[121,35],[121,6],[87,-8],[53,16],[123,-21],[-1,-25],[-20,2],[-2,-24],[-39,-29],[-11,-65],[-62,18],[-6,-60],[-50,-68],[59,-99],[27,-6],[31,-48],[55,7],[41,-100],[22,-4],[-7,-41],[33,-2],[33,-59],[60,13],[88,-11],[48,25],[151,142],[37,-26],[25,-50],[-18,-36],[37,-41],[164,-27],[5,23],[52,5],[44,39],[57,11],[-39,-83],[42,-17],[-27,-28],[40,-53],[-49,-45],[22,-43],[62,15],[17,-43],[-1,-25],[-53,-7],[-24,-36],[-16,2],[-30,55],[-32,-3],[-20,-38],[-64,1],[-57,-68],[-40,-104],[-21,-149],[-83,-13],[-102,25],[-49,36],[-138,23],[-114,-27],[-93,13],[29,-56],[0,-66],[133,-58],[-8,-27],[81,-62],[143,-18],[125,-82],[-63,-212],[-197,17],[-143,-21],[-170,119],[-12,-16],[6,-29],[-51,-22],[-33,-60],[40,-51],[-248,-10],[-81,-50],[-8,43],[-43,-15],[-110,58],[-155,25],[49,53],[-5,88],[23,104],[-86,26],[16,13],[-11,4],[-93,-8],[1,28],[-36,-9],[47,67],[-133,49],[-1,112],[53,1],[-17,32],[48,7],[-17,44],[-30,3],[-16,41],[0,63],[12,10],[-31,-3],[-5,26],[107,43],[-2,20],[-41,38],[-4,79],[-37,34],[-2,77],[-19,-1],[-13,20]],[[94713,59008],[30,81],[12,97],[26,57],[194,46],[193,-3],[1,-26],[31,5],[1,15],[257,-66],[159,7],[1,21],[41,10]],[[95659,59252],[152,-243],[9,-155],[-9,-79],[19,-58],[70,-103],[6,-40],[-19,-90],[130,-82],[16,-36],[1,-60],[57,-78],[-5,-47],[-82,-79],[0,-61],[23,-36],[87,-43],[44,-101],[70,-31]],[[96228,57830],[4,-21],[-34,6],[5,-37],[-91,43],[1,49],[-29,0],[-50,112],[-20,15],[50,-109],[-116,-10],[-93,-63],[-37,-3],[-17,-33],[-12,5],[-5,-34],[27,-6],[10,-23],[-115,-17],[-56,25],[-5,-34],[16,1],[4,-50],[-149,72],[-134,5],[44,-92],[-129,-24],[-108,107],[-18,-6],[14,32],[-5,78],[-97,59],[-134,-34],[-3,-26],[-38,2],[0,15],[-272,-25],[-67,-7],[-12,-32],[-48,17],[-26,-21],[-17,27],[35,52],[-16,1],[46,131],[-39,4],[51,103],[-68,57],[22,46],[-5,57],[30,21],[9,41],[25,22],[233,254],[34,67],[-34,-2],[-59,27],[-54,61],[-100,41],[55,56],[82,176]],[[81625,60012],[-54,25],[69,60],[189,72],[-11,75],[132,64],[29,56],[12,31],[-17,8],[7,62],[87,52],[34,2],[35,-23],[11,21],[45,19],[78,0],[227,45],[-10,31],[78,24],[119,-193],[42,-25],[-21,-36],[82,-134],[92,-9],[2,-35],[48,-108],[71,-29],[51,-52],[75,3],[228,104],[19,277],[199,-37],[150,133],[127,-8]],[[83955,59243],[-93,-39],[-21,-26],[-46,-99],[-2,-215],[-77,-2],[-10,-75],[-11,-19],[9,-26],[-101,-2],[-33,49],[-124,2],[-22,24],[17,10],[-27,15],[18,42],[-21,15],[-82,-111],[-36,23],[-140,-31],[-170,43],[-34,-38],[108,-64],[-45,-58],[-54,-5],[-14,25],[-40,-2],[-9,-29],[-92,52],[-76,-6],[-158,125],[-95,102],[-37,-23],[-54,7],[-38,62],[-55,36],[13,34],[63,46],[-30,16],[63,69],[-65,30],[-5,-33],[-38,-29],[-13,21],[-72,-16],[-13,39],[-76,39],[-135,-14],[10,162],[-13,14],[27,23],[-10,85],[-24,23],[14,41],[-6,43],[45,91],[63,14],[12,103],[-56,73],[31,40],[-173,58],[-277,35]],[[85944,62179],[32,-2],[-16,17],[45,21],[-20,13],[1,30],[-30,16],[68,46],[-9,32],[34,11],[25,49],[49,-21],[29,38],[-162,53],[-63,-19],[26,45],[50,19],[5,35],[-68,7],[58,75],[-72,4],[106,96],[-8,72],[-29,74],[141,-14],[9,17],[-20,17],[-10,62],[14,13],[-12,25],[-100,23],[7,40],[-18,3],[11,13],[52,-8],[96,96],[-159,49],[33,49],[-6,23],[-100,-12],[-2,20],[77,38],[18,27],[56,-1],[-33,116],[-51,102],[-7,64],[22,57],[206,104],[-8,39],[-13,-4],[-49,74],[10,21],[-14,39],[268,18],[112,45],[15,38],[96,-47],[102,20],[28,46],[3,81],[57,122],[-21,-10],[-33,42],[-10,58],[20,19],[76,-48],[120,99],[13,30],[-105,32],[-97,-17],[-105,35],[-70,69],[9,14],[-68,121],[41,87],[148,-59],[135,7],[-25,30],[-372,106],[12,25],[-25,8],[51,43],[98,30],[7,15],[-19,15],[0,28],[32,6],[4,-15],[90,29],[-28,5],[-7,38],[-81,-24],[-2,43],[-35,0],[-9,78],[10,61],[-139,12],[-93,-22],[26,-49],[45,-7],[-86,-32],[-87,50],[-4,28],[-30,-44],[-13,-76],[39,6],[10,-18],[-44,-20],[-92,48],[9,42],[-62,-20],[-21,18],[15,12],[-22,15],[16,112],[46,28],[112,4],[7,12],[-14,10],[72,72],[-45,37],[-52,-49],[-71,45],[-26,-23],[60,-43],[42,12],[14,-21],[-9,-14],[-180,-1],[-26,56],[-11,-48],[-19,1],[-9,45],[67,88],[264,122],[19,17],[25,69],[96,58],[36,14],[49,-8],[8,-16],[84,9],[-3,26],[27,1],[61,-39],[256,133],[35,157]],[[86962,66114],[47,-14],[48,35],[102,-16],[6,37],[11,-20],[99,-21],[91,9],[77,24],[-12,49],[10,5],[40,-4],[-7,-31],[21,-13],[83,29],[9,20],[60,2],[-16,19],[9,8],[19,-15],[28,8],[42,11],[20,32],[42,-23],[51,36],[56,4],[386,-27],[32,2],[132,121],[-17,33],[-203,-5],[-9,40],[87,88],[38,14],[6,38],[21,-2],[-25,53],[-22,6],[-2,31],[39,27],[9,34],[250,-87],[51,55],[128,6],[20,47],[143,-51],[127,58],[181,22],[35,27],[188,-36],[29,14],[22,36],[-5,35],[-30,41],[100,10],[107,-16],[77,24],[314,-72],[-18,-57],[-24,0],[-72,-79],[-84,-7],[-34,-20],[2,-31],[-22,0],[11,-21],[-32,-16],[7,-49],[-24,-40],[35,-11],[-28,-44],[7,-26],[-120,-8],[-10,-14],[-12,11],[7,10],[-53,33],[-14,-67],[-46,-306],[21,7],[202,-43],[14,11],[65,-135],[95,4],[95,33],[54,-9],[-3,-23],[110,-18],[9,35],[96,21],[-80,56],[79,7],[50,-34],[72,22],[6,-40],[37,11],[21,-6],[10,-37],[27,10],[12,-25],[-26,-24],[11,-34],[39,-47],[85,-52],[-96,-34],[4,-35],[59,1],[93,-4],[77,101],[38,14],[19,27],[71,-5],[14,-43],[51,-37],[-97,-62],[10,-34],[-30,-34],[104,-136],[48,-17],[-48,-24],[15,-19],[46,21],[110,-24],[17,18],[20,-14],[50,90],[26,67],[1,52],[37,73],[187,-13],[1,-57],[129,-13],[97,13],[-23,108],[118,31],[176,-19],[23,59],[86,-29],[29,31],[48,-27],[106,-19],[17,-6]],[[92317,65800],[-4,-42],[-37,-69],[45,-79],[-16,-72],[4,-63],[23,-53],[11,-92],[30,-51],[18,-181],[37,-58]],[[92428,65040],[-228,-72],[-44,161],[-251,-7],[-21,-60],[-101,-77],[-24,29],[12,44],[-9,12],[20,11],[-14,18],[-59,-24],[-69,-119],[10,-20],[-12,-17],[-35,11],[-10,-18],[12,-81],[-13,-5],[20,-93],[166,50],[6,-23],[43,-1],[1,-31],[173,9],[-3,-13],[-77,2],[-25,-38],[8,-101],[-124,12],[-19,-26],[-87,-27],[-48,24],[21,13],[-8,20],[-61,-32],[-77,-6],[-83,-52],[-57,3],[-89,-37],[-12,52],[24,25],[-32,25],[-34,-14],[11,-24],[-58,-1],[-37,24],[-50,3],[35,23],[20,23],[-8,9],[-129,-88],[-51,-20],[-44,-52],[20,0],[-25,-38],[15,-29],[-22,-99],[-25,-75],[-72,-9],[-51,37],[-50,6],[5,-24],[-119,-14],[17,-34],[-33,-6],[6,-29],[-11,-5],[22,-8],[17,-39],[-51,-5],[-4,-17],[35,-15],[0,-41],[-41,-13],[-108,-136],[-96,-1],[-68,-22],[-2,-33],[-345,-25],[-2,-59],[34,-1],[-1,-17],[79,-29],[-46,-66],[-67,3],[-5,-145],[-9,-18],[-57,-9],[-226,-56],[-246,-102],[-54,24],[9,12],[-14,22],[-66,-30],[-184,-36],[-274,-114],[78,-65],[41,0],[15,18],[12,-9],[-26,-24],[49,-32],[70,-88],[-44,-35],[165,-423],[58,-116],[186,89],[35,58],[79,-16],[156,118],[2,35],[78,-1],[57,26],[12,-29],[-26,-21],[87,-54],[-72,-62],[26,-15],[-18,-85],[-15,-21],[-1,-107],[-94,-73],[9,-40],[57,-28],[-6,-23],[-100,-94],[-10,-53],[13,-37],[-28,-17],[-11,-41],[-78,42],[-231,-50],[-92,-3],[-458,-129],[-14,-124],[-90,8],[0,46],[-15,0],[5,-35],[-25,-42],[37,-60],[4,-50],[-21,-32],[-123,36],[-19,-17],[11,-44],[-56,-34],[-8,-29],[-65,3],[-21,-20],[-89,45],[-1,-48],[126,-14],[-6,-73],[-94,-2],[11,-38],[-62,-10],[-26,14],[-6,-56],[-23,-6],[-32,23],[5,68],[-19,14],[-32,-10],[-2,-22],[-100,2],[-215,-82],[-44,-120],[2,-78]],[[85997,65499],[21,-8],[19,41],[-37,-12],[11,-9],[-14,-12]],[[88521,59054],[15,78],[54,52],[82,-1],[99,-36],[26,-47],[-6,-28],[53,-41],[29,-55],[-107,-46],[-7,-18],[74,-71],[168,-89],[-20,-85],[-118,-121],[45,-37],[-94,-90],[85,-40],[-2,-12],[74,-41],[-2,46],[119,-18],[106,66],[195,-69],[48,37],[102,-84],[47,-9],[86,26],[46,-5],[-11,-83],[9,-29],[-120,-119],[-32,-69],[276,22],[-19,-53],[90,-115],[-55,-4],[-58,-61],[92,-73],[-21,-33],[-161,25],[5,-84],[-46,-100],[-32,-17],[-17,19],[-6,-22],[-66,-8],[43,-16],[-8,-63],[39,-58],[48,-6],[144,-82],[45,-3],[-23,-29],[-99,-41],[2,-29],[-19,-35],[23,2],[48,-96],[61,-40],[-3,-11],[-74,-29],[-41,-46],[-54,-102],[142,-25],[41,72],[175,-64],[18,-20],[131,24],[-30,-53],[-12,-116],[-68,-3],[-79,26],[-1,-18],[-53,4],[0,12],[-49,11],[-35,-93],[-51,4],[4,-48],[31,0],[26,-24],[36,-89],[46,-2],[-7,-15],[32,-32],[50,9],[-67,-129],[-30,13],[-48,-71],[-109,18],[-1,-50],[12,-3],[-17,-74],[222,-41],[38,25],[115,13],[4,22],[157,-6],[11,63],[65,-9],[15,-12],[-3,-23],[82,32],[25,-5],[-9,23],[-44,-11],[-46,31],[122,9],[42,44],[1,30],[254,-18],[-3,-31],[17,-16],[16,21],[60,-21],[34,-89],[63,-62],[13,-1],[3,17],[58,-13],[12,-14],[-13,-20],[12,-6],[21,21],[40,-1],[-8,-32],[32,-8],[-24,-26],[42,-32],[12,21],[41,14],[132,-21],[90,53],[-11,-112],[109,3],[47,35],[17,-12],[8,-67],[26,-16],[176,-39],[16,-67],[64,8],[35,-37],[93,-16],[-4,-61],[-16,-15],[42,-63],[-4,-37],[94,-56],[24,-70],[1,-45],[-20,-16],[19,-11],[-10,-12],[18,-23],[87,-35],[41,28],[-5,17],[141,54],[296,4],[-3,28],[48,56],[39,105],[9,147],[40,-16],[24,-49],[44,-34],[41,7],[4,47],[37,27],[85,-10],[88,29],[5,-10],[-69,-31],[-54,4],[-14,-25],[-17,7],[2,-29],[-67,-45],[-15,-82],[-28,5],[-35,-23],[-2,-29],[44,-38],[-36,-102],[48,-122],[89,-18],[27,22],[72,-26],[-17,-14],[3,-44],[114,3],[44,-34],[100,0],[-5,35],[97,20],[48,32],[114,-39],[-36,93],[56,38],[-4,21],[27,76],[55,54],[100,27],[65,63],[123,25],[86,26],[133,-61],[259,-173],[18,-241],[21,-45],[31,-19],[87,-25],[144,2],[84,22]],[[94903,54989],[64,-139],[-151,-18],[12,-32],[-98,-15],[-280,-6],[-60,-60],[-146,-33],[18,-80],[19,1],[13,-65],[-18,-8],[14,-101],[161,-496],[-124,-39],[-252,8],[-26,15],[-37,4],[-79,20],[-111,-8],[-595,-321],[-228,-39],[18,-183],[-34,-41],[-56,-178],[-249,-43],[-40,-13],[-65,-86],[-51,11],[-25,8],[-40,47],[-119,32],[-98,69],[-108,16],[-92,18],[-133,-9],[-41,19],[-21,34]],[[91845,53278],[-275,25],[-220,45],[-414,175],[-201,7],[-52,-27],[-131,45],[-69,-41],[-59,57],[19,-30],[-73,-2],[5,-25],[-78,-19],[-15,-24],[-55,-21],[-28,16],[-276,-21],[4,-155],[-143,-28],[-116,-122],[-10,-43],[-47,-53],[10,-47],[124,-56],[-59,-28],[13,-26],[143,-57],[-11,-27],[-54,-39],[3,-24],[-31,-3],[-4,-33],[-83,9],[-3,-35],[26,2],[58,-53],[-109,-37],[77,-76],[-14,-6],[-26,-73],[33,-177],[-101,0],[-31,-36],[-38,8],[-26,28],[-79,-56],[128,-111],[9,-75],[74,-124],[102,-26],[72,35],[28,-39],[6,-42],[-40,-56],[-55,-134],[-65,34],[-13,35],[-138,-22],[-8,38],[-26,2],[-77,-20],[-64,-45]],[[89362,51645],[-134,-25],[3,219],[-63,68],[-88,-55],[-97,-10],[-210,63],[-91,-104],[-67,-9],[-130,-100],[17,-106],[-23,-57],[-259,68],[1,40],[-21,0],[4,87],[-13,40],[-248,-54],[-47,0],[-30,29],[-37,-7],[-28,-27],[-38,8],[-18,-24],[-98,28],[36,56],[-121,17],[-67,41],[-8,35],[-137,-76],[-120,-35],[-21,57],[-47,35],[-23,57],[-89,31],[-48,97],[16,47],[-49,10],[15,73],[-94,61],[-11,47],[-20,16]],[[86859,52286],[242,69],[196,127],[19,-24],[87,38],[-117,122],[-163,46],[95,85],[27,39],[7,53],[-36,32],[5,228],[-74,37],[26,143],[91,7],[43,83],[71,44],[130,16],[-22,48],[-74,-4],[-208,119],[46,181],[-273,102],[-238,-30],[-82,62],[-231,-67],[-186,-23],[-81,12],[-99,45],[56,130],[18,112],[-7,126],[-71,12],[-5,15],[35,85],[-2,53],[138,10],[35,-19],[98,-7],[36,-40],[23,21],[48,-2],[281,-85],[93,35],[109,93],[89,123],[174,32],[92,46],[-5,47],[299,33],[-6,43],[50,22],[224,45],[91,-2],[79,-2],[36,22],[0,22],[-63,36],[3,19],[-42,15],[24,58],[29,-19],[-35,134],[136,152],[-44,102],[-95,113],[-67,56],[-50,19],[-149,55],[-77,67],[-163,77],[-182,5],[-132,74],[72,247],[-2,222],[68,118],[-116,-4],[-4,15],[75,12],[-1,18],[-23,14],[-44,238],[22,42],[24,-1],[9,67],[-48,26],[12,95],[300,20],[8,27],[-3,25],[-37,42],[-12,90],[-102,93],[-12,62],[-80,117],[-118,35],[54,54],[-52,26],[-18,-38],[-169,23],[-144,-28],[-49,-30],[-19,-52],[-136,3],[-35,-17],[-8,21],[31,43],[-65,-15],[-20,38],[-45,4],[0,24],[-34,63],[15,62],[-60,34],[44,47],[126,22],[159,-12],[51,52],[75,-4],[61,23],[-34,15],[16,29],[-17,127],[-208,50],[33,142],[76,-3],[14,105],[-41,40],[-82,134],[83,98],[20,1],[33,67],[-328,47],[-115,68],[-46,70],[1,118],[-198,34],[-2,68],[20,53]],[[84333,47802],[-68,135],[-4,49],[20,67],[-14,54],[-33,33],[-59,18],[-38,-52],[11,-44],[-8,-20],[-25,-19],[-81,38],[-1,66],[83,66],[61,-19],[5,56],[86,95],[14,80],[-17,32],[-95,51],[-64,71],[-7,72],[37,108],[-11,38],[-30,34],[58,-11],[26,-34],[41,2],[37,40],[-37,29],[48,25],[-10,19],[22,9],[-16,61],[43,10],[11,62],[-17,89],[13,73],[-63,20],[-84,145],[-28,154],[-16,71],[-212,11],[-19,61],[-101,-10],[5,11],[-54,79],[104,130],[15,80],[58,32],[-58,93],[-96,-27],[1,30],[-80,60],[-115,153],[-53,-13],[1,-23],[-39,-11],[11,-23],[-42,-14],[-24,56],[-59,-2],[22,-55],[32,9],[13,-30],[-68,-5],[9,-13],[-36,-26],[-64,26],[-48,111],[-39,22],[11,17],[-226,307]],[[82972,50611],[770,387],[115,64],[5,28],[57,17],[6,15],[-54,33],[44,3],[-4,49],[-49,102],[0,32],[57,25],[72,-56],[9,51],[-41,62],[19,9],[29,-19],[27,14],[36,-23],[66,-7],[-24,49],[1,20],[18,6],[-28,13],[-43,104],[-95,36],[-2,27],[13,12],[-37,36],[-28,-23],[-46,19],[12,25],[-24,7],[37,77],[37,-4],[11,16],[-6,34],[-115,50],[32,54],[20,8],[-72,24],[105,92],[13,48],[0,21],[-14,3],[4,36],[74,-14],[12,49],[-104,17],[40,53],[-36,53],[19,-5],[-6,29],[26,27],[-80,149],[-52,35],[19,16],[-33,22],[-33,-7],[-25,47],[29,18],[-3,27],[-23,0],[-3,28],[-31,21],[-21,67],[-49,81],[-33,141],[234,21]],[[83826,53062],[103,13],[-3,84],[-23,68],[39,60],[-17,55],[180,26],[113,-31],[48,-80],[84,28],[156,-9],[22,-109],[-71,-28],[-34,-108],[12,-86],[38,-60],[13,-77],[66,-39],[6,-66],[30,-4],[69,-69],[90,-29],[102,8],[65,27],[5,36],[25,6],[93,-67],[96,-21],[47,57],[13,81],[272,-31],[52,9],[50,43],[152,-65],[167,-117],[46,-5],[87,-16],[58,45],[54,14],[19,-97],[25,7],[72,-58],[42,24],[38,-3],[-6,-83],[83,-12],[97,-88],[33,43],[63,27],[43,-10],[7,-58],[48,-28],[62,5],[36,40],[66,-28]],[[89362,51645],[60,-193],[52,-59],[-9,-29],[36,2],[0,-45],[-49,-2],[-12,-64],[16,-94],[147,1],[43,-81],[-5,-21],[36,-45],[-13,-82],[24,-87],[85,-19],[50,-36],[39,-31],[70,-18],[24,-68],[102,-9],[58,-58],[8,-128],[25,-65],[-6,-145],[-101,-91],[17,-85],[-70,-107],[-43,-30],[65,-110],[56,-53],[-43,-122],[-18,-11],[-166,-14],[-175,-95],[-31,-22],[-127,-63],[-157,-128],[-215,-54],[-24,-1],[-58,56],[-113,55],[23,20],[-48,20],[-29,-24],[5,-19],[-22,-8],[21,-83],[-20,-26],[-53,7],[-28,-66],[7,-24],[-32,12],[-72,-18],[-97,-62],[-215,49],[17,63],[-268,3],[36,-262],[-206,-22],[75,-71],[52,-13],[-62,-41],[161,1],[171,-63],[69,-56],[45,-3],[26,-31],[-35,-10],[4,-200],[26,-9],[-2,-14],[114,-9],[69,-101],[21,-74],[-4,-59],[-33,-18],[30,-74],[29,13],[-29,-103],[-33,-76],[-71,15],[1,25],[-31,15],[0,43],[-39,2],[-18,-100],[-14,-80],[-83,36],[-45,-2],[48,-18],[20,-30],[15,-54],[78,-97],[4,-50],[14,-20],[-9,-31],[15,-50],[-58,-81],[-32,-19]],[[88448,47447],[-73,-74],[-122,99],[-60,-83],[-111,13],[-140,-18],[-127,29],[-5,-15],[-95,-3],[-98,-2],[14,60],[-38,7],[6,31],[-37,46],[19,28],[-170,17],[-118,-77],[-46,3],[-40,-117],[-30,2],[-42,90],[0,45],[-125,0],[15,38],[-26,104],[-5,101],[-52,-2],[-106,33],[-72,-21],[-26,55],[-240,47],[19,116],[71,-45],[-90,97],[-2,-35],[-21,-11],[-88,7],[-37,99],[-21,-31],[22,-32],[-54,22],[-45,-16],[3,12],[-12,1],[-42,-67],[-61,-4],[8,44],[48,42],[-12,13],[14,14],[-19,32],[-36,6],[-18,50],[-64,6],[-8,39],[-48,37],[32,44],[-29,23],[-42,28],[-110,-74],[8,-38],[-13,-39],[-47,-59],[-79,21],[22,-31],[21,-3],[-7,-18],[51,-61],[-5,-25],[-50,-15],[-59,58],[-97,50],[-11,-16],[-68,9],[-96,-48],[-32,46],[-7,49],[-112,1],[47,-44],[5,-53],[17,-28],[-126,-40],[-20,-11],[-19,-53],[-191,-73],[-10,-10],[7,-130],[-226,13],[-7,-58],[40,-11],[-1,-40],[54,-5],[-12,-66],[-42,2],[-9,38],[-56,44],[-48,8],[2,15],[-62,-10],[-49,21],[-175,0],[-32,26],[-29,86]],[[76114,63840],[22,6],[-10,17],[99,31],[16,43],[48,8],[108,-54],[127,53],[168,-43],[77,4],[85,-27],[28,18],[179,12],[27,31],[24,-7],[98,64],[9,-33],[161,1],[22,-32],[-6,-46],[-23,-30],[90,-50],[-15,-34],[-226,-183],[13,-19],[50,12],[3,21],[62,-6],[13,15],[58,-74],[-15,-40],[20,-47],[-13,-1],[-3,-22],[66,-47],[76,13],[54,38],[76,-10],[29,12],[93,-17],[25,24],[95,-11],[30,22],[21,-17],[123,18],[57,29],[31,-37],[37,16],[198,-72],[49,1],[184,-5],[35,122],[-81,20],[1,15],[46,28],[2,33],[51,2],[-64,110],[-94,0],[-10,24],[6,114],[64,-11],[3,119],[80,-14],[9,21],[-25,11],[-5,77],[293,-26],[166,-84],[66,-78],[-1,-43],[22,21],[21,-14],[44,37],[124,32],[73,46],[72,-13],[-15,-20],[9,-16],[-38,-48],[76,-42],[16,27],[65,-60],[-9,-4],[11,-20],[45,-23],[-26,-52],[83,-51],[-34,-42],[129,-66],[147,-50],[113,-12],[-7,-16],[29,-14],[-30,-53],[-9,-41],[48,-22],[6,-29],[-85,-65],[-35,-58],[-5,-46],[83,0],[-10,-63],[97,-10],[-4,-31],[18,-2],[0,-22],[75,-64],[-4,-34],[31,-42],[-6,-26],[202,-68],[-15,-19],[31,-15],[566,-133],[-6,-9],[14,-11],[15,10],[-16,33],[-11,-3],[-25,115]],[[81071,62717],[330,109],[-13,21],[50,37],[293,88],[152,28],[-8,10],[31,5],[-20,25],[42,27],[190,-22],[105,-32],[-14,-39],[14,-3],[4,-32],[100,-49],[-53,-100],[123,4],[101,-43],[-34,-59],[178,-29],[60,6],[28,-17],[-46,-145],[115,20],[-22,-57],[-20,-1],[10,29],[-20,2],[-33,-30],[-45,-2],[-17,-25],[86,8],[8,-15],[141,-1],[35,-17],[269,105],[91,16],[74,-22],[-6,-35],[-44,-42],[20,-32],[-22,-41],[5,-21],[49,-34],[67,-168],[19,-34],[17,4],[15,-47],[18,-6],[-4,-42],[48,5],[15,-38],[41,8],[31,-21],[85,18],[85,-45],[4,17],[75,-13],[17,-28],[-5,-41],[19,-68],[-70,-56],[-27,23],[-9,-10],[2,-47],[62,-26],[-17,-29],[2,-39],[43,25],[3,-21],[49,7],[-2,-31]],[[81625,60012],[18,-13],[2,-70],[-37,-38],[-58,42],[-64,-8],[-65,31],[-29,44],[-24,-6],[-388,164],[-41,2],[-32,-10],[31,-27],[4,-39],[-12,-8],[-114,-11],[-39,-30],[-92,14],[-36,-18],[-117,44],[-90,-90],[-86,1],[-48,78],[60,22],[-34,119],[146,42],[-42,100],[-40,-8],[-13,28],[-120,78],[108,106],[22,25],[-93,81],[-99,70],[-96,30]],[[80178,60934],[-1,21],[-60,45],[-39,-23],[-190,67],[-57,-49],[-25,-55],[-33,5],[-39,-50],[-181,59],[-57,-17],[16,-32],[-73,-11],[-21,29],[-218,-32],[3,-36],[-233,-72],[-65,-6],[-243,46],[4,32],[-50,1],[-46,52],[-31,-14],[-10,13],[-67,0],[-2,-18],[-80,-27],[-117,35],[-41,92],[-44,-6],[-11,-22],[-28,49],[45,8],[-20,27],[-67,24],[5,30],[37,-9],[17,29],[-83,7],[-4,-24],[-104,0],[-28,-10],[-12,-36],[-278,33],[-20,-84],[39,-42],[-11,-41],[-118,37],[-76,-45],[1,-25],[27,-6],[37,-52],[58,-8],[50,-47],[-18,-39],[40,-105],[-17,-35],[-94,-11],[-20,-6],[4,-13],[37,-6],[12,-57],[33,-20],[-37,-34],[-24,18],[-51,-61],[111,-28],[-99,-135],[14,-16],[-19,-14],[17,-27],[186,-3],[119,39],[-16,-37],[5,-36],[-58,-14],[-31,-104],[-47,-54],[-36,4]],[[77072,59804],[-147,-39],[-84,-5],[-15,22],[-38,-13],[-54,55],[-18,97],[-20,14]],[[76696,59935],[-18,74],[85,43],[2,91],[47,75],[-28,10],[-33,-34],[-63,-16],[-65,45],[13,47],[-7,37],[55,50],[101,9],[19,63],[-78,-15],[-86,-54],[-116,61],[-23,-42],[-78,1],[-59,-63],[-60,4],[-12,71],[-64,21],[65,64],[-87,38],[-4,52],[-17,30],[6,75],[-32,17],[-66,-5],[-15,31],[-80,26],[-39,-22],[14,-33],[-9,-33],[-65,-54],[-1,-24],[33,-41],[-55,-62],[-33,-4],[-51,34],[-65,-61],[-114,12],[-50,-36],[-29,45],[-86,75]],[[75448,60537],[-34,102],[55,43],[34,60],[66,36],[28,63],[-78,14],[-49,58],[-134,-52],[-31,-52],[-109,-15],[26,56],[-12,42],[51,42],[84,237],[187,164],[-38,15],[-21,36],[-9,207],[29,104],[-54,14],[4,53],[41,58],[-55,-6],[2,50],[23,56],[128,-52],[142,-31],[50,61],[234,67],[-51,-1],[2,117],[48,13],[10,53],[-45,93],[25,9],[-15,61],[36,32],[-29,22],[8,17],[33,0],[0,68],[-30,55],[-1,39],[-61,23],[-15,23],[51,36],[-1,28],[-85,-10],[-47,107],[4,27],[52,37],[-62,60],[-52,3],[-56,53],[53,25],[-12,34],[-34,16],[-42,-30],[-20,13],[8,28],[54,49],[-12,-3],[-5,14],[27,7],[-40,28],[69,36],[1,36],[95,15],[-6,16],[29,22],[-41,43],[24,20],[-15,19],[0,47],[-15,19],[-73,7],[-28,89],[21,32],[56,4],[-26,23],[14,28],[-3,60],[25,12],[39,-11],[24,23],[-8,40],[9,91],[-24,32],[83,0],[107,-39],[53,63]],[[92428,65040],[43,-87],[-29,-78],[4,-61],[-84,-112],[-163,-158],[-58,-101],[5,-97],[68,-96],[100,-40],[540,-52],[95,-29],[77,-76],[31,-61],[92,-56],[41,-63],[100,-87],[245,-181],[332,-120],[120,-74],[104,-37],[84,-126],[108,-46],[88,-128],[181,-164],[73,-122],[106,-74],[27,-44],[1,-49],[33,-57],[171,-50],[41,-37],[28,-104],[35,-42],[285,-162],[159,-96],[89,-21],[235,-127],[106,-29],[122,-93],[125,-58],[103,-128],[31,-121],[70,-78],[145,-81],[24,-59],[-22,-46],[-137,-90],[-47,-50],[-20,-117],[-78,-122],[-1,-46],[17,-42],[34,-72],[22,-107],[147,-84],[47,-78],[-7,-47],[-50,-77],[-131,-98],[-17,-72],[-22,-82],[-76,-57],[-50,-72],[-68,-46],[-59,-81],[-170,-32],[-84,-62],[-46,-88],[21,-152],[-90,-133],[-15,-73]],[[94713,59008],[-89,17],[-325,138],[-42,1],[-74,-20],[-54,-47],[-51,-87],[-108,39],[-69,3],[1,15],[-121,37],[59,125],[13,62],[38,52],[-61,2],[-150,6],[-185,65],[-22,40],[-8,95],[61,45],[-16,101],[-40,119],[-21,35],[-50,24],[22,26],[1,72],[23,60],[-144,57],[-75,50],[-42,75],[-61,35],[-72,104],[-78,30],[-75,37],[-197,30],[-52,-114],[1,-145],[-11,-12],[13,-9],[-49,-62],[-81,-30],[-268,-7],[-123,-43],[3,-22],[-38,-8],[-174,42],[-20,-106],[-40,6],[-12,-45],[-103,31],[50,84],[8,54],[-88,177],[-195,-44],[-194,-70],[-49,-74],[-13,-77],[-117,-127],[-123,102],[0,70],[29,2],[5,34],[-65,-13],[-98,57],[-5,-25],[-56,17],[-51,-32],[-40,41],[0,37],[-50,22],[-31,37],[-46,-3],[-16,22],[-15,-7],[15,-23],[-45,-21],[-14,21],[-75,-33],[-101,22],[-135,-11],[-66,-75],[-45,8],[-44,-55],[-20,-73],[-61,-16],[-12,-28],[-152,-6],[7,56],[-14,2],[-232,-206],[-3,-29],[-187,20],[18,51],[-348,35],[6,76],[-23,54],[45,22],[62,71],[-161,11],[-110,-16],[4,14],[-24,6],[-1,222],[-253,79],[5,19],[42,21],[-48,68],[-164,1],[-51,-43],[-65,-57],[-56,-99],[-41,-132]],[[81071,62717],[-32,149],[53,14],[133,-38],[160,58],[27,45],[104,47],[-134,46],[59,52],[323,200],[99,5],[-8,162],[20,131],[-107,25],[57,197],[12,-16],[7,78],[36,-49],[81,21],[48,20],[47,81],[-51,36],[215,96],[63,57],[81,6],[53,125],[-75,-12],[-51,13],[-1,31],[-160,31],[17,40],[176,-28],[96,16],[0,49],[-162,-11],[-10,33],[73,-4],[106,17],[-2,32],[-54,33],[-45,79],[-2,69],[139,10],[14,-68],[109,4],[4,37],[-57,7],[-4,47],[90,-11],[-1,15],[53,-2],[79,-100],[122,-25],[14,69],[-20,83],[14,92],[-10,23],[-125,11],[-3,66],[-53,248],[67,40],[180,91],[43,212],[-21,118],[13,27],[34,17],[17,73],[-22,17],[1,75],[-29,74],[-28,93],[27,141],[-205,-10],[-41,77],[-134,28],[51,147],[69,71],[106,75],[-81,88],[12,289],[-18,4],[0,34],[19,-7],[0,17],[-18,4],[1,22],[26,102],[-51,26],[-67,-7],[-7,13],[-141,-18],[-52,19],[-19,-28],[-119,6],[12,47],[-46,32],[10,15],[-20,45],[-30,20],[-75,-7],[-53,16],[7,18],[-59,17],[30,30],[-33,13],[-41,117],[39,19],[44,-22],[15,34],[21,-2],[2,28],[-33,15],[-1,30],[24,3],[-14,45],[45,73],[49,-3],[34,81],[-5,31],[242,-41],[7,29],[53,33],[-3,17],[41,7],[5,26],[47,6],[-3,71],[33,-11],[127,27],[-108,39],[-61,0],[-3,-14],[-28,23],[-64,-41],[-18,31],[15,26],[86,33],[-152,23],[12,41],[-46,45]],[[82405,68154],[-3,22],[61,19],[90,5],[-1,-23],[37,4],[5,13],[-15,14],[35,37],[35,-8],[58,41],[-11,110],[68,0],[41,56],[64,19],[-5,17],[35,39],[112,52],[73,-1],[43,31],[34,-38],[55,-2],[8,26],[-17,26],[31,62],[31,3],[-12,32],[33,11],[-8,16],[56,20],[31,-48],[78,25],[-10,58],[25,62],[-43,116],[44,36],[13,18],[44,-6],[23,18],[86,-24],[11,-25],[33,3],[38,85],[127,75],[-9,-48],[11,-11],[50,20],[7,19],[101,7],[28,-34],[35,11],[14,25],[17,7],[29,-26],[43,-90],[1,-67],[125,-166],[68,5],[140,-51],[80,103],[-16,21],[38,59]],[[84600,68934],[13,44],[30,-15],[-28,-31],[-6,-33],[23,-8],[56,-103],[-85,-80],[43,-37],[3,-43],[81,-14],[51,20],[101,-42],[1,-29],[30,-49],[-48,-38],[3,-23],[101,66],[41,9],[3,-35],[32,-22],[-77,-48],[-3,-18],[253,-111],[-167,-212],[79,-42],[-133,-175],[39,1],[35,32],[49,-14],[-48,-4],[-77,-57],[73,-14],[-23,-29],[43,-21],[-7,-39],[116,-71],[31,-54],[2,-45],[61,-28],[19,-67],[-19,-28],[102,-60],[86,6],[48,-16],[19,-52],[46,-5],[21,-34],[23,-4],[-5,-27],[45,-42],[-5,-29],[39,-29],[-6,-18],[12,-13],[-25,-25],[5,-35],[58,-18],[58,8],[72,-95],[142,-18],[56,-23],[7,-35],[-62,-57],[18,-13],[6,-32],[-70,-150],[34,-72],[64,-19],[164,-4],[94,73],[11,-51],[55,-39],[41,-69],[-2,-30],[31,-56],[49,-10],[170,17],[10,-80],[85,-5],[-3,-52],[36,13],[-51,-97],[-32,-1],[1,-31],[180,-1],[2,20],[42,-3]],[[91845,53278],[-69,-75],[-3,-115],[5,-68],[-16,2],[-12,-38],[8,-13],[-22,-48],[12,-96],[-9,-86],[-26,-35],[8,-23],[10,-9],[33,24],[31,-19],[154,1],[43,-39],[9,-45],[18,4],[15,-30],[50,-24],[-8,-93],[2,-46],[73,-46],[-13,-4],[9,-18],[-36,-11],[28,-54],[-12,-16],[-51,-4],[-16,-32],[14,-16],[-23,-26],[-77,-217],[-27,-121],[17,-55],[43,-34],[43,-87],[113,-22],[113,37],[37,-84],[5,-73],[-32,-46],[-7,-64],[-22,-52],[-50,-56],[-40,-14],[-12,19],[-60,-10],[-50,-99],[-61,-110],[-27,-100],[-81,-73],[113,-117],[98,8],[35,-99],[30,-28],[-34,-37],[29,-29],[42,-102],[77,-37],[141,10],[107,29],[22,-34],[96,-2],[-20,-114],[82,40],[54,-44],[33,-52],[168,-37],[-1,-20],[-45,-12],[3,24],[-34,-3],[-55,-52],[-97,-168],[-102,33],[-25,-14],[8,-91],[-12,-25],[-152,18],[-93,-155],[-6,-39],[52,-84],[-11,-40],[9,-17],[103,-27],[-15,-55],[29,-102],[-19,-67]],[[92486,49378],[-140,6],[-28,27],[-36,1],[-44,-37],[-38,-59],[7,-54],[99,-95],[-36,9],[-25,-29],[-156,25],[-78,-17],[-62,-87],[-6,-71],[-39,-74],[3,-34],[-68,-55],[-119,-15],[22,-44],[106,-110],[-13,-23],[-132,-59],[-283,88],[-49,-55],[23,-40],[168,-124],[-24,-97],[20,-40],[68,-41],[-169,-73],[-51,-54],[55,-14],[24,-59],[-69,2],[46,-45],[8,-67],[-66,-22],[-81,-98],[-55,-2],[-43,-35],[9,-54],[75,1],[20,-53],[-126,27],[-84,-31],[1,-28],[40,-14],[-21,-46],[-73,-32],[-9,-31],[21,-22],[17,-93],[-261,37],[18,99],[0,109],[-74,24],[-23,15],[-72,-9],[-116,-84],[-36,0],[-123,-54],[-104,-14],[15,-50],[-163,-17],[-62,-26],[-132,20],[-43,56],[-232,17],[-30,-4],[27,-19],[-4,-52]],[[89680,47479],[-53,-11],[-83,-69],[-99,35],[-216,-37],[-52,-89],[-75,12],[-3,-28],[-17,4],[-18,-22],[-5,74],[19,0],[3,29],[21,-2],[11,19],[-97,24],[-39,-64],[-105,-54],[-15,-1],[-100,41],[-120,-14],[-61,23],[-128,98]],[[96228,57830],[139,-7],[207,-90],[152,-15],[283,-74],[58,-44],[53,-109],[94,-86],[-1,-29],[-27,-49],[-21,-142],[-51,-101],[-136,-100],[-29,-55],[25,-56],[79,-64],[49,-66],[19,-52],[0,-65],[-84,-124],[-113,-105],[-27,-53],[42,-205],[-21,-87],[5,-41],[48,-85],[98,-99],[184,-48],[144,-85],[73,-70],[43,-97],[68,-83],[-16,-58],[-102,-79],[13,-39],[-9,-45],[34,-41],[-19,-72],[6,-57],[-67,-32],[8,-66],[-125,-109],[-12,-66],[-89,-38],[-6,-27],[22,-17]],[[97219,54698],[-37,-15],[-37,42],[-75,40],[82,72],[-86,19],[-10,-56],[-135,-64],[-7,-31],[-105,40],[12,18],[-78,47],[42,53],[-44,22],[-96,121],[-289,9],[-124,57],[-96,8],[-105,-50],[-46,-59],[-39,-11],[-41,-47],[-2,-15],[26,-16],[-15,-16],[-16,-79],[-39,-8],[-3,-33],[-290,60],[-194,-33],[-77,97],[-13,77],[13,84],[-78,84],[-2,44],[-29,57],[43,55],[14,47],[-26,34],[-142,-108],[-176,-97],[21,-46],[5,-56],[-13,-3],[-9,-53]],[[76114,63840],[-12,54],[67,24],[-27,59],[43,14],[-118,182],[-55,215],[21,51],[-67,81],[19,101],[-85,61],[-58,15],[-17,0],[-11,-50],[-35,9],[-14,47],[-52,23],[-20,28],[-26,82],[-36,-6],[-66,-75],[-109,-73],[-393,-133],[-22,7],[80,139],[-110,112],[21,150],[35,20]],[[75067,64977],[36,-8],[25,31],[308,60],[172,55],[23,71],[58,56],[70,18],[82,-26],[247,6],[326,68],[-33,108],[-70,85],[-51,100],[2,48],[111,88],[93,-41],[54,28],[53,-22],[29,7],[113,181],[-12,40],[4,49],[43,9],[-16,111],[25,46],[146,4],[34,40],[28,1],[63,-39],[117,34],[71,49],[144,8],[187,59],[-8,138],[-14,40],[-39,34],[-24,83],[35,25],[61,5],[5,108],[-36,49],[3,16],[-24,15],[11,22],[-37,20],[-57,-66],[-29,-3],[-37,-52],[-37,3],[-3,-24],[-62,-25],[33,-57],[-44,-36],[11,-28],[-10,-27],[-60,-29],[-49,19],[-37,67],[-31,-12],[-10,25],[-75,-15],[-14,-14],[8,-28],[85,-40],[9,-50],[-68,-26],[13,-18],[-32,-6],[-46,47],[-37,8],[-7,62],[-68,54],[-20,-2],[-16,47],[-34,26],[-17,40],[-57,-3],[-10,34],[-63,73],[-139,62],[-18,98],[79,196],[49,13],[6,30],[50,63],[105,-41],[48,-1],[17,204],[68,3],[24,19],[-112,59],[-21,44],[-11,-29],[-264,126],[58,68],[-76,124],[105,79],[34,68],[56,-7],[25,25],[1,44],[113,46],[-4,29],[19,10],[-79,155],[36,65],[17,87],[-175,41],[-20,55],[-59,82],[106,44],[138,140],[19,45],[57,29],[-4,19],[102,102],[17,-46],[41,35],[-34,66],[-48,50],[-88,48],[-16,50],[-64,95],[-33,-1],[-86,85],[35,23],[3,180],[-29,78],[-89,113],[72,53],[72,-12],[37,50],[-22,47],[34,51]],[[76763,69961],[57,-38]],[[76820,69923],[172,-57],[112,-78],[77,-5],[63,-41],[101,-1],[30,-43],[14,-45],[-55,-111],[74,-67],[80,5],[156,-54],[34,-48],[-4,-95],[33,-60],[35,-17],[50,-70],[186,73],[261,-12],[44,30],[-3,51],[234,30],[172,-32],[140,-71],[273,-85],[26,-40],[41,-8],[82,53],[14,29],[59,3],[37,33],[226,8],[92,-23],[2,-34],[21,-25],[47,10],[15,-30],[-29,-7],[-17,-37],[-34,-13],[-6,-34],[33,-17],[-46,-25],[1,-19],[60,-44],[98,-35],[77,-4],[36,11],[171,-30],[59,-32],[167,15],[40,29],[90,-13],[5,-32],[-73,-177],[-85,-78],[168,-53],[33,-60],[43,-17],[84,12],[21,-21],[39,3],[46,40],[46,-15],[29,13],[16,31],[40,5],[6,28],[22,12],[35,-3],[-23,-23],[24,-40],[15,0],[7,31],[25,16],[6,-24],[18,-5],[28,41],[52,-12],[61,14],[29,35],[40,13],[31,-19],[6,-30],[32,-28],[42,-76],[72,-15],[29,-41],[80,-42],[36,19],[45,-11],[13,80],[93,31],[5,35],[22,11],[173,24],[38,-19],[5,-19],[-23,-30],[-72,-24],[6,-20],[124,22],[58,-29],[24,12],[-1,48],[-58,39],[49,16],[44,39],[139,16],[108,-35],[-5,-35],[26,-22],[1,-22],[-52,-10],[-94,-52],[-18,-14],[9,-34],[-121,-30],[-44,-48],[45,-21],[122,61],[31,-21],[11,-80],[17,-31],[43,-4],[19,-12],[4,-22],[37,-6],[36,28]],[[75837,64637],[39,35],[8,-15],[-47,-20]],[[77200,55206],[-140,16],[-100,148],[-128,79],[-35,41],[-73,159],[-8,66],[-32,38],[-134,44],[-68,60],[-132,30]],[[76350,55887],[-41,70],[-27,160],[-29,46],[-3,32],[-16,25],[-57,21],[-96,48],[-70,131],[-50,56],[23,91],[-116,45],[-31,39],[101,184],[111,-46],[57,26],[-25,27],[-7,52],[-17,0],[-2,58],[74,57],[23,53],[-72,21],[32,50],[97,54],[63,-22],[96,29],[86,97],[35,-16],[36,41],[-5,17],[-49,10],[-35,2],[-3,36],[-23,15],[-165,-11],[-24,29],[117,13],[-48,36],[8,16],[-108,17],[30,34],[-145,27],[27,79],[59,77],[-31,27],[9,128],[96,213],[-5,15],[88,112],[73,158],[24,36],[49,17],[109,197],[45,54],[-89,71],[2,28],[-121,127],[11,43],[21,19],[112,17],[43,86],[-95,32],[-23,56],[30,73],[54,35],[14,24],[-18,40],[10,46],[-25,48],[-61,-18],[-106,33],[-43,21],[-4,44],[193,89],[-66,80],[115,44],[-4,50],[45,64],[-37,19],[14,17],[-4,35],[101,19],[9,23]],[[85204,59300],[7,-17],[-24,-97],[-41,-15],[32,-13],[-23,-62],[-93,-11],[-44,-136],[-33,-46],[-97,-104],[-202,-66],[22,-25],[-2,-19],[-27,-23],[18,-7],[1,-59],[-30,-9],[18,-73],[-247,-90],[-179,61],[-56,-6],[-19,-22],[-26,11],[-68,-42],[11,-31],[-97,-24],[-29,-31],[-30,15],[-28,-79],[127,-104],[-41,-49],[-79,17],[-115,-48],[-30,15],[15,13],[-26,17],[-63,-42],[32,-15],[22,-50],[41,9],[8,-15],[26,0],[41,-63],[-12,-30],[59,-27],[7,-21],[-43,-29],[-26,-58],[-105,-57],[-21,8],[-12,-26],[-33,10],[-18,-20],[0,-26],[-66,-46],[-58,17],[-40,-62],[-3,-47],[-26,0],[-42,-52],[63,-72],[-16,-11],[4,-24],[17,-4],[-15,-39],[-72,-35],[-14,-23],[10,-1],[-38,-66],[16,-7],[-2,-16],[-64,-29],[18,-11],[-4,-12],[-33,-23],[-65,-168],[-202,-135],[8,-39],[-101,-26],[-183,-114],[-155,-89],[-90,-82],[-209,-107],[-189,-22],[37,-62],[40,-33],[16,-63],[60,-3],[79,-74],[-21,-38],[-8,-71],[171,-222],[12,-12],[-19,-11],[-65,13],[-38,-71],[-79,-16],[-15,-26],[36,21],[38,-5],[-42,-59],[-47,-15],[33,-30],[-15,-5],[-22,-71],[-34,-7],[40,-45],[-82,-9],[-33,-100],[8,-156],[-14,-34],[50,1],[53,-35],[-34,-27],[63,-29],[-11,-57],[52,-27],[-118,6],[-76,32],[20,20],[-122,51],[-123,4],[-76,-17],[-116,35],[-91,-97],[-107,-18],[-44,-71],[-103,46],[-14,-55],[-75,11],[-79,-257],[-166,-43],[-93,-5],[13,-41],[-388,-89],[-5,-33]],[[80567,54445],[-90,34],[-33,48],[-103,31],[-102,-8],[-169,103],[2,30],[-101,32],[-151,8],[-58,42],[-26,57],[-46,16],[-92,-4],[-68,-53],[-33,-161],[-259,-31],[6,-109],[-104,-14],[-544,44],[-4,18],[17,20],[-47,149],[8,21],[-321,70],[-118,95],[-37,134],[-1,53],[-169,16],[-26,-55],[-41,-45],[-25,-114],[-133,12],[-66,28],[-56,79],[-123,53],[-65,53],[-74,91],[-115,18]],[[67703,67657],[82,-16],[65,10],[59,-32],[5,-21],[82,-5],[87,-3],[60,44],[26,-16],[38,8],[61,-29],[-13,-16],[62,-19],[198,28],[71,-21],[16,-33],[16,14],[90,-21],[30,19],[60,-26],[1,17],[57,47],[-16,8],[-59,152],[6,48],[27,71],[77,-35],[79,-3],[67,49],[145,-49],[46,6],[36,27],[95,9],[122,-66],[-2,-85],[91,20],[140,-30],[15,-58],[48,15],[19,33],[210,-2],[15,45],[104,18],[-13,46],[77,46],[-20,26],[-30,116],[17,10],[6,-22],[32,5],[-6,42],[78,117],[38,22],[-4,51],[-55,62],[39,77],[-79,27],[17,29],[-27,79],[12,79],[21,19],[-76,66],[122,55],[87,-13],[110,44],[86,106],[153,65],[24,82],[87,50],[88,-39],[156,18],[38,41],[241,-23],[38,30],[39,-5],[22,-46],[51,-28],[-10,-38],[61,-24],[1,-19],[110,13],[1,-143],[15,-25],[55,11],[108,21],[177,88],[124,-3],[35,17],[58,-29],[39,3],[146,8],[19,22],[90,-5],[-1,30],[36,9],[-9,31],[-61,43],[-64,79],[-99,7],[-82,87],[37,15],[77,-24],[29,15],[290,-28],[16,-20],[112,-18],[44,97],[45,43],[109,49],[21,42],[22,10],[24,43],[-1,72],[45,-4],[59,-47],[117,-14],[231,11],[23,-29],[53,23],[16,58],[51,61],[31,13],[50,80],[19,81],[108,8],[11,-48],[80,-20],[49,66],[134,-1],[44,53],[-44,131],[31,67],[-64,152],[73,28],[-4,13],[142,73],[-5,9],[151,53],[-32,42],[17,9],[-27,71],[-37,9],[8,47],[28,21],[-52,48],[140,5],[35,-20],[101,-4],[5,-27],[13,-1],[-4,-97],[25,-142],[85,-16],[147,-12],[-7,71],[225,-16],[1,34],[37,36],[2,78],[16,-27],[91,28],[33,-63],[6,-73],[103,-123],[157,49],[5,35],[-21,7],[10,43],[42,38],[181,-9],[80,48],[67,10],[10,-65],[50,-122],[52,-49],[24,-55],[126,-61],[-22,-32],[23,-12],[38,12],[62,-11],[66,44],[100,10],[167,-17],[2,-46],[120,-23]],[[75067,64977],[15,28],[-33,11],[-49,-62],[-36,-70],[-18,-74],[-128,22],[-139,-7],[-2,63],[-40,45],[-87,-31],[11,28],[-11,8],[-93,25],[-62,-35],[-44,34],[-118,-9],[-62,26],[-28,-24],[-108,-10],[3,-25],[-10,-40],[-127,-7],[-27,-52],[-29,-7],[-188,57],[-21,-13],[-49,61],[-60,38],[-124,36],[-73,1],[-246,28],[-71,44],[-73,95],[-47,29],[-308,13],[-69,35],[-37,47],[-12,59],[15,45],[56,67],[135,95],[22,56],[-10,56],[-70,58],[-83,28],[-165,2],[-212,44],[-58,48],[-77,130],[-54,59],[-76,48],[-99,34],[-100,0],[-232,-114],[-86,-10],[-71,44],[-33,64],[6,167],[-33,59],[-48,30],[-53,5],[-180,-51],[-91,19],[-64,42],[-29,47],[7,63],[129,142],[7,27],[-22,46],[-83,35],[-95,-5],[-177,-62]],[[97219,54698],[42,-70],[-36,-75],[-6,-64],[-49,-40],[-35,0],[-19,-35],[19,-36],[9,-103],[51,-88],[35,-12],[27,-43],[-16,-118],[-53,-56],[-56,-21],[-27,-52],[18,-84],[-27,-28],[-24,-80],[-58,-50],[-14,-28],[28,-47],[-4,-21],[-115,-75],[-52,-8],[0,-56],[-97,11],[-16,-45],[-57,-38],[-19,-107],[-47,-21],[-30,-63],[-74,-17],[-87,-82],[-115,-15],[-34,-55],[34,-37],[12,-40],[-24,-7],[-21,36],[-31,-6],[22,-65],[-17,-25],[-69,28],[-47,-41],[12,-31],[-9,-29],[19,-32],[-30,-49],[4,-63],[60,-43],[31,-54],[0,-40],[51,-59],[59,0],[20,-23],[58,-18],[89,10],[25,-42],[84,-30],[27,-92],[41,-42],[-10,-45],[19,-51],[-1,-83],[-37,-69],[18,-20],[77,-18],[22,-24],[-56,-37],[-3,-19],[24,-36],[-33,-86],[50,-55],[52,-124],[82,-37],[22,-60],[91,-106],[90,-41],[235,-188],[68,-3],[22,-55],[-21,-47],[25,-24],[59,-13],[19,-62],[32,-27],[5,-51],[36,-30],[-22,-65],[-34,-42],[42,-75],[-16,-57],[18,-90],[-24,-58],[85,-103],[20,-86],[-6,-54],[-33,-52],[-67,-38],[-16,-45],[-84,-32],[-96,-97],[-4,-28]],[[97331,49849],[-79,53],[2,25],[-83,84],[-31,18],[-93,-8],[15,-80],[50,-83],[19,-70],[-117,-2],[25,-20],[-39,-136],[-22,-40],[-111,-91],[-14,-10],[-33,23],[-53,4],[1,18],[-209,-3],[-68,-40],[-186,-7],[-21,37],[-32,20],[23,24],[-39,48],[-24,120],[-43,28],[-93,6],[-8,53],[-15,13],[-92,9],[-30,-14],[-48,-75],[-57,-18],[-81,20],[26,-116],[-55,-40],[-136,-17],[-83,-51],[-58,46],[-19,-16],[-56,30],[-422,-44],[-32,-34],[8,-123]],[[94918,49390],[-55,30],[-226,-59],[-46,-27],[-91,53],[-100,0],[-10,-18],[12,-28],[-6,-44],[-93,-10],[-94,-74],[-12,-25],[-83,-44],[-118,0],[-5,-29],[36,-13],[-19,-52],[7,-21],[-35,-57],[-49,-10],[-42,27],[-3,49],[-35,90],[-145,55],[-111,11],[-41,34],[-92,35],[-185,14],[-20,-4],[-5,-32],[-50,-15],[-39,10],[0,18],[24,10],[-28,22],[-10,-13],[-102,10],[-21,16],[11,7],[-57,38],[-69,20],[-121,-14],[-92,24],[-111,-18],[-101,22]],[[83826,53062],[-11,147],[-63,2],[-28,81],[-59,0],[3,34],[-114,4],[-1,-73],[-46,1],[0,-20],[-56,6],[-92,-29],[-96,13],[-38,-75],[-312,30],[-69,32],[-56,65],[-3,29],[70,-9],[18,26],[-16,97],[94,11],[-27,100],[-193,32],[-9,-74],[-37,41],[-65,28],[-203,15],[-115,-37],[33,219],[-176,32],[39,142],[-208,27],[-4,-13],[-148,38],[-8,-78],[-231,-49],[-20,74],[-303,2],[-4,168],[-17,106],[-43,47],[-9,58],[-281,-60],[-148,-3],[-154,32],[5,133],[-58,31]],[[84600,68934],[-9,31],[14,23],[-17,4],[-3,17],[17,15],[18,-9],[30,38],[-12,10],[47,44],[-34,17],[2,-18],[-15,-3],[-17,19],[18,12],[-4,31],[21,51],[50,38],[-9,25],[39,-10],[56,29],[98,13],[35,72],[40,17],[3,34],[32,-6],[83,66],[336,-86],[33,3],[-5,30],[75,23],[97,-3],[69,-81],[18,-107],[99,-131],[33,1],[-11,-25],[15,-50],[21,-15],[83,36],[59,12],[2,15],[-21,12],[44,106],[-7,49],[47,5],[19,44],[47,32],[74,155],[16,18],[31,-21],[63,43],[-71,40],[39,24],[-21,3],[-11,28],[28,58],[35,-19],[118,-1],[3,-57],[41,-51],[186,29],[122,128],[-7,51],[92,111],[1,20],[-17,8],[7,18],[-37,52],[9,30],[52,-63],[10,-51],[114,30],[-18,148],[14,21],[-29,38],[7,36],[38,23],[3,92],[-72,12],[79,165],[149,-26],[34,90],[79,55],[1,35],[-56,15],[34,25],[-1,24],[17,17],[-8,16],[8,47],[-77,10],[-9,23],[31,7],[12,45],[58,20],[28,-15],[70,35],[7,37],[30,23],[134,18],[36,-22],[26,31],[85,10],[7,18],[44,12],[44,-10],[12,-47],[58,11],[88,157],[-62,98],[73,7],[-11,17],[24,46],[-43,21],[57,86],[71,-19],[21,-22],[12,39],[22,5],[-8,45],[71,73],[93,28],[59,59],[193,97],[61,62]],[[88609,71785],[65,40],[155,-12],[48,50],[48,-20],[0,-31],[51,-36],[253,-45],[166,43],[86,68],[129,171],[-155,35],[-64,-44],[-58,105],[-22,14],[3,31],[-127,32],[24,91],[-2,24],[-30,39],[-3,49],[67,238],[61,78],[63,-14],[8,15],[19,-35],[-21,-8],[-8,-107],[59,-56],[158,-228],[-18,-35],[228,-44],[264,-118],[-5,-19],[-20,-28],[3,-39],[-24,-35],[0,-35],[20,-42],[72,-19],[-77,-137],[364,-202],[-14,-28],[12,-12],[-4,-70],[-92,-18],[2,-27],[44,-48],[-15,-36],[-64,-38],[40,-67],[90,-51],[54,43],[160,50],[87,14],[75,-14],[335,59],[46,-53],[334,-11],[42,-179],[52,-17],[125,29],[94,-47],[14,15],[-14,38],[100,76],[98,4],[33,77],[108,146],[104,-31],[23,22],[294,-187],[113,-29],[185,9],[80,79],[80,50],[71,-70],[38,-6],[38,-60],[-38,-90],[50,-184],[-6,-109],[-82,-207],[-82,-149],[-170,-203],[-246,-220],[-307,-227],[-249,-228],[-53,-89],[-40,-153],[134,-14],[-2,14],[24,1],[4,-18],[62,0],[152,61],[151,27],[100,-36],[35,-30],[89,-18],[118,14],[93,-80],[116,22],[236,5],[118,28],[-2,79],[-31,118],[339,111],[-1,34],[62,99],[57,104],[8,65],[275,-28],[13,44],[100,17],[-2,27],[128,-15],[34,43],[8,45],[118,58],[146,8]],[[94616,70057],[26,-61],[-74,-180],[70,-79],[53,-298],[206,-19],[-8,-24],[53,-117],[-8,-33],[-58,-42],[-65,-82],[-21,-89],[-114,-94],[-94,-112],[-12,-127],[-29,-37],[-59,-34],[-99,-14],[-68,-36],[-23,-161],[-41,-69],[-29,-106],[41,-178],[98,-130],[44,-35],[-38,-70],[-10,-76],[-27,-202],[-75,-96],[9,-116],[-44,-176],[-64,-85],[-38,-127],[-123,-154],[-140,-70],[-95,-71],[-47,-67],[-130,-112],[-197,-116],[-82,-81],[-71,-27],[-129,-86],[-64,-10],[-84,-42],[-98,-13],[-149,-91],[-143,-48],[-34,-22],[-21,-59],[-35,-38],[-109,-19],[-50,-26]],[[75703,80638],[327,-43],[43,22],[58,-17],[41,21],[64,-5],[39,-29],[-36,-194],[10,-34],[-12,-63],[72,-17],[0,-37],[63,-35],[123,-120],[-251,-135],[-25,0],[-30,-30],[-133,13],[-111,-24],[-2,-22],[-43,-17],[11,56],[-185,-14],[1,-42],[-31,-35],[-11,-60],[-24,-37],[-122,-12],[-78,-52],[10,-22],[75,-6],[7,-41],[24,-16],[11,-66],[20,-6],[-53,-153],[-96,-67],[4,-51],[-16,-40],[18,-24],[-12,-18],[167,-105],[28,7],[-4,-25],[46,-42],[33,-65],[2,-51],[-29,-102],[3,-53],[-79,-17],[-2,-105],[-166,-21],[-33,36],[-30,1],[-53,-20],[-35,-45],[-47,-19],[1,-18],[-16,-3],[1,-34],[-107,11],[-158,-14],[-97,-50],[-69,-12],[-5,-26],[-13,22],[-57,-16],[-70,9],[-56,53],[0,82],[-71,-50],[-13,22],[16,10],[-13,26],[79,40],[-59,1],[-43,84],[13,33],[-18,17],[33,21],[-8,19],[-28,14],[-22,55],[-85,33],[6,22],[31,19],[-16,20],[39,70],[-39,10],[-19,46],[-93,11],[14,46],[-36,77],[-105,39],[-23,30],[3,39],[104,-23],[-4,90],[44,6],[4,51],[-11,21],[-58,31],[-7,31],[12,5],[-80,88],[68,17],[59,79],[-148,40],[-42,30],[-10,27],[-102,21],[-10,19]],[[73970,79831],[13,6],[41,15],[63,20],[146,-23],[221,13],[12,1],[15,1],[15,2],[99,16],[126,65],[13,-21],[1,-16],[-1,-15],[15,1],[10,1],[17,-36],[17,-37],[-15,-22],[12,-10],[17,-15],[-1,-9],[-4,-59],[-26,-5],[-1,-117],[-14,-33],[-32,-55],[-60,-36],[40,3],[33,-103],[19,-17],[-23,-64],[6,-3],[-24,-31],[-3,-15],[31,-110],[77,-136],[13,-3],[15,-16],[53,-32],[-6,-14],[53,-17],[5,4],[83,-31],[25,2],[-26,6],[1,8],[86,-5],[1,-7],[82,3],[1,5],[26,4],[18,0],[5,3],[3,2],[7,1],[4,0],[23,-33],[-29,-66],[10,-9],[27,66],[-22,55],[13,16],[-43,15],[-141,-13],[-24,-12],[-3,0],[-6,-2],[0,-3],[-16,-3],[-4,0],[-74,26],[-31,44],[-14,12],[-28,28],[-1,6],[-43,52],[-16,-2],[-2,3],[3,4],[2,4],[0,5],[-4,8],[-2,4],[-22,73],[-3,4],[-6,28],[14,13],[2,5],[9,25],[-10,34],[-2,6],[-1,6],[-2,6],[-6,26],[-1,4],[1,8],[3,35],[-10,7],[-8,3],[0,11],[5,34],[0,1],[2,22],[1,37],[-2,72],[6,9],[9,12],[33,4],[4,0],[-2,18],[26,5],[3,1],[21,4],[-7,18],[19,14],[54,2],[22,-24],[25,7],[61,4],[16,6],[6,2],[17,-15],[23,7],[11,17],[43,0],[-1,19],[-19,-1],[-25,-3],[-3,8],[-1,7],[3,16],[3,10],[6,29],[0,7],[31,21],[2,40],[-4,-1],[-8,5],[5,2],[15,8],[-15,13],[-108,-14],[-3,-2],[-10,6],[-36,37],[-50,-22],[-14,-4],[-23,-3],[-36,0],[-7,-5],[-5,-45],[-5,-2],[-48,-16],[-3,2],[-36,93],[6,4],[-16,40],[30,-18],[20,-11],[7,9],[30,-14],[48,9],[199,129],[161,177],[175,260],[165,149],[14,10],[56,33]],[[74877,79720],[7,21],[23,0],[-6,-46],[-24,25]],[[69274,74117],[19,-42],[87,17],[55,65],[27,1],[40,-35],[34,-56],[-3,-41],[51,-73],[-14,-79],[14,-94],[-21,-38],[13,-34],[-4,-119],[119,-72],[51,-83],[-3,-83],[-22,-37],[35,-58],[-42,-41],[-23,22],[-26,-11],[20,-70],[-54,-50],[-26,-156],[-50,-21],[15,56],[-68,11],[-12,-48],[-208,-75],[14,-31],[248,-92],[24,-45],[-150,-23],[23,-46],[-60,-9],[2,-20],[-318,-56],[-13,49],[-333,-59],[-1,18],[37,7],[0,33],[12,-1],[10,34],[-35,4],[17,38],[-76,-21],[-105,27],[109,248],[-154,159],[-46,26],[-7,34],[48,8],[-2,49],[40,81],[-46,55],[-29,-1],[7,81],[11,31],[-8,15],[-58,44],[-44,64],[-67,-8],[-72,75],[6,11],[-44,27],[19,26],[-87,27],[-82,-2],[-59,60]],[[68009,73790],[16,68],[-59,17],[-6,39],[67,14],[115,-10],[23,39],[-5,40],[11,10],[70,-18],[39,13],[4,18],[24,-11],[46,69],[66,-34],[80,5],[-5,-18],[27,-53],[38,-7],[20,16],[-15,45],[56,67],[114,3],[32,-44],[56,43],[27,-26],[46,10],[27,17],[28,85],[171,7],[-2,-22],[40,-3],[-8,-32],[16,-24],[106,4]],[[68515,73406],[69,-1],[-51,28],[-18,-27]],[[68450,74085],[13,6],[1,27],[37,-1],[-2,-42],[-49,10]],[[76820,69923],[96,161],[16,23],[-59,95],[-97,21],[-10,49],[-60,103],[-28,-5],[-31,-52],[-185,29],[55,52],[28,-1],[3,44],[104,-7],[-2,46],[-108,43],[-76,10],[-130,92],[287,175],[33,-37],[30,1],[3,47],[-18,14],[-98,108],[6,103],[32,7],[26,-17],[12,15],[-64,42],[-31,88],[74,62],[13,94],[-23,96],[66,67],[90,-15],[43,26],[102,69],[35,105],[29,59],[134,54],[-306,-14],[-52,37],[-66,125],[16,10],[-154,64],[13,26],[-17,78],[-97,119],[39,38],[14,67],[-9,31],[90,281],[-19,40],[32,62],[-4,57]],[[76597,72810],[45,6],[44,28],[0,49],[12,10],[188,116],[-25,58],[106,35],[47,-98],[188,-1],[-36,-101],[141,-16],[35,-37],[-15,-34],[65,-19],[32,66],[71,24],[49,104],[-154,213],[52,5],[-16,47],[74,32],[-6,89],[-29,91],[48,3],[-23,124],[-14,6],[77,118],[-53,22],[-69,73],[-62,124],[225,58],[104,23],[57,-71],[61,-21],[61,-49],[44,-9],[23,34],[44,-8],[-12,47],[-175,124],[40,19],[21,-34],[46,43],[0,74],[19,34],[-4,35],[-29,14],[134,64],[-7,-64],[-58,-67],[14,-37],[13,-8],[170,74],[86,-110],[23,-7],[9,-24],[-41,-40],[19,-9],[17,-49],[-31,-17],[33,-27],[18,-87],[55,-41],[122,6],[61,40],[92,-5],[64,26],[22,-18],[46,17],[51,-82],[175,3],[71,-4],[68,-60],[45,2],[-6,-35],[52,-26],[112,2],[20,-20],[123,145],[46,21],[62,5],[39,80],[-54,43],[-92,40],[-61,65],[-54,92],[-20,47],[-17,40],[15,33],[2,69],[83,153],[34,33],[-26,43],[21,12],[-19,52],[-75,11],[16,71],[-20,12],[3,32],[23,66],[-23,14],[12,11],[5,113],[145,4],[22,88],[-14,57],[-29,19],[-6,26],[34,20],[94,-12],[212,-30],[55,37],[55,-10],[28,47],[-33,31],[14,63],[54,44],[4,68],[-11,62],[-15,14],[20,32],[13,49],[-7,94],[70,-1],[47,30],[147,4],[103,67],[34,4],[-19,63],[24,56],[-1,43],[35,38],[12,47],[-34,122],[2,57],[101,48],[46,98],[29,-34],[17,-53],[9,13],[39,54],[164,69],[-84,3],[-36,23],[-11,20],[18,18],[-44,6],[-38,40],[54,54],[2,22],[-28,22],[-83,10],[-48,27],[-7,24],[35,30],[138,229],[151,-26],[-37,64],[-25,14],[89,26],[48,-45],[-16,53],[38,-3],[-20,50],[11,2],[-58,106],[-86,98],[-67,1],[-7,12],[16,3],[18,53],[-23,9],[69,91],[-2,49],[20,33],[15,-7],[55,94],[27,10],[52,67],[-66,66],[33,33],[-83,21],[53,76]],[[80899,77866],[209,-125],[193,-206],[60,-25],[101,-2],[6,22],[-20,8],[3,16],[31,26],[147,0],[83,20],[42,14],[52,99],[85,40],[119,-9],[135,72],[28,43],[251,-7]],[[82424,77852],[244,-123],[-22,-49],[-139,-32],[10,-42],[27,-26],[9,-57],[86,46],[117,11],[186,-97],[100,-20],[14,-8],[-43,-29],[73,-143],[114,-31],[-11,-7],[110,-62],[12,26],[-31,44],[9,26],[87,-64],[84,-21],[149,-135],[65,-39],[184,142],[271,-144],[59,-4],[64,-70],[41,-91],[17,-53],[75,-48],[-53,-44],[-103,-40],[-49,-75],[-3,-55],[71,-12],[-41,-88],[-12,-93],[-32,-29],[50,-34],[-114,-71],[-38,1],[58,-24],[-31,-36],[45,-56],[52,-31],[-64,-82],[-1,-42],[4,-39],[22,-5],[12,-32],[159,-74],[215,-202],[140,74],[170,51],[96,-93],[169,0],[17,151],[60,26],[54,62],[146,31],[37,126],[2,47],[236,-67],[38,19],[22,41],[58,-50],[27,-55],[102,-58],[25,-43],[-42,-118],[10,-58],[-45,-48],[-8,-52],[-34,-16],[0,-29],[-88,-41],[-60,6],[-106,48],[-80,-5],[-4,-189],[74,-21],[13,-41],[46,-21],[6,-39],[136,-113],[-129,-110],[60,-27],[-18,-22],[32,-15],[-20,-22],[42,-21],[129,91],[40,71],[76,-11],[197,-101],[66,-7],[44,-5],[1,-15],[77,-26],[0,33],[39,-19],[22,12],[78,-24],[52,5],[25,-26],[263,-28],[68,-67],[76,-41],[-18,-16],[18,-21],[62,-51],[9,-58],[-26,-6],[8,-23],[-13,-40],[128,-177],[35,-9],[12,-27],[34,-18],[66,-9],[321,61],[418,42],[40,-47],[110,-27],[188,-14],[230,29],[95,-14],[129,-55],[118,-54],[58,19],[5,-17],[-16,-22],[41,-13],[323,-4],[-30,-68],[-91,1],[-149,2],[-116,-83],[-239,-46],[-41,-53],[-21,14],[-97,-71],[-86,-91],[207,-118],[84,-14],[54,-23],[20,-54],[-14,-51],[-45,-40],[134,28],[27,-29],[99,-39],[17,-41],[42,-29],[-113,-5],[25,-30],[-18,-25],[-86,7],[-86,-73],[9,-29],[-69,7],[-100,-52],[-86,-73],[-40,9],[-24,-13],[50,-28],[0,-19],[44,-42],[-1,-94],[136,-46],[-47,-115],[-17,-8],[38,-33],[-11,-38],[27,-138],[-23,-24],[-62,6],[-77,-62],[-55,20],[-170,-25],[-10,-45],[37,-77],[-9,-43],[-79,-51],[-25,-70],[37,-24],[176,-8],[3,-27],[18,4],[-5,-41],[-71,-124],[10,-37],[34,5],[119,-108],[31,-9]],[[70235,78133],[27,14],[33,19],[35,25],[7,6],[114,155],[-24,113],[-7,15],[-7,26],[-4,13],[1,22],[3,4],[35,5],[10,2],[25,16],[7,5],[14,10],[11,4],[13,2],[50,0],[8,1],[39,21],[26,-15],[8,9],[-14,7],[29,8],[-19,10],[24,24],[6,4],[15,6],[12,1],[59,31],[-5,43],[2,14],[7,28],[8,34],[5,30],[-19,21],[-8,4],[-4,7],[-3,6],[-38,60],[-9,10],[-15,24],[-62,33],[-8,-2],[-26,-15],[-17,-10],[-10,-8],[-6,-8],[20,-48],[-2,-3],[-9,-3],[-80,-11],[-48,-26],[-6,-7],[-11,-9],[-7,-3],[-49,-79],[-4,-10],[-7,-26],[-7,-1],[-7,-7],[-11,-7],[-3,7],[-82,-22],[-2,-15],[50,21],[-84,-94],[-4,-9],[-7,-3],[-38,-25],[-12,-10],[-17,-4],[-2,4],[-15,-1],[3,-12],[3,-4],[-1,-6],[-53,-67],[-34,-21],[26,8],[4,-3],[0,-27],[-7,-5],[-74,-53],[2,-4],[-4,-6],[-6,1],[-7,10],[-3,8],[1,9],[4,10],[4,9],[5,11],[16,16],[7,1],[16,11],[-2,23],[-5,5],[2,6],[3,41],[-21,68],[4,59],[-22,14],[-48,-60],[2,-8],[-12,-10],[-1,29],[3,7],[10,12],[5,6],[20,20],[9,9],[172,175],[7,9],[20,22],[15,10],[105,45],[167,11],[89,38],[44,25],[23,14],[23,14],[95,68],[9,7],[205,191],[14,12],[6,4],[153,134],[41,37],[9,9],[8,5],[34,25],[12,12],[27,20],[9,1],[7,4],[102,11],[112,2],[12,-1],[15,0],[7,0],[15,-2],[33,-1],[17,1],[236,0],[9,0],[7,2],[106,8],[4,0],[5,0],[57,-8],[-13,-15],[11,-4],[29,-10],[78,-21],[12,-5],[16,-3],[11,-3],[35,-7],[177,-25],[205,-15],[215,19],[23,4],[12,2],[23,4],[9,4],[142,33],[12,2],[367,121],[135,39],[9,3],[67,8],[28,3],[81,15],[27,9],[50,16],[35,14],[81,29],[61,18],[28,7],[5,2]],[[75703,80638],[13,7],[13,10],[164,94],[532,238]],[[76425,80987],[-19,-104],[-44,-42],[17,-16],[176,-53],[-26,-50],[95,-2],[22,-40],[11,-53],[-10,-112],[67,8],[-9,-43],[44,-5],[10,-8],[-7,-20],[68,10],[-16,-52],[169,-31],[-32,-56],[63,-70],[71,2],[83,-36],[12,-28],[-15,-117],[17,-53],[-55,-43],[-127,-22],[5,-17],[28,8],[23,-68],[96,9],[49,-27],[-47,-56],[-38,-107],[145,-64],[-32,-40],[4,-14],[-50,0],[11,-41],[60,-76],[-4,-35],[13,-24],[24,-31],[58,-15],[1,-20],[-17,-12],[-49,12],[2,-116],[-3,-56],[20,-16],[-14,-20],[92,-24],[49,11],[3,23],[86,-12],[108,27],[-48,44],[62,12],[50,-21],[8,43],[24,19],[120,-86],[93,-119],[-46,-18],[2,-78],[32,-69],[40,8],[120,25],[56,30],[6,-16],[59,-16],[22,-45],[22,9],[38,15],[126,-1],[2,22],[15,3],[150,-50],[33,-35],[145,61],[46,-32],[47,-86],[108,-107],[9,-25],[69,-17],[53,17],[5,17],[12,26],[48,7],[2,21],[44,-6],[6,-42],[29,-32],[131,-39],[167,-160],[65,-30],[35,-53],[77,-27],[48,3],[66,-58],[129,-40],[18,-18],[-51,-9],[-27,-34],[64,28],[-1,-18],[-41,-20],[202,-127],[69,21],[3,40],[65,4],[89,97],[32,5],[88,-47],[23,11],[-7,-21],[22,-6],[-9,-15],[28,-3],[33,-48],[49,-28],[25,12],[123,-92],[-9,-28],[93,-40],[78,-22]],[[76597,72810],[-131,30],[-25,51],[11,38],[-55,46],[-216,1],[-58,16],[-8,84],[-124,58],[-65,12],[-77,20],[-77,55],[45,86],[-104,146],[-29,223],[-139,-4],[10,-14],[-127,-12],[-78,-45],[-160,-4],[-31,12],[-52,63],[-26,-7],[24,15],[-96,54],[-119,-64],[-6,27],[-41,10],[-37,-4],[-5,-25],[-43,9],[-10,24],[-72,31],[-30,66],[-27,19],[-23,-18],[-4,53],[-20,8],[7,24],[-165,52],[23,49],[-23,26],[16,22],[-29,33],[-26,-9],[9,-15],[-24,-1],[3,21],[-23,17],[-23,-11],[-35,99],[-72,73],[70,90],[-63,57],[-7,25],[34,24],[49,-12],[23,29],[-23,6],[-8,30],[-128,53],[-8,-12],[15,-9],[4,-51],[-51,4],[-21,40],[-47,-17],[-14,56],[8,39],[-49,4],[-5,53],[-45,8],[-165,-43],[-5,57],[62,0],[116,57],[-24,24],[-84,74],[-46,9],[-113,-36],[-56,-25],[-198,49],[-62,-43],[-120,10],[-86,-41],[8,-46],[-188,49],[-22,29],[0,23],[-74,60],[-20,-25],[-269,85],[53,79],[5,30],[-26,10],[9,10],[-11,16],[-73,8],[-56,-24],[-121,58],[-56,-8],[-72,45]],[[72250,75158],[-34,19],[13,46],[-27,26],[88,118],[23,17],[27,-18],[22,80],[-21,75],[-54,65],[6,14],[-34,6],[13,22],[-10,39],[25,34],[-82,56],[-17,-3],[-65,-27],[-151,49],[-62,-2],[-10,18],[87,21],[-22,16],[48,22],[-79,31],[53,100],[8,44],[-71,68],[75,59],[79,33],[11,35],[-19,3],[-28,57],[-101,59],[54,78],[69,46],[28,3],[14,-17],[57,42],[40,-6],[56,67],[-91,22],[11,63],[47,39],[-13,58],[39,15],[-24,18],[-48,-2],[-4,20],[23,26],[81,-14],[4,58],[32,13],[-34,126],[-45,1],[-15,19],[-29,48],[29,42],[-18,6],[2,20],[22,10],[-21,38],[59,122],[-39,7],[30,17],[-3,51],[60,42],[-97,36],[-96,61],[-60,-1],[-83,30],[-26,-6],[-22,-42],[-89,-12],[-31,23],[-5,-26],[-17,-6],[10,-18],[-29,-6],[72,-66],[-6,-39],[-84,-31],[-65,-50],[5,28],[-62,9],[-232,-27],[-3,-23],[22,-36],[-41,-77],[-33,-14],[-39,-77],[-50,9],[-10,18],[-45,-5],[13,49],[-26,50],[-47,31],[20,18],[-7,52],[-17,19],[38,50],[56,31],[-59,21],[-72,89],[-29,-13],[-14,21],[-50,10],[0,35],[57,8],[16,32],[-30,33],[7,20],[1,12],[-62,5],[-7,17],[-125,13],[-100,50],[-41,-23],[-47,41],[-35,-15],[41,-31],[3,-49],[-144,4],[-19,15],[-66,-12],[-41,29],[-6,44],[27,14],[35,97],[-72,48],[-10,48],[9,18],[-39,62],[32,14],[-153,106]],[[69804,78369],[0,22],[1,8],[15,76],[47,82],[8,14],[14,20],[7,9],[0,-21],[-10,-16],[-13,-19],[-10,-12],[-13,-38],[1,-9],[-4,-4],[-11,-51],[3,-6],[0,-9],[10,-53],[-7,-20],[-3,-19],[1,-8],[0,-7],[-3,-5],[-6,-46],[3,-5],[-2,-4],[-7,4],[-13,18],[-7,93],[-1,6]],[[76425,80987],[262,132],[204,160],[19,17],[175,241],[16,23],[11,17],[9,15],[9,15],[75,128],[7,16],[10,15],[7,16],[9,16],[58,107],[29,24],[6,7],[5,6],[10,14],[9,14],[9,14],[8,17],[96,170],[8,3],[227,154],[46,48],[9,15],[23,24],[176,227],[15,21],[10,16],[8,17],[5,9],[52,141],[4,11],[155,336],[13,19],[12,25],[11,23],[52,76],[70,63],[82,37],[70,5],[-15,-5],[5,-18],[-89,-7],[0,-3],[29,-8],[10,0],[39,-9],[6,-3],[7,0],[4,-1],[5,-5],[-39,-29],[6,-41],[14,8],[-7,-41],[-36,-7],[40,-29],[10,-8],[126,-112],[129,-52],[649,-91],[298,-56],[968,-17],[12,-2],[19,0],[564,-4],[530,54],[63,-11],[-7,-5],[-3,-7],[-3,-12],[-16,-19],[-1,7],[-9,19],[-12,-45],[16,-43],[29,-21],[5,-4],[18,-15],[30,-34],[-10,-28],[-109,-62],[-7,-7],[-62,0],[-5,2],[-19,2],[-2,0],[-9,-1],[-64,-32],[-85,-10],[-72,-37],[-71,52],[-78,29],[-222,24],[-7,-6],[-90,-22],[-27,-13],[-8,-5],[-8,-5],[-52,-35],[-52,-65],[-1,-6],[-2,-4],[-7,-2],[-8,1],[-35,34],[-5,10],[-18,21],[-8,8],[-8,8],[-20,10],[-9,3],[-13,3],[-35,1],[-11,-3],[-20,1],[-1,3],[-102,-11],[-11,-5],[-16,-23],[-2,-10],[-30,4],[-12,4],[-27,6],[-17,3],[-17,2],[-20,1],[-12,-1],[-39,4],[-6,1],[-7,-1],[-16,0],[-11,5],[-12,7],[-26,29],[-5,10],[-49,63],[-22,60],[-26,2],[-15,24],[-54,-44],[-28,-4],[-149,47],[-204,-118],[-24,-50],[0,-7],[3,-43],[0,-6],[2,-12],[0,-11],[1,-10],[-2,-6],[-25,-13],[-4,-1],[-97,25],[-28,47],[-7,4],[-10,26],[0,5],[-5,14],[-7,3],[-8,3],[-5,3],[-49,47],[4,5],[5,3],[-19,13],[-90,-66],[-3,-1],[-4,1],[-3,3],[-60,-11],[-20,-16],[8,-13],[2,-3],[1,-4],[-3,-7],[-60,-39],[-2,-16],[22,-11],[3,-1],[1,-2],[4,-4],[3,-2],[1,-3],[7,-6],[3,-1],[12,-9],[-5,0],[-9,2],[-4,2],[-5,3],[-34,18],[-79,-8],[2,-2],[-30,-2],[-5,0],[-8,0],[0,-3],[-7,-1],[-1,3],[-75,-5],[-82,-45],[-13,-55],[15,-33],[26,-5],[6,-4],[48,-29],[2,-1],[33,-7],[5,0],[52,-6],[-8,-30],[-3,-1],[-2,-2],[1,-2],[-3,-9],[-9,-6],[-19,-44],[-2,-1],[-3,1],[0,4],[-8,51],[-50,12],[-60,-14],[-24,5],[-6,1],[-12,4],[0,2],[-32,4],[-3,-2],[-3,0],[-4,1],[-53,-1],[-2,-1],[-37,-3],[-3,3],[-73,0],[-25,-32],[-68,-20],[-21,-38],[-77,-8],[-49,-49],[4,-35],[-24,-7],[-5,-4],[-9,3],[-1,5],[-15,12],[-6,3],[-4,5],[-87,67],[-67,17],[-328,-11],[-181,-28],[-23,-38],[-113,-50],[-15,9],[-3,-41],[-6,-21],[-7,-3],[-7,0],[-9,-17],[3,-5],[2,-3],[7,-1],[4,-6],[-2,-4],[4,-50],[4,-6],[0,-5],[-2,-6],[-6,-16],[21,-12],[5,-1],[5,-9],[3,-8],[9,-118],[-7,-39],[-37,-53],[-89,20],[-60,83],[-12,-1],[4,-17],[-61,9],[-18,-28],[4,-3],[-8,-4],[-10,0],[-22,0],[11,-11],[1,-2],[0,-3],[-2,-3],[36,-30],[-6,-14],[64,-32],[-21,-63],[1,-7],[17,-29],[-20,-16],[-24,-14],[0,-36],[-28,-32],[0,-3],[-4,-2],[-28,-5],[2,-18],[7,-1],[4,-3],[0,-5],[-42,-33],[-84,-4],[-34,18],[-30,-25],[-1,-5],[-3,-5],[-3,1],[-15,-12],[-2,-7],[5,-16],[5,-1],[-1,-3],[-30,-22],[16,-43],[6,0],[5,-6],[-2,-2],[26,-26],[-7,-15],[15,-41],[44,-47],[3,-1],[4,-5],[5,-5],[2,-3],[2,-4],[6,-2],[25,-27],[2,-7],[56,-46],[-20,-15],[-17,-51],[-103,-36],[-25,-25],[7,-17],[25,0],[3,1],[19,-16],[0,-6],[67,-34],[40,-17],[5,-1],[1,-5],[60,-39],[7,-1],[3,-3],[13,-7],[5,2],[4,-3],[1,-4],[38,-34],[51,-17],[8,0],[10,-5],[6,-4],[34,-9],[11,-1],[20,-6],[10,-6],[173,-21],[9,1],[49,5],[13,-2],[23,4],[1,2],[23,3],[11,0],[9,2],[4,1],[7,-1],[26,10],[5,3],[14,6],[4,-2],[9,2],[3,5],[1,7],[1,7],[-90,54],[-269,43],[-79,130],[-4,7],[9,10],[5,2],[-2,7],[0,13],[-15,39],[-3,3],[2,13],[5,3],[1,12],[0,5],[2,8],[2,2],[3,4],[4,2],[11,9],[13,13],[8,14],[7,5],[3,18],[2,4],[2,3],[1,12],[5,5],[20,21],[5,6],[5,0],[2,-2],[37,18],[9,6],[9,6],[13,4],[10,7],[11,5],[42,31],[10,3],[9,1],[6,0],[8,-1],[4,4],[126,21],[7,1],[32,5],[-8,6],[12,2],[7,-2],[12,4],[8,6],[59,16],[5,-4],[51,19],[6,3],[5,-1],[12,5],[-12,33],[-9,4],[12,5],[7,-2],[7,20],[-4,4],[1,2],[-1,7],[-3,3],[-1,4],[8,2],[-6,16],[-7,0],[-2,17],[0,7],[-50,75],[2,62],[4,18],[4,15],[8,2],[9,4],[84,7],[12,-3],[13,1],[13,1],[12,1],[12,-1],[65,7],[-2,18],[-3,5],[2,4],[1,0],[1,0],[3,0],[6,0],[34,-2],[21,5],[21,7],[45,12],[10,0],[6,-4],[38,-20],[47,10],[3,7],[9,6],[4,-9],[24,22],[2,6],[4,6],[6,0],[30,27],[-2,3],[2,8],[6,1],[25,30],[-15,7],[11,12],[-24,-6],[-7,1],[-2,3],[0,6],[37,56],[-4,16],[-6,6],[8,1],[6,-2],[39,14],[3,7],[12,4],[4,-1],[25,10],[4,9],[6,7],[9,-1],[9,1],[-12,8],[-2,7],[7,14],[1,7],[-152,45],[-3,6],[32,38],[9,4],[34,5],[11,3],[16,8],[33,16],[8,8],[22,13],[8,3],[1,13],[-9,8],[1,16],[2,7],[-2,6],[-2,7],[-2,18],[3,7],[4,-4],[3,-7],[19,-39],[7,-5],[86,-40],[55,-2],[42,22],[9,3],[14,1],[1,-5],[-16,-34],[0,-3],[-4,-3],[-24,-27],[-4,-6],[-2,-6],[0,-6],[-8,-53],[1,-6],[-3,-27],[27,-11],[-2,-5],[17,-4],[11,-2],[41,-1],[25,8],[24,9],[13,2],[62,73],[-7,45],[-2,2],[-2,1],[3,2],[11,8],[-12,10],[-8,5],[-12,15],[18,-9],[8,-4],[24,4],[7,2],[8,1],[12,-1],[109,11],[7,2],[9,6],[-1,-9],[16,2],[-5,11],[10,7],[29,16],[7,0],[4,2],[1,4],[16,10],[9,2],[127,48],[85,32],[6,5],[30,23],[6,1],[8,5],[3,5],[-2,4],[2,6],[7,7],[-1,3],[-2,4],[1,6],[3,3],[40,-13],[10,13],[12,14],[8,1],[7,46],[-44,32],[-50,5],[-2,3],[8,34],[5,5],[-15,8],[-7,1],[-6,4],[-2,4],[0,1],[11,13],[7,-1],[61,-2],[1,33],[-1,4],[22,5],[7,-3],[5,-18],[19,3],[-13,19],[4,2],[7,0],[46,-21],[74,10],[3,5],[15,8],[6,3],[52,18],[5,3],[8,0],[68,16],[8,0],[9,-4],[0,-4],[3,-1],[6,1],[5,-3],[8,-4],[7,-5],[0,-5],[29,-67],[-18,-21],[-52,8],[4,-7],[-8,-1],[-5,4],[-34,-2],[-10,-2],[-31,-4],[-7,1],[-63,-25],[-5,-9],[-3,-6],[-20,-22],[4,-33],[55,-83],[8,1],[4,-6],[-5,-3],[-45,-40],[3,-3],[-1,-4],[-7,1],[-46,-11],[-25,-80],[3,-6],[0,-5],[-7,-3],[-17,-21],[6,-5],[6,0],[7,0],[5,0],[12,4],[26,5],[12,-7],[30,-29],[-17,58],[-17,4],[-10,4],[-6,6],[5,8],[28,15],[0,16],[0,5],[13,12],[9,1],[49,53],[5,5],[6,5],[6,90],[17,49],[0,10],[4,6],[8,4],[7,1],[10,1],[50,1],[8,-2],[20,1],[7,2],[26,-6],[-6,-8],[-1,-50],[5,-14],[-2,-32],[-6,-8],[0,-28],[5,-4],[3,-11],[16,-32],[3,-5],[-1,-19],[-1,-3],[24,-23],[-1,-70],[34,-5],[4,15],[13,-1],[5,-10],[41,-13],[5,8],[42,-7],[7,-13],[-4,25],[-11,11],[25,-3],[22,6],[21,79],[-2,4],[0,32],[8,14],[8,-11],[-1,-5],[26,-44],[5,-3],[1,-4],[1,-6],[32,-28],[7,-2],[3,-2],[1,-7],[6,-39],[45,2],[6,4],[30,-3],[6,-1],[9,0],[6,0],[3,-2],[23,13],[27,96],[-5,7],[5,19],[6,7],[17,69],[2,6],[36,25],[9,0],[18,-4],[12,29],[-4,3],[-3,10],[4,6],[4,5],[24,-2],[2,-6],[-19,-77],[-2,-3],[0,-7],[-2,-49],[-1,-8],[4,-21],[3,-4],[-1,-4],[2,-14],[7,1],[1,-3],[-1,-7],[19,-1],[9,1],[7,0],[8,-2],[8,-3],[6,0],[25,-9],[5,-6],[8,-4],[23,-22],[4,-7],[22,-33],[4,-4],[13,-84],[2,-5],[5,-5],[9,-2],[-16,-5],[7,-8],[15,4],[0,-10],[2,-8],[6,-32],[1,-8],[0,-22],[1,-10],[1,-39],[-12,-12],[9,-34],[-1,-9],[1,-8],[13,-16],[13,31],[5,9],[34,38],[2,1],[8,5],[21,4],[11,3],[10,2],[9,4],[22,0],[16,-3],[18,-4],[139,-4],[61,28],[11,10],[14,12],[56,61],[6,8],[7,5],[10,6],[25,7],[13,2],[19,6],[9,3],[13,1],[2,5],[7,1],[6,-1],[5,3],[8,4],[10,12],[-1,6],[5,2],[16,21],[8,2],[12,32],[-2,3],[-2,4],[5,2],[3,6],[-3,3],[-1,2],[3,6],[5,27],[1,8],[1,6],[-2,44],[0,13],[13,-2],[3,10],[-16,2],[10,30],[5,4],[7,12],[5,8],[61,57],[5,5],[4,7],[4,10],[0,10],[0,5],[-2,38],[1,13],[5,8],[111,56],[6,4],[3,-2],[141,94],[10,2],[15,0],[12,-1],[29,-1],[24,5],[102,23],[10,-3],[34,12],[-3,20],[2,13],[7,15],[9,10],[5,4],[41,-1],[11,-2],[28,2],[13,12],[37,4],[3,-4],[17,1],[4,6],[35,7],[-4,-9],[15,4],[10,4],[21,2],[13,0],[8,3],[4,2],[17,6],[51,24],[34,93],[38,22],[8,-2],[8,3],[13,4],[43,7],[8,1],[8,2],[7,1],[7,1],[21,-5],[13,-6],[28,-10],[15,-2],[41,-16],[4,-4],[5,0],[4,-6],[8,-9],[-18,-3],[23,1],[14,-29],[-1,-87],[-80,-24],[-17,-50],[-1,-8],[-3,-9],[-1,-17],[-1,-7],[-3,-21],[-4,3],[-3,-11],[6,-5],[3,-26],[-4,-6],[-5,-6],[10,2],[5,-12],[-4,-3],[3,-27],[4,-5],[26,-56],[-11,-22],[31,-24],[-1,-4],[7,-4],[5,-3],[-1,-6],[16,-7],[6,-1],[4,-2],[2,-5],[19,-13],[6,0],[26,-22],[-4,-1],[41,-56],[4,-4],[1,-11],[0,-4],[11,-8],[6,1],[22,-20],[1,-6],[7,-2],[95,7],[14,0],[9,1],[20,4],[11,3],[13,3],[14,6],[26,12],[23,-11],[79,-53],[5,-7],[19,-29],[7,-9],[24,-40],[2,-6],[3,-4],[6,-11],[0,-8],[5,-10],[5,-7],[0,-21],[-4,-6],[-3,-6],[-6,-6],[-12,-3],[-24,-16],[-8,-8],[-4,3],[-12,-10],[-3,-6],[-3,-5],[6,-6],[-5,-10],[-55,-71],[-3,-8],[-11,-15],[-4,-7],[-2,-7],[-1,-8],[2,-3],[-1,-16],[4,-18],[0,-9],[3,-11],[3,-12],[45,-107],[7,-16],[30,-44],[-1,-10],[9,-71],[46,-18],[22,1],[-4,-19],[36,7],[0,-10],[-10,-2],[5,-9],[7,-10],[17,-27],[42,-37],[21,-30],[14,9],[13,-21],[-15,-3],[9,-13],[-8,-22],[12,-4],[-20,-48],[-45,-62],[16,-4],[-2,-20],[-21,-5],[11,-66],[3,-3],[-6,0],[58,-68],[6,-3],[10,-8],[13,-8],[108,-66],[5,-4],[58,-18],[9,-1],[49,-4],[7,-1],[76,-3],[11,4],[9,3],[32,27],[8,11],[75,80],[6,-25],[9,-10],[22,-14],[59,-46],[3,-10],[-13,-39],[-122,17],[-52,-35],[-4,-6],[-11,-9],[-22,-20],[-1,-4],[-6,-2],[-9,0],[-35,-12],[-7,-10],[-10,-18],[-11,-2],[-1,-26],[2,-2],[-3,-8],[1,-4],[17,-13],[9,3],[6,2],[9,2],[23,16],[1,5],[19,15],[6,2],[7,4],[13,9],[14,2],[9,1],[14,3],[18,12],[4,5],[3,4],[2,46],[19,11],[41,-1],[4,-10],[27,-15],[9,-1],[67,27],[6,5],[34,-1],[5,-5],[3,-2],[6,-9],[10,-22],[4,-5],[-2,-37],[52,-5],[6,2],[14,-2],[2,-2],[10,-2],[19,-8],[9,-7],[14,-10],[20,-25],[4,-6],[6,-7],[6,-10],[6,-4],[6,-5],[6,-3],[10,-1],[32,-10],[-2,-27],[-9,-5],[-35,-30],[9,-2],[1,-5],[3,-5],[8,-4],[5,-7],[21,-17],[8,-2],[8,-2],[10,-1],[8,0],[4,-2],[26,-5],[14,0],[293,13],[236,-76],[3,-4],[9,-10],[22,8],[9,-15],[-18,-7],[19,-24],[8,-8],[4,-6],[0,-6],[29,-38],[25,-100],[18,-17],[3,-4],[2,-9],[-2,-9],[38,-100],[7,-4],[19,-27],[5,-8],[6,-6],[8,-4],[23,-24],[2,-8],[14,-17],[6,-2],[12,-10],[1,-6],[3,-9]],[[85268,80046],[-184,-175],[-59,-137],[-20,-15],[-9,-60],[43,-109],[-46,-18],[8,-59],[28,-55],[-7,-63],[-209,-25],[-121,-34],[-66,-66],[20,-34],[-62,22],[-28,-17],[-138,-2],[-30,-27],[28,-89],[37,-52],[182,-44],[44,-65],[57,-139],[39,-33],[232,-98],[-96,-109],[-78,1],[-42,30],[-131,19],[-45,-51],[-67,-29],[-16,-55],[-18,-34],[-56,5],[-34,-63],[-67,-39],[7,-55],[-31,-20],[-20,-41],[-110,29],[10,-18],[-10,-7],[-36,11],[-78,-57],[-51,4],[-182,-42],[25,-73],[-38,2],[-187,9],[2,53],[-15,-19],[-181,64],[20,85],[-92,12],[-25,-47],[-79,25],[-32,-71],[-25,-17],[-21,22],[-147,-30],[-61,-40],[-116,-4],[-104,-64],[-50,-72],[-224,36],[-34,-93],[-48,-57]],[[78490,81881],[5,-2],[17,-23],[-4,-36],[11,-13],[-3,-3],[-6,1],[-6,3],[-7,38],[4,2],[-3,12],[-4,3],[-4,18]],[[78497,81897],[12,59],[5,-1],[14,-7],[4,-3],[5,0],[11,-7],[8,-5],[5,-4],[2,-4],[-1,-4],[-5,0],[-47,-12],[4,-12],[5,-3],[3,-11],[0,-6],[2,-4],[0,-3],[2,-6],[0,-4],[-2,-6],[-3,5],[-24,38]],[[78474,81964],[14,16],[0,2],[13,3],[-4,-9],[1,-31],[-19,11],[-3,3],[-2,5]],[[78471,82015],[10,31],[23,1],[-19,-45],[-14,13]],[[78418,82112],[31,17],[3,3],[0,-15],[-2,-1],[18,-23],[-32,-2],[-18,21]],[[78947,82167],[38,43],[1,-44],[3,-6],[0,-4],[-34,-4],[-8,15]],[[80125,82494],[12,37],[42,46],[5,2],[11,1],[11,-1],[54,5],[3,1],[8,-2],[2,-1],[16,-17],[-7,-34],[-57,-41],[-100,4]],[[79701,82654],[16,22],[3,-4],[-3,-7],[5,-47],[-21,36]],[[79414,82676],[0,3],[3,3],[-1,2],[0,3],[25,17],[1,-3],[52,-48],[2,-6],[-1,-31],[-1,2],[-21,9],[-3,-1],[-6,11],[4,1],[9,2],[-8,13],[-18,2],[-5,-33],[-2,-3],[-14,2],[-5,6],[-3,5],[0,5],[-3,38],[-5,1]],[[79757,82661],[25,32],[5,6],[29,8],[4,-4],[4,1],[4,3],[8,2],[8,-1],[13,3],[6,3],[17,2],[9,0],[2,0],[1,2],[2,1],[3,29],[1,3],[4,4],[8,4],[-54,-11],[45,44],[56,-13],[3,5],[8,2],[8,-1],[8,-5],[45,-32],[11,-8],[13,-7],[4,-1],[4,-2],[102,-6],[6,2],[9,-1],[4,-5],[35,-27],[8,-4],[1,-4],[10,-59],[-11,-11],[-82,-6],[-102,28],[-10,0],[-8,2],[-83,9],[-10,-3],[-12,0],[-1,2],[-89,-41],[-43,6],[-6,4],[-16,16],[-3,6],[-3,23]],[[80166,82759],[1,2],[1,2],[1,1],[0,2],[0,9],[3,1],[15,-3],[3,-23],[-23,7],[-1,2]],[[81876,82810],[0,4],[2,2],[4,0],[37,-20],[9,-6],[1,-5],[7,-16],[2,-4],[-2,-7],[-13,-6],[-47,58]],[[81885,82836],[5,14],[3,4],[15,57],[4,5],[33,17],[127,-5],[18,-1],[23,0],[14,-1],[28,-6],[8,-3],[43,-26],[4,-6],[-4,-12],[-27,-13],[-9,5],[5,4],[-81,31],[-84,-21],[-45,-60],[-2,-5],[-5,-4],[-31,-4],[-35,23],[-7,7]],[[82260,82873],[17,22],[3,2],[12,2],[0,-3],[-15,-42],[-17,19]],[[82309,82913],[3,3],[15,3],[10,0],[4,3],[39,-1],[6,-2],[15,-16],[-19,-36],[-73,46]],[[83510,81661],[1,37],[3,49],[26,66],[9,9],[40,89],[-2,58],[0,7],[-1,5],[2,16],[4,9],[23,70],[3,8],[7,10],[10,9],[12,8],[74,14],[13,-1],[18,1],[5,4],[127,14],[85,-38],[6,-4],[26,3],[3,-3],[15,4],[6,5],[8,2],[8,0],[34,14],[8,4],[137,25],[40,-28],[-6,-3],[-6,-9],[1,-4],[60,-14],[8,-2],[50,4],[9,3],[6,2],[3,-2],[1,0],[-1,-4],[6,-28],[4,-2],[19,-8],[7,0],[9,7],[5,4],[25,15],[11,-2],[7,-1],[8,1],[7,0],[3,-2],[8,-2],[5,3],[62,13],[-20,47],[14,32],[191,29],[6,3],[2,7],[1,10],[2,5],[3,2],[2,5],[1,20],[-36,19],[-50,-1],[-15,-16],[5,-4],[-3,-7],[-8,2],[-37,8],[-12,-3],[-54,32],[-14,64],[-31,31],[-3,7],[-6,10],[-4,5],[-2,24],[3,6],[-3,12],[-3,6],[24,13],[8,3],[65,8],[29,24],[24,-32],[38,-12],[28,40],[-19,27],[-29,2],[-51,-12],[-29,-29],[-58,-8],[-7,2],[22,41],[4,0],[16,-2],[4,24],[-1,5],[-1,2],[-22,8],[-2,27],[-42,3],[19,-26],[8,-4],[8,-11],[-7,2],[-57,27],[-15,2],[-35,18],[-4,5],[-6,9],[-5,4],[-2,5],[-3,7],[-10,10],[-28,56],[-11,60],[3,7],[-8,23],[-43,3],[2,-9],[-37,-37],[-11,-3],[-8,-4],[-111,-27],[-11,2],[-32,-3],[-6,-1],[-75,13],[-9,9],[-42,-10],[-1,-6],[-24,-6],[-7,-1],[-8,-3],[-6,-4],[-39,-20],[-64,26],[0,74],[37,24],[7,4],[5,6],[50,58],[43,111],[4,5],[26,64],[4,8],[8,-3],[2,-4],[11,-5],[7,1],[17,3],[7,1],[20,10],[2,4],[26,11],[1,-9],[74,7],[3,3],[14,0],[1,-45],[-3,-5],[1,-7],[5,-5],[7,-4],[46,-16],[5,0],[18,23],[6,14],[2,5],[3,1],[13,19],[-4,10],[1,6],[-3,17],[-7,10],[19,29],[0,4],[4,3],[22,4],[-2,-2],[24,-4],[4,2],[16,-3],[1,-5],[35,-4],[6,3],[35,11],[3,2],[3,3],[-1,5],[2,3],[3,3],[-1,5],[-11,4],[22,20],[3,-3],[24,0],[5,2],[17,5],[25,-26],[5,-1],[15,-1],[3,2],[12,5],[1,1],[2,4],[4,14],[7,5],[17,13],[69,-29],[45,19],[-55,6],[-8,4],[12,16],[-41,6],[-42,-24],[-5,-1],[-3,15],[-4,4],[-55,5],[3,4],[68,26],[9,0],[8,9],[1,5],[37,15],[36,-10],[6,-4],[26,-3],[-1,20],[2,5],[12,-3],[4,0],[17,1],[3,4],[74,34],[5,2],[6,21],[18,16],[-56,-2],[1,-3],[-2,-2],[-10,1],[-13,-5],[-2,-5],[-12,-8],[-10,4],[-6,19],[-1,7],[-3,3],[0,5],[5,8],[2,7],[-1,2],[-1,15],[-4,10],[-11,17],[-90,9],[-61,-46],[-3,-2],[-43,6],[-13,7],[-13,6],[-8,8],[-13,25],[-2,10],[0,10],[1,11],[1,11],[0,7],[-2,38],[9,0],[4,6],[-1,11],[0,8],[5,5],[1,19],[2,50],[15,5],[11,1],[5,3],[1,11],[-4,3],[-6,0],[-6,4],[-4,8],[19,24],[0,7],[-12,17],[-49,2],[-23,-2],[-7,-6],[-6,-5],[-8,1],[-6,-3],[-9,-1],[-46,-10],[-11,-4],[-41,-17],[-13,-4],[-32,-18],[3,-4],[-5,-3],[-5,-6],[-7,-2],[-10,-1],[-13,1],[-14,6],[-6,4],[-178,29],[-12,4],[-28,10],[-5,7],[-15,33],[-44,23],[-3,5],[8,32],[3,10],[1,10],[-1,12],[-25,137],[0,12],[-10,43],[-32,43],[-12,6],[-45,17],[-10,1],[-60,-16],[-2,-4],[-11,1],[25,38],[5,9],[9,19],[2,4],[110,-10],[31,-4],[15,1],[34,0],[9,-2],[10,0],[24,3],[90,20],[11,1],[12,4],[4,3],[217,25],[161,42],[112,-1],[13,22],[10,-26],[0,-3],[37,-6],[7,0],[7,-3],[25,-3],[13,-2],[44,-36],[65,-21],[4,-5],[69,-37],[70,-3],[6,4],[34,-20],[0,-15],[3,-5],[3,-3],[2,-4],[1,-4],[3,-4],[5,-5],[33,-16],[-1,-8],[-1,-8],[-1,-5],[-18,-15],[-5,-1],[-4,-3],[-6,-9],[-7,-74],[-5,-3],[-17,-13],[0,-24],[2,-7],[4,-4],[15,-2],[3,0],[15,-1],[5,-3],[29,-20],[4,-2],[19,-22],[5,-11],[16,-21],[6,-4],[5,-2],[8,-1],[5,2],[7,-1],[4,1],[5,3],[33,22],[4,6],[-12,18],[-9,2],[-14,8],[20,6],[5,-3],[20,18],[-2,8],[0,6],[3,3],[1,25],[-74,36],[-3,8],[0,3],[6,8],[30,73],[0,45],[-7,0],[-12,19],[1,6],[-5,23],[-3,5],[1,3],[2,5],[-9,26],[-37,21],[-12,5],[-2,2],[-3,4],[3,28],[38,36],[8,4],[16,16],[31,22],[13,7],[137,95],[-5,7],[15,2],[7,-2],[9,3],[10,9],[42,14],[1,-3],[22,-1],[7,5],[43,26],[9,6],[-1,9],[-4,3],[-1,4],[4,4],[3,2],[5,13],[66,43],[8,3],[11,3],[18,-1],[13,-2],[32,-7],[16,-3],[12,-4],[17,-3],[24,-16],[2,-9],[-2,-6],[-3,-5],[-9,-6],[-55,-62],[-3,-6],[-7,-6],[-2,-5],[5,-4],[-6,-9],[-4,-1],[-19,-72],[2,-8],[-6,-3],[-34,-51],[0,-53],[-5,-2],[-9,2],[-25,3],[-2,20],[-22,-16],[-5,-6],[-13,-8],[-8,-2],[-64,-25],[24,0],[10,4],[99,-24],[13,-10],[64,-14],[8,-77],[-148,-154],[10,-19],[-8,-19],[44,-34],[31,3],[48,50],[43,-20],[65,10],[27,-19],[0,51],[58,24],[53,49],[20,48],[-6,40],[-79,15],[-14,46],[-195,25],[-7,5],[-6,36],[60,34],[28,52],[78,36],[35,-21],[-5,-33],[22,-96],[7,-14],[26,-20],[5,-4],[6,-8],[17,-11],[5,-1],[3,-5],[44,-27],[48,-46],[8,-4],[3,-4],[3,-4],[8,-8],[110,-149],[11,-29],[-10,-28],[-7,-6],[-2,-8],[-36,-44],[-8,-34],[-4,-4],[-10,-25],[15,-3],[-10,-7],[24,-44],[8,-10],[10,-26],[-2,-6],[0,-4],[4,-2],[9,-22],[-7,-4],[13,-12],[9,0],[35,-14],[4,-4],[12,-3],[18,-6],[2,-3],[4,-2],[7,0],[68,-17],[81,-23],[14,-33],[2,-12],[12,-38],[8,-3],[10,-36],[1,-6],[2,-10],[5,-5],[25,-18],[2,-5],[-8,-13],[24,5],[-4,19],[1,6],[14,8],[8,5],[18,11],[0,6],[205,78],[41,2],[64,-29],[62,10],[11,-39],[-103,-20],[-53,-40],[-111,-202],[10,-45],[26,-7],[144,14],[116,-14],[17,-17],[-65,-44],[2,-23],[83,8],[36,-19],[-64,-60],[-22,-46],[-55,22],[-89,-23],[-37,15],[16,56],[119,66],[-45,5],[-84,-43],[-17,-38],[-40,-21],[7,-18],[19,25],[20,-1],[-57,-66],[1,-66],[10,-30],[150,-41],[20,8],[-3,20],[30,25],[32,4],[60,-83],[44,12],[47,-16],[58,22],[16,-39],[33,-4],[64,35],[8,96],[-189,22],[0,50],[224,7],[25,16],[40,-5],[28,36],[-11,63],[-25,27],[-199,-13],[-50,39],[41,31],[80,6],[76,58],[5,59],[-13,14],[18,69],[-15,24],[20,24],[-4,19],[-183,63],[-151,-4],[-6,-35],[-43,28],[-10,36],[21,17],[0,8],[-25,31],[-4,2],[-7,32],[-1,5],[-1,15],[-1,6],[60,136],[6,18],[3,6],[4,13],[29,14],[4,1],[10,7],[-1,2],[3,7],[2,1],[0,2],[0,7],[2,3],[0,3],[-1,2],[1,16],[2,2],[-1,8],[-1,2],[1,3],[1,1],[-6,18],[-2,2],[-1,3],[-18,30],[9,22],[-3,3],[-1,3],[-2,6],[-3,3],[-1,8],[-14,16],[-14,-1],[0,4],[48,5],[-29,4],[-20,-2],[3,3],[9,3],[3,8],[6,23],[1,3],[6,3],[3,-1],[21,-27],[-29,40],[-2,-3],[-5,2],[0,3],[-22,64],[-11,35],[-7,2],[3,5],[4,12],[-14,-3],[-1,20],[3,2],[-20,73],[-23,-1],[-8,-2],[-10,2],[-7,5],[-6,7],[-7,4],[-5,7],[-2,8],[-10,26],[35,11],[-51,50],[31,2],[10,17],[-22,10],[71,-31],[73,-5],[26,38],[-5,47],[-29,15],[-43,-29],[-121,-21],[-1,-37],[-44,-3],[57,-62],[-17,-29],[-3,0],[-3,5],[-3,3],[-7,0],[-2,3],[-30,26],[-14,-13],[-13,-1],[-40,-2],[-25,4],[-164,2],[-57,-20],[-11,2],[-13,10],[-4,7],[-7,5],[-6,3],[-51,40],[-2,6],[-5,6],[-9,6],[-27,31],[-4,13],[-27,43],[-8,12],[-10,11],[-68,22],[-15,2],[-38,13],[-15,8],[-14,5],[-56,-1],[-18,-3],[-15,0],[-13,4],[-38,44],[-12,15],[-45,35],[-12,35],[-4,11],[-1,23],[4,7],[4,97],[-55,97],[-5,5],[-1,6],[-11,14],[-7,3],[-5,10],[0,7],[-15,23],[-3,3],[3,3],[-5,9],[-4,7],[2,9],[-13,22],[-30,-8],[-3,-6],[-5,-6],[-7,0],[-58,5],[-37,-20],[-12,-46],[6,-26],[-74,-69],[-4,-4],[-5,-4],[-7,0],[-85,-27],[-45,-34],[14,-13],[5,-3],[2,-4],[-3,-3],[7,-10],[7,-2],[16,-32],[-2,-7],[17,-22],[-15,-32],[-6,-4],[-20,-4],[-7,1],[-139,-43],[-5,-6],[-11,-2],[-12,-9],[-2,-4],[-4,-4],[-6,-2],[-14,-16],[-34,-23],[-77,-5],[-6,-4],[-6,-2],[-66,-35],[-2,-6],[-35,-31],[-8,0],[-100,-20],[-8,-2],[-22,0],[-12,1],[-20,1],[-12,-4],[-11,1],[-73,-32],[0,-6],[-8,-18],[-6,-3],[-36,18],[-3,9],[1,7],[0,7],[42,82],[2,12],[37,118],[7,13],[27,95],[5,10],[45,75],[8,9],[1,1],[154,198],[9,17],[14,43],[-9,3],[0,8],[13,-4],[27,65],[2,12],[2,80],[-10,26],[7,9],[-14,17],[-2,6],[9,16],[-9,19],[-31,43],[-120,-34],[-34,6],[-194,-120],[-9,-3],[-80,-77],[-33,-5],[-11,-45],[5,-7],[29,-128],[1,-10],[60,-117],[3,-8],[3,-48],[-15,1],[-3,34],[-6,1],[-42,-13],[-7,-17],[-2,-10],[-7,-19],[-6,-2],[5,-47],[3,-3],[-2,-3],[-122,-30],[-1,-5],[-17,-18],[-6,-3],[-88,-77],[-5,-7],[-6,-2],[-9,-1],[-33,-33],[-51,-3],[-43,-35],[3,-5],[-1,-22],[-5,-5],[-54,-42],[3,-6],[-6,-7],[-11,26],[5,18],[-20,-5],[16,-34],[4,-8],[-2,-2],[-5,-3],[-101,-30],[-16,10],[-6,2],[-1,4],[3,1],[-8,50],[15,39],[7,15],[7,8],[6,7],[5,7],[-3,5],[23,33],[51,12],[25,6],[89,41],[41,23],[158,122],[86,118],[50,124],[-29,130],[-1,10],[-16,38],[-1,3],[0,5],[5,36],[-12,25],[-5,6],[-1,32],[6,6],[0,12],[-1,6],[3,7],[2,6],[0,7],[11,9],[10,7],[3,5],[72,71],[10,3],[8,6],[20,12],[13,7],[7,7],[77,76],[7,1],[8,5],[2,4],[323,166],[127,7],[296,15],[95,24],[10,3],[8,2],[6,5],[119,33],[123,32],[254,-21],[174,32],[91,-86],[-13,-23],[-10,-5],[-22,-27],[0,-4],[-12,-32],[7,-49],[-45,-67],[-58,-38],[-98,-15],[-14,-1],[-56,-11],[-7,-7],[-26,-11],[-11,-1],[-65,-27],[-9,-6],[-12,-15],[-9,-12],[-22,-38],[-5,-13],[-8,-16],[-33,-67],[16,-133],[40,-140],[86,-160],[115,-125],[139,-101],[235,-82],[97,-9],[45,21],[2,7],[6,20],[3,4],[188,-25],[48,26],[107,-12],[319,67],[65,7],[9,-1],[45,6],[7,2],[133,19],[9,-1],[7,2],[232,19],[8,-4],[26,7],[1,2],[216,5],[62,-34],[163,-78],[13,-23],[6,-6],[4,-2],[137,-125],[-6,-5],[-21,-34],[-4,-43],[-1,-5],[-1,-6],[21,-59],[7,-13],[21,-56],[-1,-7],[-16,-29],[0,-6],[-10,-93],[-24,-29],[-6,-4],[-18,-19],[-2,-7],[-36,-69],[-110,-47],[-15,-1],[-7,-7],[-10,-12],[-9,-8],[-1,14],[-71,-27],[-14,-14],[-20,-4],[-38,-23],[10,-6],[-22,-9],[-21,-20],[-15,2],[-3,-3],[-9,-13],[-7,-6],[-25,-22],[-6,-3],[-7,-4],[-16,-2],[-52,-19],[-6,-3],[-11,-3],[-8,-3],[-7,-3],[-12,-11],[-9,-8],[-60,-91],[-6,-2],[-15,-6],[-3,-5],[32,-64],[-12,-13],[-6,-13],[-25,40],[-21,-8],[-14,-3],[-29,30],[-5,-3],[-4,-5],[-1,-9],[-8,-7],[-8,-7],[-6,-4],[-5,-4],[18,-14],[-35,-9],[-13,11],[-45,-39],[-47,-89],[-3,-19],[-3,-76],[2,-23],[12,-71],[11,-37],[9,-27],[10,-29],[27,-80],[22,-44],[134,-221],[96,-104],[110,-82],[57,-15],[52,21],[201,-11],[73,42],[66,-24],[32,-31],[46,-57],[195,-150],[29,-75],[-1,-7],[2,-9],[4,-9],[47,-80],[116,-114],[168,-116],[169,-44],[-7,-20],[-29,-3],[-14,0],[-10,-2],[-113,-24],[-9,0],[-7,-1],[-9,-4],[-23,-11],[-4,-1],[-8,-2],[-10,-9],[-53,-79],[-6,-18],[-7,-22],[0,-43],[0,-13],[-2,-14],[-3,-7],[-4,-4],[-22,1],[-8,3],[-15,-2],[-3,-1],[-47,-76],[-32,-166],[29,-145],[34,-84],[3,-7],[4,-3],[1,-4],[2,-5],[1,-19],[-5,-4],[-8,-2],[-6,-1],[-6,-1],[-13,-7],[-15,-2],[-12,-2],[-19,-5],[-6,-3],[-21,-25],[-28,-2],[-75,103],[-15,13],[-14,8],[-9,4],[-63,1],[-28,47],[19,27],[41,13],[41,-31],[5,-26],[-1,-5],[2,-3],[5,-5],[8,-4],[100,-13],[5,10],[-19,7],[10,5],[-8,63],[-7,7],[-3,9],[1,4],[-9,24],[-4,7],[-2,5],[0,8],[-26,33],[-35,-13],[-4,-4],[-9,-1],[-29,-3],[-16,-25],[-2,-4],[-3,-6],[2,-3],[5,-3],[-12,-4],[-4,4],[-99,16],[-13,1],[-23,-1],[-13,1],[-49,-14],[-4,-6],[-39,-29],[-56,11],[-83,111],[109,74],[168,45],[36,39],[-6,-11],[3,-10],[20,2],[12,2],[-3,7],[1,3],[7,5],[3,12],[-18,3],[-1,3],[28,27],[101,10],[5,2],[-16,13],[14,16],[5,1],[23,11],[4,5],[4,6],[3,6],[0,20],[-3,0],[-1,10],[3,4],[3,5],[-3,3],[-1,4],[2,2],[-25,2],[1,-3],[-67,-3],[-6,3],[-72,8],[-14,0],[-12,3],[-10,6],[-38,35],[-7,1],[-51,-11],[-10,-5],[-17,-5],[-13,-2],[-69,-14],[-64,-42],[-13,-6],[-17,-5],[-15,-5],[-9,-6],[-10,-3],[-7,-2],[-8,-3],[-5,-4],[-46,-9],[-18,-1],[-20,-3],[-5,-3],[-22,-1],[-12,0],[-25,-2],[-6,-2],[-6,-2],[-8,-3],[-10,-14],[-1,-5],[-1,-9],[-2,-1],[-3,-2],[-6,0],[-23,2],[-6,-1],[-30,16],[20,43],[49,-2],[211,58],[151,77],[7,4],[124,63],[59,66],[1,6],[1,8],[3,7],[8,1],[9,14],[-8,11],[-3,3],[-6,14],[-3,4],[-69,12],[-8,-3],[-141,-37],[-6,0],[-11,-1],[-8,-1],[-18,12],[0,4],[7,34],[-11,3],[-10,-29],[-14,-8],[-42,-16],[-68,-39],[-1,-2],[0,-3],[4,-6],[6,-1],[20,-18],[3,-4],[-2,-10],[-2,-4],[-68,-6],[-6,0],[-3,-11],[4,-3],[-36,-25],[-12,-3],[-12,-6],[-3,-3],[5,-24],[4,-4],[4,0],[6,1],[32,-7],[-139,-14],[-25,46],[-3,9],[-39,86],[-6,8],[-22,26],[-12,12],[-80,53],[-81,20],[-8,1],[-11,0],[-59,-9],[-8,-4],[-6,-7],[-38,-51],[-1,-5],[-33,-27],[-6,-3],[-12,-8],[-48,-28],[-10,0],[-18,-8],[-6,-3],[-2,2],[-3,5],[-7,4],[-11,3],[-60,18],[-4,3],[-30,-7],[-3,-6],[-10,-6],[-11,-1],[-14,-5],[-6,-4],[-39,-1],[-13,2],[-8,0],[-5,-1],[-7,0],[-4,1],[-37,2],[-7,-1],[-40,13],[-6,10],[-46,21],[-17,-7],[-2,-35],[-4,0],[-6,4],[-18,20],[-12,-13],[10,-7],[11,-6],[-22,1],[-35,-42],[-101,-23],[-10,0],[-21,-29],[-4,-8],[-5,-15],[-93,2],[-10,0],[-6,-1],[-7,-6],[-13,-9],[-7,3],[-7,2],[-16,1],[-10,48],[-2,6],[-42,20],[-3,-15],[3,-5],[-3,-3],[-32,-31],[34,-10],[4,2],[4,0],[1,-3],[4,-10],[5,-3],[3,-6],[-5,-4],[-33,-27],[18,6],[5,2],[23,5],[9,1],[21,7],[2,3],[13,8],[31,-24],[-2,-39],[-1,-7],[-5,-14],[0,-7],[-49,-66],[-86,-9],[-10,2],[-32,-9],[-10,-6],[-21,-11],[-78,-59],[-64,-14],[-68,-62],[-8,-11],[-4,-7],[-4,-3],[-4,-5],[-19,-23],[-1,-5],[8,-69],[-24,-36],[3,-4],[-53,-67],[-9,-5],[-17,-16],[0,-5],[-31,-46],[-5,-6],[-87,-82],[-4,-6],[-24,-3],[9,5],[5,5],[23,81],[2,8],[3,4],[4,3],[21,33],[-25,9],[-4,0],[-3,3],[-6,2],[-28,-24],[-75,19],[-34,-26],[40,16],[23,-9],[-9,-6],[-8,-3],[-23,-8],[-8,-1],[-10,-12],[3,-3],[-9,-26],[-4,-4],[-11,-10],[-7,-5],[-56,13],[-1,5],[-23,-2],[-1,-6],[-30,-17],[-6,1],[-36,-8],[12,-1],[3,-4],[1,-6],[36,-55],[0,-5],[-2,-4],[-4,-4],[-16,-11],[15,-20],[5,3],[13,-2],[-18,-16],[22,-27],[1,-4],[-3,-3],[-6,-1],[-45,-21],[14,-4],[0,-2],[11,-27],[22,4],[6,-3],[10,-7],[-1,-5],[-17,-37],[19,13],[2,6],[7,16],[49,9],[4,4],[14,22],[-1,5],[6,18],[-7,10],[-31,23],[-5,-4],[-7,-31],[-30,35],[6,1],[10,10],[-9,12],[-4,3],[1,30],[47,19],[7,-1],[4,0],[7,-4],[6,-6],[7,-8],[7,-4],[4,-6],[4,-6],[29,-41],[5,-1],[3,-3],[-2,-3],[30,-42],[6,3],[4,1],[9,5],[6,6],[17,12],[10,3],[4,4],[45,36],[4,9],[-5,5],[1,29],[5,6],[3,3],[46,14],[0,-3],[30,-2],[0,4],[18,7],[32,-30],[8,-13],[31,-30],[8,-5],[57,-51],[47,-107],[10,-70],[-60,-73],[-97,-28],[-15,-9],[-49,-33],[-17,-17],[-31,-46],[-1,-5],[-7,1],[-6,4],[-42,69],[-17,11],[-76,20],[-26,4],[-280,67],[-21,4],[-27,7],[-22,8],[-20,11],[-40,-5],[-8,-7],[-6,-2],[-7,3],[-19,15],[-10,4],[-10,9],[-38,34],[-10,17],[-54,46],[-8,6],[-102,10],[-10,2],[-7,5],[-6,8],[-2,10],[7,14],[6,4],[14,9],[7,7],[6,1],[-3,-7],[43,-36],[10,0],[77,-21],[77,-57],[13,4],[9,7],[3,5],[10,30],[-10,43],[39,29],[2,35],[0,6],[-18,19],[-7,2],[-4,5],[0,6],[-3,4],[0,57],[70,38],[5,-2],[11,2],[6,2],[3,3],[-1,7],[3,13],[4,15],[2,8],[4,6],[7,6],[4,2],[2,9],[1,4],[-4,26],[-24,6],[-48,-48],[0,-6],[-2,-16],[-4,-2],[-22,-16],[-1,-4],[-10,-10],[-10,0],[-111,-52],[22,-13],[5,0],[10,-5],[5,-4],[0,-18],[2,-8],[1,-6],[-2,-6],[2,-15],[25,1],[8,2],[24,-17],[-9,-3],[-23,-4],[-12,-2],[-29,-3],[-11,2],[-19,6],[-15,3],[-24,6],[-14,3],[-8,0],[-9,-1],[-84,4],[-13,2],[-47,-5],[-123,-57],[-9,-1],[-22,4],[-14,4],[-2,0],[-20,6],[-135,55],[-57,76],[-83,23],[-31,5],[-14,7],[-46,34],[-10,4],[-9,9],[1,8],[-1,6],[-4,6],[0,4],[2,4],[6,3],[7,5],[4,10],[2,11],[-34,12],[0,-18],[7,0],[-2,-6],[-6,-2],[-4,-7],[7,-4],[4,-50],[-5,-5],[-17,-6],[-13,-2],[-65,-4],[-7,-3],[-34,-2],[-10,30],[-11,43],[-4,24],[-5,8],[2,64],[15,21],[13,9],[30,23],[0,8],[-16,44],[-2,7],[-4,3],[-32,15],[-10,7],[-2,1],[-7,1],[-4,1],[-5,3],[-4,2],[-15,-7],[2,-8],[-11,-1],[2,-6],[-12,-10],[-3,-7],[-7,-31],[-4,-7],[-32,-9],[-11,-2],[-5,-5],[-1,-7],[-14,-12],[-67,13],[-10,6],[-47,5],[-6,-4],[-5,-7],[-63,-32],[-8,0],[-100,-51],[-2,-4],[-10,-3],[-10,3],[-7,6],[-9,9],[-7,10],[-2,9],[-1,15],[10,112],[1,11],[108,87],[23,-2],[3,1],[-1,3],[-5,2],[-10,8],[75,3],[8,-2],[6,-2],[12,-6],[-9,-16],[-1,-6],[16,-9],[7,2],[26,2],[4,-5],[5,1],[6,-3],[1,-4],[23,-17],[12,-2],[21,-16],[4,-6],[10,-6],[5,-1],[23,19],[4,4],[8,2],[6,17],[-11,18],[-44,31],[-11,7],[-14,11],[-10,9],[-38,33],[-29,7],[-10,-1],[-105,20],[-15,5],[-76,34],[-35,49],[-33,-22],[-7,5],[-12,11],[-19,17],[-13,11],[50,34],[-107,64],[-11,-2],[-8,5],[-30,11],[-8,2],[-13,15],[-3,10]],[[83495,81385],[5,4],[-4,25],[1,5],[45,14],[17,-2],[48,32],[30,-23],[-41,-29],[7,-5],[10,-5],[23,-13],[7,-9],[1,-8],[-38,-49],[-36,-14],[-62,53],[-8,9],[-5,15]],[[84307,82417],[1,5],[1,5],[8,10],[8,9],[17,11],[10,3],[16,3],[13,1],[38,-14],[1,-7],[-21,-23],[-2,-5],[-4,-8],[-8,-3],[-54,-9],[-8,1],[-12,5],[-1,5],[-2,6],[-1,5]],[[83531,82781],[0,5],[20,-9],[3,-3],[16,-5],[11,-1],[27,-20],[-27,-9],[-13,-1],[-24,4],[-8,7],[-5,32]],[[82297,82884],[27,16],[73,-53],[10,20],[3,3],[15,8],[8,2],[11,3],[9,8],[4,12],[4,6],[6,16],[-4,1],[21,37],[54,23],[168,-4],[8,0],[13,3],[3,4],[38,2],[1,-3],[5,-2],[13,-2],[25,-8],[1,-2],[5,0],[18,19],[4,2],[18,12],[1,5],[58,39],[6,5],[4,9],[2,8],[5,15],[4,3],[1,8],[-4,19],[1,4],[1,3],[32,5],[5,-23],[-5,-5],[9,-7],[4,-1],[1,-9],[31,-41],[9,-3],[18,-12],[-1,-4],[-115,-81],[-8,-6],[-13,-6],[-9,-3],[-4,-5],[-9,-3],[-10,2],[-24,23],[-21,-12],[-6,-4],[-25,-8],[-4,3],[-14,-3],[-9,-2],[-41,5],[-4,7],[-118,-10],[-83,-26],[-85,-70],[-36,-8],[-22,18],[-50,-28],[-15,18],[29,9],[-38,-2],[-3,19],[29,6],[-33,8],[-2,18]],[[84232,83117],[6,28],[30,22],[53,7],[2,-2],[6,-7],[-2,-1],[-5,-1],[-9,-2],[-3,-3],[-31,-12],[-2,1],[-10,-7],[-2,-2],[-12,-11],[-3,-2],[2,-31],[-11,-2],[-3,2],[-4,5],[0,4],[0,9],[-2,5]],[[84326,83175],[27,11],[1,-5],[-26,-8],[-2,2]],[[84279,83192],[19,12],[11,-15],[-30,3]],[[84359,83209],[48,-1],[7,3],[4,5],[10,14],[3,3],[39,1],[-6,-4],[-2,-3],[-2,-3],[-5,-3],[-9,-33],[-4,-3],[-14,-7],[-5,2],[-33,-7],[-3,-2],[-8,1],[-11,4],[-7,11],[0,3],[-2,19]],[[83566,82946],[1,11],[1,13],[1,15],[6,22],[1,8],[59,76],[10,8],[7,8],[6,8],[100,213],[99,93],[4,5],[86,55],[7,2],[30,16],[9,5],[26,2],[9,-1],[14,4],[8,3],[132,-1],[50,-32],[-1,-5],[-22,-9],[9,-28],[22,-11],[12,-4],[10,-1],[10,-2],[25,-2],[11,0],[65,0],[12,-1],[30,5],[8,6],[24,11],[18,-13],[6,-7],[8,-7],[5,-3],[-29,-6],[-4,0],[-46,-7],[50,-13],[3,-3],[1,-4],[0,-7],[4,-9],[0,-4],[-4,-4],[9,-53],[4,-5],[4,-14],[-5,-6],[-10,-11],[0,-4],[-11,-6],[-6,1],[-96,-44],[-4,0],[-19,1],[6,8],[3,2],[-8,8],[-5,1],[-5,1],[-28,-1],[-9,-2],[-28,-12],[-6,-1],[-32,-10],[-5,-3],[-23,-8],[3,-15],[-25,15],[-4,1],[-26,-4],[-6,-24],[-2,-11],[1,-7],[3,-6],[13,-13],[-1,-5],[-52,-34],[1,-8],[-62,8],[-4,3],[-17,-1],[-11,-1],[-51,-23],[-12,-25],[-3,-9],[8,-5],[2,-5],[-86,-37],[-9,1],[-10,1],[-10,4],[-31,8],[-28,-17],[-5,-6],[-13,-9],[-8,-1],[-8,-7],[-2,-4],[-6,-2],[-50,-23],[-9,-1],[-26,4],[-7,6],[-28,0],[-16,-21],[-21,20],[-1,6]],[[83217,83305],[19,19],[12,-8],[-22,-21],[-9,10]],[[83868,83663],[1,45],[4,8],[1,6],[2,11],[29,5],[7,-1],[44,-16],[25,-55],[-1,-16],[-50,-16],[20,-16],[-4,-4],[-13,2],[-9,4],[-51,38],[-5,5]],[[83052,83314],[44,187],[121,300],[3,13],[5,19],[4,12],[41,166],[2,10],[57,103],[10,24],[60,217],[14,119],[-12,31],[2,82],[-1,1],[-3,10],[-13,12],[-6,3],[-8,9],[13,14],[9,5],[90,70],[16,13],[4,5],[13,2],[31,35],[4,5],[1,1],[1,0],[4,2],[9,2],[7,-1],[42,9],[22,8],[110,-6],[10,-2],[22,-9],[8,1],[3,-12],[-1,-7],[15,-83],[8,-10],[-3,-8],[-4,3],[1,-10],[6,-17],[24,-41],[-1,-6],[45,-90],[3,-10],[3,-53],[-16,-10],[0,67],[1,4],[-7,13],[-36,-56],[10,43],[-10,23],[-3,2],[1,5],[7,17],[-44,65],[10,46],[-20,31],[8,-198],[-12,-53],[-10,10],[4,51],[-2,11],[-3,8],[-27,58],[-39,25],[-9,5],[-5,3],[-1,4],[0,1],[11,10],[7,0],[27,10],[12,46],[-9,29],[13,20],[-98,-83],[-43,-87],[3,-3],[-29,1],[-19,3],[-70,5],[-12,-31],[31,-47],[8,-6],[25,-24],[-5,-3],[-3,-4],[1,-3],[21,-1],[-23,-5],[-15,-2],[-39,-12],[1,-16],[5,-8],[-5,-16],[-7,-1],[-16,-8],[16,-13],[24,-19],[17,-46],[-2,-4],[21,-107],[2,-7],[-1,-14],[-2,-4],[-23,-56],[3,-30],[2,-6],[8,-28],[3,-6],[3,-4],[4,-3],[4,-5],[-1,-4],[-35,-25],[-3,-5],[-7,-5],[-6,-4],[-5,-3],[-34,-24],[-46,10],[40,-16],[-10,-23],[-8,-6],[-58,-11],[-6,2],[-31,-12],[14,-27],[-17,-7],[17,-10],[-15,-40],[6,-29],[-70,21],[11,-26],[3,1],[20,-21],[-3,-3],[-4,-1],[-2,1],[-30,9],[-21,-24],[3,-44],[1,-6],[-3,-3],[-18,-21],[-4,-60],[-53,-26],[6,-100],[-26,7],[33,-24],[-8,-15],[21,-36],[-7,-24],[5,-3],[-5,-3],[-3,1],[-18,-7],[9,-13],[4,-3],[21,-25],[-3,-2],[-4,0],[-1,5],[0,3],[-35,3],[18,-28],[-19,2],[15,-16],[-7,-29],[0,-5],[1,-2],[3,-44],[-44,20],[30,-28],[-17,-26],[-3,-42],[-27,-24],[-3,-28],[-25,14],[-6,6],[-1,49],[2,6],[-2,4],[-3,23],[1,7],[-4,5],[0,9],[-6,90]],[[83535,84123],[1,8],[54,35],[20,-40],[-4,-28],[-4,-5],[-14,-9],[-2,4],[-19,-11],[-3,-4],[-1,-3],[-5,-18],[-2,-13],[-14,10],[-3,9],[-4,65]],[[85605,80727],[25,-2],[10,-7],[10,-3],[2,-2],[-37,10],[-10,4]],[[86966,81456],[24,4],[2,-5],[10,2],[7,4],[9,8],[59,83],[0,6],[-3,3],[-2,3],[-2,7],[83,64],[4,9],[22,6],[-10,-5],[-3,-5],[30,-36],[6,-2],[13,-28],[-22,-26],[-71,-15],[-8,-2],[-18,-9],[-8,-7],[-12,-9],[-5,0],[-8,-6],[-10,-10],[-35,-49],[1,-7],[5,-48],[-49,28],[-7,38],[0,1],[-2,3]],[[85089,84045],[12,17],[3,1],[3,-5],[-2,0],[19,-31],[3,-2],[-1,-1],[-3,-1],[-19,7],[-6,1],[-4,5],[-4,6],[-1,3]],[[64606,77309],[255,94],[361,233],[248,103],[123,71],[10,5],[54,24],[15,7],[9,3],[10,3],[12,4],[11,5],[8,3],[14,4],[91,25],[8,5],[34,6],[13,1],[240,38],[10,1],[10,2],[11,2],[10,5],[5,6],[7,4],[11,2],[64,4],[10,2],[227,-33],[144,-15],[19,-3],[15,0],[16,2],[20,3],[70,28],[198,31],[14,-4],[84,-63],[4,-9],[11,-95],[11,-9],[18,-25],[8,-10],[8,-8],[5,-7],[2,-6],[2,-4],[0,-6],[7,-19],[17,-13],[158,-85],[158,-18],[17,2],[5,5],[54,46],[44,10],[37,-24],[21,-46],[-5,-6],[-54,-86],[-49,5],[-19,-42],[-3,-22],[-7,-29],[-4,-22],[-1,-17],[-6,-16],[-1,-21],[-4,-17],[-6,-45],[-1,-40],[3,-16],[6,-13],[11,-22],[1,-5],[0,-3],[4,-9],[9,-17],[19,-28],[3,-4],[19,4],[-3,-12],[10,-9],[148,-79],[160,-13],[108,70],[123,52],[8,5],[21,24],[8,13],[76,141],[50,19],[46,-23],[10,-13],[22,-40],[5,-11],[4,-10],[8,-14],[7,-9],[5,-7],[14,-26],[12,-13],[20,-23],[2,-2],[4,-4],[12,-8],[11,-8],[11,-8],[9,-8],[10,-8],[11,-5],[42,-32],[9,-5],[42,-4],[10,3],[159,46],[151,-49],[-26,-30],[-5,-11],[-23,-55],[1,-12],[2,-9],[3,-10],[4,-12],[4,-6],[99,-70],[162,-65],[16,-4],[14,-38],[1,-3],[-10,-46],[-9,-1],[13,-30],[71,-8],[52,8],[18,-9],[24,21],[1,23],[-70,21],[-14,45],[11,23],[-21,-2],[-1,1],[2,8],[7,8],[6,7],[18,14],[11,5],[58,20],[6,3],[4,2],[6,2],[44,56],[-1,2],[3,1],[22,22],[9,10],[48,44],[26,8],[5,-13],[0,-5],[18,-22],[26,21],[6,32],[-26,24],[-3,1],[-2,4],[1,1],[-3,8],[-5,4],[-1,3],[18,49],[16,83],[-1,3],[5,19],[0,3],[-2,4],[-3,22],[2,6],[-17,123],[0,4],[1,5],[6,2],[15,10],[8,46],[-1,7],[-2,8],[-5,4],[-12,2],[-8,-2],[-19,-1],[15,-40],[-1,-4],[-20,2],[-3,2],[-8,1],[-2,-3],[-8,0],[-3,2],[-6,-5],[-3,-3],[-14,-12],[-4,14],[1,2],[0,6],[-4,-1],[3,9],[6,0],[3,1],[-1,4],[-8,13],[20,21],[0,5],[-6,14],[4,3],[61,-4],[33,18],[2,24],[35,13],[-9,-15],[0,-4],[-7,-40],[5,-8],[3,-7],[2,-4],[18,-7],[36,37],[-26,59],[1,6],[5,13],[7,4],[36,30],[4,3],[9,1],[12,53],[-10,30],[-17,1],[-17,-5],[-31,42],[-5,23],[31,10],[8,-1],[21,17],[-1,6],[4,7],[5,8],[45,62],[4,8],[3,3],[6,3],[6,38],[3,7],[14,23],[8,12],[8,6],[9,7],[68,41],[6,1],[124,41],[1,60],[-46,22],[3,-4],[-14,-12],[-16,2],[-73,11],[13,44],[32,30],[14,10],[18,4],[11,-1],[21,-8],[5,-5],[13,-27],[-3,-2],[1,-6],[6,-4],[0,-3],[18,-23],[15,-9],[17,-10],[13,-3],[7,-1],[14,-4],[168,36]],[[72250,75158],[-79,-22],[-86,18],[-54,-43],[-37,11],[-23,-23],[-24,23],[17,22],[-10,10],[-88,-23],[11,56],[83,28],[-25,26],[19,8],[-93,-14],[-11,16],[3,54],[-90,2],[-13,-28],[-54,2],[-56,53],[30,20],[3,21],[-36,12],[19,39],[-36,18],[-20,-10],[-1,17],[-40,11],[-29,-54],[-91,-37],[-57,2],[28,-61],[-35,-37],[27,-21],[-12,-20],[-27,-6],[-4,45],[-115,81],[-59,-32],[-44,-2],[-14,-26],[27,-41],[-5,-36],[-68,-18],[27,-9],[16,-29],[-32,-43],[19,-61],[-18,-35],[-50,31],[1,32],[-58,28],[-4,65],[38,26],[-1,14],[-116,17],[-73,-150],[-43,-42],[-144,-3],[-25,-19],[-40,25],[-142,-1],[-39,36],[-29,-17],[-13,12],[2,16],[44,21],[-9,13],[-40,-21],[-52,11],[-147,-52],[-68,71],[-133,-52],[-12,-25],[-45,-17],[60,70],[6,26],[-19,-9],[-53,32],[38,83],[-115,-99],[-106,2],[-41,19],[-54,-62],[25,-48],[-25,-21],[32,-13],[-20,-13],[37,-54],[21,-31],[46,-173],[-28,-84],[-4,-58],[-17,-24],[-1,-55],[-49,-65],[-43,-103],[-8,-66],[15,-36],[-12,-31],[-107,-32],[-28,75],[-45,27],[-26,-14],[-20,-39],[-10,17],[-22,-21],[-32,17],[-9,-12],[77,-80],[32,-1],[-15,-38],[-101,-10]],[[68009,73790],[-57,-21],[-32,30],[-41,-62],[-61,11],[90,-68],[6,-22],[32,-7],[2,-34],[29,-2],[13,-20],[48,11],[19,-24],[-33,-62],[-67,-10],[-6,24],[-18,-8],[18,-28],[-17,-61],[7,-12],[41,-14],[70,30],[88,-12],[-29,-60],[10,-30],[-79,-28],[-10,-36],[-64,-45],[36,-9],[7,-93],[-26,-32],[-137,-47],[-77,86],[-112,23],[-94,-24],[-36,-71],[-34,-17],[-16,58],[-40,34],[52,56],[-87,29],[-54,-9],[-71,-49],[-79,32],[5,-23],[-31,-20],[-22,-77],[14,-67],[-38,-49],[-261,-121],[-76,5],[-79,-44],[-60,1],[-16,35],[16,61],[28,12],[1,23],[-43,1],[-2,12],[34,35],[-4,18],[34,26],[-18,18],[-6,19],[-99,49],[-164,-58],[9,33],[-8,21],[-91,100],[-18,45],[-12,-17],[-19,17],[-27,-8],[-31,34],[-77,-30],[-20,-42],[-127,33],[-31,-67],[-182,0],[-55,-30],[-145,74],[-34,-2],[-43,14],[41,186],[-73,63],[-24,0],[8,52],[-20,47],[-78,36],[-14,-22],[-22,8],[-61,85],[-54,-9],[-27,13],[-8,26],[-46,-12],[-105,33]],[[71125,75407],[102,-35],[12,15],[85,-78],[43,-18],[14,37],[-18,41],[-22,-15],[9,49],[-43,14],[-182,-10]],[[69050,77140],[9,3],[5,-4],[27,6],[11,2],[-7,-11],[-2,-5],[-1,-5],[2,-10],[-5,-5],[-5,-8],[1,-3],[-22,20],[-1,7],[-8,8],[-4,5]],[[69491,77391],[22,-2],[1,-24],[-23,26]],[[69413,77398],[13,35],[29,11],[-3,-21],[-5,-2],[-6,-4],[-2,-7],[-13,-20],[-13,8]],[[68630,77720],[51,69],[8,4],[4,3],[3,4],[5,3],[123,72],[10,7],[25,15],[8,4],[18,9],[194,71],[19,7],[24,11],[13,7],[78,36],[19,7],[19,6],[20,7],[15,4],[15,4],[14,4],[8,2],[38,6],[35,5],[172,-8],[7,-2],[53,-6],[12,-2],[27,-22],[2,-10],[5,-36],[0,-6],[1,-6],[-2,-6],[-18,-92],[0,-4],[-2,-3],[-12,-32],[2,-5],[0,-4],[-5,-4],[-9,-17],[0,-5],[-27,-14],[4,3],[3,4],[-4,2],[-14,1],[17,9],[2,5],[-2,3],[-2,5],[-7,14],[-6,-11],[-5,-2],[-10,-4],[-3,0],[-18,-4],[26,61],[-13,20],[-18,-95],[-1,-4],[-9,-9],[-5,-2],[-17,-14],[1,-3],[9,-93],[-4,-4],[-4,-16],[3,-4],[-6,-24],[19,-43],[-23,-11],[-6,-1],[-34,-10],[-16,-25],[0,-5],[-2,-4],[-8,-9],[-19,-27],[-1,-5],[39,-25],[0,-4],[-40,-5],[-2,-4],[-10,-6],[-4,0],[-19,3],[7,-19],[0,-6],[-21,-22],[-8,-4],[-4,-5],[-3,-5],[0,-10],[-1,-5],[-4,-5],[-4,-6],[-14,-5],[-4,1],[-14,-9],[4,-3],[-2,-6],[-5,-3],[4,-12],[3,-4],[3,-14],[-25,-2],[-12,2],[-11,1],[-59,34],[-4,8],[-12,92],[3,11],[19,28],[9,8],[6,7],[3,8],[-2,29],[-3,9],[0,9],[1,36],[3,142],[-2,2],[1,14],[3,2],[-2,20],[-21,-5],[-34,-19],[-7,-26],[-1,-3],[-4,-2],[-6,-2],[-17,-8],[-8,-13],[-30,-28],[-4,-1],[-2,-3],[-4,-5],[-8,-9],[-4,-2],[1,-18],[3,4],[6,-15],[-9,-1],[-5,-20],[3,-5],[7,-37],[2,-6],[-15,-20],[-2,-4],[16,-61],[1,-6],[-23,-41],[6,-7],[7,-12],[0,-4],[-4,-32],[4,-2],[29,9],[21,33],[-21,-42],[-50,-10],[-11,3],[-24,9],[-6,2],[-5,2],[-14,8],[-15,9],[-14,12],[-4,4],[-35,39],[-4,3],[-1,1],[-40,0],[-6,-2],[-1,2],[-9,1],[-4,-3],[-32,13],[0,4],[-9,11],[-3,-2],[-27,29],[-2,4],[-32,1],[-5,-5],[-8,-8],[-4,0],[-5,-6],[4,-2],[5,-10],[-25,-23],[-3,-3],[21,-14],[3,2],[26,-9],[0,-2],[30,7],[5,3],[14,0],[5,-2],[73,2],[2,2],[23,-2],[3,-4],[2,-2],[3,-1],[2,-6],[-6,-3],[-72,-23],[-9,-2],[-7,-1],[-30,0],[-81,30],[-79,101],[-7,30],[-13,82],[0,17],[8,41],[-10,3],[8,25],[-10,0],[-8,-2]],[[69591,78098],[8,15],[6,5],[73,51],[3,0],[16,-11],[1,-4],[-24,-9],[-11,-53],[-1,-4],[-5,2],[-1,3],[-41,1],[-5,-2],[-11,0],[-4,3],[-1,0],[-3,3]],[[85268,80046],[9,-12],[5,-5],[26,-44],[0,-9],[21,-42],[34,-10],[6,0],[14,0],[81,-8],[44,-25],[-12,-5],[-13,-18],[-70,-16],[19,-19],[10,1],[12,-1],[-5,-15],[-17,2],[-8,1],[-21,-1],[-4,-5],[-2,-7],[0,-4],[-1,-6],[-23,-16],[-4,-4],[-11,-30],[-2,-5],[-9,-6],[-9,-1],[-38,-23],[-3,-4],[-36,-33],[-6,-5],[-13,-11],[18,-1],[3,-1],[11,0],[18,4],[2,2],[5,1],[4,6],[1,4],[3,4],[7,1],[4,2],[1,5],[35,30],[22,-7],[8,1],[10,2],[2,9],[3,3],[6,3],[4,3],[3,4],[52,5],[2,-5],[25,-18],[6,0],[18,10],[5,8],[4,7],[5,6],[34,1],[5,4],[3,-1],[4,-2],[16,7],[-1,9],[15,12],[2,1],[4,1],[34,5],[14,5],[20,13],[6,5],[3,1],[23,11],[9,12],[57,24],[48,-12],[17,-7],[28,-12],[19,-33],[104,-21],[39,-34],[-13,-52],[-104,-38],[5,0],[-18,-10],[-7,-4],[-35,-36],[-73,-33],[12,-21],[-1,-11],[-1,-14],[10,-27],[3,-6],[1,-4],[-2,-3],[3,-6],[33,-12],[11,-1],[32,12],[3,5],[6,4],[7,2],[44,16],[12,10],[7,5],[10,10],[-9,9],[0,3],[3,1],[12,4],[-1,5],[19,12],[-6,24],[6,4],[1,5],[45,26],[3,-2],[2,-2],[1,-3],[-6,-7],[-8,-10],[-17,-22],[17,-25],[-27,-31],[3,-5],[27,-1],[7,-1],[11,-6],[1,-4],[57,-47],[5,0],[11,-9],[-1,-6],[23,-8],[8,0],[16,-6],[8,-9],[9,-11],[18,-25],[16,-41],[-1,-5],[28,-25],[12,-36],[4,-4],[25,-34],[0,-3],[-5,-16],[6,-3],[4,-5],[-7,-43],[1,-4],[3,-4],[2,-3],[0,-3],[-14,-32],[3,-8],[21,-28],[4,-5],[9,-7],[6,-3],[6,-5],[0,-4],[27,-25],[-16,-9],[26,-39],[7,-5],[2,-4],[4,-5],[11,-9],[9,-3],[9,-9],[4,-5],[7,-6],[16,7],[8,-10],[-16,-59],[35,-28],[12,-7],[6,-2],[16,-7],[5,-4],[7,-2],[19,-6],[7,-2],[7,-1],[7,1],[14,-1],[7,-3],[6,4],[164,-38],[5,-2],[5,0],[11,1],[9,1],[9,1],[34,14],[2,23],[-5,1],[0,5],[0,4],[-8,31],[-47,46],[-63,70],[-33,125],[-33,10],[-19,39],[-3,12],[9,27],[127,70],[314,68],[185,-11],[243,24],[406,97],[169,124],[5,-5],[15,11],[90,-78],[20,14],[-96,69],[-10,9],[10,0],[11,3],[63,32],[7,8],[141,64],[7,3],[12,9],[1,2],[11,12],[6,-2],[3,4],[54,42],[16,5],[54,30],[2,5],[13,1],[6,-1],[5,-1],[9,2],[25,0],[9,-2],[25,-9],[1,-4],[3,-5],[6,-1],[6,0],[5,-2],[6,-4],[63,-56],[5,-4],[4,-4],[0,-2],[2,-3],[-1,-4],[-11,-4],[-7,1],[-47,-35],[-112,-19],[-17,-4],[-1,-5],[17,-39],[-2,-5],[-6,-34],[2,-3],[13,-21],[4,-3],[5,1],[86,-24],[-1,-2],[19,-6],[1,4],[10,-5],[3,-2],[18,-6],[3,1],[8,-3],[10,-4],[3,0],[38,-24],[5,-5],[2,-1],[3,-1],[2,-2],[2,-2],[5,0],[49,-34],[2,-7],[-27,3],[52,-37],[-18,18],[24,-4],[4,2],[4,0],[57,15],[2,4],[64,15],[-1,-3],[-12,-11],[17,2],[4,-1],[7,-23],[2,-7],[0,-9],[-1,-3],[-4,0],[-27,-2],[6,-5],[12,-9],[15,-12],[5,-3],[6,-1],[2,-2],[1,-3],[18,-9],[6,-1],[54,-32],[-4,-5],[-18,-12],[-5,-5],[-26,-16],[-4,0],[-23,-20],[13,-30],[47,-12],[4,3],[42,0],[2,-2],[4,-6],[2,-4],[2,-3],[7,-3],[2,-2],[10,-28],[1,-2],[70,-69],[6,-2],[9,-3],[5,-3],[55,-20],[49,9],[50,-27],[44,-59],[7,-44],[-9,-16],[-43,-51],[-6,-2],[-8,-2],[-4,-10],[-4,-16],[-2,-3],[-10,-37],[7,-13],[10,-33],[-1,-13],[1,-10],[-1,-9],[-7,-9],[-5,-4],[-2,-5],[-1,-4],[-14,-26],[-8,-6],[-13,-22],[3,-37],[3,-7],[0,-32],[-4,-5],[-21,-8],[-19,27],[-92,-61],[-1,-22],[5,-3],[32,-26],[3,-5],[50,-47],[6,-7],[-8,-14],[-15,-24],[-6,-1],[-35,-36],[-13,8],[-48,-33],[-3,-5],[-8,-10],[-5,-4],[-43,-43],[-10,-7],[-54,-17],[-8,0],[-93,-31],[-2,-2],[-4,-1],[-10,-5],[10,-33],[42,-25],[42,1],[2,2],[2,1],[3,7],[0,4],[6,5],[5,3],[14,-2],[4,-2],[2,-3],[-3,-2],[1,-19],[6,-6],[4,-13],[-1,-6],[1,-30],[2,-4],[9,-28],[2,-5],[2,-5],[-4,-24],[5,-5],[53,-39],[52,-20],[8,-3],[25,-27],[-1,-3],[4,-6],[4,-1],[28,-31],[5,-6],[16,-8],[5,-1],[4,-4],[52,-31],[6,-5],[2,-3],[2,-4],[18,-17],[3,-3],[4,-5],[4,-2],[7,-5],[3,-2],[123,-2],[9,-5],[42,-39],[-2,-5],[2,-1],[6,1],[67,-45],[3,-4],[6,-2],[8,-2],[1,-4],[8,-3],[6,2],[40,-19],[5,-5],[7,-6],[2,-5],[1,-8],[15,-39],[8,-11],[5,-6],[41,-50],[9,-13],[19,-18],[5,-5],[2,-5],[7,-6],[5,0],[13,-16],[4,-6],[3,-5],[4,-2],[8,-7],[2,-5],[12,-71],[0,-5],[-13,-16],[-7,-3],[-4,-7],[2,-7],[0,-8],[-1,-11],[1,-9],[3,-6],[3,-5],[48,-26],[4,2],[7,0],[3,-1],[50,-8],[44,26],[12,0],[36,-10],[7,-4],[45,-21],[2,-2],[0,-5],[4,-34],[6,-9],[5,-4],[22,-2],[8,0],[34,-9],[7,-3],[33,-50],[4,-4],[4,-7],[0,-11],[26,-30],[10,-6],[77,-74],[28,-65],[-5,-31],[-3,-8],[-12,-17],[-7,-12],[-66,-58],[-13,-7],[-112,1],[-105,-57],[-3,-7],[-9,-10],[-6,0],[-27,-22],[-6,-3],[-21,-8],[-6,1],[-14,-6],[-7,-3],[-31,-37],[-6,-5],[-3,-3],[-1,-4],[-8,-5],[-40,-47],[-2,-5],[-24,-35],[-3,-5],[-2,-18],[2,-7],[-5,-21],[-3,-7],[-4,-16],[1,-7],[-10,-17],[-5,-4],[-1,-4],[-5,-14],[-5,0],[-8,-1],[-2,-3],[-13,1],[-11,7],[-114,-1],[-2,-3],[-19,-4],[-6,1],[-7,-2],[-4,-3],[-17,-36],[-5,-7],[1,-42],[4,-6],[13,-30],[2,-6],[2,-15],[-2,-3],[-6,-2],[-7,0],[-59,-18],[-10,-3],[-15,-8],[-8,-4],[-52,-29],[2,-6],[2,-4],[5,-3],[23,0],[-21,-27],[20,-11],[9,1],[35,-9],[12,-36],[-1,-3],[-13,-21],[-1,-6],[-4,-6],[1,-21],[5,-2],[11,6],[8,4],[38,3],[-9,-19],[-11,-2],[-24,-10],[-5,-3],[-2,-4],[10,-7],[9,-4],[4,-5],[3,-4],[4,0],[4,1],[4,5],[21,5],[9,1],[7,2],[25,7],[11,0],[174,-6],[64,-44],[15,-7],[38,-19],[10,-14],[34,-6],[5,-4],[2,-4],[0,-4],[19,-30],[8,-2],[0,-31],[-4,-10],[-3,-11],[0,-5],[2,-6],[20,-21],[1,-10],[0,-8],[3,-22],[0,-4],[3,-5],[34,-14],[8,1],[4,-4],[18,-7],[4,-1],[0,-3],[3,-18],[49,-30],[3,-5],[21,-41],[5,-5],[76,-74],[2,-1],[6,-3],[58,0],[6,8],[5,2],[37,32],[5,4],[12,0],[2,-2],[2,-1],[9,-20],[0,-7],[6,-21],[7,-2],[23,-43],[4,-5],[15,-2],[6,3],[18,-1],[5,-3],[9,0],[9,2],[26,-2],[8,-3],[22,-40],[-1,-8],[16,-23],[6,2],[15,-14],[7,-8],[19,-12],[6,-3],[14,-9],[5,-7],[17,-12],[6,-3],[6,-7],[35,-29],[10,-1],[20,-15],[1,-3],[74,-45],[21,-31],[10,-3],[-1,-4],[-9,-3],[25,-9],[-8,22],[16,-21],[6,-3],[130,-27],[92,-39],[31,5],[-2,3],[25,0],[8,-2],[18,-11],[2,-3],[10,-7],[2,2],[6,-2],[4,-5],[29,-17],[22,8],[29,-26],[5,-3],[7,-4],[7,-2],[4,1],[65,-26],[3,-2],[9,-11],[27,-2],[9,-2],[19,-12],[-5,-1],[2,-10],[6,-4],[7,-2],[7,0],[3,3],[10,1],[5,-2],[58,-25],[77,11],[-10,9],[1,3],[24,5],[3,-3],[28,-19],[3,-2],[2,-1],[51,-19],[13,-21],[8,-10],[19,-12],[10,-7],[26,-10],[3,2],[9,-3],[8,-6],[64,-21],[8,-1],[18,-4],[5,-2],[29,0],[10,14],[1,-17],[-5,-9],[6,-4],[6,12],[22,-26],[9,-7],[49,3],[9,4],[9,-1],[28,-7],[6,0],[79,-26],[7,-3],[18,15],[25,-8],[10,1],[9,0],[9,-1],[30,12],[7,3],[8,2],[9,0],[19,-5],[33,23],[6,4],[17,-3],[2,-4],[15,-1],[2,5],[37,0],[14,-3],[103,13],[6,-3],[2,-5],[1,-5],[3,-4],[6,-3],[3,-4],[29,-38],[6,-2],[1,-3],[0,-5],[3,-2],[7,0],[15,-1],[8,-2],[64,11],[4,4],[9,1],[6,2],[3,6],[3,3],[8,0],[5,3],[3,3],[5,8],[6,-4],[75,62],[5,5],[30,12],[7,0],[4,6],[27,19],[8,-2],[17,18],[-4,4],[8,8],[4,-2],[34,30],[70,66],[1,5],[6,2],[4,3],[0,5],[4,3],[6,3],[31,17],[13,2],[35,-9],[1,-4],[132,-35],[11,-3],[8,-5],[9,-5],[98,-96],[1,-4],[0,-26],[-3,-4],[-2,-5],[4,-7],[5,-11],[5,-3],[7,-8],[-2,-4],[24,-20],[4,-24],[-35,-4],[2,-19],[-17,-5],[-1,-59],[-58,-25],[-19,-53],[-41,-40],[-6,-8],[-8,-4],[-148,-71],[-15,-15],[-5,-4],[-44,-10],[-13,-2],[-58,-32],[-20,-43],[17,-32],[6,-5],[1,-2],[3,-6],[16,-10],[9,-3],[98,-27],[6,-6],[20,-5],[20,-3],[54,-15],[11,-3],[18,0],[4,3],[29,0],[3,-3],[6,0],[4,1],[10,2],[32,22],[-2,5],[63,15],[8,-2],[10,5],[-2,5],[5,1]],[[93375,74321],[39,-55],[6,-49],[95,-79],[-22,-111],[-88,-69],[10,-39],[24,-9],[36,3],[48,-49],[-7,-282],[234,-185],[49,-4],[-41,-502],[16,-109],[-98,-137],[41,-24],[-13,-86],[86,-80],[30,-83],[-31,-54],[95,-246],[204,-91],[30,-86],[-5,-51],[38,-310],[113,-10],[4,-17],[1,-83],[-23,-160],[5,-115],[29,-67],[1,-107],[137,-244],[47,-140],[5,-74],[-20,-125],[-23,-56],[130,-76],[24,-132],[35,-71]],[[85378,79760],[4,12],[2,0],[13,4],[-7,-16],[-12,0]],[[85905,79894],[52,0],[6,-2],[159,-85],[25,-30],[0,-33],[-61,-37],[-14,-40],[-23,-9],[-5,-2],[2,8],[7,2],[16,20],[0,9],[-28,26],[-5,38],[-78,35],[1,76],[-46,22],[-8,2]],[[85521,79848],[8,14],[4,-2],[3,-5],[1,-5],[3,-2],[5,-3],[-2,-4],[-22,7]],[[85507,79911],[78,34],[84,2],[8,-4],[33,-43],[-49,26],[-106,-13],[-29,-13],[-19,11]],[[93024,76983],[-159,-147],[-146,-3],[-45,-18],[0,-24],[175,-17],[-16,-45],[71,-73],[9,-123],[18,-104],[-20,-164]],[[92911,76265],[-64,7],[6,-6],[9,-6],[-19,7],[-9,9],[-51,42],[-87,14],[-76,-18],[-10,1],[-8,3],[-6,3],[-19,8],[-10,0],[-19,0],[-12,-1],[-155,-7],[-150,-3],[-66,9],[-94,-32],[-137,21],[-114,45],[-95,-46],[-108,-15],[-158,55],[-42,-2],[-40,-9],[-55,-46],[-65,-1],[-93,-117],[-110,-58],[-35,-62],[-59,9],[-41,8],[-137,-38],[-11,-5],[-43,-9],[-11,-1],[-144,-24],[-2,-1],[-21,4],[-6,2],[-19,3],[-9,-1],[-4,2],[-10,5],[-83,26],[14,58],[112,-50],[115,26],[33,38],[0,62],[11,20],[-51,45],[-125,45],[-41,41],[11,32],[-9,8],[-17,-28],[-5,-77],[12,-46],[-36,-29],[-15,-57],[-21,-16],[11,-40],[-49,-67],[-10,-5],[-28,-8],[-6,-2],[-107,-32],[-50,8],[-5,-4],[-12,-2],[-6,2],[-15,-1],[-4,-2],[-3,2],[-1,3],[-9,8],[-7,0],[-3,1],[-25,-9],[1,-5],[-8,-2],[-11,1],[-18,14],[2,4],[-159,31],[-1,-3],[-28,12],[13,-1],[8,5],[-58,43],[-4,-4],[-15,10],[-35,18],[-159,-17],[-4,1],[-10,40],[-1,7],[-8,14],[-3,0],[-7,9],[-3,6],[-2,5],[54,6],[9,2],[4,28],[-2,6],[4,32],[4,4],[5,26],[-2,6],[25,24],[1,31],[44,15],[6,-6],[31,-8],[13,-1],[36,-3],[12,-4],[11,2],[10,2],[22,5],[15,3],[90,44],[7,4],[8,3],[12,5],[7,6],[19,12],[11,1],[30,-15],[7,-1],[6,-1],[45,3],[8,5],[6,1],[11,-3],[25,-4],[6,2],[39,29],[9,5],[8,8],[8,8],[14,11],[5,6],[-2,8],[10,25],[52,8],[13,2],[11,3],[72,16],[10,0],[2,11],[-5,5],[1,5],[2,1],[4,3],[10,3],[7,0],[3,7],[-1,2],[-4,28],[6,4],[56,63],[-4,10],[7,29],[5,7],[12,41],[7,6],[16,0],[5,-1],[12,19],[2,7],[-3,35],[1,9],[-11,35],[-24,14],[-6,7],[-2,7],[-4,7],[1,16],[3,4],[1,22],[-6,4],[-1,4],[4,1],[10,13],[-13,76],[-2,15],[1,16],[-5,7],[-3,2],[8,5],[-22,41],[-39,27],[-4,9],[-2,10],[4,6],[-7,39],[-5,8],[-7,16],[4,7],[-211,147],[-6,4],[-9,17],[1,7],[-10,13],[-4,8],[-1,7],[0,6],[-1,6],[1,6],[-2,6],[4,5],[20,57],[3,9],[7,38],[6,4],[-1,29],[2,9],[27,38],[5,2],[6,5],[-5,4],[31,42],[63,12],[11,0],[14,0],[7,3],[54,0],[11,-2],[46,-2],[4,3],[13,1],[7,0],[9,8],[1,3],[54,20],[9,1],[12,3],[36,-3],[7,-5],[29,-2],[7,0],[19,-8],[4,-3],[10,-3],[10,-2],[39,-14],[15,-10],[8,-36],[-1,-9],[-12,-48],[7,-25],[7,1],[-4,-11],[-7,-4],[-1,-24],[1,-8],[-4,-3],[1,-5],[-2,-13],[-5,-8],[18,-8],[5,2],[29,-5],[20,-15],[7,-11],[-1,-7],[-58,-30],[-11,-5],[-121,-89],[2,-8],[33,-30],[8,-6],[2,-5],[7,-5],[9,-2],[9,-12],[-2,-6],[-37,-27],[-5,-6],[-8,-33],[-6,-9],[-1,-12],[3,-8],[15,-54],[-3,-14],[0,-41],[6,1],[23,1],[7,-2],[8,-3],[5,-3],[2,-2],[5,-2],[-2,30],[-5,7],[-1,17],[7,7],[68,115],[0,4],[7,0],[26,15],[-27,24],[-10,5],[-4,6],[-8,12],[-9,13],[-6,5],[-3,3],[1,4],[14,8],[8,6],[6,3],[12,0],[142,41],[6,-2],[4,-4],[0,-3],[-19,-13],[8,-8],[5,3],[16,3],[8,0],[14,12],[-1,6],[9,5],[9,-1],[21,7],[9,3],[18,-10],[8,-4],[42,-27],[25,4],[7,5],[7,0],[13,1],[13,3],[13,3],[12,3],[12,4],[10,6],[12,7],[48,-1],[7,-5],[3,-15],[-68,-6],[1,-3],[0,-3],[10,-8],[5,1],[31,15],[13,-15],[1,-6],[-81,-18],[-35,-32],[15,-54],[22,-10],[4,-1],[2,-5],[16,-14],[6,1],[5,-2],[9,-12],[18,8],[31,-22],[6,-1],[5,-1],[12,12],[4,3],[3,-8],[-4,-6],[-4,-6],[8,-5],[7,-9],[6,-3],[5,-3],[6,2],[5,3],[11,-2],[-4,-6],[10,-10],[7,2],[10,-1],[9,-3],[31,5],[6,5],[7,7],[5,10],[7,35],[-31,20],[2,-9],[-31,0],[-7,10],[-6,11],[0,12],[5,16],[66,127],[-3,39],[0,7],[1,10],[-1,8],[1,5],[8,5],[13,42],[-1,7],[7,25],[3,7],[20,57],[-6,32],[-13,110],[-2,5],[5,11],[5,36],[-39,25],[37,20],[-53,-15],[1,3],[4,5],[7,2],[2,1],[3,6],[-1,8],[-6,12],[-6,22],[-1,8],[-2,4],[-3,11],[2,5],[-54,95],[-59,27],[-81,-4],[-18,43],[-14,-13],[27,-57],[-3,-5],[-21,-21],[-9,-8],[-19,-18],[-2,-4],[-3,-7],[-5,0],[-54,8],[-5,41],[-4,4],[-1,25],[1,8],[8,21],[-11,41],[14,2],[-16,12],[-7,40],[-7,3],[-3,4],[2,4],[-23,94],[-7,25],[-4,5],[0,2],[5,4],[-10,44],[-32,32],[-94,52],[-6,2],[-1,8],[6,17],[-27,0],[-11,22],[-4,5],[-5,10],[-62,37],[-1,5],[44,27],[10,-2],[17,1],[-32,21],[-30,-12],[-33,-40],[-124,-6],[-78,30],[-149,18],[-100,14],[-21,-20],[7,-4],[49,-20],[-2,-7],[-14,-16],[-18,-30],[2,-9],[-3,-9],[-2,-4],[-1,-5],[-5,-19],[-2,-4],[-2,-5],[2,-7],[-6,-9],[-4,-5],[-3,-10],[2,-5],[-11,-36],[-5,-3],[-13,-18],[43,14],[3,5],[0,29],[4,3],[6,-1],[8,-4],[32,-39],[-2,-25],[40,-31],[4,-5],[3,-34],[-7,-3],[-10,-3],[-5,-5],[-15,-10],[-6,2],[-12,-6],[-5,-7],[-1,-2],[-6,-11],[-12,-33],[-56,-48],[-6,-13],[-1,-38],[-73,-94],[-85,-2],[-8,-15],[0,-4],[-3,-2],[-104,-7],[-90,-32],[-24,-78],[-3,-2],[-63,37],[-8,16],[-3,12],[-2,14],[0,57],[1,12],[3,13],[2,4],[5,5],[4,8],[31,44],[7,5],[6,7],[4,7],[6,1],[8,3],[2,5],[4,4],[6,1],[6,8],[1,6],[-1,10],[11,19],[4,10],[-2,6],[-4,36],[1,6],[4,16],[2,7],[2,6],[6,6],[24,25],[8,8],[-3,-13],[-2,-5],[7,-9],[7,0],[6,-1],[2,-5],[5,-17],[14,6],[5,7],[18,21],[7,4],[14,56],[-17,26],[-10,5],[-4,4],[-68,27],[54,-27],[12,-18],[-8,-18],[-4,-8],[-7,-6],[-5,2],[-31,54],[-9,2],[-16,9],[-5,6],[-60,33],[-12,3],[-11,1],[-13,-1],[6,-14],[-2,-2],[-19,0],[-19,2],[-47,-24],[11,-12],[8,2],[4,-1],[-1,-4],[-165,-66],[-8,-2],[-42,-9],[-6,3],[-11,-6],[-1,-5],[-7,-3],[-20,-26],[-4,-6],[-34,-23],[-4,0],[-16,-3],[-9,-11],[0,-5],[-1,-3],[-4,-3],[-48,-90],[-1,-5],[-4,-4],[-30,-26],[-10,-3],[-9,-1],[-8,1],[-219,7],[-58,79],[-1,5],[0,14],[2,5],[8,38],[57,72],[12,42],[30,5],[8,-1],[13,-18],[-2,-3],[23,-10],[4,3],[3,2],[7,20],[-2,5],[-1,6],[10,40],[4,6],[13,17],[21,11],[21,21],[1,31],[-23,35],[7,16],[5,6],[15,13],[8,4],[49,35],[-4,19],[3,56],[22,34],[4,39],[6,8],[7,4],[9,10],[4,5],[7,8],[2,5],[18,2],[-8,13],[4,8],[12,8],[3,4],[-1,6],[-3,3],[1,24],[3,4],[1,16],[-1,5],[-3,9],[1,5],[1,35],[29,28],[2,6],[1,26],[3,4],[0,41],[-35,80],[48,15],[-56,8],[-12,18],[-42,1],[-13,0],[-14,1],[-24,3],[-6,0],[-15,5],[-44,32],[-6,8],[-6,4],[-3,5],[4,4],[2,15],[-9,14],[-20,16],[-6,2],[-2,2],[-15,6],[-9,2],[-3,0],[-5,-1],[-7,1],[-8,-5],[6,-2],[0,-8],[-9,3],[-11,8],[-2,6],[2,11],[5,12],[6,54],[-16,36],[-17,40],[-46,8],[-21,41],[-26,-10],[20,-31],[-20,-5],[-9,0],[-14,2],[-5,3],[-26,51],[-4,12],[1,57],[-26,37],[0,6],[54,22],[-10,14],[-50,-22],[7,73],[-21,16],[-1,11],[12,7],[7,-1],[2,3],[1,5],[48,72],[4,4],[5,9],[-8,7],[11,9],[13,-9],[55,31],[17,8],[71,21],[16,2],[65,12],[12,0],[110,-6],[17,-5],[55,-35],[-26,35],[-1,4],[25,10],[6,-1],[23,-14],[1,-3],[2,-11],[-3,-3],[0,-3],[3,-1],[2,-11],[-4,-1],[-27,-2],[28,-18],[4,-1],[3,-8],[-3,-2],[1,-5],[3,-1],[12,-47],[-2,1],[-10,1],[10,-7],[7,-6],[7,-33],[0,-3],[7,-23],[3,-4],[96,-218],[88,-134],[139,-153],[166,-145],[209,-134],[308,-152],[316,-79],[263,-119],[13,-8],[52,-27],[8,-3],[41,-14],[81,-91],[11,-12],[15,-13],[150,-139],[54,-45],[42,-35],[24,-16],[21,-16],[435,-325],[245,-199],[102,-109],[150,-122],[87,-98],[321,-201],[28,-14],[31,-14]],[[89209,78453],[18,42],[2,0],[1,-2],[3,-30],[11,-13],[5,-31],[-4,1],[-36,33]],[[89394,78748],[6,21],[2,11],[11,8],[3,-4],[9,0],[6,1],[-3,-8],[-9,0],[-9,-11],[8,-42],[-24,24]],[[89325,79048],[16,3],[10,-1],[22,-8],[5,-8],[13,-6],[5,0],[22,-15],[14,-15],[21,-34],[-1,-6],[-25,-49],[-5,-6],[-4,1],[-4,3],[3,6],[3,5],[-19,73],[-76,57]],[[89044,79257],[0,2],[2,2],[18,13],[4,3],[39,-4],[10,-24],[-1,-4],[4,-33],[28,-33],[3,-2],[49,-34],[2,-6],[20,-20],[-11,19],[-2,4],[21,-22],[3,-5],[27,-26],[0,-3],[32,-19],[-25,-8],[-86,28],[-50,47],[-13,48],[-37,32],[11,-14],[4,-4],[3,-2],[0,-5],[-1,-4],[-9,8],[-4,5],[-22,11],[0,35],[23,-1],[5,17],[-3,2],[-32,1],[-12,-4]],[[89106,80157],[3,11],[2,45],[1,9],[40,-2],[4,-4],[3,-23],[-17,-12],[-14,-52],[-17,13],[-4,2],[2,6],[2,6],[-5,1]],[[90727,77130],[8,27],[18,-19],[0,-3],[-2,-2],[-5,-2],[-17,-3],[-2,2]],[[90374,78061],[0,6],[0,9],[21,25],[11,7],[39,43],[39,16],[9,1],[18,-16],[0,-4],[5,-6],[5,-4],[3,-4],[2,-7],[-3,-12],[-2,-5],[-4,-5],[-5,-4],[-3,-4],[-2,-3],[-5,-3],[-58,-10],[-7,-27],[6,-4],[5,-4],[5,-8],[10,-17],[-8,-27],[-60,28],[-11,9],[-4,8],[-6,22]],[[89467,79830],[13,8],[4,-1],[1,-14],[-2,-1],[-16,8]],[[89407,79867],[6,2],[24,1],[6,0],[4,-1],[32,-8],[2,-5],[-20,-17],[-50,12],[-3,1],[-1,15]],[[90295,80593],[1,6],[5,-1],[2,5],[8,2],[4,3],[-8,23],[21,14],[25,18],[12,10],[11,28],[0,4],[1,1],[2,2],[19,10],[55,-22],[8,-7],[3,-4],[-2,-1],[-3,-2],[-91,-58],[-2,-6],[-3,-4],[-6,-5],[-50,-13],[-3,-3],[-9,0]],[[93216,74392],[16,43],[9,5],[61,1],[10,2],[47,13],[5,-2],[4,-5],[2,-4],[2,-7],[21,-22],[-19,-17],[-9,1],[-56,-13],[-36,-29],[-57,34]],[[91354,77166],[7,20],[5,3],[4,1],[9,-2],[1,-4],[-23,-20],[-3,2]],[[91296,77248],[6,3],[14,-3],[6,-5],[13,-43],[-3,-1],[-7,6],[-29,43]],[[80862,41584],[87,63],[41,58],[37,-7],[28,64],[6,35],[33,28],[55,2],[-13,39],[93,70],[121,11],[66,41],[20,-17],[98,14],[46,26],[83,-21],[5,-25],[-32,-55],[37,-12],[-15,-22],[117,-10],[85,-58],[29,3],[0,28],[22,11],[88,-14],[32,24],[38,-14],[14,18],[10,-46],[30,2],[8,28],[22,7],[-18,8],[1,22],[40,-13],[57,9],[27,30],[51,-16],[14,12],[20,-10],[-16,-15],[24,-15],[80,38],[15,-34],[-8,-14],[15,-28],[12,-15],[-35,-52],[91,-98],[-46,-30],[3,-46],[-60,-28],[14,-41],[-11,-9],[5,-20],[-36,-43],[15,-14],[-8,-34],[-26,-35],[21,-14],[29,64],[96,-18],[81,21],[31,-35],[83,-32],[99,17],[8,-31],[24,-20],[108,-28],[9,-79],[-18,-48],[-37,-93],[-14,2],[-19,-39],[79,-55],[11,-39],[35,-7],[-10,-37],[-36,-7]],[[82953,40886],[-29,-2],[-6,-24],[-19,-10],[-5,-22],[10,-7],[-21,-15],[-46,-88],[-50,-24],[21,-33],[-84,-120],[4,-53],[-37,-26],[-35,24],[-53,-12],[-80,77],[-58,26],[-31,-31],[26,-26],[-14,-12],[10,-16],[-11,-11],[17,-11],[-10,-36],[-42,-23],[17,-5],[-13,-20],[-43,-12],[-4,-54],[-21,3],[4,39],[-56,-37],[0,-17],[-28,-25],[-34,-11],[-5,-36],[-45,59],[-56,39],[-43,-16],[-4,-16],[-89,-30],[22,-37],[-11,-32],[11,-9],[-18,-37],[-78,-25],[-160,50],[-45,52],[-57,22],[-23,32],[-21,97],[-90,-18],[-7,52],[59,41],[56,8],[29,32],[-44,23],[24,57],[-11,33],[-35,23],[-50,-41],[-44,2],[-6,-23],[-58,3],[-11,23],[35,28],[-26,17],[25,29],[-30,28],[-39,2],[-170,80],[-45,50],[-98,-77],[-55,-11],[-1,-24],[-51,-47],[-89,-3],[-119,-40],[-119,27],[4,31]],[[80644,40690],[-33,155],[-61,22],[10,76],[-69,17],[-64,49],[-44,12],[-6,40],[-40,9],[-36,-14],[8,-11],[-108,-33],[85,74],[-2,41],[30,24],[64,-25],[60,-56],[93,19],[-28,60],[30,11],[64,-79],[26,17],[-13,40],[30,49],[19,-26],[61,28],[-41,44],[48,26],[13,-18],[24,54],[108,78],[-12,56],[17,56],[-13,19],[9,51],[-11,29]],[[78976,36268],[2,191],[-398,228],[-319,234],[-39,44],[-17,22],[12,106],[-24,11],[26,52],[0,53],[-20,52],[-59,-56],[-63,-26],[-157,132],[12,23],[56,-2],[-90,38],[8,27],[44,-8],[67,28],[0,78],[-47,7],[44,58],[44,42],[126,72],[178,32],[14,45],[103,64],[18,66]],[[78497,37881],[33,56],[48,15],[13,35],[71,33],[6,34],[88,-41],[23,14],[83,-18],[55,-38],[58,-16],[25,27],[74,2],[81,32],[19,38],[58,39],[-23,27],[39,52],[-26,14],[-31,-31],[-35,35],[12,11],[-91,19],[-91,-6],[-78,57],[26,27],[48,129],[57,4],[56,37],[-71,138],[92,71],[12,28],[173,-14],[65,14],[12,20],[-8,74],[39,27],[-5,36],[28,35],[45,11],[40,55],[114,-28],[48,28],[38,-49],[71,-15],[-3,-29],[75,-41],[16,1],[-30,61],[82,40],[26,-23],[33,9],[16,24],[-5,56],[65,-6],[0,97],[-80,34],[-19,-20],[-29,35],[25,53],[-8,61],[100,20],[-7,64],[50,72],[31,101],[4,14],[-85,-1],[-45,20],[34,32],[-31,16],[40,59],[-236,8],[-87,61],[-57,7],[-102,49],[29,12],[-19,23],[-26,-11],[-24,37],[-34,-22],[-28,13],[-3,29],[36,54],[6,48],[30,29],[59,-19],[17,14],[3,-18],[64,-35],[18,8],[12,11],[-6,75],[-155,255],[54,18],[-3,-45],[26,27],[23,-10],[-4,-18],[67,9],[0,23],[31,-21],[10,14],[63,-7],[43,21],[2,-108],[39,-24],[6,-47],[28,-1],[55,23],[104,-29],[122,151],[-43,27],[-33,110],[-54,71],[40,37],[38,-29],[52,58],[105,52],[135,-101],[101,92],[-19,52],[116,69]],[[82953,40886],[118,-77],[29,-53],[-7,-7],[100,-104],[77,-59],[34,33],[20,-8],[35,33],[4,33],[108,19],[22,25],[79,-70],[-30,-11],[23,-48],[-23,-36],[64,-24],[-10,27],[29,-7],[32,-21],[22,-55],[23,-16],[27,-2],[35,34],[47,15],[17,39],[59,34],[58,-30],[4,66],[186,-4],[80,18],[10,-40],[94,7],[32,-40],[122,16],[-1,-16],[20,-12],[39,8],[48,-42],[-27,-11],[46,-27],[63,64],[81,-34],[104,-88],[67,-29],[-24,-44],[-17,-80],[-35,-37],[3,-59],[34,-11],[1,-24],[66,-27],[17,12],[91,52],[10,-19],[38,14],[13,19],[37,-6],[8,-28],[65,4],[32,-37],[17,3],[-12,26],[11,19],[94,14],[153,78],[89,10],[47,2],[13,-17],[37,-102],[54,-53],[15,-39],[-29,-11],[-54,18],[37,-159],[-23,-3],[0,-35],[17,-29],[-12,-6],[216,-191],[24,-32],[33,-102],[32,-34],[80,51],[7,-29],[45,-31],[-63,-42],[93,-12],[44,-24],[-13,-10],[15,-15],[13,16],[19,4],[1,-36],[-21,-7],[-4,-48],[-18,-2],[8,-38],[19,-12],[35,-18],[97,25],[25,-43],[25,5],[0,-35],[21,-10],[14,33],[49,-23],[25,-35],[83,-24],[1,-24],[15,-9],[54,-5],[15,69],[67,-22],[-49,-85],[-63,-21],[42,-56],[45,-13],[42,-51],[25,14],[24,-22]],[[86828,38887],[-47,-32],[-24,-80],[-137,-99],[-3,-32],[-90,-78],[-16,-46],[-117,47],[-86,60],[-108,-2],[-28,21],[15,31],[-12,11],[-40,-5],[-42,1],[-30,27],[8,41],[-52,72],[-16,74],[-24,5],[-53,64],[-32,14],[-5,53],[-57,4],[-21,-21],[-64,62],[-38,3],[31,-107],[-10,-7],[3,-36],[15,-13],[-8,-45],[23,-60],[-64,-32],[-27,-71],[-54,10],[-13,-35],[-60,-25],[-123,-18],[10,-19],[-25,-13],[-10,-33],[-78,18],[4,-45],[-55,-28],[25,-59],[-8,-86],[25,-21],[1,-66],[-226,-45],[-61,-37],[-60,117],[5,29],[-49,62],[-157,-9],[-35,34],[-38,-4],[-35,-44],[-2,-45],[-64,-27],[-23,-54],[-32,-11],[16,-101],[-82,-49],[-26,-38],[6,-53],[42,-33],[5,-66],[-60,-41],[-2,-49],[-53,-87],[-51,-51],[-20,-98],[-108,-73],[14,-50],[1,-79],[-176,-3],[-41,25],[-145,29],[-90,-31],[-59,7],[17,62],[-36,30],[-16,45],[-109,-50],[-41,-48],[-116,-79],[-158,-32],[-202,10],[-29,2],[-45,71],[-57,39],[-109,-16],[9,-97],[-84,-162],[6,-44],[-39,-186],[12,-92],[32,-58],[-14,-31],[-49,-87],[-181,-122],[-66,-124],[-36,-33],[-155,-56],[-164,-20],[-36,-19],[-12,-44],[28,-20],[31,14],[5,-34],[-91,24],[-12,8],[4,53],[-16,14],[-83,39],[-107,87],[-80,-10],[-77,83],[-384,204],[-99,74],[-149,66],[-14,-7],[7,-26],[-18,-79],[-90,-72],[12,-52],[26,-41],[-4,-55],[-134,212],[-355,-134],[-161,-65],[-41,-122],[-78,-49],[-112,-111],[-6,-44],[19,-22],[-18,-55],[-89,43],[-8,31],[-121,70],[-72,82],[-51,-28],[-42,-27],[-143,-16],[-161,64],[-83,-8],[-120,-105],[-53,-10],[-33,22],[-78,-5]],[[80862,41584],[-66,-2],[-10,46],[-19,16],[-60,-36],[-18,19],[-56,-42],[-48,41],[42,48],[-61,24],[37,24],[1,22],[-46,-4],[-25,-21],[-26,50],[-45,9],[-46,68],[-40,-23],[-26,25],[-28,61],[11,102],[-20,17],[-68,33],[-60,-61],[-57,-15],[-85,7],[-4,17],[-47,19],[29,34],[-52,-7],[-57,-52],[-8,29],[-50,15],[-24,33],[-87,11],[47,44],[-35,-12],[1,27],[-31,9],[-1,34],[-40,38],[-117,9]],[[79567,42240],[-96,60],[5,50],[-40,-1],[-53,82],[-60,-5],[10,29],[39,3],[-68,242],[-7,143],[-34,58]],[[79263,42901],[139,-23],[62,26],[-11,26],[96,-16],[100,13],[44,51],[159,-27],[169,254],[98,-59],[107,-19],[15,-28],[76,25],[32,28],[-55,7],[-15,44],[-59,78],[11,23],[-10,41],[-150,42],[-3,22],[11,47],[75,24],[-5,34],[26,10],[-9,20],[67,15],[-36,100],[23,55],[33,3],[-32,31],[-37,7],[-76,89],[25,16],[-8,51],[75,98],[9,69],[-16,17],[83,29],[26,30],[-22,21],[44,7],[26,31],[-53,19],[-5,62],[15,41],[20,-1],[16,32],[89,-23],[132,-37],[65,35],[109,-48],[36,47],[67,7],[-18,-20],[57,-10],[-28,-34],[-2,-35],[71,-66],[120,3],[2,30],[29,-15],[117,5],[47,51],[77,-35],[121,-5],[24,-44],[11,5],[-11,31],[59,6],[72,34],[35,18],[-39,34],[5,19],[25,41],[53,33],[-61,87],[-30,-7],[-34,69],[48,9],[43,92],[-54,15],[35,41],[-3,15],[-70,-18],[-22,57],[-34,1],[-11,32],[-32,6],[7,13],[-47,23],[-89,-12],[-17,36],[-20,4],[-31,52],[35,13],[35,53],[35,17],[-13,29],[25,8],[-7,42],[39,24],[-3,19],[44,13],[-1,14],[31,8],[-2,31],[29,2],[-7,10],[38,18],[-26,16],[26,13],[-10,49],[19,34],[28,5],[-21,50],[88,27],[-6,36],[-35,-4],[13,64],[32,11],[-2,25],[34,-13],[15,33],[15,-4],[2,32],[187,-31],[-16,50],[57,10],[-21,34]],[[81903,45646],[112,17],[65,36],[122,28],[203,-26],[62,-11],[18,-30],[23,-3],[-31,-62],[95,9],[2,-68],[64,9],[47,-36],[-13,-39],[20,-34],[164,8],[57,9],[25,23],[9,25],[-13,51],[13,4],[-12,39],[37,27],[111,-34],[36,23],[16,-11],[72,53],[74,-57],[-5,-15],[16,-15],[100,25],[78,-8],[11,13],[-50,44],[-8,64],[27,-21],[15,13],[82,-2],[32,-20],[38,19],[77,-34],[60,21],[2,24],[41,-26],[4,86],[214,-5],[-16,36],[106,41],[49,-12],[13,-19],[28,14],[40,-32]],[[84235,45787],[24,-12],[-8,-16],[13,-62],[12,-23],[17,2],[18,-39],[-21,-4],[-1,-45],[-107,-18],[69,-91],[67,-16],[50,-229],[-24,-8],[-4,-71],[45,-1],[76,0],[4,-33],[31,-11],[-11,-26],[71,-7],[15,-41],[24,-10],[22,-43],[16,27],[74,-8],[-16,-34],[14,-31],[-5,-26],[33,-2],[-7,-18],[14,-29],[-49,-26],[9,-22],[-13,-2],[-9,-54],[71,2],[0,-14],[-81,-30],[3,-49],[-20,-15],[43,-81],[-31,-5],[17,-75],[-37,-10],[0,-39],[-75,-19],[-1,33],[-88,-19],[-8,-128],[19,-4],[27,49],[90,9],[-6,41],[19,10],[64,-9],[-1,-22],[-13,-1],[11,-49],[22,4],[6,-68],[28,-39],[-18,-16],[28,-28],[-2,-24],[-24,3],[-8,-153],[46,-97],[-36,-56],[-117,9],[6,-59],[34,-21],[-6,-41],[74,7],[12,-23],[88,-13],[2,-25],[-49,-7],[-39,-37],[21,-23],[-13,-24],[29,-27],[-72,-42],[-82,-86],[-21,20],[-11,-12],[28,-25],[-14,-22],[-5,-81],[-94,-59],[64,-61],[346,276],[346,54],[108,25],[125,97],[182,51],[161,7],[21,5],[71,-74],[39,-16],[13,-38],[106,-27],[-22,-22],[55,8],[35,-35]],[[86144,43518],[-4,-14],[22,-9],[17,22],[30,-31],[46,-15],[3,26],[56,-46],[21,-44],[51,-36],[-27,-12],[-16,-35],[-107,-103],[8,-6],[-45,-88],[-13,-67],[61,-118],[38,-44],[38,17],[100,-8],[104,26],[62,-3],[10,20],[15,-5],[-18,-31],[12,-4],[-14,-39],[-85,-67],[7,-16],[-22,-35],[-38,18],[-44,-19],[-64,3],[-2,-24],[39,-14],[-39,0],[10,-11],[-44,-38],[-28,-57],[-30,12],[-26,-60],[26,-10],[-46,-28],[9,-23],[-19,-32],[21,-8],[211,-6],[-8,-26],[-53,-9],[9,-47],[-47,-28],[21,-33],[33,-6],[-35,-12],[22,-20],[82,-37],[-22,-101],[25,-32],[-12,-62],[25,-21],[-2,-32],[34,-21],[47,1],[162,-91],[52,-88],[24,-125],[41,-54],[1,-28],[112,-126],[-14,-8],[10,-33],[-44,-38],[-95,-5],[75,-56],[-18,-52],[94,-19],[5,-53],[47,-41],[-13,-23],[29,-7],[64,38],[106,-8],[-5,-45],[23,-13],[40,-77],[51,-17],[17,-37],[97,-19],[32,10],[25,-17],[-36,-21],[-92,2],[-31,-16],[-18,-25],[49,-10],[-10,-16],[17,-8],[-32,-38],[-69,-143],[7,-59],[93,-39],[40,-47],[66,-30],[165,50],[45,-26],[4,-26],[41,-21],[48,-146],[41,-50],[18,-56],[209,-113],[76,-57],[16,-38]],[[88114,40005],[-82,-12],[-50,-45],[-100,-30],[16,-80],[-135,-27],[-76,-40],[-111,33],[-177,-5],[-87,25],[-113,-39],[-42,-36],[-25,-29],[-104,-15],[20,-62],[47,-31],[63,-76],[34,-143],[-51,-52],[15,-57],[-82,3],[-111,-108],[-41,-60],[2,-23],[33,-39],[79,12],[-23,-59],[4,-61],[-189,-62]],[[73298,36468],[58,49],[9,45],[-99,6],[-40,30],[-24,-10],[-5,21],[-18,-27],[-16,3],[-3,25],[-36,-17],[-19,9],[-36,47],[-21,0],[-19,41],[53,5],[3,63],[67,27],[18,29],[42,-17],[78,17],[18,44],[-6,22],[62,-9],[36,57],[38,-59],[24,-2],[71,-57],[29,1],[9,17],[-77,46],[50,49],[-3,18],[-40,-10],[7,12],[-29,32],[25,33],[-44,-13],[-10,20],[45,20],[0,35],[30,33],[70,-12],[51,16],[12,42],[24,18],[-24,59],[-94,68],[-62,113],[-33,-31],[-51,36],[-32,79],[23,97],[-38,18],[-28,40],[-54,-45],[-5,36],[-21,-12],[-3,-25],[27,-36],[-2,-26],[-162,-10],[-46,25],[-50,-18],[-144,267],[21,23],[54,44],[21,57],[22,16],[138,16],[45,30],[24,-17],[39,8],[32,64],[19,-3],[-10,-29],[15,-27],[47,15],[8,14],[-38,-5],[6,37],[19,34],[18,2],[-7,18],[60,35],[-41,65],[15,16],[-8,34],[-53,84],[106,20],[30,32],[40,12]],[[73505,38397],[111,89],[-5,26],[29,38],[20,-41],[47,-9],[180,122],[-45,47],[1,33],[-38,44],[167,66],[40,35],[-22,35],[82,26],[100,-115],[-83,-56],[-29,-52],[-36,-27],[6,-21],[132,-156],[64,-18],[24,14],[42,-49],[-43,-112],[0,-27],[39,-6],[-155,-157],[68,-89],[47,-27],[10,-32],[-33,-13],[46,-8],[-22,-9],[-7,-35],[93,48],[69,-4],[24,-26],[46,25],[25,-11],[44,42],[62,-8],[33,34],[4,58],[-21,44],[39,28],[-9,84],[73,27],[127,1],[35,-65],[87,-74],[36,3],[35,13],[31,67],[73,-7],[169,0],[16,50],[24,25],[-18,36],[-21,28],[-39,-24],[-57,26],[-40,-35],[-43,-7],[-75,22],[53,43],[-67,-38],[-125,50],[20,18],[21,77],[99,43],[59,3],[118,60],[-17,42],[38,42],[-6,20],[16,5],[-44,68],[15,44],[-9,8],[32,13],[-2,20],[32,20],[82,-6],[17,-24],[45,15],[-2,-19],[49,-36],[-21,-37],[39,-30],[-29,-48],[69,-28],[68,27],[-7,15],[19,42],[-34,43],[99,114],[7,26],[-20,71],[80,-16],[7,-45],[76,-27],[-4,-26],[53,-2],[30,-17],[37,32],[2,-51],[19,-14],[62,28],[11,34],[24,11],[179,-29],[9,43],[-20,103],[33,16],[101,-7],[12,4],[-14,37],[22,-13],[19,19],[44,-4],[79,44],[36,62],[4,60],[121,13],[-30,72],[40,80]],[[76710,39383],[159,-26],[-8,-54],[-95,-9],[67,-33],[47,23],[26,-47],[60,23],[80,98],[114,-9],[54,6],[14,17],[2,-29],[-21,-36],[22,-7],[-27,-42],[13,-22],[-7,-38],[22,-35],[69,-30],[81,-5],[-2,-61],[70,-5],[39,-88],[92,-33],[13,-23],[8,-29],[-59,-35],[13,-26],[-7,-21],[-53,-66],[55,-39],[154,24],[-21,-47],[77,-26],[32,-62],[32,-25],[-71,-28],[-53,-73],[-12,-47],[21,3],[12,-22],[-20,-15],[-28,-121],[-25,-45],[24,-51],[-11,-25],[10,-18],[33,-3],[34,-69],[193,41],[91,-129],[31,7],[48,48],[25,-9],[-4,-16],[84,20],[16,41],[19,13],[28,-11],[-5,23],[36,3],[6,-94],[29,-22],[88,-11],[-10,-49],[83,-26]],[[78976,36268],[-30,1],[-47,-46],[-140,-44],[-67,-4],[-39,21],[-27,-30],[-76,17],[-43,-32],[-101,4],[-44,-1],[-28,-72],[-47,-43],[-59,-94],[-65,-56],[-19,-40],[16,-42],[-7,-50],[42,-77],[-27,-75],[-66,-32],[-104,92],[-79,-39],[-15,-35],[-76,-28],[-66,-58],[-40,-70],[-15,-33],[18,-32],[-3,-22],[-51,-56],[-48,19],[-35,-21],[-43,23],[-61,-16],[-51,9],[-46,-32],[21,-29],[2,-32],[-20,-92],[40,-83],[-22,-29],[1,-35],[-54,-65],[-108,-8],[-92,-42],[-16,-45],[-35,-12],[-46,-79],[13,-43],[-77,-93],[-17,-95],[79,-129],[-21,5],[-49,-41],[35,-18],[-46,0],[-7,-14],[-63,49],[-90,23],[11,-49],[-39,-44],[41,-5],[-31,-103],[51,-44],[-4,-54],[-68,21],[12,-72],[-42,-58],[25,-64],[53,-14],[52,-95],[-19,-46],[-58,-28],[-12,-40],[-35,-15],[32,-19],[1,-42],[85,-30],[-42,-22],[-115,5],[-134,38],[-74,-6],[-44,26],[19,17],[-14,1],[12,26],[-13,49],[-34,5],[-18,23],[5,28],[-22,-16],[-40,37],[-2,41],[-21,14],[25,35],[34,5],[58,47],[-29,24],[33,33],[-2,18],[-59,-26],[9,63],[94,88],[-69,20],[-55,-6],[1,25],[59,10],[-101,90],[-65,-16],[-36,21],[27,8],[-92,27],[-34,61],[-99,48],[17,55],[37,1],[32,38],[-34,25],[16,15],[64,-75],[37,12],[57,-24],[-12,25],[12,73],[-39,30],[-66,113],[-51,-9],[-6,-23],[-146,34],[-143,-12],[-101,30],[-13,17],[16,21],[4,135],[-57,63],[6,30],[16,108],[27,44],[-15,6],[-11,-24],[-99,50],[-36,68],[21,19],[-5,36],[-74,6],[-247,-12],[-140,-34],[-44,-40],[-89,9],[-10,7],[15,42],[-51,0],[-27,24],[-47,-52]],[[76710,39383],[27,57],[-62,44],[-53,-31],[-79,14],[-21,32],[-113,-18],[-48,32],[-28,-19],[-103,106],[-6,59],[34,8],[-10,30],[-33,21],[-33,85],[-32,33],[44,42],[40,12],[22,47],[42,8],[23,35],[0,16],[-40,15],[-34,77],[-254,-49],[-6,33],[-25,24],[-38,0],[28,61],[-17,3],[-13,-25],[-1,54],[13,16],[5,114],[44,27],[58,86],[10,7],[24,-36],[165,-50],[44,24],[57,78],[71,49],[53,115],[-19,2],[-3,70],[-147,-25],[-107,6],[-41,9],[3,52],[12,20],[-40,47],[28,5],[-91,110],[69,69],[-4,41]],[[76125,41025],[22,-5],[57,-77],[65,34],[11,-24],[55,15],[-20,32],[37,17],[9,-95],[56,11],[13,15],[-3,97],[46,21],[-12,22],[25,-2],[26,-80],[35,-16],[22,19],[-34,44],[-21,85],[29,15],[65,-126],[75,8],[42,25],[113,-13],[-7,18],[125,19],[-8,97],[25,13],[-17,19],[3,24],[123,62],[21,20],[1,30],[22,10],[63,16],[-6,51],[36,5],[-11,-53],[83,18],[49,-19],[102,5],[-7,11],[21,2],[10,74],[49,-1],[43,-17],[-55,-93],[74,-90],[78,53],[69,-20],[43,18],[-18,28],[7,35],[61,78],[-35,74],[44,37],[-8,19],[134,31],[-25,19],[26,19],[-42,82],[196,95],[-17,21],[55,39],[209,2],[17,24],[-44,88],[115,44],[33,-57],[111,-22],[125,56],[63,7],[49,-41],[29,16],[35,-34],[62,9],[35,25],[62,-15],[122,36],[73,-12],[45,53],[30,-6],[16,-36],[126,-31],[10,97],[48,57],[61,31],[-10,53]],[[87499,43870],[20,25],[46,4],[20,72],[-19,48],[11,22],[31,1],[51,68],[-7,68],[-25,-1],[-23,38],[33,13],[18,31],[57,-20],[87,63],[71,7],[322,-145],[12,10],[-34,21],[122,34],[135,-80],[20,49],[63,-28],[9,20],[3,18],[-83,70],[45,63],[-29,47],[2,32],[38,16],[24,3],[12,-47],[60,25],[-6,63],[26,62],[-14,6],[36,22],[11,38],[-26,9],[18,22],[-5,30],[45,26],[25,48],[137,-46],[-7,-19],[51,-13],[44,52],[80,-40],[18,45],[85,73],[-77,27],[0,19],[26,11],[-9,72],[-59,7],[-16,25],[-1,43],[-46,9],[2,43],[39,25],[-13,50],[-45,-3],[-13,45],[104,0],[28,-31],[60,12]],[[89089,45149],[44,-7],[78,-83],[-6,-18],[77,0],[82,32],[-5,15],[36,-20],[25,-48],[2,-49],[43,-4],[12,-48],[59,-14],[90,-67],[19,-35],[66,11],[38,65],[53,12],[93,62],[43,-31],[72,11],[46,-26],[-6,-20],[50,-35],[-2,-36],[34,-9],[-5,-22],[15,-12],[-15,-25],[-153,-51],[22,-96],[61,-40],[64,-120],[62,0],[6,-49],[36,-16],[-29,-50],[37,-21],[26,-43],[31,4],[37,-54],[-8,-61],[-35,-18],[-1,-25],[15,-8],[-46,-9],[-41,21],[30,14],[4,20],[-44,-11],[-36,-46],[36,-13],[9,-42],[-113,-72],[70,-28],[156,-19],[82,-44],[-18,-16],[15,-13],[35,4],[-14,-16],[6,-15],[162,32],[12,29],[-24,12],[-13,-11],[-18,28],[40,56],[72,15],[28,0],[1,-54],[12,7],[50,-48],[-37,3],[15,-32],[48,0],[17,-17]],[[90794,43835],[-35,-6],[38,-73],[-63,-54],[52,-37],[-20,-29],[-6,-45],[12,-101],[-42,-26],[-1,-27],[-114,-21],[-34,-37],[-19,-82],[-36,29],[-35,-5],[-24,-34],[-41,-11],[-89,40],[-9,-43],[-27,-2],[-10,-34],[21,-53],[-8,-34],[21,-5],[-5,-29],[-36,1],[5,-18],[-13,-10],[-83,-26],[13,-20],[-23,-1],[8,-29],[-105,-42],[14,-51],[-31,0],[-8,35],[-13,-3],[5,-15],[-59,-3],[-116,107],[-43,-64],[-26,0],[-40,32],[-51,-30],[-17,-47],[-46,-38],[2,-13],[-61,4],[-34,-25],[-2,-24],[-33,0],[-88,32],[2,19],[-19,4],[-9,-12],[-42,11],[-2,-44],[-60,11],[-20,117],[-22,-14],[-44,41],[-7,-20],[-38,22],[-51,-22],[-44,102],[19,12],[-22,4],[1,37],[-90,-11],[-71,38],[-41,46],[-42,13],[-67,17],[-67,-34],[-76,15],[-44,-44],[-57,7],[-51,-28],[-60,1],[-19,22],[18,19],[-38,52],[-13,55],[-57,22],[-41,-34],[-34,30],[8,41],[-20,-1],[-6,101],[43,73],[-21,10],[-49,-27],[-53,4],[-31,-26],[2,-16],[-28,-5],[-43,1],[-46,25],[-56,-3],[-22,17],[-25,-31],[-82,38],[-28,-16],[-70,-16],[-39,64],[45,64],[-85,-8],[-99,23],[11,61],[-43,17],[43,71],[-25,35],[-13,52]],[[89089,45149],[-2,45],[30,75],[93,66],[80,3],[20,15],[10,43],[22,8],[-45,57],[-23,-15],[-79,32],[-9,14],[22,58],[-124,26],[-42,37],[165,29],[21,33],[9,84],[101,-44],[62,29],[-4,39],[88,-3],[-13,20],[13,49],[-30,19],[-63,-14],[-10,10],[10,13],[-28,18],[-1,29],[22,17],[-1,16],[-36,8],[20,51],[97,-40],[38,10],[-46,116],[105,60],[27,-13],[15,23],[0,39],[-64,-3],[-131,64],[79,47],[-76,39],[115,25],[-108,154],[-22,63],[-40,11],[8,18],[21,9],[23,57],[128,122],[-13,7],[34,42],[46,103],[-3,96],[257,-45],[4,44],[-20,19],[5,27],[-14,34],[-22,19],[-3,64],[-21,51],[17,24],[-131,113],[8,64]],[[94918,49390],[22,-14],[14,-118],[-19,-16],[-82,-204],[227,-7],[51,-27],[30,-68],[0,-51],[76,-28],[-43,-30],[-41,11],[-30,-109],[29,-27],[6,-41],[-42,-38],[75,-75],[74,-14],[-29,-23],[54,-52],[34,0],[-74,-55],[-29,-70],[64,-27],[131,-4],[32,-50],[-12,-68],[96,-15],[27,-52],[-2,-22],[-19,1],[-82,-128],[20,-54],[-56,-1],[2,-40],[-158,-3],[-4,-13],[101,-10],[-31,-53],[-39,-22],[-11,-26],[8,-16],[-80,-99],[-20,-54],[50,-78],[-5,-36],[-37,-50],[-26,10],[-22,-48],[-21,-4],[-79,-132],[-43,-118],[43,2],[65,-23],[13,-147],[27,-25],[7,-36],[-29,-26],[54,-32],[209,76],[-2,-51],[46,-33],[-6,66],[-7,25],[27,13],[102,-7],[-22,60],[35,16],[-21,23],[22,22],[-21,31],[25,65],[83,10],[44,80],[22,24],[28,-2],[-22,-24],[-12,-67],[-67,-104],[33,4],[31,-34],[76,-32],[6,-61],[41,-20],[-4,-12],[29,-20],[59,-91],[47,-1],[1,17],[62,62],[98,-26],[-12,-24],[56,-5],[-54,-36],[-9,-49],[108,-9],[-41,-52],[95,10],[-12,-65],[-49,-76],[13,-82],[83,-42],[17,-51],[83,-4],[17,-15],[-29,-54],[-23,-115],[-38,-47],[118,-16],[81,-112],[-11,-84],[-46,-12],[-78,-134],[66,-10],[42,-43],[15,-44],[4,16],[27,-1],[11,47],[51,54],[36,-7],[27,-47],[-30,-24],[-8,-69],[32,-4],[11,-22],[43,-15],[-6,-14],[52,-27],[68,1],[6,22],[20,-4],[-2,-15],[79,-7],[-20,-54],[11,-55],[-59,-29],[22,-42],[-67,-29],[114,-45],[-37,-5],[20,-14],[139,-7],[5,-12],[-50,-9],[44,-48],[-85,-86],[24,-32],[-16,-7],[4,-34],[-51,17],[-1,-19],[-28,-4],[-20,-70],[40,-22],[-19,-25],[22,-54],[-4,-30],[-51,-11],[1,34],[-17,0],[-11,-28],[-25,33],[-21,-5],[-10,36],[-61,40],[-7,-20],[-28,10],[-67,-46],[11,-10],[-21,-50],[-57,-24],[-14,-52],[10,-17],[-49,-3],[-11,-29],[38,-28],[50,4],[-16,-23],[-31,11],[-50,-38],[-81,-14],[-100,16],[-32,-33],[-4,-45],[45,-10],[11,-32],[45,-5],[-1,-20],[-121,-2],[-88,28],[-86,6],[-5,-16],[-67,14],[-21,-68],[55,-26],[13,-50],[27,-1],[4,-29],[-142,-54],[-19,-25],[34,-25],[23,5],[1,-63],[-54,-68],[-62,-46],[-63,-20],[-60,35],[-50,2],[-320,-46],[-99,-26],[-116,-28],[-22,-46],[21,-21],[123,-85],[-41,-93],[-7,-49],[52,-6],[6,-54]],[[95290,43626],[26,-83],[-14,-150],[-156,25],[8,46],[-41,17],[-43,50],[-100,7],[-157,-101],[-31,-43],[-86,-45],[-114,-9],[-27,24],[-131,37],[-44,33],[-14,19],[-5,116],[-73,0],[-103,79],[-132,-48],[-13,-25],[-72,-1],[-82,92],[-6,29],[-73,60]],[[93807,43755],[11,28],[-17,26],[-41,-5],[-30,31],[67,-1],[31,73],[-160,6],[-107,55],[-89,8],[-41,-66],[-73,-59],[-104,-32],[-3,25],[20,10],[-1,17],[-33,18],[-8,14],[9,13],[-50,68],[-85,9],[17,25],[-280,104],[-16,-16],[-141,30],[-44,-65],[-11,-76],[-75,-4],[56,-21],[-19,-10],[26,-12],[-75,-12],[-35,14],[-11,-34],[63,-9],[-84,-13],[-162,90],[4,52],[-45,44],[24,21],[-6,13],[-18,-11],[-19,41],[-27,18],[-39,-25],[-19,-24],[6,-17],[-105,-67],[-30,9],[-43,-65],[-38,-11],[-57,5],[-78,37],[5,-11],[-49,-30],[-30,20],[-114,-12],[-108,149],[-31,-15],[-2,-43],[-21,-15],[-44,-96],[36,-27],[-16,-9],[-44,-20],[-35,16],[-28,-10],[-47,28],[-56,-22],[-73,34],[-39,-14],[-13,-48],[-82,18],[18,24],[-74,11],[-46,-14],[4,-42],[-44,-36],[-95,-5]],[[97331,49849],[-23,-74],[-136,-147],[44,-86],[61,-16],[50,-47],[18,-62],[-44,-62],[24,-38],[7,-58],[58,-59],[54,-4],[75,-40],[78,16],[37,-49],[158,-6],[34,-16],[71,9],[23,-28],[57,-14],[55,-94],[65,18],[111,-44],[23,-51],[23,-4],[16,-33],[41,-16],[62,-61],[109,11],[62,-67],[136,37],[34,-40],[53,-28],[79,22],[75,-2],[77,-39],[12,-80],[189,-20],[70,-97],[-5,-56],[59,-61],[35,-84],[63,-50],[-5,-60],[-30,-49],[-51,23],[-35,-20],[-12,-14],[12,-25],[52,-27],[-17,-39],[25,-70],[-22,-59],[-49,-29],[36,-21],[42,-60],[9,-58],[-53,0],[-38,-27],[45,-14],[20,-32],[-10,-53],[38,-56],[1,-33],[40,-7],[84,-57],[-51,-45],[-6,-48],[-101,-38],[-1,-13],[19,-20],[47,4],[28,-32],[-4,-33],[15,-13],[8,-57],[-13,-24],[7,-50],[25,-21],[0,-36],[13,-31],[31,-21],[3,-34],[63,-12],[-3,-61],[39,-28],[41,-3],[25,-36],[33,-10],[-22,-59],[51,-30],[11,-39],[-17,-34],[9,-17],[75,-2],[64,-46],[3,-23],[33,-9],[-12,-77],[4,-28],[24,-21],[-8,-64],[63,-40],[-3,-22],[-40,-19],[13,-41],[-19,-26],[0,-34],[18,-38],[-62,-18],[-8,-27],[-41,-6],[-15,-39],[25,-19],[10,26],[17,2],[16,-37],[53,-47],[-32,-36],[-47,6],[-12,-23],[14,-29],[-43,-22],[28,-17],[-11,-23],[-35,-34],[-45,-14],[13,-89],[-14,-29],[3,-33],[-57,-12],[3,-25],[25,-7],[-1,-29],[-45,-43],[3,-61],[41,-4],[14,-27],[-37,-43],[-46,-22],[35,-99],[-62,-115],[30,-54],[-102,-61],[9,-56],[56,-89],[-42,-71],[-46,-19],[42,-61],[12,-51],[-16,-99],[24,-17],[-80,-70],[-59,10],[-6,-17],[15,-30],[-21,-29],[6,-21],[-21,-11],[49,-65],[-10,-32],[9,-24],[-31,-16],[19,-10],[-5,-22],[18,-29],[-36,-11],[3,-30],[-32,1],[9,-21],[-12,-14],[14,-8],[-7,-21],[20,-54],[-97,-65],[1,-21],[28,-1],[-11,-22],[11,-18],[-29,-25],[-46,-93],[16,-9],[-9,-12],[12,-43],[-26,-4],[-25,-34],[-42,-4],[-18,-51],[-24,6],[6,-20],[-12,-22],[30,-16],[-46,-72],[23,-11],[-29,-48],[-46,-4],[18,-23],[-28,-8],[8,-29],[-20,14],[-22,-23],[5,-24],[30,-12],[-11,-65],[-76,-156],[-25,-14],[-50,13],[-27,-31],[3,-60],[24,-24],[-17,-62],[9,-83],[-110,-37],[-29,-5],[8,-49],[-38,-48],[36,-25],[-53,-21],[-39,-107],[33,-100],[-44,-67],[-128,-38],[-75,-167],[-140,-85],[-71,-115],[-196,-166],[-26,-77],[16,-63],[50,-60],[-32,-67],[-1,-44],[-94,-99],[2,-18],[-66,-144],[-18,-91],[12,-36],[-18,-35],[-61,-33],[-5,45],[-15,3],[-96,-47],[-110,-8],[-18,32],[-21,-1],[-27,31],[-76,-4],[-23,52],[-19,7],[-50,-6],[-41,-40],[-102,-39],[-50,21],[2,65],[28,32],[-70,67],[-27,32],[-158,-33],[-217,131],[-40,9],[-102,-16],[-135,76],[-116,28],[11,28],[-12,51],[48,48],[6,44],[72,164],[23,124],[98,80],[45,13],[-12,82],[2,163],[-13,56],[-25,0],[-75,-18],[-89,-53],[-94,2],[-39,-35],[-85,-14],[-80,-55],[-33,6],[-53,-33],[-158,48],[-35,81],[100,145],[71,46],[42,119],[87,119],[-31,50],[40,24],[3,66],[30,57],[-18,10],[5,78],[-35,0],[-117,74],[-23,78],[-85,47],[-19,21],[8,15],[-13,21],[-18,5],[-25,-31],[-224,-38],[-17,22],[20,16],[0,22],[41,17],[-66,71],[-287,64],[22,111],[61,118],[-21,23],[-52,31],[-73,-35]],[[84235,45787],[25,28],[-31,36],[77,51],[-24,37],[-19,2],[-10,31],[-45,7],[9,37],[35,16],[-51,48],[-5,57],[18,4],[5,-27],[47,6],[9,18],[13,-15],[34,5],[-1,47],[41,25],[-3,27],[30,8],[-84,96],[25,8],[-10,12],[-8,112],[50,-4],[8,57],[-74,210],[25,3],[-5,15],[-16,-3],[-33,191],[49,95],[33,66],[-57,52],[-39,5],[-18,31],[29,1],[2,28],[18,1],[-1,25],[-106,32],[51,41],[44,8],[14,38],[31,10],[-14,26],[-31,-12],[-52,58],[-120,28],[6,60],[40,18],[-12,62],[39,12],[-7,68],[58,20],[34,-15],[0,29],[-22,20],[39,12],[2,43],[13,9],[-24,14],[-21,61],[41,-22],[27,-59],[20,5]],[[87499,43870],[-44,11],[-102,-78],[-29,16],[-321,-26],[-145,16],[-10,18],[-164,66],[-83,-58],[-34,8],[-158,-93],[-19,18],[-159,-7],[-17,-18],[-4,-40],[-20,1],[6,-35],[-18,-25],[19,-31],[-3,-24],[-49,-27],[27,-23],[-28,-21]],[[93807,43755],[-137,4],[-82,-98],[-6,-40],[-27,-46],[-125,8],[-1,-23],[53,-17],[47,-48],[8,-60],[-73,-94],[36,-38],[-15,-17],[-128,-69],[-39,8],[14,-55],[56,-47],[-88,-91],[0,-48],[39,-18],[-2,-12],[113,-31],[52,-58],[31,-8],[112,26],[107,62],[104,9],[53,-37],[-27,-19],[-5,-32],[26,-38],[-5,-12],[-26,-15],[-76,13],[-31,-12],[-37,-47],[-52,-33],[35,-29],[88,-25],[3,-32],[-56,-30],[9,-18],[117,-47],[174,-13],[30,-39],[56,-6],[45,-22],[-5,-15],[77,8],[-3,-31],[34,-14],[121,41],[117,-99],[-13,-29],[23,-77],[-90,-39],[22,-30],[-45,9],[7,-26],[-35,-2],[4,-49],[21,-47],[-21,-62],[16,-19],[-3,-24],[-105,-14],[-10,-19],[-135,39],[-32,-14],[-46,27],[-6,-38],[15,-20],[-18,-36],[-303,-65],[-68,-35],[-106,13],[-28,13],[-60,74],[-125,31],[-131,-85],[-69,-17],[-94,12],[26,-57],[-2,-71],[-34,-85],[-75,-114],[-58,12],[-132,-103],[-44,5],[-45,-25],[-174,-26],[-75,2],[-54,-46],[-51,-14],[-140,-97],[-27,1],[-114,-21],[-46,-30],[-34,8],[-66,-45],[-95,-12],[-78,-78],[-6,-72],[-51,-19],[-84,-10],[-42,23],[-155,-20],[-47,-64],[-40,-4],[-55,56],[-56,23],[-111,-10],[0,47],[-112,66],[-34,-40],[-132,-63],[-104,-17],[-43,-27],[18,-78],[-143,-122],[-178,-10],[-123,56],[-53,-23],[-11,-32],[30,-51],[-46,-56],[-19,-68],[-36,-27],[-5,-23],[17,-78],[113,-117],[-19,-13],[-20,-84],[-154,-78],[-103,56],[-55,3],[-1,-87],[-27,-70],[-28,-25],[-96,-22],[-80,19],[-64,-31],[-64,39],[-37,2],[-68,64],[-59,-3],[-30,16],[-52,-21],[-6,28],[-46,-16],[-64,32],[-71,-40],[-91,33],[-65,-72],[-89,-28],[-104,75],[-124,-98],[-47,2],[25,-21],[11,-44],[-51,-32],[-158,31],[-55,61],[-122,79],[-71,-12],[-58,-4]],[[76063,47152],[-11,10],[-8,129],[19,122],[-50,15],[58,17],[128,86],[-16,18],[-7,50],[98,115],[-110,40],[-47,67],[125,-39],[-8,100],[62,17],[-19,77],[374,-27],[181,25],[2,-17],[42,-1],[175,-4],[-3,-25],[27,-2],[-2,50],[25,26],[95,25],[184,-73],[32,83],[34,-11],[19,27],[-16,37],[160,-33],[161,47],[-17,149],[6,51],[103,-51],[153,-13],[-13,-55],[17,-3],[8,-59],[174,-9],[5,-41],[-12,0],[0,-32],[11,-13],[2,-21],[-14,-1],[2,-21],[-24,-1],[-4,-31],[-116,-6],[-2,31],[-83,6],[-56,-18],[-13,-99],[76,-78],[35,3],[10,-17],[-27,-11],[12,-82],[-56,-32],[14,-11],[16,-73],[87,-9],[-44,-118],[9,-30],[-47,-26],[106,-83],[163,-8]],[[78248,47291],[89,-153],[153,6],[-5,-36],[17,-22],[37,-23],[34,11],[17,-13],[-23,-15],[24,-29],[-9,-14],[-93,-47],[135,-86],[-71,-83],[-24,7],[69,-111],[-4,-18],[-292,-37],[0,-40],[-39,-119],[-31,-3],[32,-80],[-57,7],[10,-65],[-45,3],[-39,-186],[48,19],[20,-32],[-44,-30],[-79,0],[3,39],[-62,0],[-201,86],[-11,163],[-129,31],[-150,-20],[5,-41],[-21,-11],[-27,38],[-70,7],[-67,-8],[-1,-26],[-22,0],[-77,33],[-70,127],[-12,-1],[-35,-81],[-39,29],[7,18],[-25,21],[-57,42],[-40,1],[26,-72],[-25,-3],[26,-76],[-57,-86],[14,-22],[-28,3],[5,-30],[-40,-8],[37,-24],[-75,-21],[-2,18],[-35,0],[-1,28],[-51,-2],[-6,-18],[-13,4],[-11,-46],[3,-99],[-67,-17],[10,-13],[-29,-33],[23,-9],[-41,-24],[43,-29],[-19,-39],[-75,7],[-91,-23],[-101,34],[5,-16],[-106,-15],[-98,-39],[-46,2],[-19,54],[40,17],[-20,48],[48,23],[-54,89],[-24,80],[-21,6],[34,15],[2,18],[-35,107],[46,19],[-27,74],[97,-5],[18,-49],[145,-2],[-65,62],[-79,29],[-10,110],[-102,-9],[12,15],[-22,74],[-17,-6],[-29,92],[-36,36],[29,25],[-48,-9],[-7,26],[24,7],[-23,68],[55,12],[0,48],[14,4],[0,-26],[24,4],[-5,12],[95,19],[9,24],[-82,43],[-18,82],[-38,35]],[[76408,44186],[-28,45],[-14,-10],[-9,28],[8,22],[-135,11],[-12,-27],[-71,-8],[-4,27],[-74,8],[-24,30],[-92,9],[8,9],[-28,11],[-12,27],[-44,24],[20,12],[-11,11],[18,33],[-12,12],[12,42],[-19,-3],[7,22],[-24,4],[1,20],[29,6],[19,-14],[-6,-23],[31,-1],[22,40],[27,-2],[35,31],[-13,18],[33,23],[-19,33],[-34,5],[-42,37],[-290,66],[4,64],[13,16],[-9,119],[44,46],[0,31],[34,63],[45,13],[5,32],[-31,12],[33,33],[6,51],[-168,21],[-159,-46],[-9,102],[59,-3],[56,18],[-14,33],[53,17],[-19,95],[100,110],[30,8],[-11,30],[-46,-1],[-48,213],[-3,21],[63,17],[-5,15],[-34,-11],[-15,31],[-32,187],[-134,7],[-3,91],[-61,-1],[-6,24],[27,21],[19,65]],[[75445,46308],[11,118],[-21,0],[-7,93],[-99,-17],[-15,95],[17,18],[-26,94],[-59,113],[146,10],[3,56],[15,13],[235,44],[-7,22]],[[75638,46967],[159,70],[0,-30],[75,25],[13,21],[-7,25],[164,34],[21,40]],[[78248,47291],[72,12],[-2,20],[237,119],[19,-23],[36,4],[43,-27],[192,63],[16,10],[-13,18],[61,32],[24,-19],[15,-61],[43,11],[-10,23],[28,6],[22,53],[-8,21],[101,20],[96,-25],[-1,107],[71,6],[-28,12],[-1,32],[35,0],[0,114],[29,4],[-4,24],[16,0],[1,-19],[52,4],[-19,20],[10,4],[38,-15],[38,33],[26,-18],[18,9],[-10,-28],[33,-41],[11,5],[-9,59],[38,27],[-65,27],[25,11],[-22,10],[5,13],[28,-8],[27,28],[-21,12],[20,3],[-13,12],[1,41],[79,11],[-109,23],[-17,37],[29,126],[34,-20],[23,6],[-25,46],[28,5],[17,-21],[40,28],[26,42],[34,-41],[50,26],[57,0],[4,40],[96,-33],[0,-29],[114,4],[58,-15],[21,83],[31,25],[296,-9],[104,41],[88,81],[101,49],[58,-2],[16,-9],[4,-44],[135,-46],[12,-52],[15,-36],[158,-34],[188,-42],[187,5],[48,-59],[3,-32],[160,-45],[88,-90],[66,-37],[21,-85],[24,-26],[18,7],[-3,20],[37,5],[20,-3],[-1,-20],[16,-9],[10,12],[35,-23],[-32,-27],[34,-12],[-105,-45],[2,-23],[40,8],[21,-44],[1,-64],[-100,14],[-52,-35],[-25,79],[-111,-5],[-8,-55],[20,-6],[12,-43],[-24,-6],[-13,-46],[35,-15],[20,-106],[22,0],[18,-50],[29,0],[27,47],[37,-6],[-2,-25],[35,0],[8,-62],[76,-8],[8,-65],[-35,-4],[-27,-83],[-29,-21],[-92,31],[-67,-4],[2,-36],[-19,-23],[-45,-35],[-17,22],[-20,-7],[16,-26],[-4,-38],[19,-6],[-18,-40],[2,-53],[-26,-74],[92,-52],[-154,-24],[-16,25],[-36,-42],[-60,-28],[47,-30],[-55,-65],[-49,-22],[15,-62],[16,-14],[126,-75],[28,1],[3,-22],[61,-35],[-25,-32],[-1,-48],[29,2],[-2,-34],[110,-13],[1,-23],[-29,-39],[48,-14],[-4,-36],[68,6],[6,-15],[36,35],[15,-28],[-14,-1],[0,-18],[21,6],[18,-59],[-16,-3],[5,-30],[-54,-2],[13,-105],[36,-7],[4,-15],[-40,0],[-68,-49],[-51,-82],[26,-29],[54,1],[19,-28],[-138,-18],[2,-29],[51,-70],[109,-31]],[[79263,42901],[-8,52],[-78,64],[2,68],[-50,-16],[-4,-30],[-62,-11],[-20,12],[0,-17],[-91,-25],[-15,-47],[39,-38],[-56,27],[-38,70],[-146,70],[0,14],[-41,9],[-104,-22],[-96,29],[-9,30],[60,38],[57,11],[-12,58],[-34,57],[11,4],[5,45],[22,6],[3,15],[-15,3],[9,26],[-63,14],[-108,-30],[-6,52],[-33,-5],[17,-101],[-30,-20],[-47,10],[17,94],[27,11],[-55,45],[-27,53],[17,55],[-14,102],[-11,38],[57,15],[-61,128],[-23,-4],[-21,29],[-221,-22],[-22,40],[-43,-11],[2,20],[-24,21],[7,27],[-24,136],[-45,-12],[-30,-74],[-245,12],[-70,-27],[-20,-34],[-105,66],[-44,64],[-63,-7],[4,-26],[-12,-11],[-80,-37],[-63,18],[-59,13],[-64,56],[26,113],[-39,21],[-175,88],[-82,-73],[12,-23],[-42,-19],[-95,8],[-22,34],[-120,-75],[-62,11]],[[75638,46967],[0,122],[-11,-1],[-17,97],[2,30],[43,5],[5,70],[-36,4],[1,18],[-51,-2],[-3,44],[68,38],[-7,26],[-84,-44],[-11,9],[9,70],[58,11],[4,46],[-23,-18],[-31,5],[-25,-33],[-48,5],[16,17],[-20,23],[23,13],[-45,42],[109,40],[-5,14],[-53,4],[-28,129],[23,8],[2,34],[-36,73],[83,6],[-2,39],[30,1],[28,77],[-34,-1],[-28,134],[-98,21],[-13,-45],[-106,28],[4,134],[-29,1],[1,19],[35,-1],[-2,61],[-43,14],[-1,59],[-38,22],[2,42],[37,-1],[20,23],[64,9],[3,19],[85,9],[1,16],[18,1],[2,145],[234,34],[-18,60],[51,20],[-18,67],[30,3],[-4,52],[-90,3],[-9,45],[-33,-4],[-18,16],[30,7],[-1,118],[-22,17],[0,58],[18,3],[-4,69],[52,0]],[[75684,49266],[26,0],[-4,37],[49,8],[-2,52],[28,1],[-1,24],[103,30],[-27,24],[105,9],[-11,64],[52,1],[-1,39],[-13,-1],[-13,56],[36,12],[52,55],[27,-6],[32,-53],[3,-33],[25,19],[313,3],[27,-3],[1,50],[31,2],[3,19],[34,-16],[103,37],[29,50],[34,21],[-11,34],[185,26],[23,32],[-62,25],[9,19],[14,-8],[76,-20],[3,31],[166,-42],[10,23],[48,-6],[-69,26],[3,14],[127,-30],[26,13],[65,-10],[-16,19],[12,5],[38,-8],[8,-24],[122,-34],[45,12],[74,-11],[0,66],[-13,3],[30,130],[52,-20],[5,19],[24,1],[11,36],[-40,18],[-1,21],[43,-7],[55,55],[34,-6],[18,-37],[83,-34],[90,22],[131,-11],[7,-37],[-86,-55],[41,-36],[70,58],[63,-19],[1,74],[-22,14],[73,5],[29,45],[75,-31],[76,6],[84,-3],[26,-41],[34,0],[27,14],[-25,43],[86,19],[70,-7],[25,61],[63,36],[38,-17],[48,123]],[[78946,50361],[48,-6],[4,-36],[42,1],[5,-48],[31,0],[33,59],[44,32],[141,14],[27,6],[44,-31],[-46,-40],[-13,-62],[-89,-25],[-31,-42],[123,58],[123,17],[103,38],[-4,54],[37,15],[42,45],[68,15],[16,65],[-10,58],[89,88],[15,74],[68,67],[57,5],[52,-22],[58,21],[91,-12],[121,-58],[60,-6],[102,-66],[87,-4],[40,-17],[-2,-20],[70,11],[81,73],[63,114],[25,21],[127,21],[89,36],[15,26],[59,31],[46,8],[-33,72],[19,-7],[100,7],[17,31],[22,-8],[19,-37],[13,5],[36,-35],[14,8],[26,-34],[-19,-41],[18,-5],[13,29],[15,-11],[-11,-105],[48,-9],[-23,-28],[9,-37],[22,-21],[-21,-9],[7,-8],[60,38],[65,9],[68,92],[34,-14],[27,-47],[-25,-82],[-15,17],[0,-25],[48,-69],[43,-21],[61,4],[41,-28],[15,13],[1,37],[110,13],[67,-44],[53,-90],[68,64],[19,1],[-24,68],[75,21],[42,-20],[16,22],[55,-14],[-40,178],[123,-25],[5,16],[-39,17],[-2,17],[59,15],[106,2],[20,-25],[24,5],[33,-66],[54,31],[48,-57],[27,-64],[-22,-112],[48,-82],[236,120]],[[76388,54341],[9,-71],[-30,-9],[7,-34],[-85,-24],[23,-52],[76,-83],[-16,-14],[34,-22],[24,21],[39,-21],[86,59],[5,35],[41,5],[56,-32],[68,-108],[-87,-59],[-21,-36],[20,-198],[81,-24],[-24,-18],[-16,-46],[35,-31],[-22,-26],[5,-25],[28,-21],[5,-112],[-18,-43],[-70,12],[-19,-16],[-42,-3],[-71,-44],[7,-37],[-21,-13],[-80,-131],[2,-39],[45,-46],[15,17],[16,-10],[13,-23],[-35,3],[5,-10],[38,-26],[5,18],[23,-7],[70,-113],[99,-63],[-9,-76],[30,-80],[20,-8],[-21,-62],[1,-42],[-35,10],[-91,-105],[-2,-41],[115,-90],[-3,-32],[184,-43],[16,-38],[-39,-74],[20,-46],[60,-67],[-40,-99],[-1,-100],[50,-12],[1,-13],[-50,-20],[40,-118],[32,-25],[-52,-17],[7,-15],[-88,18],[0,-19]],[[76856,51607],[-129,2],[6,24],[-20,51],[-115,27],[44,47],[-53,58],[21,63],[-59,36],[1,82],[-25,14],[-3,47],[-64,49],[1,36],[49,100],[-107,12],[-5,18],[36,52],[-37,44],[-30,5],[-59,-95],[42,-16],[-8,-17],[19,4],[12,-20],[-34,-51],[-63,-40],[-13,54],[-21,8],[-120,-12],[-83,17],[-17,-69],[-79,-175],[-10,-90],[-288,113],[-311,110],[-49,-18],[-42,14],[9,19],[-61,15],[14,27],[-32,14],[-10,-19],[-157,19],[10,22],[-12,39],[24,33],[-24,-19],[-33,9],[20,25],[-50,9],[70,33],[-19,47],[34,7],[-33,79],[81,42],[41,0],[55,50],[-8,82],[-44,4],[6,34],[17,168],[59,107],[12,205],[-18,34],[-27,-15],[-49,18],[-10,21],[-152,-2],[3,85],[35,97],[13,93],[24,35],[114,-19],[15,80],[240,-17],[6,21],[92,-3],[0,-22],[61,-1],[2,63],[-96,39],[9,21],[-44,14],[-2,68],[-98,23],[-21,65],[78,33],[39,-2],[16,21],[37,-11],[23,-39],[91,15],[0,64],[83,34],[8,-12],[94,64],[3,47],[-27,4],[-18,33],[59,12],[-12,30],[13,2],[-2,37],[-47,5],[13,64],[187,0],[3,85],[100,-8],[70,-26],[130,50],[138,-1]],[[74979,53523],[26,95],[25,-7],[-24,-93],[-27,5]],[[72760,49073],[110,17],[65,42],[-19,29],[9,1],[0,102],[28,-7],[2,48],[139,2],[111,-53],[38,-56],[40,-9],[33,13],[19,52],[120,-11],[48,40],[34,-11],[-9,-18],[30,-41],[31,71],[-4,37],[58,10],[10,24],[248,16],[89,38],[30,-56],[41,-3],[14,31],[57,-13],[-65,-137],[21,-8],[-1,-17],[110,0],[-19,-115],[31,-9],[5,-43],[25,-11],[-10,-50],[-32,-20],[70,-31],[12,-55],[99,-14],[-22,-22],[226,-16],[-14,46],[32,9],[1,-25],[85,29],[-2,-67],[56,-5],[-13,-77],[-126,15],[-4,-13],[45,-50],[49,-24],[-37,-49],[-56,20],[-11,-17],[-152,16],[12,-114],[-10,-17],[27,-7],[1,-49],[-127,-22],[-13,-110],[-58,-29],[-21,-45],[22,-58],[-71,-1],[-6,-32],[40,-74],[-65,-86],[-78,-41],[1,-22],[-20,4],[-15,-26],[38,-3],[54,-45],[-50,-8],[9,-33],[-45,-29],[-31,5],[9,23],[-11,34],[-126,-32],[-74,15],[24,-31],[-12,-10],[-19,20],[-25,-7],[-14,32],[-74,26],[-44,2],[-77,-28],[-27,28],[32,48],[-19,34],[-61,-18],[-29,26],[25,33],[-8,36],[23,14],[39,-15],[-1,-22],[-20,-18],[8,-25],[47,18],[-25,91],[4,66],[-181,69],[-88,8],[-51,41],[10,49],[124,52],[-39,61],[-15,-2],[-6,52],[-50,-3],[-2,21],[-45,28],[-203,-24],[-18,109],[-123,24],[-1,22],[18,11],[-47,13],[-27,67],[-9,27],[62,6],[-68,21],[-5,41],[136,-10],[-40,66],[7,6],[-61,47],[-92,145]],[[71456,56991],[-93,-74],[-54,-70],[48,-50],[55,-100],[98,-43],[8,-29],[-62,-7],[25,-17],[-12,-68],[51,-1],[-52,-8],[-13,-84],[39,-62],[80,-6],[49,-45],[-17,-23],[11,-59],[-13,-2],[-53,-136],[-14,-88],[20,-7],[14,-51],[-5,-35],[37,-84],[67,-3],[125,11],[39,-88]],[[71834,55762],[-98,-33],[18,-57],[27,-20],[54,30],[11,-28],[-40,-27],[153,-58]],[[71959,55569],[5,-23],[-14,-16]],[[71950,55530],[-110,-4],[61,-60],[3,-30],[-67,-33],[-8,-75],[-20,-28],[-81,26],[-34,-13],[10,-44],[69,-39],[-76,-29],[7,-28],[-91,-34],[-82,64],[-41,-34],[-119,94],[-124,-71],[1,-13],[-49,-10],[0,-17],[-94,-32],[9,-21],[-22,-3],[12,-9],[-33,-4],[18,-19],[-83,-53],[-9,9],[-32,-44],[-32,60],[-54,-3]],[[70879,55033],[-38,71],[-39,-1],[-20,41],[-1,47],[-15,19],[4,72],[-72,-9],[-5,65],[-59,1],[-7,23],[-38,17],[-5,87],[-18,-1],[-5,26],[-306,-49],[-54,31],[-29,-2],[-38,-56],[-39,12],[-16,-24],[-158,35],[-36,25],[4,58],[-24,62],[57,19],[54,125],[-19,43],[29,68],[-11,49],[23,2],[20,63],[-1,64],[34,6],[-18,45],[16,84],[64,198],[112,-17],[-5,90],[-16,-3],[-3,41],[-46,-14],[-1,58],[16,17],[52,-10],[7,119],[60,-12],[6,90],[250,90],[58,-23],[166,59],[199,148],[-66,255],[-23,89],[301,-17],[20,-14],[8,-53],[62,-91],[50,-89],[1,-77],[135,6]],[[69749,65565],[44,-81],[65,-67],[12,32],[126,-68],[141,-39],[13,30],[48,38],[-110,73],[-2,18],[137,5],[-5,-34],[73,-31],[30,-104],[41,-52],[144,-89],[70,-73],[51,-23],[130,12],[90,-20],[36,-27],[-15,-27],[-87,-122],[-75,-5],[-31,-29],[95,-52],[28,-47],[38,-146],[-11,-29],[-40,-27],[-168,-13],[-117,21],[-74,-39],[-73,-13],[-30,-50],[-156,38],[-158,13],[-67,-116],[-126,-21],[-376,14],[6,-47],[44,-59],[10,-62],[24,-19],[1,-110],[27,-18],[179,-16],[237,20],[83,-188],[-98,-36],[-55,-54],[-76,-43],[-77,-9],[14,-54],[19,-1],[-19,-94],[39,-50],[84,23],[66,-14],[134,28],[82,-53],[78,-15],[-44,-66],[-23,-45],[-38,-29],[-63,-28],[-32,-35],[-80,-16],[-63,-55],[-7,-49],[14,-43],[-20,5],[9,-32],[-15,-77],[26,-54],[-13,-48],[13,-46],[-61,-113],[-265,-176],[-14,37],[-82,-42],[23,-69],[15,-5],[-40,-66],[2,-21],[24,-20],[33,1],[20,-29],[67,-199],[-95,-10],[-164,-100],[-50,19],[19,-53],[-10,-14],[-297,-15],[32,58],[-11,5],[-61,-67],[-8,-26],[-94,-64],[-68,-77],[18,-1],[-2,-28],[145,-16],[-14,-19],[41,-28],[19,-41],[147,1],[-1,55],[31,-2],[-2,-36],[95,-11],[-11,-52],[53,-22],[21,19],[32,-6],[6,-19],[41,10],[27,43],[126,-26],[2,-53],[53,14],[-6,41],[121,12],[24,28],[63,17],[54,43],[77,-9],[52,28],[219,-41],[207,34],[8,-128],[20,-8],[-2,-14],[-29,0],[-1,-32],[14,-5],[-28,-13],[-40,34],[-16,-10],[15,-38],[29,-13],[23,-39],[-5,-22],[-28,-12],[-32,12],[-20,-28],[14,-8],[-3,-20],[90,-20],[-55,-165],[-15,-51],[-16,-111],[-66,-112],[25,-149],[-19,-63],[-26,-49],[59,-38],[126,-15],[-38,-257],[34,-113],[129,66],[-27,-69],[-127,-337]],[[70452,59988],[-212,-560],[-569,-156],[-426,-114],[-7,106],[-17,44],[101,9],[-31,84],[-392,201],[-143,-40],[-59,101],[-83,-9],[-143,-53],[-31,30],[-25,-19],[-11,-42],[-33,17],[9,22],[-49,20],[-20,-37],[-131,2],[-1,72],[-99,111],[-29,-5],[9,-11],[-107,-7],[-81,-56],[-10,-43],[-72,0],[-12,36],[-43,-25],[-38,15],[-23,-13],[-17,26],[-140,48],[-99,-13],[-2,-16],[-190,39],[-459,-50],[-69,-1],[-150,76],[-112,82],[-106,26],[-127,63],[40,34],[-152,140],[-41,102],[-2,78],[-74,78],[-18,108],[-43,52],[-46,21],[-137,-116],[-52,17],[-20,45],[-153,-79]],[[76856,51607],[0,-51],[-67,2],[0,-32],[-36,-3],[22,-103],[189,25],[44,-68],[9,4],[0,-30],[79,-53],[-84,-35],[-80,-5],[39,-107],[10,-114],[88,8],[77,65],[-4,24],[19,22],[79,24],[70,11],[54,-35],[75,-8],[85,18],[175,93],[77,-6],[141,25],[125,-29],[6,-15],[-33,-105],[3,-34],[16,1],[6,-85],[178,3],[20,-137],[94,-40],[73,-78],[108,45],[164,-4],[7,51],[209,-11],[-27,-183],[9,-45],[-21,-57],[-26,-4],[25,-9],[9,-54],[-94,12],[17,-30],[125,-61],[-10,-37],[46,-11]],[[75684,49266],[-7,42],[-93,0],[-153,172],[4,144],[-27,0],[-5,17],[-10,135],[-5,66],[-358,-13],[-348,30],[-303,20],[-54,63],[-72,5],[-2,58],[125,34],[-16,67],[-13,2],[13,90],[51,-7],[4,44],[-133,4],[-4,40],[-65,24],[14,3],[-7,83],[126,68],[-6,71],[-19,3],[3,35],[-282,27],[-71,3],[-189,4],[-74,-37],[-98,-15],[-74,8],[-22,31],[-90,13],[-83,-18],[-107,38],[-47,46],[-109,58],[-14,26],[-54,32],[-3,35],[-25,-9],[-82,34],[-68,90]],[[72832,50932],[-27,33],[-206,59],[13,47],[26,9],[30,156],[4,96],[40,8],[-6,20],[40,23],[-1,29],[30,17],[-23,4],[7,150],[-16,89],[52,12],[-6,12],[54,-7],[14,98],[127,3],[64,125],[104,-2],[12,36],[-225,21],[-2,15],[-29,-3],[-17,38],[-44,-4],[-4,36],[-27,4],[3,14],[68,54],[-49,51],[-147,-37],[18,82],[34,-10],[7,90],[-4,31],[-74,15],[5,20],[69,5],[68,-54],[43,110],[38,-16],[42,82],[28,2],[14,101],[-80,30],[14,40],[-147,140],[93,148],[-33,11],[7,23],[27,-26],[82,68],[21,-27],[82,56],[143,54],[-11,11],[51,17],[-20,63],[51,-14],[21,29],[83,16],[-48,53],[11,9],[122,7],[6,-32],[89,-17],[93,-82],[64,-26],[106,22],[-36,48],[30,0],[26,32],[58,-24],[-10,-18],[75,-3],[2,21],[63,65],[50,-16],[80,-63],[6,91],[-42,79],[-247,199],[-113,68],[-43,61],[0,81],[-21,36],[-165,95],[-113,147],[-171,116],[-113,133],[-122,106],[-11,130],[60,148]],[[73049,54701],[261,-4],[55,32],[94,4],[116,49],[2,51],[69,40],[-7,16],[37,34],[-2,20],[22,28],[175,14],[63,86],[84,1],[-2,-30],[18,-9],[97,102],[30,129],[39,-13],[60,114],[9,66],[43,-9],[140,-70],[40,-2],[99,106],[38,73],[-8,30],[201,-4],[86,-37],[89,-1],[123,-32],[222,67],[167,17],[55,26],[92,95],[76,21],[15,113],[56,43],[185,9],[278,-32],[84,43]],[[77200,55206],[-15,-56],[-5,-146],[18,-58],[-59,0],[-34,59],[-90,-9],[-129,-91],[-67,-92],[-17,-53],[-33,-4],[8,-27],[-42,-45],[-102,-44],[-131,9],[-142,-24],[6,-16],[-45,-10],[-46,-39],[-107,-19],[31,-58],[-38,-12],[-5,-38],[-18,-13],[90,23],[3,18],[148,-13],[9,-107]],[[72987,53123],[29,13],[5,-22],[-25,-10],[-9,19]],[[73019,53194],[20,2],[-15,43],[35,0],[21,-57],[-49,-32],[-12,44]],[[68345,53543],[-12,39],[-49,19],[-60,-37],[-11,-33],[-86,45],[-34,-50],[-111,56],[11,47],[-15,7],[-16,-26],[15,-19],[-136,2],[-55,27],[-13,2],[8,-34],[-49,-38],[-84,14],[-1,-51],[145,-14],[12,-31],[-49,-16],[1,27],[-88,-27],[-40,40],[-45,5],[-15,47],[-203,85],[-33,121],[-103,-21],[-17,63],[-87,40],[-27,-1],[-10,-21],[-26,24],[-65,-66],[-30,15],[9,-16],[-18,1],[14,-15],[-46,-29],[-36,47],[-7,-8],[-69,161],[-11,65],[10,7],[33,43],[54,20],[72,116],[-57,24],[20,56],[-4,31],[-62,23],[-111,-20],[-18,31],[-27,1],[14,41],[58,31],[34,60],[-2,16],[-90,41],[9,44],[11,115],[-10,19],[-352,-1],[-18,31],[-98,6],[-54,35],[3,63],[-65,-2],[-8,174],[-78,-38],[-50,16],[-14,42],[27,108],[-70,21],[-1,-33],[-37,-1],[-275,37],[-81,63],[-251,73],[-150,15],[-39,43]],[[70452,59988],[478,129],[-38,-61],[205,-19],[90,13],[153,-55],[78,-2],[142,-363],[79,23],[60,-62],[-21,-14],[-6,-43],[-23,-7],[4,-24],[-17,-29],[-31,-4],[-2,-23],[-33,-17],[10,-30],[31,18],[218,-74],[94,-6],[68,-1],[60,-33],[46,33],[25,-25],[28,20],[-27,27],[28,44],[29,23],[-4,39],[-57,20],[-26,-26],[-41,25],[-7,36],[73,34],[33,-20],[-34,-25],[11,-6],[104,55],[-50,-74],[107,-51],[50,34],[65,-3],[15,17],[201,-160],[-48,-128],[9,-43],[-16,-53],[-138,-109],[85,-2],[22,-102],[110,-99],[95,17],[22,-101],[-104,-16],[24,-108],[35,-59]],[[72716,58518],[-145,-15],[-142,46]],[[72429,58549],[31,80],[-14,62],[-162,87],[-54,3],[-55,-44],[-12,-70],[28,-36],[15,9],[30,-23],[84,-32],[-2,-32]],[[72318,58553],[-43,-14],[-59,-50],[28,-20],[-1,-42],[-45,-40],[-41,21],[-164,-124],[-26,-78],[6,-109],[-43,-84],[-47,-116],[-102,-100],[-56,-115],[-96,-99],[-169,-63],[-39,-66],[5,-100],[23,-104],[26,-58],[53,-62],[10,-42],[-20,-56],[-62,-41]],[[70879,55033],[-147,-4],[43,-97],[-177,4],[-5,-23],[-19,-6],[21,-95],[8,-287],[-14,-194],[-50,-40],[-225,17],[-376,-39],[-54,-17],[-102,1],[6,43],[-155,70],[16,41],[-97,29],[-4,34],[-53,7],[-140,34],[3,37],[-75,0],[-5,38],[-23,-1],[-3,178],[-92,3],[-1,-14],[-77,0],[-5,-19],[-92,7],[-5,-46],[-47,4],[-39,-136],[-24,-44],[-14,9],[-5,-12],[12,-37],[-33,-30],[-110,22],[-3,-22],[-42,41],[-41,-44],[0,-39],[-23,-18],[-59,62],[-92,-83],[14,-6],[-94,-111],[69,-19],[-31,-84],[32,-11],[-11,-23],[115,-21],[-43,-111],[93,1],[1,-66],[-73,3],[-20,-39],[45,-21],[-107,-134],[15,-28],[-73,-11],[-47,-143]],[[71391,44134],[-11,27],[13,18],[-33,15],[8,18],[-22,36],[15,0],[-9,29],[-27,8],[-1,-22],[-118,64],[-25,-14],[-50,52],[16,21],[-13,18],[-131,-17],[-39,-24],[-32,37],[-26,-11],[-17,19],[-28,-44],[-91,-33],[-35,-81],[-25,3],[-10,2],[33,78],[-157,106],[-257,64],[-28,-11],[-52,-81],[-16,8],[-19,-37],[-25,5],[11,22],[-75,5],[-18,-107],[-191,28],[-96,36],[-13,-58],[-49,12],[-2,-18],[-166,1],[-5,34]],[[69575,44342],[-6,28],[-43,-6],[-133,63],[16,49],[1,16],[-14,0],[17,87],[-2,17],[-25,-6],[3,28],[-26,10],[-10,85],[-66,106],[179,17],[63,123],[-57,24],[20,57],[88,-3],[3,28],[-126,21],[10,53],[-16,69],[-25,1],[26,40],[-1,75],[-13,26],[-109,32],[-30,-34],[-29,44],[-11,86],[-23,9],[9,42],[-152,50],[-113,-49],[-83,-9],[23,-43],[-19,-12],[-40,11],[7,29],[-22,3],[-29,-27],[-39,-6],[-30,62],[27,19],[-15,30],[14,39],[-61,29],[-85,7],[-78,20],[36,95],[64,52],[15,42],[-16,20],[77,75]],[[68726,45966],[18,-21],[112,-14],[-24,-71],[32,-5],[95,55],[8,22],[55,39],[-14,15],[30,65],[34,27],[30,-11],[27,22],[-9,5],[69,74],[15,41],[-36,20],[40,54],[43,-25],[80,70],[-32,32],[20,82],[44,81],[22,-41],[46,-25],[52,72],[-7,22]],[[69476,46551],[220,-185],[62,-30],[69,1],[9,-23],[28,4],[33,58],[-15,7],[7,31],[49,22],[27,-36],[76,-15],[28,-42],[58,-37],[126,40],[28,98],[42,34],[-42,42],[6,24],[82,57],[34,2],[-1,54],[52,5],[84,-41],[74,154],[62,3],[14,49],[16,0],[11,-40],[26,-14],[19,50],[68,-30],[-6,-22],[38,-15],[-48,-95],[73,-33],[-5,-22],[21,-12],[18,9],[9,-24],[-25,-77],[73,39],[-7,-21],[28,-34],[24,14],[79,-69],[-13,-13],[5,-15],[32,11],[20,53],[-11,17],[44,18],[21,-12],[6,-23],[-47,-18],[12,-23],[-13,-10],[1,-40],[51,-24],[16,-33],[92,6],[4,-29],[12,4],[78,-98],[97,58],[420,146],[40,-34],[-12,-8],[38,-75],[26,14],[62,-59],[43,5],[15,-21],[31,-4],[-23,-107],[44,-32],[-41,-35],[16,-42],[1,-22],[56,-3],[50,36],[8,-40],[67,-7],[5,-17],[85,48],[30,-24],[-4,-54],[15,-46],[106,113],[99,-142],[93,8],[-1,31],[119,42],[110,16],[31,-67],[32,-1],[4,-33],[46,1],[3,-26],[105,4],[11,28],[92,3],[-2,52],[37,60],[-4,95],[18,8],[-31,176],[148,14],[222,-21],[10,64],[124,-14],[-3,35],[49,11],[-11,35],[64,11],[24,2],[20,-24],[6,-39],[32,5],[299,105],[119,1],[31,30],[32,-17],[-1,-21],[-45,-10],[-12,-30],[-48,-19],[-17,-29],[45,-28],[3,-46],[55,-7],[1,-22],[-120,-72],[70,-42],[-20,-60],[121,-19],[16,-7],[-11,-17],[75,-25],[13,29],[-10,45],[15,14],[-4,21],[148,36],[158,4],[10,85],[266,22],[-35,56],[48,1],[12,43],[199,-39]],[[76408,44186],[11,-36],[29,-7],[-63,-57],[-58,-65],[-7,-30],[-49,34],[-17,-12],[32,-60],[-92,-65],[17,-42],[-8,-57],[30,-41],[-22,-4],[14,-48],[-50,-4],[4,-45],[-54,-10],[4,-32],[6,-25],[-12,-19],[17,-5],[18,20],[11,-17],[77,-2],[72,36],[65,-2],[16,-32],[39,-1],[21,-83],[38,10],[-18,-80],[10,-33],[-11,-33],[-36,-24],[6,-9],[0,-14],[-54,-46],[20,-26],[-6,-23],[-48,-7],[-105,-160],[-89,-83],[-93,-53],[-49,-82],[-20,-100],[-34,-36],[20,-7],[44,24],[16,-15],[0,-59],[-25,-57],[-125,-99]],[[75900,42463],[-40,-7],[-14,-34],[-29,-15],[-1,58],[-15,13],[1,37],[-14,25],[37,43],[-22,71],[-104,-39],[-23,8],[-132,221],[-104,-58],[-61,-51],[24,-86],[-22,-5]],[[75381,42644],[-44,53],[-71,11],[-153,-33],[24,43],[-141,37],[-112,64],[-99,14],[-14,18],[-135,-21],[-180,-70],[-65,7],[-88,43],[-140,-44]],[[74163,42766],[-59,-5],[-3,16],[-24,-1],[-3,54],[55,22],[1,29],[-30,38],[5,18],[-48,0],[-16,26],[8,42],[-10,14],[-62,-28],[-24,53],[-191,-33],[-11,46],[-26,0],[-11,56],[62,0],[19,33],[5,20],[-29,36],[-5,34],[14,28],[34,2],[-2,23],[-25,24],[-3,3],[-15,6],[-23,16],[-24,-15],[-37,12],[1,25],[-22,19],[-17,-23],[-21,10],[-37,55],[-59,38],[-34,39],[-52,-31],[-31,11],[-49,-36],[-94,-10],[-49,32],[32,23],[-14,53],[20,21],[-37,38],[-4,48],[-60,-13],[-52,13],[-24,21],[17,38],[-52,33],[5,15],[-52,23],[-73,-1],[-16,7],[-56,-33],[6,-20],[-49,-16],[-24,42],[-69,-34],[-19,9],[-138,-4],[-143,-51],[-113,-7],[-11,18],[-34,-6],[-14,25],[-83,-4],[-4,29],[-105,6],[-36,-46],[15,-48],[-61,-15],[-46,-10],[1,57],[-65,10],[-7,37],[-44,1],[-6,26],[66,33],[-14,18],[-59,38],[-64,15],[-42,61],[-80,-2],[-15,32],[-64,-6],[-33,-27],[-77,14],[9,50],[-19,13],[11,8],[-11,12],[19,21],[-13,9],[-24,59],[35,3],[-1,15],[-39,19]],[[69188,45432],[62,-10],[1,-50],[-12,-6],[-12,39],[-37,3],[-2,24]],[[64712,50249],[-124,-52],[-48,1],[-17,-15],[-63,17],[-6,25],[-38,34],[15,6],[-32,4],[-25,44],[-153,127],[-79,-25],[-134,0],[-21,-40],[-70,-44],[-17,6],[5,109],[-33,42],[3,23],[-280,33],[-121,32],[-58,51],[-76,-46],[4,-38],[-58,-17],[-105,55],[-92,-2],[-147,-48],[-66,17]],[[68345,53543],[-3,-6],[-106,-156],[44,-20],[44,-72],[53,-45],[-46,-16],[-16,4],[-2,21],[-42,-12],[37,-45],[-34,-28],[16,-33],[27,3],[2,-27],[-12,-23],[-56,-24],[11,-20],[-34,-40],[34,-28],[28,40],[35,-28],[-35,-76],[-67,2],[-28,26],[-26,-9],[-15,-129],[-77,12],[-7,-32],[-46,6],[-85,-78],[-37,16],[-21,-16],[-64,38],[-13,-31],[-25,30],[-66,25],[-28,-81],[-21,14],[-62,-109],[18,-65],[-119,-54],[-22,-9],[114,-98],[177,-58],[-21,-112],[59,-150],[-8,-15],[178,-108],[-5,-25],[27,1],[101,4],[117,-21],[35,31],[6,37],[27,30],[1,41],[23,47],[50,-20],[35,74],[256,-47],[196,-60],[-20,-32],[6,-19],[20,-2],[-4,-30],[36,-4],[-74,-43],[65,-24],[6,-55],[45,-13],[-23,-56],[-31,-13],[41,-15],[-74,-104],[16,-14],[-24,-17],[33,-16]],[[68865,51562],[-94,-187],[39,-6],[-31,-73],[38,-88],[-95,-51],[-28,-37],[-15,-1],[-20,40],[-38,-7],[3,-39],[-92,14],[-56,-28],[10,-28],[-116,-33],[-41,-37],[4,-30],[-43,0],[-4,-30],[-20,-18],[13,-54],[-9,-27],[-52,18],[3,-12],[-40,-34],[-130,-73],[-9,39],[-137,-31],[42,-26],[-16,-18],[18,-59],[-64,-4],[1,-17],[-65,16],[-9,-8],[25,-49],[-29,-8],[-27,25],[-29,-36],[-15,32],[-96,4],[-31,-40],[-26,-6],[-7,-24],[11,-14],[-19,-11],[-110,46],[-35,-14],[12,-38],[-15,-16],[29,-27],[-10,-80],[16,-8],[64,29],[13,26],[34,-118],[-69,-20],[10,-42],[27,10],[2,-15],[-23,-7],[-12,-39],[90,-15],[-163,-40],[-21,-22],[22,-93],[-37,-2],[2,-14],[-26,-3],[-53,-45],[-58,-18],[-38,21],[-24,-13],[-26,43],[-29,-10],[-17,-28],[46,-28],[44,2],[3,-14],[-49,3],[-103,56],[-158,-39],[-20,17],[0,24],[32,29],[-33,22],[-37,-15],[-7,-40],[-64,-51],[0,-22],[45,-31],[-27,-7],[14,-43],[-60,40],[22,-109],[-86,-25],[-49,-40],[-84,-16],[-51,10],[-9,44],[10,29],[-82,22],[-30,37],[84,55],[101,-59],[41,48],[5,29],[-48,-20],[-11,26],[-62,-2],[-5,79],[-90,11],[-111,-26],[-24,106],[-58,13],[-43,40],[-14,-25],[-65,-26],[-44,13],[-43,-19],[-48,7],[-2,-50],[-50,-17],[-147,-3],[-32,10],[67,6],[11,56],[-23,34],[-1,43],[-17,14],[-23,-10],[-13,-55],[-64,-23],[33,-36],[-41,27],[-17,-7],[-8,-32],[7,-24],[36,-13],[-10,-16],[-48,23],[-39,-18],[40,-24],[-26,-6],[-56,43],[-76,-25],[-19,14],[172,43],[11,7],[1,30],[-52,6],[-36,-21],[-11,6],[17,14],[-16,4],[-43,-17],[-39,41],[68,-11],[-20,26],[10,9],[28,-38],[90,-9],[57,25],[-51,38],[-82,-9],[24,15],[-92,43],[-152,-48],[84,43],[-83,7],[96,10],[-40,30],[-94,-12],[102,28],[44,-47],[55,-6],[6,12],[-39,13],[-12,31],[-68,29],[82,-9],[-5,-19],[16,-27],[55,9],[-10,-38],[14,-14],[127,-37],[34,-34],[34,1],[-3,32],[23,63],[-67,4],[-30,39],[-27,-5],[-28,23],[-1,36],[60,36],[8,22],[-66,29],[-57,3],[-75,-75],[-17,8],[34,42],[-71,12],[80,0],[34,19],[-109,11],[-157,-56],[-24,8],[1,22],[-61,76],[-99,5],[-38,-23],[-184,-19],[32,-43],[-9,-24],[-109,39],[12,-44],[23,-7],[-30,-39],[-41,-9],[-12,-30]],[[73049,54701],[-8,94],[-91,150],[-65,44],[-84,-7],[-98,39],[-19,62],[-96,35],[15,48],[-13,29],[92,-12],[12,79],[37,22],[-53,66],[-114,65],[-165,-8],[-118,71],[-172,-12],[-41,30],[-21,-33],[-27,0],[-39,18],[-31,49]],[[71959,55569],[27,11],[-1,19],[-54,-5],[20,21],[-21,27],[2,24],[-98,96]],[[72318,58553],[111,-4]],[[72716,58518],[211,149],[208,113],[45,60],[33,117],[51,32],[163,8],[47,27],[8,27],[-10,36],[-95,70],[-8,48],[87,58],[185,45],[55,46],[94,183],[125,123],[16,59],[-6,152],[76,134],[-33,70],[-84,78],[-22,64],[0,143],[-13,49],[-67,104],[-114,96],[-28,62],[27,70],[122,114],[24,44],[45,151],[3,196],[23,95],[87,-55],[-35,-43],[5,-52],[29,-33],[-19,-57],[24,-99],[-58,-39],[-10,-34],[14,-42],[-39,-11],[4,-23],[-12,-18],[53,-76],[-17,-74],[157,15],[21,33],[71,19],[144,-20],[86,44],[30,-20],[78,67],[22,47],[126,57],[31,-56],[64,-11],[26,-41],[100,-72],[-7,-50],[16,-72],[-11,-25],[56,-50],[237,8],[36,67],[30,-72],[49,-20],[14,-26],[18,6],[68,-36],[76,60]],[[65243,48058],[13,59],[-111,5],[36,112],[-19,6],[5,29],[-22,5],[48,68],[3,26],[-37,9],[12,52],[-58,17],[10,31],[-25,1],[18,68],[-21,25],[82,118],[21,6],[-60,40],[-72,90],[-46,26],[1,18],[13,13],[-29,8],[-14,33],[-18,-31],[-59,20],[25,33],[23,2],[-2,28],[-75,62],[-14,72],[-28,4],[20,13],[-55,19],[8,17],[40,-9],[19,135],[40,27],[69,-26],[1,49],[-68,50],[-205,64],[-34,33],[-8,62],[-14,1],[-3,-35],[-40,-35],[-34,11],[-32,39],[-14,43],[14,31],[25,8],[5,39],[-46,36],[-19,58],[10,44],[-101,48],[14,65],[36,32],[8,86],[43,26],[5,37],[13,-1],[4,-57],[59,-34],[33,13],[27,-20],[164,-21],[69,122],[-30,40],[-171,54],[19,33],[40,8],[9,55],[-51,-24]],[[68865,51562],[172,-70],[-4,-16],[92,-10],[-12,-47],[135,-55],[20,61],[31,-7],[0,42],[34,22],[51,-10],[8,-50],[62,-5],[20,26],[126,-48],[87,14],[5,-22],[31,-11],[-3,-16],[70,-16],[57,-75],[16,-102],[-8,-14],[17,-13],[-7,-59],[126,-6],[31,-32],[18,13],[65,-13],[134,39],[40,47],[92,-2],[-3,20],[38,2],[28,-16],[-10,89],[116,7],[-9,-17],[70,21],[50,-118],[19,-56],[0,-113],[-38,-1],[0,-42],[-37,1],[-3,-55],[8,-44],[37,-9],[97,-26],[61,-37],[2,-62],[47,2],[-3,41],[253,-63],[226,-11],[-3,-16],[174,-70],[21,-34],[-4,-33],[67,-21],[11,-70],[47,12],[172,-15],[23,41],[30,11]],[[71858,50445],[-2,-62],[-24,-78],[80,-28],[1,-16],[-38,-31],[75,-36],[11,-27],[-61,20],[-183,-47],[-22,-42],[-21,-131],[-83,-21],[-123,-72],[-61,-126],[-54,-53],[-56,12],[17,-102],[98,2],[-22,-30],[-44,-3],[186,-89],[-41,-85],[82,-1],[19,-23],[12,-86],[30,-16],[0,-39],[-18,2],[6,-18],[-29,1],[-53,-47],[-7,-107],[-75,-15],[-6,-129],[28,-35],[173,-73],[6,-35],[22,-20],[-12,-18],[8,-14],[37,-9],[44,21],[33,-47],[-9,-37],[13,-23],[35,27],[118,-116],[33,9],[79,-80],[44,7],[-75,-41],[20,-75],[-56,-40],[42,-106],[-48,-7],[-7,51],[-56,11],[-62,0],[1,-38],[-105,3],[-1,-98],[25,-47],[-227,-51],[-165,-33],[-56,9],[-52,97],[-74,17],[-23,26],[13,46],[28,28],[-45,23],[0,29],[-32,61],[-138,-47],[-19,49],[-49,12],[-22,0],[16,8],[-17,61],[-28,-13],[-23,31],[-24,-10],[1,19],[-240,-96],[7,-63],[-47,-43],[-211,-22],[1,36],[-58,-7],[-149,-40],[-15,-35],[-46,1],[-13,-15],[29,-20],[-86,-27],[-26,-28],[-1,-35],[-75,-22],[-3,-63],[28,-39],[-60,4],[-60,-46],[-40,51],[-37,-28],[-34,-30],[21,-108],[-63,-3],[-42,-82],[12,-35],[-67,11],[-48,-19],[-107,-192],[-230,-87],[-54,16],[-22,-14],[2,-45],[-85,-115],[10,-23],[27,-1],[-46,-58],[-32,-14],[7,-22],[117,10],[89,-21],[-101,-33]],[[69098,47052],[0,35],[-144,-4]],[[68954,47083],[-5,19],[-33,4],[-16,-27]],[[68900,47079],[-54,31],[13,53]],[[68859,47163],[-3,137],[-64,-21]],[[68792,47279],[-12,15],[10,52],[-21,16],[6,68],[41,5],[15,48],[-7,49],[-26,0],[-5,29],[-127,39],[-15,-20],[-56,-5],[-14,31],[-24,-20],[-2,-34],[-31,0],[-26,30],[-11,47],[-60,-19],[-24,-41],[-42,37],[-18,54],[-55,-32],[-29,7],[-15,113],[-66,119],[-124,-54],[-19,7],[-168,-47],[-83,31],[-8,-48],[-184,-1],[-37,-64],[-37,21],[26,44],[6,54],[-152,4],[7,30],[-60,56],[-123,-17],[5,-44],[-78,-20],[-35,21],[-11,-33],[-23,3],[-4,-29],[-76,0],[-1,35],[-99,4],[-1,-17],[-161,-36],[-9,22],[-28,5],[-59,-16],[-13,5],[6,20],[-50,18],[-24,-22],[-10,47],[-46,-5],[24,26],[-8,34],[-44,-6],[-52,-20],[-14,9],[30,26],[-14,19],[-20,-11],[-105,25],[13,27],[-71,-3],[7,14],[-210,98],[-86,13],[-38,-27],[-17,24],[-27,0],[-20,-32],[-29,-6],[-3,-27],[44,-29],[-9,-14],[-82,51],[-41,-31],[-87,-6],[-15,-36],[-41,-14],[-228,9],[68,62],[87,9],[-19,61],[-83,-7],[-75,-33],[-97,12]],[[69476,46551],[-4,16],[22,2],[-69,76],[-148,106],[-33,-21],[13,47],[-89,33],[-24,18],[5,18],[-60,30],[-18,31],[20,7],[-124,60],[45,31],[64,5],[22,42]],[[71858,50445],[4,46],[-57,44],[-5,32],[95,84],[53,1],[30,-42],[90,-14],[3,24],[33,0],[2,-30],[43,9],[1,-13],[115,-33],[57,52],[27,5],[-3,14],[88,3],[-16,18],[56,90],[110,-36],[17,-41],[-7,-16],[144,-2],[-3,51],[-40,0],[12,79],[20,-1],[40,75],[-17,7],[9,58],[34,-22],[39,45]],[[68954,47083],[-26,-28],[-28,9],[0,15]],[[68859,47163],[-34,2],[-5,29],[-29,23],[10,31],[-9,31]],[[64258,43430],[117,18],[39,-8],[9,-25],[139,-1],[58,-52],[43,3],[-2,-31],[27,-38],[101,-4],[41,35],[-20,71],[24,24],[-7,19],[23,28],[36,6],[16,0],[1,21],[44,1],[94,57],[275,69],[-18,103],[-30,-6],[-9,51],[-16,-1],[-7,48],[-11,-3],[-1,58],[125,41],[14,-111],[237,18],[25,29],[10,52],[101,-53],[14,33],[20,-5],[19,170],[41,-1],[-2,-27],[170,22],[0,-22],[41,-1],[15,-31],[72,-11],[-24,-63],[21,-34],[90,-1],[-21,-53],[36,-7],[-46,-100],[73,10],[41,-208],[60,-15],[100,-115],[41,-8],[16,-93],[-45,-21],[15,-40],[148,22],[-6,35],[83,14],[-30,27],[202,-2],[8,12]],[[66888,43336],[27,-2],[-21,-106],[-61,5],[-4,-81],[25,3],[75,-162],[-31,-5],[4,-21],[-43,-28],[7,-24],[-24,-15],[-46,-15],[-10,16],[-32,-6],[9,-34],[-169,-45],[-22,-52],[30,-64],[-21,-7],[10,-160],[52,-38],[17,-62],[25,-7],[53,-124],[6,-48],[-103,13],[-37,44],[-37,-20],[-110,-5],[-6,-27],[-65,54],[-50,-38],[37,-157]],[[66373,42118],[-126,-1],[-119,-27],[-39,29],[-149,-17],[4,-39],[-254,-23],[-220,-44],[-22,62],[-48,-2],[-140,-41],[-18,-72],[-72,-26],[40,-37],[-84,16],[-10,-41],[-28,-1],[13,47],[-118,-39],[-31,38],[-68,7]],[[64884,41907],[-37,171],[147,51],[79,56],[54,16],[-44,161],[-61,40],[-18,47],[-71,22],[-29,38],[-80,-13],[-13,-12],[6,-21],[-93,-25],[-6,17],[-36,-15],[-103,6],[-10,38],[-18,-2],[-29,184],[-88,7],[-49,23],[-13,-46],[-28,7],[-2,62],[-63,-5],[13,42],[-29,105],[138,58],[57,63],[48,26],[-71,123],[-169,-1],[-27,66],[-46,226],[65,8]],[[74164,42521],[-11,43],[-20,6],[15,42],[-14,25],[-2,34],[14,16],[-16,68],[33,11]],[[75381,42644],[-13,-2],[28,-67],[15,-13],[-12,-7],[32,-81],[-32,4],[6,-17],[21,1],[7,-87],[-105,-40],[-75,8],[8,-48],[-51,-7],[-10,52],[-84,2],[36,-39],[-16,-20],[25,-87],[-11,-63],[-12,-3],[8,-31],[-45,-23],[50,-103],[21,2],[-8,-76],[9,-14],[44,16],[48,-52],[24,-28],[-47,-15],[32,-34],[-17,-19],[55,-56],[-24,-28],[19,-20],[-22,-43],[-22,-3],[-7,-21],[-117,-84],[-60,-87],[0,-26],[-21,-8],[35,-57],[14,-57],[49,-9],[-23,-88],[14,-18],[-11,-13],[10,-25],[-29,6],[-16,-30],[36,-38],[-1,-24],[123,-68],[40,-32],[10,-44],[-52,10],[-22,-25],[-14,-26],[-154,-39],[-72,46],[5,80],[-75,81],[13,11],[-31,1],[12,14],[-40,-4],[-9,30],[-43,2],[-25,32],[-28,-13],[-69,25],[-36,-7],[1,-26],[-94,-16],[-94,3],[-118,-32],[-67,34],[-83,14],[-7,29],[-59,4],[-23,30],[25,27],[-71,72],[-12,34],[19,22],[-116,93],[18,84],[69,16],[56,43],[-41,48],[-11,55],[-90,15],[6,57],[39,39],[-17,10],[89,66],[-14,15],[17,35],[27,14],[-22,22],[121,76],[-24,19],[31,14],[-19,45],[-68,64],[101,75],[22,39],[-12,13],[8,10],[20,-6],[55,62],[74,32],[-34,-2],[-14,16],[18,9],[-46,60],[-49,-21],[3,46],[-119,65]],[[70111,42996],[99,-201],[37,-22],[28,-44],[130,56],[-9,29],[44,-11],[60,30],[18,-42],[30,-8],[64,14],[101,55],[148,-89],[-18,-24],[8,-5],[30,21],[56,-38],[27,51],[45,-59],[-48,-40],[54,19],[70,-24],[52,-46],[-1,-32],[49,-23],[-5,-31],[-19,-20],[-10,-60],[-22,-16],[-6,-25],[11,-3],[31,-200],[-72,-20],[5,-15],[44,-4],[-4,-17],[-33,-17],[29,-32],[-79,-6],[-10,-14],[8,-32],[-50,-54],[-43,-14],[-4,-21],[25,-97],[93,6],[17,-86],[19,-37],[-76,-17],[-43,0],[11,13],[-11,11],[-15,-15],[-12,31],[-3,-30],[-19,-17],[-14,21],[-50,-19],[6,-44],[-82,23],[-165,-21],[16,-39],[-21,4],[-9,-34],[50,-63],[-122,-44],[-306,-48],[-29,9],[-5,28],[-74,-9],[-71,31],[9,13],[-125,-4],[-17,16],[37,31],[-11,41],[43,9],[21,-19],[104,-2],[89,34],[8,29],[25,2],[-13,69],[-22,25],[20,54],[-27,38],[-53,33],[24,25],[-10,17],[-80,-17],[-29,14],[-14,60],[-111,7],[-40,41],[-68,-25],[-26,29],[-53,0]],[[69747,42039],[20,85],[22,19],[-9,39],[-28,30],[-6,20],[19,1],[-2,46],[-28,67],[38,8],[-3,27],[71,0],[3,35],[63,15],[84,-17],[19,39],[-43,47],[-81,-8],[-10,25],[-57,-1],[-96,-33],[-23,83],[23,109],[25,21],[-2,24],[-13,0],[0,21],[158,39],[24,30],[-10,22],[26,15],[-9,50],[187,80],[2,19]],[[63314,39504],[67,14],[31,-30],[120,-2],[74,36],[43,-2],[30,-87],[36,46],[26,-64],[62,-41],[47,-45],[2,-30],[-45,-34],[71,-38],[-14,-20],[23,-9],[33,-14],[37,-68],[3,-45],[51,-38],[53,-1],[-43,-27],[0,-69],[-18,-33],[-27,-3],[-42,-87],[41,-42],[3,-39],[74,-54],[-14,-20],[47,-39],[11,-32],[-4,-27],[-47,-18],[15,-33],[-18,-16],[9,-18],[-80,-27],[-28,-66],[17,-63],[-8,-46]],[[63952,38273],[-89,11],[-78,-67],[-23,45],[-60,7],[-64,33],[-43,45],[8,28],[-72,1],[-64,76],[-7,23],[19,52],[-58,44],[-5,85],[-147,-10],[-49,29],[-15,-5],[10,-24],[-46,-96],[-55,-44],[8,-31],[-38,-61],[-84,-53],[18,-78],[-56,4],[-25,-26],[0,-40],[-80,0],[-14,-30],[-16,8],[23,73],[-42,27],[-36,-54],[-4,-35],[21,-42],[42,-1],[-64,-32],[-90,-5],[-57,-62],[-52,20],[-58,-36],[-58,25],[2,44],[25,36],[-8,11],[-57,12],[-34,36],[-114,52],[-126,5],[-6,19],[-43,-14],[5,34],[-31,40],[-206,-22]],[[61859,38330],[-36,0],[-91,57],[-8,-25],[-79,21],[31,25],[-9,21],[80,40],[-74,21],[-32,-27],[-26,16],[-17,19],[7,91],[-5,44],[61,10],[53,35],[43,-24],[92,13],[44,-44],[29,-1],[-2,45],[18,0],[0,-32],[21,-6],[12,50],[-17,33],[31,20],[64,1],[-44,34],[5,41],[35,-27],[76,48],[28,-28],[61,19],[36,38],[-24,35],[-2,31],[21,37],[54,51],[30,-10],[71,41],[34,-10],[8,-37],[35,-33],[70,-30],[63,-79],[85,33],[97,-12],[-69,-17],[-31,16],[-50,-38],[103,-51],[11,33],[63,-16],[1,22],[-31,7],[10,19],[22,-7],[4,23],[-33,27],[10,22],[33,-4],[7,82],[-24,111],[7,33],[32,18],[11,53],[48,42],[55,18],[133,-40],[53,4],[3,23],[42,17],[18,-20],[39,34],[-5,40],[32,43],[1,106],[31,29]],[[67439,43347],[14,27],[41,21],[22,66],[23,-19],[9,14],[13,89],[40,-19],[-17,-15],[12,-23],[32,8],[68,-14],[59,-60],[30,-1],[93,71],[71,-16],[38,-43],[-33,-24],[13,-16],[20,10],[8,-28],[28,5],[-7,41],[20,7],[10,-32],[-15,-32],[6,-20],[88,84],[45,-55],[44,45],[22,-6],[41,-63],[161,22],[77,-32],[107,16],[-31,-45],[-109,-32],[0,-18],[-80,-43],[54,-96],[21,3],[2,-32],[90,-17],[24,-32],[-40,-35],[41,-66],[34,12],[-12,36],[13,10],[160,75],[-26,-43],[27,-30],[29,-65],[-20,-30],[-16,-102],[-33,-7],[2,-55],[78,3],[6,-32],[32,-7],[-34,-102],[-32,2],[-88,-96],[-20,8],[-3,-21],[-62,4],[-55,-66],[-94,-15],[-5,-41],[-21,-1],[6,66],[-172,10],[-13,-32],[-52,-15],[20,-90],[27,-43],[-95,-42],[-15,-31],[6,-15],[-39,7],[-83,-3],[-19,-22],[-22,42],[-39,23],[-7,-7],[26,-13],[-12,-14],[25,-40],[-62,13],[-50,52],[-4,51],[-28,15],[-39,-16],[-48,102],[-41,-1],[1,46],[-58,-20],[-23,35],[18,-2],[1,19],[113,-5],[3,19],[78,5],[19,49],[-68,15],[-8,52],[-72,164],[-20,-3],[-6,16],[12,39],[-4,78],[-20,69],[-27,25],[8,42],[35,16],[12,130],[-182,46],[12,23],[-15,36],[11,23],[-105,54]],[[61055,49768],[-9,-21],[44,-53],[-46,-59],[-14,-82],[-22,-31],[-77,-9],[-8,-16],[84,-60],[226,-63],[-12,-43],[59,23],[-1,-25],[19,0],[-4,-21],[-54,-28],[13,-23],[-12,-23],[17,-37],[66,-20],[132,-4],[37,-29],[0,-13],[-91,-10],[-23,-51],[5,-40],[-14,-6],[13,-46],[-41,-29],[-8,-27],[-21,-5],[-11,-63],[-39,0],[23,-20],[37,-12],[16,-23],[-35,-46],[13,-34],[-10,-20],[-33,-38],[-50,2],[-18,-76],[20,-32],[-27,-16],[9,-73],[18,-2],[3,-16],[-78,-34],[3,-28],[8,-18],[64,-14],[19,-27],[-11,-3],[12,-18],[-12,-10],[87,-97],[-5,-29],[-99,-31],[-64,-43],[-88,0],[-15,-29],[122,-15],[1,-32],[-36,8],[0,-19],[47,-57],[-140,55],[-12,-72],[-45,6],[0,-30],[123,-33],[4,-107],[18,7],[-5,-40],[-28,-20],[-5,-51],[11,-28],[58,30],[25,-23],[31,-91],[-2,-41],[135,-116]],[[61352,47398],[-6,-54],[-82,-93],[-244,-118],[-7,-41]],[[61013,47092],[-1,-27],[-183,4],[-23,-40],[28,-84],[16,0],[14,-29],[46,29],[2,-47],[39,-36],[40,9],[-15,-73],[-45,-34],[-150,-24],[-153,5],[-2,-23],[-66,-43],[-267,-141],[-33,-52],[29,-50],[-99,14],[-78,-25],[-50,-68],[-80,13],[-47,-66],[-9,-85],[62,-32],[5,23],[17,-2],[55,-48],[13,-170],[-89,9],[-6,37],[-65,-15],[-123,-63],[-68,-59],[2,-24],[-44,-9],[2,-14],[-102,-58],[4,-21],[-15,-5],[0,-19],[18,-3],[2,-80],[5,-36],[-28,-10],[-19,-80],[3,-67],[-87,-27],[-41,-20],[0,51],[-64,16],[-1,40],[-47,-2],[-1,22],[-32,-9],[-24,25],[30,3],[41,44],[-114,0],[-41,51],[-2,52],[-72,-32],[-97,13],[34,63],[-7,26],[-16,-19],[-125,-18],[-32,24],[-14,-7],[-13,25],[9,7],[-91,2],[-25,-15],[-47,-43],[-25,10],[-26,-14],[-13,27],[-34,-21],[-37,-31],[9,-41],[-10,-22],[-54,24],[-24,-25],[0,-50],[38,-6],[14,-38],[37,2],[3,-22],[-23,0],[29,-25],[-4,-16],[93,-68],[-44,4],[-1,-18],[59,-20],[-20,-13],[-20,17],[-13,-27],[40,-29],[-3,-16]],[[60902,47923],[67,-9],[-3,49],[-39,-12],[-25,-28]],[[65243,48058],[-74,-95],[-150,-102],[-40,1],[-3,-28],[-144,-57],[-71,-13],[-13,25],[-23,-19],[-40,33],[-2,-47],[-241,17],[-25,54],[-102,12],[-46,25],[-97,0],[-83,75],[-138,65],[-7,-23],[-67,-2],[7,-21],[-24,0],[-93,12],[4,-23],[-47,-53],[-94,-56],[-83,-10],[-44,-50],[-10,-19],[21,-15],[-47,-62],[-8,-33],[-97,-26],[-39,12],[-32,90],[-12,1],[-12,-30],[-45,11],[-17,-22],[15,-12],[-105,-1],[-50,35],[-31,-15],[-10,13],[12,25],[-21,16],[-200,-50],[-49,-24],[2,-17],[-35,21],[-210,-6],[-138,-37],[-16,27],[-141,5],[-46,-33],[21,-29],[32,-11],[15,-48],[-57,6],[-97,-74],[-60,-5],[89,39],[-38,30],[-139,27],[-20,31],[22,42],[-16,11],[-138,6],[-27,19],[-138,49],[-16,-28],[0,-40],[-37,-16],[1,-135],[-101,-48],[-16,-55],[30,-14],[-32,-39],[-49,-13],[-29,34],[-4,42],[-26,-15]],[[58673,44789],[101,33],[157,-25],[55,28],[69,-7],[28,7],[-7,44],[45,6],[37,-7],[11,-20],[-22,-8],[6,-48],[58,6],[73,36],[5,-24],[-79,-70],[-3,-42],[100,-12],[29,31],[-14,71],[139,60],[19,-6],[3,-27],[32,-44],[34,-14],[17,-40],[23,-66],[26,-13],[43,33],[54,-7],[61,51],[56,-86],[20,-67],[66,-5],[73,20],[-11,-28],[32,0],[35,-50],[10,-11],[-16,-43],[8,-24],[-18,-19],[20,-4],[-7,-31],[-41,-25],[18,-22],[28,11],[34,-37],[-3,-26],[77,10],[87,-50],[-6,-15],[19,-57],[-10,-27],[-79,-45],[-11,-15],[5,-30],[136,-37],[65,-45],[-1,-14],[36,3],[-7,-16],[15,-23],[97,58],[-24,-58],[-62,-22],[59,-31],[17,-48],[40,-37],[68,-12],[-19,-27],[19,-35],[79,44],[-11,39],[74,74],[-18,35],[-35,21],[36,47],[-79,35],[3,32],[193,-16],[172,90],[20,-30],[12,-68],[229,32],[21,-34],[36,-46],[-11,-3],[21,-23],[18,-78],[93,9],[95,-37],[60,15],[348,-64],[8,-17],[188,43],[6,-24],[-79,-30],[2,-39],[-35,-19],[4,-29],[45,-20],[42,-58]],[[62135,43576],[-77,-68],[-16,-43],[-55,-39],[10,-16],[-43,3],[-66,-31],[-87,10],[-93,-25],[3,-27],[-25,-49],[-277,-105],[-73,-11],[0,-31],[-37,-1],[-9,16],[-80,-46],[15,-35],[-100,-39],[-27,21],[-108,-7],[-11,-43],[4,-28],[17,-6],[19,-35],[-24,-9],[3,-46],[-12,-9],[28,-35],[39,13],[15,-35],[-42,-14],[9,-33],[48,1],[41,-37],[38,12],[110,-17],[52,15],[8,-13],[-67,-56],[10,-16],[-57,-65],[-22,7],[-47,-70],[13,-125],[27,-4],[-13,-35],[-18,-27],[-29,8],[-45,-49],[-3,-45],[22,-26],[-80,-31],[11,-108],[87,-32],[-2,-43],[17,-42],[-6,-44],[-16,-16],[-20,21],[-65,-32],[-38,24],[-15,13],[38,154],[-18,3],[-9,75],[-30,-60],[-100,-15],[-32,11],[-68,-28],[-87,-10],[-53,-34],[9,-22],[-30,-4],[14,-38],[-17,-36],[11,-37],[19,-10],[-103,-27],[-52,-48],[-38,-61],[-10,-49],[-52,-73],[-9,-40],[-54,-38],[22,-25],[23,-90],[52,-51]],[[60402,41388],[-1,-45],[-57,-155],[-2,-71],[13,-12],[-9,-48],[10,-13],[-16,-55],[-77,17],[-27,-16],[13,-7],[-9,-50],[-120,-46],[93,-34],[-51,-3],[-25,-20],[14,-41],[-71,-25],[41,-42],[-23,-9],[43,-16],[26,-43],[-48,-2],[3,-32],[-54,-3],[-70,-13],[-22,-34],[-30,8],[-20,-15],[-57,26],[-59,-12],[-105,86],[-29,15],[-131,-71],[17,-21],[-16,-10],[-41,3],[-1,17],[-16,-22],[-14,18],[-26,-6],[37,-66],[-21,-18],[-37,-6],[-15,21],[18,12],[-37,27],[-61,-4],[-18,-51],[-22,-17],[1,-23],[-111,-3],[-59,-66],[-128,6],[-24,16],[31,74],[-51,34],[21,-52],[-35,-23],[-3,-25],[-34,4],[-40,41],[18,26],[-65,9],[11,17],[-119,-19],[-70,8],[-22,32],[29,-101],[36,-52],[-15,-9],[16,-65],[89,-71],[-5,-35],[-67,-70],[83,-49],[-53,-105],[-49,-48],[-119,-59],[-14,14],[-95,-29],[15,-61],[-47,-16],[33,-22],[-16,-56],[23,8],[14,-25],[-23,-61],[65,0],[25,-21],[-88,-27],[75,-60],[-35,-21],[-40,-95],[-45,-53],[1,-24],[-23,-23],[-1,33],[-43,-9],[-17,-46],[-28,1],[-18,40],[-18,-22],[-163,-67],[-6,-41],[-95,-64],[-11,-45],[28,-6],[-8,-62],[-40,21],[-6,-26],[-13,23],[5,37],[-14,22],[-15,-7],[-23,53],[-18,3],[15,30],[-23,16],[-23,-39],[-11,27],[-70,-9],[-22,-36],[11,-40],[-53,-36],[-3,29],[37,29],[-26,13],[-27,-38],[-17,10],[-46,-34],[-14,9],[4,15],[-94,5],[-6,-14],[-25,97],[13,24],[40,48],[77,16],[-103,14],[-24,49],[-84,-25],[-45,20],[-1,-37]],[[57568,39307],[28,-10],[10,17],[-33,11],[-5,-18]],[[57366,39263],[32,11],[3,-23],[54,-49],[-10,-10],[8,-33]],[[61013,47092],[80,-56],[66,-6],[-23,-16],[2,-95],[83,-6],[-7,-34],[-67,-42],[-26,-115],[274,-72],[66,77],[63,12],[2,26],[21,1],[2,-23],[54,12],[17,48],[44,12],[16,81],[62,2],[11,-25],[211,-66],[81,15],[13,-18],[31,1],[35,-26],[1,-35],[90,-74],[-13,-41],[72,-41],[29,-126],[60,10],[22,-39],[87,-17],[9,21],[20,-8],[0,-21],[92,-18],[18,-25],[54,-11],[3,-21],[48,-98],[-4,-42],[26,-103],[65,-40],[-1,-67],[17,-5],[4,-67],[66,-97],[-1,-46],[-16,-29],[43,-55],[48,-20],[-15,-38],[40,-15],[52,-18],[34,11],[75,-30],[6,54],[67,-10],[35,23],[2,42],[82,-1],[25,7],[33,-44],[-5,-48],[-26,-12],[-4,-22],[18,-4],[-9,-73],[89,29],[-4,42],[25,0],[8,33],[35,-2],[-3,24],[16,2],[13,-38],[16,3],[-1,16],[31,1],[-9,45],[114,32],[88,10],[233,13],[-15,-16],[83,-2],[0,-12],[63,-11],[25,16],[3,-54],[125,55],[13,-15],[43,4],[9,-29],[99,6],[60,2],[2,-137],[209,-4],[25,-4]],[[64768,45495],[-9,-97],[-35,5],[-18,-133],[38,-13],[3,-22],[-45,-14],[-83,-23],[42,-155],[-20,-170],[69,-10],[-3,-30],[21,-8],[-31,-34],[0,-25],[-58,6],[0,-24],[31,-80],[-49,-8],[-47,17],[0,-31],[-79,-37],[10,-20],[-25,-5],[-36,21],[-68,-24],[25,-71],[-12,-3],[49,-213],[-10,-29],[-22,-6]],[[64406,44259],[-381,-40],[-217,36],[-230,-42],[-107,-14],[-24,91],[-41,60],[-58,-5],[7,17],[-29,24],[-102,28],[-97,-7],[-113,-80],[-88,-22],[-33,-47],[33,-3],[-32,-47],[16,-74],[-82,-59],[-7,-27],[4,-15],[16,7],[29,-49],[28,11],[20,-29],[-33,-39],[44,-72],[31,-134],[-97,-28],[8,-24],[-180,-105],[-86,-7],[-37,34],[-31,-11],[-14,21],[-68,-3],[9,-25],[-95,-24],[15,-37],[-10,-13],[-62,-7],[-7,18],[-89,-21],[-17,14],[14,30],[-44,46],[-18,-3],[5,-16],[-21,9]],[[68726,45966],[36,22],[16,54],[-56,-13],[-25,10],[-14,41],[-56,-13],[-98,31],[-38,-11],[-4,-21],[-53,41],[57,28],[18,58],[-6,23],[-67,0],[8,59],[-68,20],[-68,-26],[-22,25],[-28,-9],[-52,72],[15,25],[93,32],[14,18],[-13,23],[-40,17],[-52,-13],[-42,40],[-71,-32],[-55,-58],[57,-71],[-1,-51],[-67,-6],[0,-16],[53,-10],[2,-18],[46,14],[21,33],[18,-3],[-10,-29],[58,5],[-22,-52],[13,-36],[-20,-44],[-36,-24],[-50,-74],[-63,-29],[-37,-54],[-108,23],[-34,36],[-67,31],[11,17],[-99,53],[-26,39],[-40,3],[-38,35],[-30,-42],[27,-44],[-36,2],[-17,-11],[21,-17],[-80,-89],[14,-16],[-15,-19],[-80,28],[-60,-84],[-40,5],[-10,-60],[-22,1],[-43,13],[14,57],[-132,42],[-103,26],[-7,-13],[-17,4],[6,29],[-143,40],[10,10],[-48,20],[11,16],[-14,5],[-22,-27],[-84,31],[19,28],[-14,14],[38,9],[-21,18],[35,0],[-3,34],[30,38],[20,68],[-69,68],[13,20],[24,-12],[-18,42],[-31,14],[-32,-30],[-14,15],[-46,-10],[-1,35],[-188,10],[-15,91],[-37,-4],[-7,64],[-58,13],[-49,-12],[7,-57],[-40,1],[42,125],[-2,35],[54,-7],[-1,20],[-40,24],[-24,-3],[-158,72],[-31,7],[-25,29],[-54,6],[2,-65],[-118,-47],[64,-39],[-32,-24],[17,-12],[6,-72],[56,-34],[-109,-18],[-22,-46],[-156,0],[-32,-19],[59,-62],[-44,-46],[-23,-86],[-14,-1],[-11,-28],[-81,11],[5,-41],[-119,-15],[-71,-77],[-25,-74],[6,-47],[2,-18],[35,3],[1,-20],[55,11],[3,-26],[23,0],[3,-17],[17,-133],[-46,10],[-16,-85],[-15,0],[12,-16],[-11,-42],[-85,16],[-10,-53],[-20,4],[15,51],[-78,-8],[-45,-65],[-22,-188],[-31,-4],[-54,44],[-9,27],[-173,-23],[-45,19],[-116,-3]],[[60402,41388],[36,-6],[24,-37],[63,-40],[39,1],[57,18],[11,32],[57,-20],[79,2],[31,41],[69,25],[208,-125],[42,-58],[52,-29],[80,-2],[2,34],[25,12],[21,-35],[63,-17],[63,-62],[53,1],[21,-35],[15,-127],[-3,-31],[34,-95],[-39,-42],[-9,-34],[12,-33],[-34,-68],[6,-46],[54,18],[117,-2],[28,-19],[27,-43],[0,-45],[19,-33],[-32,-72],[14,-116],[20,-8],[72,-160],[82,-60],[239,20],[75,-35],[82,-67],[70,-6],[41,-50],[-1,-26],[48,-74],[50,90],[122,-1],[67,-60],[65,-25],[133,-1],[56,35],[2,53],[43,50],[-7,17],[17,46],[50,57],[33,-6],[32,-57],[27,-12],[-11,-19],[21,-11],[54,3],[-5,-32],[41,-16],[71,-84],[19,7]],[[63315,39868],[17,-33],[-11,-97],[-72,-38],[10,-23],[-12,-9],[-7,-123],[29,-32],[45,-9]],[[61859,38330],[-38,-81],[-46,-35],[-27,-102],[-29,-2],[-2,69],[-110,49],[-41,-24],[27,-51],[-19,-22],[13,-34],[-200,-132],[-7,-47],[93,3],[65,-30],[-19,-25],[11,-18],[41,-3],[20,18],[58,-19],[21,18],[49,-26],[12,-29],[-17,-61],[11,-14],[45,23],[-30,7],[14,18],[86,-15],[-3,-40],[-4,-15],[13,-2],[-5,-19],[23,-36],[-49,-44],[-7,-65],[46,-29],[-47,-20],[-60,7],[-6,-26],[23,-39],[-66,-103],[-103,-28],[27,-88],[55,-105],[51,-47],[11,-24],[36,-12],[-28,-26],[20,-9],[-26,-35],[48,-69],[-20,-11],[15,-1],[4,-23],[-26,-9],[60,-47],[-6,-15],[41,-13],[-26,-41],[25,-19],[15,9],[10,-27],[-17,-40],[-52,-23],[-26,-36],[-68,51],[-115,-43],[-166,-10],[-42,14],[-42,39],[-89,30],[-33,32],[28,82],[-35,24],[-35,-17],[-21,-44],[-74,17],[-42,-13],[-38,-120],[-43,-58],[-14,1],[-3,-22],[16,-8],[-6,-26],[47,9],[-16,-80],[17,-24],[-22,-28],[14,-5],[-87,-53],[-7,-61],[-74,-16],[-3,-31],[-27,-2],[2,-38],[-57,22],[-21,-10]],[[64406,44259],[6,-72],[22,-27],[-20,-16],[19,-50],[31,10],[34,-153],[-24,-54],[-169,-44],[-27,-24],[40,-54],[21,8],[3,-32],[-24,-15],[-2,-46],[14,-29],[-16,-15],[22,-75],[-5,-54],[-17,-3],[5,-49],[-66,-17],[5,-18]],[[64884,41907],[-182,2],[-15,30],[-24,-8],[-12,27],[-28,-7],[-15,25],[-67,-114],[-80,-9],[-7,-67],[-69,-32],[-31,-46],[-41,-48],[8,-15],[-27,-84],[-20,-4],[-5,-62],[16,-29],[-97,35],[-17,-20],[-38,13],[-18,-36],[-47,-26],[-26,-84],[-48,11],[-16,-42],[-80,6],[-4,-36],[166,-16],[62,-23],[97,5],[-16,-19],[27,-10],[-4,-23],[-31,-28],[-34,-96],[-128,-22],[-167,18],[15,-6],[-1,-24],[18,-21],[2,-54],[86,-4],[-17,25],[13,5],[32,-27],[-1,-22],[18,7],[15,-21],[-6,-55],[-21,-9],[11,-28],[-65,-32],[-17,-22],[12,-11],[-28,-26],[10,-14],[-22,-8],[21,-26],[-18,-9],[39,-33],[-18,-10],[15,-20],[-28,11],[-26,-17],[28,-38],[-76,-55],[10,-11],[-17,-26],[-33,-16],[18,-8],[-55,-10],[-9,-29],[-13,13],[-21,-20],[-75,32],[-33,-14],[-108,21],[-30,-15],[11,-19],[-10,-6],[-13,13],[-32,-17],[-42,-94],[5,-40],[-26,-2],[-39,-119],[26,-77],[-55,-19],[6,-32],[23,2],[-45,-111],[15,-57]],[[69575,44342],[-44,-7],[6,-57],[-201,-35],[-193,-84],[-57,23],[16,63],[-2,71],[-109,8],[-19,52],[-46,11],[-6,-24],[-19,3],[-9,-92],[-47,-16],[1,-15],[-60,-11],[-12,31],[-78,-18],[-21,40],[-63,14],[-310,-49],[-124,3],[-6,13],[-68,-13],[-20,27],[-205,9],[-33,12],[-7,19],[-126,-30],[-83,3],[-4,21],[-26,-3],[-16,43],[-182,-32],[-23,-8],[-2,21],[-145,-4],[-118,-2],[-2,-35],[-5,-14],[-24,-66],[11,-86],[-12,-3],[-9,-84],[35,-146],[47,-16],[-35,-102],[11,-10],[-6,-18],[57,-118],[23,9],[6,-12],[3,-51],[-24,0],[4,-51],[94,-26],[4,-23],[-83,-39],[-28,38],[-30,-8],[-4,-45],[-31,0],[-6,-18],[-107,-17],[-80,30],[-35,-82]],[[63952,38273],[-27,-69],[13,-43],[13,6],[23,-27],[32,8],[36,-56],[27,46],[-14,24],[8,40],[37,54],[18,-4],[2,-39],[23,-8],[4,-20],[51,17],[-3,-23],[21,-17],[4,-38],[-50,-8],[-1,-13],[75,-27],[10,40],[23,-11],[30,58],[-13,18],[-37,-2],[7,21],[41,1],[78,63],[-5,22],[33,70],[-21,110],[115,129],[33,16],[36,-81],[62,-39],[-7,-57],[20,-25],[125,-13],[0,-31],[-50,1],[-76,-163],[65,-54],[23,13],[-19,0],[-46,48],[20,21],[33,106],[-2,-34],[22,-6],[12,-31],[31,6],[44,-24],[4,-28],[-24,-15],[10,25],[-14,7],[-19,-26],[61,-55],[-62,-4],[-13,-33],[52,15],[-49,-36],[61,11],[-4,-80],[15,-36],[14,-20],[27,13],[47,-87],[150,50],[75,3]],[[65162,37952],[-3,-23],[-17,-10],[14,-20],[-1,-99],[53,-32],[1,-22],[82,17],[45,-9],[-25,-81],[56,0]],[[65367,37673],[18,-96],[53,-20],[-2,-40],[-65,-61],[-136,-81],[-15,-32],[12,-40],[89,-9],[3,-35],[-14,-26],[18,-47],[-15,-12],[15,-65],[31,-25],[72,10],[60,-16],[70,34],[34,-12],[45,-46],[128,-12],[-14,-30],[14,-32],[-3,-73],[-23,-9],[-26,17],[-47,-54],[-91,-54],[-65,-65],[-59,-14],[12,-17],[-29,-30],[-110,-111],[-26,0],[-100,-64],[-37,-32],[-2,-27],[-60,-15],[-19,-56],[-68,12],[-41,-28],[-32,15],[-32,-21],[22,-31],[-4,-27],[19,1],[29,-41],[48,3],[23,-16],[-13,-33],[49,-18],[-26,-95],[11,-16],[-102,-52]],[[66373,42118],[45,-133],[-13,-49],[124,69],[53,-65],[-6,-15],[-26,-30],[-16,-53],[-39,-16],[45,-84],[19,-69],[278,-29],[-29,-42],[-12,-53],[35,-3],[22,-65],[81,9],[16,-69],[-50,-12],[-65,-51],[-72,-30],[17,-60],[45,-19],[-26,-7],[13,-14],[-59,-42],[13,-39],[86,1],[-2,-50],[21,-1],[1,-17],[-23,-1],[-1,-14],[45,-5],[58,-16],[11,-23],[-5,-42],[20,14],[0,32],[93,1],[-3,-14],[44,-3],[-7,-67],[20,-27],[23,5],[-1,-27],[65,16],[-17,-30],[134,-24]],[[67328,40855],[19,1],[-2,-45],[-263,21],[-32,-28],[28,-31],[58,15],[78,-26],[-7,-41],[-83,28],[-51,-22],[18,-20],[-80,-68],[28,-19],[-22,-19],[-18,-58],[-38,-24],[-1,-31],[-37,-2],[32,-92],[38,-3],[46,-104],[21,6],[1,-13],[-25,-2],[6,-63],[-11,-4],[23,-63],[-1,-71],[-15,-27],[-148,-64],[-26,0],[-1,19],[-110,-8],[-32,39],[-5,-26],[-57,-21],[-35,-41],[-27,-54],[27,-1],[-25,-19],[-25,14],[32,40],[0,20],[-171,74],[-62,11],[-101,-37],[-15,-26],[24,-41],[3,-53],[-10,15],[-18,-7],[16,-55],[-31,-2],[-28,-36],[18,-60],[-13,-37],[23,-63],[-82,-12],[-66,-33],[-47,7],[6,31],[-12,10],[-3,61],[23,52],[-7,63],[17,41],[-36,31],[-86,-58],[6,-46],[43,2],[8,-16],[-75,-24],[-48,8],[-11,-63],[55,-85],[-14,-55],[6,-42],[-50,-6],[-151,53],[-5,-54],[-40,-12],[-6,16],[-34,0],[-10,26],[-74,16],[-22,-28],[81,-52],[-10,-10],[-31,20],[-11,-14],[75,-66],[14,-38],[-6,-60],[39,-5],[15,45],[104,83],[91,-45],[82,-6],[-55,-34],[-11,-48],[2,-27],[33,-10],[23,23],[29,-17],[4,-28],[-20,-18],[16,-1],[7,-43],[-74,-90],[30,-21],[-16,-29],[20,-46],[-13,-14],[42,-34],[-17,-10],[-7,-77],[-38,-19],[4,-11],[34,-3],[-5,-19],[33,-18],[-4,-23],[90,-41],[22,-50],[73,-37],[21,-34],[-3,-40],[-87,-79],[22,-51],[-70,-56],[30,-78],[-33,-9],[23,-27],[-32,-37],[-22,-61],[9,-53],[-30,-18],[-133,-71],[-20,-46],[-33,0],[29,-13],[5,-22],[-72,-4],[-33,32],[-105,-22],[-19,27],[-59,14],[-19,38],[-26,-14],[2,-15],[-68,-13],[-97,-73],[-45,-11],[-144,67]],[[71391,44134],[-129,-43],[1,-16],[30,-11],[-9,-13],[16,-10],[-21,-27],[46,-1],[-11,-67],[-25,-22],[24,-32],[-10,-10],[16,-20],[-2,-24],[-70,0],[-19,-16],[33,-49],[35,-1],[8,-24],[-8,-37],[-61,-13],[-90,-92],[60,-54],[-3,-9],[-46,-17],[-40,-53],[-57,-23],[-6,-22],[-49,-30],[-42,0],[-6,25],[-89,-15],[-11,33],[-48,-11],[6,-18],[-11,-2],[-31,44],[-35,-11],[21,-82],[-74,-16],[2,-37],[-32,-4],[3,-12],[-82,-3],[31,-101],[-192,-25],[-61,-19],[9,-21],[-46,-44],[-171,-34],[8,-24],[-46,-13],[4,-12]],[[69747,42039],[-122,-54],[-2,-38],[16,-36],[33,7],[-17,-54],[30,-6],[-88,-116],[-122,-4],[-20,-32],[-8,12],[-72,-7],[-15,-52],[22,-86],[-35,16],[-14,36],[-21,-14],[14,-37],[-110,-1],[-32,-16],[23,-54],[-16,-6],[13,-26],[27,1],[3,-23],[23,7],[48,-105],[-27,-7],[23,-73],[64,-1],[-21,-88],[9,-8],[-29,-14],[11,-9],[-17,-20],[-117,50],[-81,-16],[30,-81],[-36,-49],[22,-29],[-39,18],[-23,-19],[-19,-95]],[[69055,40910],[-44,2],[-22,-20],[-3,-28],[-34,17],[-46,-16],[-24,12],[-31,-40],[-63,19],[-37,-14],[-21,7],[3,26],[82,33],[-16,20],[-47,-13],[15,8],[-2,47],[-25,13],[34,35],[-250,-27],[17,-94],[-9,-85],[-201,-76],[-41,8],[-2,15],[-108,-16],[-24,101],[-54,-7],[-78,23],[-26,85],[-105,-21],[-7,14],[12,14],[101,5],[-7,20],[-81,-1],[-7,21],[-24,3],[-10,11],[8,7],[-49,35],[-18,-24],[-33,4],[18,128],[-43,-40],[-49,66],[-25,8],[-1,20],[-100,-10],[-8,-23],[14,-90],[21,-15],[24,-91],[-36,-5],[-3,-35],[-192,-30],[-57,-35],[-13,-26]],[[65367,37673],[67,29],[0,-19],[18,0],[37,-55],[48,34],[-4,23],[28,0],[2,-23],[56,0],[139,-49],[-3,36],[48,-7],[-5,-16],[50,-6],[35,-37],[53,45],[76,0],[8,-32],[-26,-84],[89,-42],[64,-10],[67,36],[17,28],[-31,52],[19,124],[71,12],[81,57],[119,-64],[90,-11],[-18,39],[-1,72],[210,50],[39,78],[22,101],[30,53],[9,22],[50,-11],[22,13],[11,-13],[-10,-25],[58,-18],[75,6],[19,-57],[69,-1],[-1,-37],[75,-45],[-115,-47],[2,-57],[61,-27],[-23,-43],[9,-53],[20,11],[24,-24],[19,6],[-2,-18],[-53,-11],[63,-9],[42,37],[37,-14],[8,-20],[23,12],[22,-25],[-16,-27],[8,-46],[-13,-49],[78,-50],[10,-39],[49,-30],[23,28],[26,1],[2,-25],[110,-31],[27,9],[31,-37],[46,3],[16,-16],[-10,-31],[-52,-46],[10,-17],[142,56],[1,-36],[-25,-19],[9,-24],[-22,-40],[-84,-14],[-40,-53]],[[69055,40910],[-28,-61],[52,-25],[4,-41],[70,-35],[-1,16],[36,1],[8,30],[45,29],[23,-36],[24,16],[15,-13],[26,-49],[33,-18],[-2,-39],[25,-5],[-23,-51],[28,13],[9,-18],[80,-26],[-5,-10],[71,7],[48,-49],[6,-107],[50,-9],[-4,-11],[29,-5],[-5,-14],[141,-20],[56,11],[13,56],[38,-22],[41,8],[-4,-20],[25,-8],[16,-33],[27,6],[33,-49],[8,-81],[26,-6]],[[70089,40242],[-12,-8],[33,-34],[17,-49],[-130,-21],[-37,-104],[-57,-38],[-103,48],[-189,-75],[-126,-117],[-9,-91],[-65,-92],[-40,-21],[0,-28],[14,-12],[173,33],[-6,-42],[27,-71],[64,11],[13,-57],[29,-14],[2,-26],[83,-145],[-62,-31],[7,-13],[-36,-23],[26,-41],[9,-90],[36,5],[21,-49],[45,3],[3,-33],[38,-9],[-3,-47],[-40,-61],[0,-47],[62,-134],[11,-7],[146,38],[9,-17],[-16,-27],[-73,-46],[7,-71],[44,-21],[65,0],[17,12],[5,51],[23,12],[26,-60],[115,26],[130,-124],[40,-19],[18,12],[-59,56],[25,28],[24,-6],[61,-78],[36,-10],[48,85],[61,8],[67,-4],[83,76],[54,6],[5,-19],[-36,-42],[-7,-34],[42,-66],[0,-70],[-52,-33],[-32,-65],[-74,1],[-13,-25],[-37,-14],[-33,-116],[-65,-37],[-21,-41],[-148,-61],[-41,-35],[7,-28],[-16,-9],[21,-17],[-7,-14],[-107,-13],[-12,36],[47,18],[-52,-3],[-23,49],[-82,-6],[-4,17],[-134,-21],[-66,-39],[11,-34],[40,-15],[-9,-37],[-109,-49],[-205,41],[-31,-21],[6,-10],[-19,-7],[3,-28],[51,-25],[-7,-21],[9,-4],[-33,-73],[-53,-48],[-14,-28],[12,-40],[-4,-53],[32,-46],[27,-99],[50,-64],[36,-117],[-26,-4],[-35,-45],[-78,-50],[7,-22],[-12,-18],[43,14],[43,-47],[-21,-41],[-24,-7],[55,-15],[-10,-42],[-93,-35],[9,-15],[-8,-35],[-19,-3],[0,-41],[35,-27],[11,-42],[50,-7],[-57,-60],[11,-53],[-28,-28]],[[74164,42521],[-112,-1],[-128,40],[-22,47],[-35,13],[7,-30],[-253,-108],[19,-76],[40,-5],[20,-36],[-17,-8],[6,-23],[-54,-8],[31,-68],[-116,-13],[26,-90],[-19,-2],[-235,-21],[16,-45],[-10,-31],[-77,-36],[27,-129],[-136,21],[-23,41],[-23,-8],[15,-32],[-62,-1],[-54,-56],[-87,-101],[-11,-19],[47,-16],[115,-6],[-18,-43],[83,-100],[-14,-32],[167,-9],[31,-8],[-4,-28],[-61,-18],[2,-67],[-64,8],[-19,-17],[-76,19],[-13,-44],[-27,-66],[20,-22],[-14,-72],[40,2],[116,-102],[-7,-67],[-50,-112],[-11,-31],[-25,-27],[-46,-5],[-7,-38],[-197,34],[-95,-30],[27,-39],[5,-68],[39,-60]],[[72841,40672],[-88,-19],[-25,-23],[-193,11],[-6,81],[-48,80],[-17,-9],[26,-46],[-133,-70],[-91,-23],[-15,21],[-166,-38],[-137,-38],[-65,2],[-40,23],[-62,88],[14,45],[-14,20],[-57,20],[-103,-19],[-97,-73],[10,-57],[78,-52],[-16,-27],[8,-29],[-28,-78],[-46,-2],[-48,-73],[-195,-15],[-30,8],[-45,6],[-12,-22],[-226,1],[26,-35],[-23,-16],[11,-11],[-24,-29],[-84,66],[-91,-34],[-73,21],[-70,-46],[-14,-46],[-42,-39],[-61,49],[-94,-3],[-31,44],[-248,-19],[-67,-25]],[[72841,40672],[44,-24],[-39,-44],[59,-27],[22,19],[-26,56],[20,17],[15,-34],[155,-12],[10,43],[21,12],[59,-139],[52,3],[6,-55],[59,1],[54,-19],[-3,22],[50,16],[29,-58],[32,7],[41,-35],[-13,-13],[5,-20],[-14,-4],[-1,-40],[-16,-14],[-90,-2],[-70,-24],[12,-30],[-29,-11],[25,-18],[-28,-23],[22,-17],[-159,-32],[-58,-52],[24,-10],[6,-95],[45,-9],[-5,-21],[-41,-21],[-67,50],[-11,-34],[-53,-4],[3,-38],[-26,1],[9,33],[-23,-1],[-9,-87],[9,-7],[-47,-13],[-9,-24],[-23,4],[-9,-57],[-15,0],[-1,-20],[16,-3],[-10,-13],[22,-6],[-10,-72],[45,-77],[-22,-30],[-31,-11],[9,-56],[59,-81],[-29,-13],[-36,-75],[-18,-70],[16,-46],[166,21],[30,-117],[-11,-23],[8,-31],[-30,-37],[-25,5],[-22,-54],[43,-57],[12,-27],[-30,7],[-25,-17],[-6,-25],[20,5],[3,-25],[14,0],[-3,-31],[44,0],[-22,-36],[51,-78],[20,-1],[56,27],[7,-12],[-51,-42],[4,-26],[12,-14],[30,22],[7,-8],[-31,-24],[26,-32],[14,-6],[29,39],[9,-4],[-25,-41],[14,-13],[28,5],[15,-31],[38,-19],[19,12],[55,48],[83,-31],[35,-98],[37,-16],[2,-33]],[[75900,42463],[-4,-34],[84,-77],[7,-32],[28,-33],[59,27],[13,-23],[21,19],[8,-20],[-49,-46],[26,-42],[-29,-15],[-17,-33],[-48,-35],[-15,14],[-49,-24],[-23,-19],[13,-16],[11,-38],[-15,-18],[6,-20],[-23,-21],[21,-54],[-18,-34],[18,-17],[-165,-130],[79,-51],[12,-19],[-8,-4],[-13,-2],[-4,-35],[51,-69],[-27,-69],[94,-4],[32,10],[10,34],[79,-42],[11,12],[-14,23],[117,-93],[-2,-35],[-45,-13],[-38,-60],[43,-97],[-30,-45],[3,-18],[17,-11],[13,-42],[-15,-87]],[[51920,87427],[71,-56],[55,0],[122,66],[91,6],[25,-19],[275,101],[252,171],[17,38],[39,32],[86,29],[369,259],[30,4],[52,50],[86,-11],[119,-51],[86,-66],[-78,-312],[39,-29],[530,-152],[467,-159],[392,63],[217,165],[177,-101],[532,86],[336,-219],[182,-67],[204,-45],[179,-104],[385,-95],[203,-191],[1007,-234],[118,-198],[149,162],[432,-496],[337,-450],[400,-481],[165,-143],[1356,-508],[693,-293],[397,-84],[622,30],[1203,839],[261,206],[869,45],[592,-39],[708,-182],[434,-150],[441,-263],[526,-191],[1043,-830],[602,-385],[582,-403],[468,-423],[306,-319],[-15,-11],[2307,23],[1468,512],[2833,3199],[2623,879],[1574,810],[1831,2018],[81,26],[5374,125],[1780,-675],[1539,-1733],[2065,0],[0,-1783],[1899,-1409],[-60,-32],[1033,-390],[-1285,-1348],[-2117,-2480],[-965,-480],[-308,4],[349,-1600],[-138,-694],[-15,-8]],[[92911,76265],[80,-26],[-22,-78],[440,-794],[141,-68],[-78,-334],[-42,-81],[-10,-82],[18,-94],[-27,-36],[-14,-117],[74,-89],[-54,-84],[-40,-23],[7,-41],[-9,3]],[[33005,69057],[-144,824],[-801,-62],[-218,-75],[-136,-15],[-69,21],[-84,66],[-366,65],[-397,162],[-128,70],[-29,-3],[-26,37],[-194,133],[-61,101],[-24,150],[-49,129],[10,35],[-6,70],[-74,327],[29,36],[67,177],[-39,57],[-73,66],[-295,134],[-372,83],[-611,211],[-184,96],[-95,7],[-8,11],[14,35],[-22,18],[-108,-34],[-9,58],[41,26],[-38,14],[-10,30],[-79,37],[9,22],[-133,163],[-45,14],[-50,-13],[-158,42],[-14,20],[-2,59],[-67,34],[-36,45],[-1,26],[20,22],[-27,62],[-204,80],[-170,104],[-159,149],[-1185,250],[-572,1390],[9,11],[-125,303],[-587,739],[-1338,2133],[-917,2158],[-8553,5010],[0,4393],[-5702,3854],[-8237,4991],[255,810],[-428,974],[7698,-1694],[4276,-4262],[3421,-1782],[2167,0],[2965,3020],[15588,-4014],[6228,-1165],[209,-27],[601,96],[661,-175],[54,-78],[-60,-255],[253,-295],[141,-83],[337,1],[-24,-830],[713,-112]]]}