{"type":"Topology","transform":{"scale":[0.0001169190591905919,8.649099490994907e-05],"translate":[3.35,47.270265]},"objects":{"data":{"type":"GeometryCollection","geometries":[{"type":"MultiPolygon","arcs":[[[0,1,2,3,4,5],[6]],[[7]],[[8]],[[9]],[[10]],[[11]],[[12]],[[13]],[[14]],[[15]],[[16]],[[17]],[[18]],[[19]],[[20]],[[21]],[[22]],[[23]],[[24]],[[25]],[[26,27]],[[28]],[[29,30,31]],[[32,33]],[[34]],[[35]],[[36]]],"properties":{"ags":"01","name":"Schleswig-Holstein"}},{"type":"MultiPolygon","arcs":[[[37,38,39,40]],[[41,42,-32]],[[43,44,-5]],[[45]],[[46]]],"properties":{"ags":"02","name":"Hamburg"}},{"type":"MultiPolygon","arcs":[[[47,48,49,50,-44,-4,51,52,53,54,55,56],[57],[58],[59]],[[60]],[[61]],[[62]],[[63]],[[64]],[[65]],[[66]],[[67]],[[68]],[[69]],[[-27,70]],[[71]],[[-38,72]],[[-30,-43,73,-40,74,-33,75]]],"properties":{"ags":"03","name":"Niedersachsen"}},{"type":"MultiPolygon","arcs":[[[-58]],[[-59]],[[76,-50]],[[-60]]],"properties":{"ags":"04","name":"Bremen"}},{"type":"MultiPolygon","arcs":[[[77,-57,78,79]],[[80]],[[81]],[[82]],[[83]]],"properties":{"ags":"05","name":"Nordrhein-Westfalen"}},{"type":"MultiPolygon","arcs":[[[-79,-56,84,85,86,87]],[[88],[89]]],"properties":{"ags":"06","name":"Hessen"}},{"type":"Polygon","arcs":[[-80,-88,90,91,92,93]],"properties":{"ags":"07","name":"Rheinland-Pfalz"}},{"type":"MultiPolygon","arcs":[[[-91,-87,94,95],[-89]],[[96]],[[-90]],[[97]],[[98]]],"properties":{"ags":"08","name":"Baden-Württemberg"}},{"type":"Polygon","arcs":[[-95,-86,99,100,101,102],[103]],"properties":{"ags":"09","name":"Bayern"}},{"type":"Polygon","arcs":[[-93,104]],"properties":{"ags":"10","name":"Saarland"}},{"type":"Polygon","arcs":[[105]],"properties":{"ags":"11","name":"Berlin"}},{"type":"MultiPolygon","arcs":[[[-53,106,107,108,109],[-106]],[[110]]],"properties":{"ags":"12","name":"Brandenburg"}},{"type":"MultiPolygon","arcs":[[[-3,111,112,-107,-52]],[[113]],[[114]],[[115]],[[116]],[[117]],[[118]],[[119]],[[120]],[[121]],[[122]],[[123]],[[124]],[[125]],[[126]],[[127]],[[128]],[[129]],[[130]],[[131]],[[132]],[[133]],[[134]],[[135]],[[136]],[[137]],[[138]],[[139]],[[140]],[[141]],[[142]],[[143]],[[144]],[[145]],[[146]],[[147]],[[148]],[[149]],[[150]],[[151]],[[152]],[[153]],[[154,155]],[[156]],[[157]],[[158]],[[159]],[[160]],[[161]],[[162]],[[163]],[[164]],[[165]],[[166]],[[167]],[[168]],[[169]],[[170]]],"properties":{"ags":"13","name":"Mecklenburg-Vorpommern"}},{"type":"Polygon","arcs":[[-101,171,172,-109,173]],"properties":{"ags":"14","name":"Sachsen"}},{"type":"MultiPolygon","arcs":[[[-54,-110,-173,174],[-111]],[[175]]],"properties":{"ags":"15","name":"Sachsen-Anhalt"}},{"type":"Polygon","arcs":[[-55,-175,-172,-100,-85],[-176]],"properties":{"ags":"16","name":"Thüringen"}},{"type":"MultiPolygon","arcs":[[[176,-156,177,-112,-2],[-37],[-36],[-35],[-117],[-114],[-116],[-118],[-119],[-125],[-123],[-121],[-122],[-126],[-129],[-128],[-130],[-131],[-127],[-134],[-135],[-136],[-137],[-138],[-140],[-132],[-146],[-133],[-141],[-152],[-153],[-148],[-147],[-149],[-151],[-154],[-142],[-144],[-143],[-145],[-159],[-161],[-158],[-160],[-157],[-168],[-167],[-170],[-169],[-171],[-166],[-163],[-165],[-164],[-162],[-29],[-115],[-120],[-124],[-139],[-150]],[[-7]],[[178,-6,-45,-51,-77,-49],[-61],[-64],[-62],[-63],[-65],[-66],[-67],[-68],[-69],[-9],[-10],[-18],[-23],[-46],[-16],[-21],[-11],[-13],[-8],[-22],[-12],[-19],[-20],[-15],[-17],[-24],[-72],[-71,-28],[-25],[-26],[-70],[-39,-73,-41,-74,-42,-31,-76,-34,-75],[-47],[-14]]],"properties":{"ags":"offshore","name":"Offshore"}}]}},"arcs":[[[45228,88344],[188,-29],[73,30],[101,-9],[233,-111],[93,-62],[82,-33],[60,3],[171,45],[40,-27],[147,-22],[-5,33],[193,81],[1,24],[105,16],[25,-23],[39,0],[45,33],[111,-16],[100,-94],[97,-7],[50,37],[59,-6],[62,31],[26,0],[77,33],[159,-12],[25,-20],[93,14],[201,-9],[214,-69],[96,-52],[261,-66],[126,-70],[-3,-25],[63,-28],[101,-45],[80,12],[48,-21],[132,7],[107,-17],[190,38],[256,-6],[251,-79],[115,-35],[12,-23],[73,-25],[77,0],[300,-104],[40,-71],[-81,-99],[3,-48],[88,-162],[35,-86],[199,24],[91,-25],[18,-59],[74,-30],[6,16],[-29,33],[12,33],[307,-40],[8,-16],[114,-45],[15,22],[-28,17],[9,40],[29,-5],[83,98],[62,2],[4,23],[85,44],[-12,12],[32,81],[-17,23],[3,25],[35,-3],[24,27],[-5,23],[15,21],[78,-10],[94,25],[7,-19],[31,40],[33,0],[60,-47],[4,-19],[-19,-8],[-1,-24],[36,-22]],[[51920,87427],[-7,-13],[4,-4],[0,-6],[-2,-5],[2,-9],[6,-22],[18,-41],[36,-71],[2,-9],[6,-10],[19,-27],[11,-17],[11,-7],[6,-8],[12,2],[12,-10],[2,-6],[5,1],[3,-4],[2,-7],[-30,-57],[-35,-4],[-12,-20],[28,-57],[10,-8],[5,-7],[3,-9],[4,-10],[3,-40],[6,-6],[13,-8],[2,13],[-4,80],[-3,34],[14,35],[10,14],[6,8],[14,0],[90,32],[4,1],[12,13],[33,102],[13,17],[8,5],[9,10],[13,13],[9,7],[8,6],[20,13],[13,-8],[37,-11],[53,15],[5,1],[24,-3],[6,-2],[16,-4],[4,3],[38,11],[15,-13],[54,6],[7,2],[29,28],[7,36],[3,4],[4,5],[10,8],[47,44],[1,8],[50,46],[22,1],[5,-2],[28,-22],[28,29],[5,9],[4,3],[6,5],[6,0],[58,61],[5,5],[7,4],[6,0],[15,9],[5,7],[9,5],[14,6],[47,19],[14,8],[15,4],[23,4],[90,29],[8,5],[7,5],[6,12],[0,5],[10,3],[28,-3],[-11,27],[10,16],[17,34],[41,10],[12,-5],[29,4],[12,8],[15,21],[-14,36],[11,12],[2,10],[-1,14],[64,59],[-6,-21],[93,-8],[9,-2],[50,0],[9,3],[13,14],[0,-30],[-16,-11],[-18,-14],[-13,-11],[-29,-20],[-5,0],[-21,-16],[-13,-16],[-58,-96],[-8,-18],[-15,-42],[-3,-11],[-1,-3],[-2,-14],[1,-61],[13,-24],[4,-4],[2,-5],[5,-15],[12,-22],[4,-4],[4,-5],[3,-4],[4,-4],[4,-4],[12,-8],[5,-13],[53,-61],[7,-4],[8,-4],[14,-2],[7,1],[122,21],[91,-40],[83,-48],[8,-7],[10,-2],[7,-3],[22,-11],[10,-4],[32,-16],[5,14],[-1,9],[9,-1],[13,1],[6,2],[38,11],[32,-18],[103,-32],[9,-3],[23,-6],[12,-4],[3,-2],[4,-2],[9,-3],[14,-6],[7,-5],[21,-10],[9,-2],[12,-6],[43,-19],[10,-3],[53,-23],[9,-5],[73,-27],[12,1],[103,-21],[26,-8],[8,-4],[10,-1],[107,-23],[7,-2],[9,-1],[22,-6],[24,-6],[7,2],[12,-2],[9,-5],[33,-7],[4,3],[46,-31],[14,-13],[13,-5],[55,-19],[148,24],[81,-154],[167,-170],[26,-27],[19,-18],[16,-13],[6,-9],[7,-12],[13,-14],[12,-11],[150,-67],[77,-6],[-2,-6],[50,-14],[7,-2],[67,-3],[34,22],[2,42],[39,72],[108,82],[-6,-11],[-2,-6],[1,-5],[3,-6],[-1,-5],[-6,0],[1,-8],[7,0],[15,4],[5,4],[8,-2],[4,-5],[16,-8],[8,1],[19,-28],[-1,-6],[0,-12],[18,4],[0,6],[10,54],[1,3],[-32,54],[-8,-1],[-12,-19],[-8,12],[29,79],[8,16],[2,9],[1,9],[-17,14],[-6,49],[38,107],[29,31],[-3,-18],[34,-33],[19,-9],[28,-10],[274,-147],[9,-4],[11,-2],[36,-9],[13,-41],[8,-21],[8,-15],[15,-25],[11,-14],[28,-34],[10,-12],[9,-8],[64,-90],[13,-74],[28,-207],[36,-96],[34,-82],[84,-88],[77,-49],[14,-15],[18,-15],[22,-24],[21,-13],[71,-54],[19,-13],[13,-5],[9,-8],[36,-30],[17,-39],[-20,-165],[-4,-7],[-7,5],[2,13],[-14,37],[16,11],[-34,9],[-6,-5],[-10,-1],[-1,5],[47,28],[-23,-2],[-5,-1],[-3,2],[1,6],[13,20],[33,-7],[5,12],[-29,11],[-29,-26],[-35,-4],[1,3],[5,2],[42,32],[16,12],[-7,12],[-37,-32],[-33,-3],[-9,0],[16,10],[14,4],[14,16],[3,6],[10,9],[4,5],[11,21],[-18,-6],[-14,22],[-9,-45],[-2,-5],[-9,2],[0,3],[-29,4],[-4,2],[1,2],[5,1],[20,2],[-21,6],[1,4],[4,2],[14,26],[-50,5],[0,17],[-72,-59],[-4,-3],[-8,-4],[-38,0],[-27,-11],[-6,-6],[-26,-55],[-5,-2],[-58,16],[-2,30],[5,4],[44,34],[-24,72],[5,5],[3,22],[-5,16],[-2,3],[-5,2],[-41,12],[-17,5],[-8,-1],[-4,-4],[-3,-5],[1,-4],[-3,-14],[-8,-2],[0,-7],[6,-4],[1,-4],[-27,-20],[-1,-6],[-28,-13],[-7,-1],[-5,-2],[0,-4],[1,-4],[6,-4],[2,-5],[-2,-5],[-19,-19],[9,-7],[6,-3],[9,-7],[5,-2],[7,1],[22,-15],[0,-8],[-1,-33],[-16,-16],[-46,7],[-14,4],[-23,2],[-17,-20],[-9,-16],[-19,-16],[-19,-4],[-29,-5],[-5,-2],[-20,-1],[-2,3],[-45,2],[-36,-29],[-1,-7],[-9,-10],[-4,-3],[-4,-3],[-11,-5],[-20,0],[-7,-8],[5,-1],[15,-9],[-8,-11],[-6,-8],[-3,-8],[-1,-19],[1,-37],[-28,-44],[8,-37],[3,-18],[-24,-66],[3,-7],[-7,-41],[-23,-66],[7,-66],[-8,-6],[14,-30],[22,19],[1,4],[-1,12],[23,-21],[-3,-5],[-53,-49],[-12,-6],[-5,-4],[-110,14],[-15,5],[-12,5],[-4,3],[-2,7],[3,38],[-26,11],[-4,-6],[-12,-11],[-6,-4],[-6,-6],[-1,-6],[0,-7],[17,-15],[5,-1],[18,-13],[-35,-16],[-10,-2],[-7,-4],[-11,-6],[-13,-4],[-8,-1],[-92,-47],[-2,-5],[-41,-30],[-3,-2],[-8,-8],[-52,-88],[-51,-19],[-9,-4],[-29,-13],[-5,-6],[-86,-57],[-14,-6],[-81,1],[-8,-2],[-8,-5],[-5,-6],[-5,-7],[-17,-3],[-19,-3],[-6,-3],[-4,-2],[-9,-4],[-12,-5],[-10,-9],[-1,-5],[2,-12],[5,-6],[5,-2],[6,0],[37,-3],[-85,-22],[-18,-5],[-13,-6],[-16,-14],[-20,-44],[-3,-2],[4,-7],[5,-11],[-29,-13],[-8,11],[-41,25],[-12,10],[26,20],[86,52],[-94,-16],[4,-14],[-17,-10],[12,-8],[-24,-19],[-40,5],[-26,-30],[-2,-4],[-1,-4],[-4,-15],[-5,-4],[-3,-36],[4,-2],[2,-7],[24,19],[-2,4],[-1,3],[6,3],[28,44],[2,7],[3,5],[2,0],[5,-4],[4,-7],[13,-13],[6,0],[23,-4],[-5,-11],[-5,-4],[-23,-33],[4,-4],[-70,-22],[-16,1],[-36,-8],[-1,-4],[-63,-46],[-13,0],[-117,19],[-12,1],[-12,13],[16,15],[46,6],[9,4],[4,11],[-30,-3],[-5,-3],[-5,0],[-4,-2],[-27,-1],[-6,20],[-3,4],[-21,-7],[-5,-4],[-6,-2],[-11,-40],[1,-5],[-2,-9],[-4,-6],[-14,-43],[0,-10],[-5,-21],[-3,0],[2,-8],[3,-1],[21,-9],[24,16],[-4,-30],[-24,-15],[-15,-8],[-53,-30],[-4,-8],[-24,-14],[-8,-4],[-3,-4],[-3,-3],[-7,-37],[-25,-30],[-5,-11],[-14,-12],[-7,-6],[-10,-11],[-7,-7],[-11,-9],[-41,-52],[-2,-42],[2,-2],[-2,-4],[-29,-59],[0,-8],[-13,-5],[-10,0],[-32,-9],[-8,-3],[-14,-4],[-13,2],[-8,1],[-5,5],[-3,8],[-19,25],[-9,1],[-1,0],[-47,-18],[33,-20],[6,-2],[11,-12],[-7,-2],[-50,-108],[-51,-8],[-8,-3],[-20,-3],[-6,3],[-12,59],[-7,12],[-7,8],[-53,9],[-14,-4],[-166,-18],[-30,-2],[-8,-1],[-71,-25],[-11,-1],[-35,3],[-9,-1],[-5,-3],[-29,3],[-3,4],[-13,7],[-8,0],[-7,-13],[8,-2],[31,-16],[-27,3],[-6,4],[-13,3],[-7,-1],[-26,-2],[-9,-1],[-7,-2],[-5,-4],[-11,-7],[-4,-4],[-7,-31],[0,-7],[-18,-43],[-69,100],[15,24],[42,13],[3,6],[2,9],[-4,10],[-17,25],[-8,10],[-27,6],[-3,-5],[-14,-3],[-10,0],[-25,-9],[-4,-3],[-17,-6],[-5,0],[-3,-1],[-3,-2],[-12,-5],[-7,0],[-16,-1],[-7,-3],[-44,-7],[-13,0],[-6,-2],[-7,-3],[-2,-5],[21,-45],[-30,-27],[-16,-1],[-33,-14],[-16,-15],[-2,-3],[-17,-15],[5,-5],[-12,-8],[-4,3],[-39,-30],[3,-12],[3,-10],[-30,-2],[-42,5],[-23,10],[-38,8],[5,-5],[-64,1],[2,5],[-45,-7],[-6,-5],[-6,0],[-6,-1],[-10,4],[0,5],[1,15],[-15,-5],[-46,-13],[-31,-24],[-7,-4],[31,-24],[7,-3],[38,-32],[62,-26],[170,3],[85,30],[6,1],[8,3],[15,18],[135,13],[97,37],[11,1],[8,7],[42,8],[26,-21],[7,-6],[45,-12],[3,9],[30,15],[56,-13],[5,-3],[8,-1],[121,-25],[41,-49],[0,-8],[18,-39],[11,-14],[6,-7],[4,-3],[11,-8],[4,-1],[6,-4],[5,-5],[26,0],[4,2],[27,4],[11,-5],[18,-13],[44,-21],[-6,-11],[-4,-4],[6,-7],[6,-1],[35,-2],[5,-1],[2,-1],[6,0],[5,3],[90,16],[17,16],[3,6],[10,17],[6,16],[-15,72],[-4,10],[-10,45],[-9,17],[-64,63],[-8,1],[-31,35],[7,12],[41,-25],[50,8],[12,-1],[51,1],[7,5],[3,36],[-3,9],[2,14],[6,7],[20,44],[1,9],[21,16],[45,-8],[-20,-16],[3,-44],[-12,-10],[-4,-5],[1,-13],[6,-1],[11,0],[1,-4],[16,5],[-6,0],[4,23],[22,6],[8,0],[13,4],[3,4],[33,9],[7,-3],[23,-3],[-32,24],[-5,3],[-6,10],[2,9],[16,-3],[1,-6],[48,27],[-15,48],[-8,10],[-3,7],[-1,6],[15,3],[9,-2],[22,15],[-3,6],[11,64],[14,3],[6,6],[6,20],[0,6],[56,16],[5,-3],[31,9],[8,5],[13,11],[4,4],[2,6],[0,11],[7,21],[7,10],[51,35],[7,1],[8,5],[62,-10],[1,-4],[-42,-45],[10,1],[7,3],[7,2],[8,3],[5,4],[1,5],[35,30],[15,10],[30,26],[17,14],[43,26],[3,2],[65,46],[2,7],[8,6],[111,101],[11,10],[5,6],[13,30],[-9,14],[23,10],[25,-17],[3,-3],[6,-2],[5,2],[33,13],[77,23],[4,7],[8,33],[-1,9],[5,26],[19,-6],[2,-4],[0,-1],[-2,-3],[-5,-18],[4,-2],[7,1],[6,4],[6,1],[23,9],[3,7],[-4,22],[60,5],[9,4],[17,13],[8,9],[137,41],[8,0],[75,61],[3,4],[5,4],[2,4],[24,21],[10,1],[27,7],[7,7],[54,44],[16,7],[10,6],[5,8],[1,3],[92,31],[10,0],[34,10],[7,7],[44,20],[16,31],[39,4],[2,5],[-1,3],[23,8],[-8,-8],[-1,-3],[5,0],[3,2],[11,0],[6,-1],[7,11],[-2,3],[8,20],[-26,23],[4,10],[8,4],[24,31],[4,9],[15,39],[22,4],[3,2],[-1,9],[-3,4],[-2,33],[-29,25],[-8,10],[-19,19],[4,27],[-15,26],[-1,6],[9,11],[10,4],[7,5],[6,6],[1,4],[-1,4],[1,5],[4,4],[-11,49],[-12,0],[-1,26],[10,14],[2,8],[9,10],[7,31],[-2,11],[46,45],[7,2],[8,10],[0,15],[69,30],[160,-21],[82,-48],[37,4],[1,-32],[-1,-8],[-9,-32],[21,19],[1,7],[45,-1],[5,-2],[8,-11],[3,13],[-3,2],[6,50],[22,37],[32,-9],[-1,-18],[3,-16],[4,-9],[1,-7],[0,-6],[2,-6],[26,-47],[1,-9],[43,-13],[4,8],[18,21],[64,-2],[56,-1],[10,22],[-9,1],[0,4],[6,4],[7,2],[1,2],[7,7],[2,10],[0,6],[-5,5],[-36,33],[60,-22],[-3,-17],[-3,-14],[-2,-12],[-13,-49],[-44,2],[-92,11],[-22,-39],[17,-5],[30,-8],[43,-11],[66,24],[-4,-30],[5,-1],[16,1],[-18,-37],[-10,-206],[2,-13],[0,-9],[18,-162],[-23,-74],[-5,-16],[-19,-71],[-18,-129],[-2,-94],[16,-43],[-22,-2],[-22,-11],[1,-13],[43,0],[-19,-24],[1,-19],[7,-116],[-3,-7],[0,-29],[2,-7],[1,-10],[-1,-13],[1,-3],[5,-126],[-2,-7],[-50,-40],[-12,-5],[-12,-3],[-38,-30],[-6,-11],[-4,-7],[-60,-138],[-77,-114],[-5,-5],[-8,-5],[-13,-5],[-22,-12],[-11,-8],[-7,-5],[-6,-7],[-34,-46],[-14,-4],[-76,-33],[-10,-18],[-65,-57],[-117,-42],[-8,1],[-11,-7],[-76,-45],[-5,-5],[-93,-31],[-9,-1],[-42,-13],[-38,-13],[-7,-3],[-6,0],[-13,-5],[-184,-85],[-11,-3],[-8,-4],[-14,-8],[-118,-45],[-9,1],[-13,-6],[-26,-11],[-72,-19],[-59,43],[-33,0],[-16,0],[-72,-3],[-17,-4],[-51,-26],[51,16],[25,-11],[-3,-15],[-3,-13],[-1,-49],[4,-14],[14,-43],[7,-14],[62,-65],[10,-13],[18,-19],[85,-50],[128,8],[16,2],[245,28],[23,5],[11,2],[21,9],[10,7],[9,4],[11,10],[30,54],[10,-6],[-12,-21],[13,-1],[67,42],[0,5],[-55,-5],[-11,-1],[-13,-7],[10,25],[28,-4],[17,0],[17,2],[68,9],[156,34],[14,4],[27,7],[11,2],[17,0],[14,2],[168,11],[22,-2],[26,1],[22,3],[20,4],[20,11],[95,48],[131,22],[10,0],[18,-1],[12,2],[20,3],[266,37],[11,3],[7,4],[11,2],[6,3],[229,21],[15,2],[13,3],[72,15],[17,2],[22,4],[6,3],[14,0],[27,3],[4,3],[149,-13],[15,-7],[159,-83],[25,-12],[6,-4],[9,-5],[248,-192],[57,-24],[17,2],[14,-6],[-3,-4],[-41,-69],[-5,-1],[-39,-12],[-9,0],[-38,-17],[-47,-81],[-6,-13],[-8,-8],[-11,-17],[-51,-9],[-2,-14],[0,-8],[-3,-7],[29,-69],[3,-4],[62,-86],[6,-9],[12,-18],[7,-6],[8,-7],[41,-39],[27,-81],[5,-7],[7,-23],[-29,-70],[-2,-6],[4,-6],[-3,-3],[-2,-7],[4,-7],[20,-46],[-6,-3],[-4,-3],[-23,2],[-6,2],[-30,5],[-1,-6],[-24,3],[-2,-5],[-12,0],[0,4],[-8,0],[-12,-2],[-6,0],[-12,-6],[-4,-2],[-112,-46],[-3,-6],[11,-41],[5,-3],[7,-10],[14,5],[15,-29],[-60,-26],[-40,-66],[-9,-13],[-53,-1],[-9,3],[-36,8],[-2,-7],[13,-2],[-38,-16],[75,-1],[-2,-19],[-76,-1],[111,-28],[-5,-10],[-37,12],[-11,-18],[35,-18],[-2,-13],[-36,21],[-12,-21],[-24,-62],[119,-103],[20,-83],[-3,-9],[-46,-50],[-12,-18],[-19,-28],[-8,-9],[7,-3],[-14,-15],[7,-4],[-41,-62],[-54,-36],[-13,-28],[6,-1],[42,30],[6,-3],[13,9],[4,3],[3,-2],[7,-4],[25,21],[12,4],[8,3],[-7,18],[17,-16],[3,-11],[10,12],[-13,39],[145,84],[27,24],[-32,27],[52,23],[7,3],[11,10],[-2,44],[-1,4],[2,4],[-2,20],[-5,9],[1,19],[4,9],[-9,3],[22,21],[12,17],[0,11],[0,26],[12,19],[2,7],[1,6],[-6,29],[-4,6],[143,55],[3,2],[11,38],[-16,38],[5,10],[8,17],[3,5],[0,3],[0,3],[-7,13],[-14,20],[-4,5],[31,16],[15,2],[10,4],[8,6],[58,72],[9,45],[5,8],[6,13],[-2,18],[-5,7],[-3,15],[48,22],[7,3],[5,6],[-13,2],[28,33],[6,7],[-10,21],[1,6],[50,54],[11,5],[27,29],[-3,5],[-13,7],[91,22],[17,1],[21,3],[27,5],[17,1],[153,12],[6,-2],[7,2],[5,3],[37,6],[19,0],[2,2],[2,2],[47,-7],[10,-1],[4,2],[5,6],[3,6],[73,1],[0,21],[1,4],[4,2],[6,0],[15,2],[9,45],[-8,-7],[-10,-4],[-4,4],[-23,-5],[-4,-4],[-5,2],[-9,-2],[-4,-6],[-9,-8],[-7,-3],[-1,-5],[-5,-5],[-8,-1],[-7,-8],[-2,-5],[-6,-4],[-7,-3],[-22,-3],[-12,17],[97,62],[39,20],[82,48],[5,5],[7,2],[7,1],[21,3],[4,4],[5,-2],[13,2],[6,4],[7,-2],[17,4],[2,3],[7,-2],[14,3],[4,2],[2,3],[5,-2],[18,1],[4,3],[7,-2],[15,1],[5,4],[2,-3],[16,-1],[3,2],[10,-1],[6,-1],[4,1],[12,1],[6,-2],[11,0],[3,3],[4,-3],[19,-2],[5,2],[5,-3],[6,-2],[6,-1],[5,1],[12,-2],[4,-2],[26,-4],[5,-2],[3,1],[10,-2],[5,-2],[7,-2],[6,0],[33,-8],[3,-2],[6,-2],[5,0],[64,-16],[19,-3],[10,-5],[7,-2],[6,2],[3,-4],[14,-5],[6,1],[5,-4],[72,-17],[5,3],[7,-3],[5,-3],[7,1],[119,-34],[6,-3],[6,-1],[31,-11],[2,-5],[19,-5],[0,-6],[106,-71],[7,-2],[53,-32],[7,-5],[9,-2],[3,-5],[2,-5],[15,-3],[1,-4],[14,-6],[6,0],[4,-5],[6,-4],[8,-2],[160,-68],[-11,-7],[9,-10],[11,-7],[18,-8],[13,-6],[21,-10],[24,-7],[30,-15],[24,-13],[198,-85],[33,-10],[14,-3],[57,-17],[14,-4],[37,-6],[8,-1],[9,-2],[10,-1],[10,0],[26,-4],[16,-5],[17,-4],[6,-4],[73,-22],[79,-20],[14,-2],[12,0],[27,-3],[44,-17],[57,-27],[250,-94],[12,-2],[9,-2],[4,-3],[93,-28],[35,-13],[9,-1],[2,-5],[246,-128],[15,-5],[15,-9],[10,-8],[11,-7],[6,-6],[11,-6],[7,-5],[6,-4],[14,-13],[3,-9],[16,-20],[9,-7],[2,-5],[5,-7],[14,-23],[4,-8],[18,-33],[7,-7],[7,-13],[-2,-12],[-2,-7],[1,-4],[10,-11],[116,-75],[21,-12],[47,-21],[22,-8],[33,-14],[2,-9],[21,-24],[-20,-15],[-2,-5],[48,-69],[49,-28],[92,-31],[113,-5],[13,3],[19,4],[51,15],[8,6],[56,15],[23,2],[25,5],[12,1],[112,-30],[9,-5],[97,0],[17,2],[29,6],[52,14],[33,11],[132,55],[17,8],[15,8],[8,7],[2,1],[244,150],[13,10],[113,103],[44,50],[4,6],[15,12],[197,161],[134,60],[93,12],[16,6],[72,40],[13,12],[5,3],[59,52],[18,20],[16,16],[34,28],[14,8],[169,36],[13,8],[33,-14],[4,-4],[25,-11],[8,2],[4,-4],[7,0],[17,-2],[3,-2],[9,0],[6,1],[80,2],[11,-4],[23,-2],[21,2],[220,-18],[10,-2],[10,2],[130,4],[12,-4],[23,-21],[-14,4],[-6,-1],[-4,-20],[-31,-2],[-8,-2],[-18,-4],[3,5],[19,39],[-24,-34],[-62,-16],[-11,-4],[-23,-6],[12,10],[12,6],[0,19],[-41,-18],[22,30],[-67,-42],[-13,17],[12,15],[-34,-22],[-10,-3],[-4,2],[1,6],[28,20],[-20,10],[-52,-36],[-6,4],[1,13],[4,6],[-5,23],[-28,2],[-27,-34],[18,-24],[30,-9],[-1,-3],[-25,-3],[80,-38],[68,-8],[9,4],[8,7],[32,22],[3,3],[15,-8],[10,-12],[44,-24],[10,-4],[58,-11],[35,1],[17,3],[247,74],[11,7],[30,1],[14,-5],[11,1],[13,1],[3,0],[10,1],[47,18],[46,37],[8,16],[12,13],[10,11],[14,15],[29,40],[11,21],[7,10],[55,31],[8,1],[5,1],[12,4],[45,10],[40,31],[19,-13],[-12,-30],[3,-3],[5,-5],[26,-22],[-42,18],[-10,-22],[20,-19],[75,37],[0,15],[1,9],[10,-9],[45,-23],[7,-4],[15,-9],[3,-1],[8,-6],[8,-12],[4,-65],[-37,-108],[-3,-4],[-4,-3],[-7,-2],[-300,-179],[-5,-6],[-37,-30],[-12,-13],[-6,-7],[-5,3],[-95,58],[-74,-5],[-6,-10],[-11,-17],[-8,-12],[-4,-7],[0,-23],[10,-22],[24,-54],[3,-12],[4,-1],[2,-1],[24,0],[15,2],[6,2],[6,3],[11,8],[36,13],[-5,-2],[-12,-15],[-4,-11],[-2,-9],[22,-348],[2,-16],[6,-53],[3,-16],[5,-35],[5,-24],[9,-43],[22,-82],[8,-33],[17,-192],[-6,-54],[-2,-26],[-3,-196],[43,-206],[6,-25],[15,-57],[3,-14],[26,-251],[-9,-11],[-34,-5],[-12,1],[-72,-20],[-106,-55],[-161,-162],[-263,-136],[-7,-6],[-22,-9],[-12,-3],[-80,-48],[-7,-5],[-9,-4],[-389,-202],[-7,-6],[-36,-38],[-10,6],[-43,-43],[-1,-1],[1,0],[4,-5],[-10,-7],[-52,-66],[-12,-9],[-11,-15],[-11,-7],[-59,-71],[-157,-119],[-5,-6],[-7,-6],[-6,-5],[-11,-11],[-12,-13],[-67,-73],[-61,-65],[-91,-54],[-11,-4],[-60,-24],[-6,-3],[-35,-5],[-35,24],[-25,15],[-235,3],[-92,24],[-11,5],[-13,9],[-26,38],[19,-5],[-12,12],[8,70],[-38,59],[-12,-2],[29,-51],[-11,-24],[9,-34],[-30,-10],[-70,28],[4,-42],[-17,-3],[17,-4],[-6,-22],[20,-4],[1,31],[8,-38],[24,1],[-37,-13],[-2,-6],[-12,-58],[-7,-12],[-68,-94],[-56,-49],[-6,-12],[-13,-8],[-6,-3],[-6,-4],[-8,-8],[-8,-6],[-5,-2],[-38,-25],[-9,-7],[-12,-5],[-30,-17],[-7,-5],[-7,-2],[-20,-10],[-6,-7],[-75,-84],[-38,-104],[7,-92],[180,-322],[123,-136],[123,-62],[71,18],[8,-2],[20,0],[-22,16],[-8,-4],[-5,14],[31,-9],[12,-3],[5,0],[78,2],[146,-34],[127,25],[85,-17],[113,-77],[46,-75],[2,-15],[1,-13],[-2,-18],[-19,-91],[38,-68],[-15,-12],[-7,-2],[-14,-4],[1,-8],[181,-31]],[[64606,77309],[0,-29],[38,-35],[12,-58],[-112,-119],[-11,-132],[31,-26],[36,20],[86,0],[99,-25],[45,-41],[81,12],[86,-75],[115,11],[47,-57],[-27,-23],[-46,29],[27,13],[-53,-9],[-59,-63],[-57,0],[-55,-42],[-44,0],[-144,-33],[-44,7],[-62,56],[-2,35],[8,27],[75,64],[-5,12],[-141,37],[-46,29],[-27,45],[-20,0],[-40,-22],[-32,-53],[-7,-44],[-133,-59],[-31,-53],[-62,3],[6,-67],[-15,-27],[-66,-17],[-32,19],[-31,-32],[-49,-15],[-64,6],[-33,-60],[-66,-26],[8,-36],[-23,-30],[-53,-49],[-235,-28],[-58,-72],[-7,-43],[-39,-27],[-3,-37],[-100,-78],[4,-17],[47,-17],[-36,-41],[-12,-128],[86,-70],[-5,-15],[44,-83],[3,-96],[33,-57],[-16,-34],[31,-46],[32,-25],[8,-55],[-15,-34],[-21,-8],[-1,-28],[-19,-66],[-7,-8],[37,-51],[-39,-60],[-33,-18],[-33,-60],[-12,-59],[12,-127],[119,22],[180,-68],[28,-18],[101,-49],[11,-28],[-10,-27],[17,-24],[-30,-8],[-1,-20],[33,-91],[122,-111],[60,-7],[68,-36],[32,7],[23,-41],[55,15],[-25,-45],[12,-19],[20,4],[1,18],[73,4],[9,19],[41,-1],[29,-24],[78,6],[4,21],[61,17],[149,-27],[97,-48],[47,4],[27,-65],[4,-26],[-62,-6],[-2,-14],[22,-14],[55,10],[16,-35],[68,9],[40,-32],[21,-120],[-38,-12],[18,-50],[-28,-34],[34,-22],[-9,-14],[31,-42],[29,26],[11,-10],[-6,-26],[47,4],[-23,-127],[-20,-27],[-40,18],[23,-51],[-155,-158],[-15,-67],[-47,-239],[-41,-34],[10,-58],[42,-59],[2,-58],[-108,-134],[-26,-15],[-114,13],[-97,-38],[-96,-7],[-82,-45],[-57,17],[-50,-10],[-36,40],[0,32],[-19,26],[-33,19],[-58,-10],[-53,19],[-35,-14],[2,-27],[32,-63],[-5,-89],[-15,-37],[24,-24],[31,-112],[9,-22],[-114,-104],[0,-82],[26,-29],[-61,-23],[9,-21],[78,-27],[-3,-48],[-117,29],[-207,-67],[-14,-30],[-8,-17],[-53,-106],[1,-23],[-108,-48],[-78,-88],[-33,10],[-179,-56],[-38,22],[-21,-41],[-31,-20],[-163,25],[-74,-267],[-104,28],[-246,45],[-42,-47],[-52,-22],[-53,6],[-1,-18],[-21,4],[9,-28],[-26,-15],[2,-27],[-40,-62],[3,-19],[27,-9],[-42,-21],[11,-18],[-18,-33],[15,-13],[-22,-7],[-12,-29],[-6,-30],[17,-24],[-37,-5],[15,-59],[-20,-48],[10,-42],[-13,-14],[11,-57],[-18,-15],[37,-11],[-20,-61],[24,-3],[-23,-17],[8,-21],[-14,-16],[2,-65],[-21,-17],[9,-26],[-91,-61],[-61,-17],[-19,-85],[-27,-30],[11,-46]],[[61966,70454],[-64,-31],[-113,-12],[-150,96],[-260,20],[-78,10],[-157,39],[-254,132],[-336,143],[-273,153],[-193,154],[-167,16],[-215,-14],[-138,84],[-57,11]],[[59511,71255],[-1,19],[88,6],[7,28],[-36,22],[6,16],[90,99],[-123,31],[-31,-109],[-49,1],[-57,67],[29,21],[-77,55],[-177,102],[28,44],[-63,22],[6,36],[-13,25],[-39,-8],[-8,21],[12,7],[-20,15],[-50,-10],[-24,26],[-93,43],[-11,72],[-18,17],[14,62],[-91,-10],[-63,42],[3,33],[42,44],[-45,26],[4,29],[-39,28],[-34,82],[-88,-67],[-90,-18],[-223,89],[-17,64],[20,39],[-8,16],[22,47],[41,-1],[3,30],[-78,8],[-52,-17],[-12,39],[-14,0],[-1,35],[13,16],[-24,9],[15,64],[56,50],[9,32],[-29,29],[-66,28],[-17,43],[37,68],[7,66],[54,38],[24,52],[18,1],[-5,-20],[18,-19],[260,27],[22,-29],[26,21],[-83,135],[38,22],[6,32],[-14,83],[-53,63],[144,99],[-3,25],[51,-8],[51,36],[-13,60],[51,28],[-100,32],[-95,-9],[-80,31],[77,93],[-30,67],[8,28],[-74,21],[6,23],[-45,61],[-54,-6],[-30,23],[9,20],[-21,23],[-52,-10],[-33,34],[-49,-18],[-4,22],[42,1],[-39,13],[-15,38],[-9,-13],[-84,9],[-25,53],[39,-4],[59,32],[13,17],[-8,29],[61,50],[11,110],[-30,29],[2,25],[97,44],[-23,25],[25,10],[41,11],[34,-32],[32,-10],[9,15],[74,135],[20,103],[-68,3],[-149,80],[-46,-2],[-12,-54],[-88,-40],[-53,-60],[-43,11],[-116,-70],[-46,-72],[-23,-1],[-21,28],[-101,-10],[-15,30],[-175,34],[-47,-59],[31,-14],[-42,-36],[-34,15],[-13,-13],[28,-18],[-28,-39],[81,-24],[-21,-36],[8,-15],[-52,-31],[-1,-17],[-17,8],[-13,-17],[-18,-67],[-43,-7],[8,-26],[47,-2],[-10,-11],[28,-65],[-160,-29],[-83,59],[-360,-6],[-54,-64],[-17,-73],[7,-129],[-30,-34],[24,-54],[-42,-42],[-89,30],[-13,-18],[-41,27],[-30,-21],[-100,32],[-9,-14],[-24,4],[-38,26],[-77,4],[-11,-15],[-86,13],[-36,27],[-28,-15],[-24,9],[-6,-26],[-64,-3],[-16,-7],[0,-116],[-38,-24],[4,-30],[-33,-26],[-5,-32],[-35,-9],[20,-17],[-57,-32],[-24,-41],[39,-14],[-49,-9],[-97,-68],[-39,-73],[-52,-25],[-34,-58],[1,-30],[-114,-35],[6,-21],[-49,1],[3,-27],[-29,-11],[0,-46],[-100,-35],[-75,19],[-99,88],[-61,27],[-55,58],[-13,33],[60,18],[13,23],[-27,29],[-32,-12],[-17,28],[-159,55],[-15,77],[12,53],[-56,1],[-2,-30],[-29,-5],[-18,-74],[-38,-59],[48,-24],[-30,-97],[-62,16],[-42,-73],[32,-67],[-13,-32],[-40,-32],[-11,-37],[-30,-14],[11,-23],[28,5],[14,-24],[-47,-10],[-22,-140]],[[54605,72782],[-163,19],[-4,0],[-6,2],[-185,38],[-2,-9],[-9,1],[-34,5],[-19,2],[-108,20],[-9,4],[-8,7],[-3,7],[2,10],[8,8],[5,9],[-15,1],[-53,16],[-82,68],[-3,6],[-71,49],[-128,71],[-39,7],[8,-16],[-13,-6],[-58,25],[-9,3],[-67,35],[-7,4],[-13,9],[-96,65],[-5,5],[-68,39],[-8,4],[-8,2],[-9,7],[-242,118],[-9,6],[2,31],[54,43],[9,10],[16,22],[4,10],[7,11],[16,-5],[36,-15],[-4,-36],[26,-32],[40,-8],[-55,45],[0,40],[14,10],[-30,24],[-88,81],[-78,122],[-6,8],[-1,8],[-17,71],[33,60],[-3,59],[-35,67],[-36,79],[-7,5],[-8,16],[2,4],[-5,3],[-9,19],[-2,8],[-108,182],[-61,119],[8,11],[-38,5],[-15,13],[-11,-1],[-41,22],[-16,13],[-30,18],[-142,72],[-183,50],[-18,3],[-55,15],[-13,6],[-80,64],[-40,36],[-28,42],[-3,9],[2,15],[-69,44],[-9,11],[-14,22],[-2,16],[-15,94],[-4,9],[-15,34],[-4,16],[-32,69],[-91,122],[7,24],[5,7],[0,56],[-34,61],[-5,-1],[-4,-4],[-13,-23],[-9,1],[-15,2],[14,36],[15,10],[-16,58],[-2,13],[-12,49],[-9,22],[-9,14],[-17,22],[-21,34],[21,35],[1,5],[1,6],[10,11],[6,4],[23,20],[-4,4],[-10,10],[-89,-19],[-49,38],[-12,13],[-27,28],[-205,92],[-4,-1],[-5,3],[-24,20],[-50,57],[-57,67],[-16,21],[-14,18],[-47,44],[-22,19],[-3,2],[-81,30],[-12,6],[-97,56],[-23,13],[-237,83],[-50,-1],[-10,-1],[-12,3],[-20,11],[-25,27],[-12,-9],[-241,83],[-101,28],[-180,9],[-122,-1],[0,-16],[-20,-5],[-26,-1],[-60,-1],[-17,-1],[-1,23],[-248,-18],[-13,19],[-36,-21],[-26,0],[-55,0],[10,8],[-30,13],[-6,3],[-36,-14],[-9,-1],[-40,9],[-11,2],[-144,-10],[-10,0],[-58,11],[-13,3],[-116,54],[-20,6],[-4,1],[-75,22],[-7,-15],[-49,14],[-49,14],[-49,14],[-10,-19],[-70,19],[-83,-20],[0,-19],[-22,-14],[9,-46],[-10,-7],[-18,93],[9,18],[-113,-54],[-42,-17],[-103,-28],[-96,3],[-64,54],[-154,79],[-12,27],[17,14],[-82,75],[-63,56],[-101,51],[-35,51],[-19,-8],[-55,89],[2,20],[-117,179],[18,15],[14,57],[-41,64],[-63,18],[-52,85],[28,45],[33,11],[-9,21],[80,31],[8,-20],[21,9],[-11,67],[-173,19],[-52,28],[-38,60],[-52,3],[-43,60],[21,7],[-11,22],[19,5],[-131,213],[-66,58],[-24,20],[37,85],[6,7],[9,8],[16,12],[18,7],[18,5],[193,41],[78,-14],[13,19],[114,-28],[24,-29],[124,-37],[25,7],[23,-32],[43,15],[29,-23],[-2,-38],[185,41],[109,25],[28,8],[19,7],[9,3],[91,64],[20,31],[9,20],[15,48],[5,16],[9,34],[9,44],[-1,22],[-35,31],[-5,4],[-47,-9],[-72,20],[-5,1],[-66,-10],[-4,13],[5,20],[29,-6],[122,37],[-12,23],[14,4],[-23,23],[-162,156],[-13,13],[-27,32],[-3,6],[-18,0],[1,4],[23,7],[-19,9],[-6,1],[-2,5],[10,5],[-1,5],[-40,99],[-20,48],[-56,135],[-24,60],[-38,81],[-8,9],[-13,10],[-148,31],[-23,-7],[-19,-5],[-71,-10],[-11,1],[-61,-31],[-41,-21],[-44,-28],[-27,-9],[-21,-9],[-38,-24],[-51,-38],[11,18],[-19,5],[1,16],[32,-1],[51,31],[-83,-19],[61,39],[-57,-22],[40,46],[-43,-23],[-18,10],[11,-27],[-10,-31],[7,-45],[-24,39],[7,46],[-15,20],[-129,40],[-45,50],[1,12],[-46,52],[-13,17],[-5,6],[-6,13],[-8,26],[-12,31],[-11,38],[-8,61],[-38,99],[-5,11],[-31,19],[-17,7],[-24,22],[-3,14],[0,1],[-5,28],[12,34],[12,19],[22,45],[-15,61],[91,184],[62,5],[69,117],[26,68],[7,132],[-36,52],[-9,40],[36,136],[3,19],[9,18],[5,4],[18,2],[0,45],[0,29],[-11,6],[19,4],[0,21],[-36,10],[-1,3],[24,10],[5,2],[-18,123],[-10,19],[-10,19],[-42,53],[-17,17],[-18,17],[-12,10],[-38,11],[-12,2],[-16,0],[-102,-45],[-25,-11],[-21,-10],[-36,-15],[-82,-29],[-17,-1],[-137,-1],[-5,3],[-18,22],[-5,43],[-2,13],[-73,20],[-101,-14],[-74,54],[-138,-58],[-114,9],[-34,-13],[-58,-43],[7,-8],[-115,-68],[14,-48],[-8,-9],[-3,-10],[-32,-5],[25,-24],[14,-34],[-38,-16],[-42,31],[30,10],[-129,95],[-248,144],[-247,212],[-66,90],[-16,66],[2,142],[19,3],[7,-30],[20,-2],[-33,84],[11,35],[106,36],[67,-21],[96,-64],[85,9],[74,55],[-47,8],[-7,19],[62,43],[37,-3],[9,-20],[277,100],[13,143],[-29,56],[-135,-3],[-83,-35],[-80,48],[-63,79],[-17,-13],[-7,-95],[13,-12],[-16,-1],[-22,-19],[-9,3],[-22,15],[25,4],[-56,98],[7,19],[96,140],[26,2],[11,-40],[68,65],[11,10],[16,4],[8,0],[5,1],[19,12],[29,18],[16,10],[16,10],[5,0],[18,-1],[31,-2],[80,-11],[90,-18],[-1,17],[222,22],[-8,-18],[142,4],[522,112],[66,13],[65,-31],[132,7],[202,-70],[146,31],[-5,10],[146,59],[28,8],[15,8],[62,33],[79,24],[187,188],[56,39],[71,20],[48,121],[35,43],[178,53],[16,4],[13,4],[74,20],[-2,6],[35,9],[78,35],[-33,11],[49,97],[45,-15],[21,16],[15,10],[50,-20],[32,-10],[9,1],[-5,15],[-32,9],[-147,54],[19,27],[37,0],[47,35],[-27,1],[-9,73],[-8,28],[-137,230],[-25,91],[-5,23],[-69,13],[-189,-80],[-131,-54],[28,-135],[-156,-111],[-83,-243],[-44,11],[38,-23],[-218,-111],[-150,-3],[-57,10],[-165,4],[-33,1],[-103,25],[-5,1],[-55,-4],[-71,28],[-13,5],[-56,32],[-38,22],[-7,18],[1,18],[2,9],[5,8],[54,72],[36,49],[5,7],[-9,25],[-64,24],[-7,4],[-10,23],[-8,20],[-7,18],[-2,5],[1,5],[1,14],[0,9],[5,0],[1,-8],[8,4],[-2,7],[50,63],[124,45],[65,-2],[163,108],[84,75],[42,39],[-11,13],[28,3],[-20,16],[34,18],[19,52],[5,3],[13,49],[2,12],[2,16],[0,14],[-37,133],[-16,22],[-11,6],[-15,35],[4,31],[65,129],[16,29],[12,21],[111,205],[-62,141],[-175,76],[-161,115],[-123,249],[-37,33],[-167,75],[-79,58],[-13,2],[-159,60],[-99,70],[-95,74],[-14,18],[-15,6],[11,8],[-2,4],[-11,-1],[-27,93],[15,76],[4,19],[-1,6],[-2,8],[-41,53],[-11,32],[-35,108],[-185,108],[-92,-25],[-25,3],[-112,14],[-8,49],[-30,8],[-4,1],[-14,4],[34,0],[3,5],[-13,12],[1,8],[44,-18],[59,42],[25,1],[60,11],[37,24],[-7,9],[-50,59],[-4,87],[-37,59],[-54,43],[2,80],[-48,124],[-94,149],[-33,30],[-90,1],[-70,30],[-2,6],[-3,7],[-14,31],[-53,138],[-48,83],[-316,259],[42,432],[-79,84],[-269,-17],[-66,-4],[-149,-6],[1,-22],[-58,-4],[-2,22],[-277,-25],[-23,-8],[-98,-43],[-44,-22],[14,-19],[-57,-25],[-13,16],[-82,-59],[-6,-2],[-7,-8],[-7,-6],[-4,-5],[-10,0],[-60,-46],[-152,-32],[-56,-33],[-108,-4],[-40,-40],[26,-28],[-53,-22],[-17,-3],[-37,3],[-29,8],[-9,1],[-20,4],[-71,36],[-14,11],[-132,69],[-9,8],[-63,103],[-11,25],[-12,29],[-7,18],[-9,12],[-42,7],[-63,-2],[-40,1],[-21,-20],[5,25],[-25,28],[-8,11],[-8,8],[-6,1],[-5,-5],[-4,-5],[-34,-47],[-20,-33],[-1,-10],[-1,-8],[9,-69],[-20,-30],[-12,-6],[-200,-43],[-9,-11],[-14,-16],[-8,-7],[-8,-8],[-26,-63],[-3,-45],[-25,-36],[7,-77],[-29,-102],[18,-56],[13,-26],[30,-21],[-12,-25],[-11,-18],[-8,-36],[20,-78],[5,-2],[0,-9],[-47,-57],[0,-52],[-20,-93],[42,-107],[17,-4],[6,-2],[8,30],[10,-67],[-20,-46],[6,-37],[-2,-13],[9,-11],[-5,-8],[-11,2],[-46,-66],[29,1],[-15,-16],[-3,-11],[-3,-11],[-1,-13],[2,-27],[2,-16],[13,-47],[-19,0],[-81,33],[-18,15],[-35,30],[31,503],[17,415],[3,11],[0,13],[28,498],[22,146],[64,246],[102,232],[104,220],[3,5],[8,17],[15,32],[9,18],[146,244],[78,173],[254,505],[133,203],[106,51],[89,12],[192,-96],[182,-47],[-31,-20],[-12,-2],[-51,-5],[-15,-6],[-57,-7],[-52,46],[-20,13],[-14,7],[-33,3],[-16,-4],[-61,-17],[-172,0],[-20,-1],[-26,-9],[-6,-10],[-3,-11],[20,-72],[8,-21],[51,-24],[123,11],[47,-17],[15,-19],[11,-13],[5,-11],[12,-27],[28,-32],[10,0],[59,-27],[-2,-15],[-1,-46],[-7,-9],[4,-6],[-4,-4],[-4,-2],[-8,0],[-120,-53],[-10,-6],[-11,-5],[-40,-22],[2,-5],[-15,-1],[-170,-40],[-16,-10],[-13,-9],[-62,-38],[-36,-23],[-7,-4],[-9,-8],[-13,-15],[-15,-21],[-16,-13],[-28,-35],[-91,-169],[-59,-73],[41,-63],[5,-5],[0,-4],[17,-43],[12,-1],[-3,-9],[-26,-62],[7,-24],[12,-21],[17,-41],[2,-21],[-4,-10],[-20,-94],[2,-5],[14,-57],[3,-10],[1,-7],[-2,-29],[4,-5],[37,5],[-25,-25],[-14,-6],[-6,-52],[15,-24],[-6,-18],[-3,-9],[-1,-27],[4,-11],[65,-116],[55,-58],[275,-133],[9,-8],[13,-3],[9,-3],[192,-59],[159,7],[10,2],[12,-1],[13,-3],[11,2],[71,9],[11,-2],[43,5],[20,2],[18,-3],[25,-1],[13,-5],[36,-8],[8,30],[19,7],[14,-17],[44,21],[129,46],[449,24],[49,2],[263,8],[245,52],[51,29],[22,39],[-7,135],[10,23]],[[54657,83871],[44,-6],[78,41],[92,-15],[16,21],[-117,3],[-64,-39],[-49,-5]],[[45584,78487],[53,84],[17,15],[65,27],[29,-23],[-58,-39],[-6,-5],[-36,-33],[50,-12],[14,-2],[12,-2],[38,-18],[-68,-27],[-13,-34],[-54,1],[28,-37],[13,-13],[81,-23],[-27,-9],[-98,24],[-15,10],[-1,0],[-2,2],[-14,20],[-6,16],[-2,78]],[[38652,79980],[8,8],[12,2],[50,-8],[42,4],[7,3],[7,4],[14,-12],[41,-37],[-16,-10],[20,-6],[6,-23],[3,-12],[-3,-2],[-6,4],[-20,-26],[41,-8],[-14,-12],[23,-19],[-40,-29],[-18,49],[-36,12],[-53,80],[-68,38]],[[38928,79975],[43,0],[17,4],[10,5],[8,5],[46,14],[15,-2],[15,-3],[10,-45],[0,-5],[-28,-30],[7,-13],[-32,-1],[-12,-2],[-30,-2],[-6,6],[-49,50],[-14,19]],[[44433,83189],[23,38],[122,-45],[-3,-2],[-20,-31],[-56,-25],[-6,-1],[-4,0],[-8,2],[-47,62],[-1,2]],[[45916,83201],[0,3],[3,1],[132,13],[6,2],[9,-5],[-9,-3],[-66,-58],[-75,47]],[[44798,83816],[4,115],[61,50],[22,5],[40,1],[26,0],[43,2],[10,3],[44,11],[38,-9],[12,0],[10,3],[77,29],[52,47],[6,4],[4,27],[18,14],[33,9],[7,0],[17,-1],[42,-2],[125,15],[120,73],[44,11],[41,4],[116,-20],[17,-11],[-32,-106],[17,-55],[-1,-5],[-1,-6],[-22,-43],[-12,-24],[-51,-97],[-77,-22],[18,-8],[15,-69],[-19,-47],[2,-5],[111,-94],[-30,-14],[-57,59],[-39,34],[-13,12],[-40,-82],[-17,-34],[-13,-15],[-66,-49],[-151,-35],[-185,-30],[-72,8],[-12,5],[-12,7],[-42,29],[-16,9],[-27,25],[-14,36],[-28,32],[-13,6],[-68,45],[-17,20],[-17,28],[-9,16],[-18,67],[-1,22]],[[44109,83909],[48,21],[33,-5],[-81,-16]],[[46523,84190],[14,5],[7,0],[16,4],[12,6],[92,28],[14,-1],[23,-9],[13,-3],[8,-6],[133,-49],[-4,-46],[-6,-9],[-30,-22],[-10,0],[-10,0],[-8,3],[-59,30],[-79,35],[-73,5],[-12,5],[-41,24]],[[44123,84468],[6,22],[37,15],[106,-29],[13,-5],[42,-12],[22,4],[43,11],[1,-7],[12,2],[-3,6],[80,33],[12,-1],[63,-27],[4,-12],[53,-98],[59,-27],[3,-53],[-20,-24],[-59,-17],[-139,0],[-30,15],[-33,50],[-22,24],[-136,55],[-12,1],[-30,4],[-15,8],[-52,53],[-5,9]],[[46691,84789],[18,-7],[39,-9],[9,9],[62,24],[8,-11],[71,-10],[-78,-34],[-31,-58],[-14,-7],[-7,1],[-17,9],[-9,5],[-51,88]],[[42375,85514],[85,156],[67,85],[41,66],[9,4],[93,92],[12,16],[23,27],[49,41],[7,6],[8,4],[33,14],[18,7],[34,-10],[-12,-10],[-32,-29],[-14,-19],[-31,-30],[-19,-7],[-28,-21],[-15,-18],[-24,-44],[-35,-57],[24,-81],[95,-89],[29,-78],[3,-8],[20,-79],[28,-30],[11,-88],[37,-34],[21,-8],[40,-9],[52,-42],[19,-18],[8,-10],[8,-7],[7,-11],[-18,5],[-12,-70],[46,-54],[16,-6],[50,-6],[18,1],[10,14],[1,6],[19,0],[-1,-4],[0,-3],[20,1],[0,-10],[13,-21],[-348,-45],[-56,22],[-93,82],[-121,119],[-26,63],[-172,176],[-17,49]],[[45843,85120],[33,78],[32,20],[20,-17],[127,40],[14,13],[19,-14],[-18,-18],[-7,-16],[8,-3],[13,-28],[-1,-9],[-38,-55],[-15,-8],[-30,-25],[-78,-17],[-79,59]],[[46282,85159],[11,11],[5,3],[50,12],[6,1],[12,-8],[4,-5],[3,-5],[-2,-2],[-4,0],[-82,-11],[-3,4]],[[44294,85061],[8,11],[6,5],[26,42],[15,18],[16,-13],[14,2],[8,38],[7,3],[44,-2],[12,-5],[31,-4],[26,0],[83,15],[15,1],[11,3],[12,4],[6,3],[7,8],[24,8],[8,1],[46,1],[6,-1],[201,31],[143,43],[42,10],[9,3],[26,9],[17,4],[56,16],[35,17],[101,76],[31,-11],[60,-5],[-25,-107],[-32,-34],[-18,-17],[-15,-1],[-20,-6],[-11,-17],[-18,-8],[-4,-2],[-7,-1],[-9,-1],[-110,-17],[8,-3],[-3,-2],[-18,-6],[-86,-5],[-133,-39],[-71,36],[-102,-22],[-18,-23],[-6,-3],[-43,-14],[-65,-44],[-62,3],[-7,-17],[-6,-13],[-8,-6],[-7,-4],[-36,-11],[3,-13],[-25,-12],[-8,-1],[-25,-17],[2,-11],[-2,-1],[-8,-1],[-5,3],[-4,5],[-64,53],[-9,2],[-16,5],[-14,8],[-22,11],[-6,0],[-17,22]],[[45597,85622],[23,4],[8,-1],[51,3],[70,54],[121,-11],[-38,-61],[14,-11],[-5,-16],[-19,1],[-162,-4],[-14,10],[0,-14],[-2,-2],[-27,5],[-5,9],[-5,7],[-6,12],[-4,15]],[[43149,86064],[44,105],[7,16],[4,11],[26,54],[56,81],[79,66],[61,39],[82,23],[220,20],[85,29],[27,-1],[29,-5],[17,-30],[44,5],[15,3],[144,21],[30,10],[30,-1],[0,-15],[47,-3],[34,26],[13,2],[-15,-22],[102,43],[10,7],[65,-6],[240,-51],[115,-61],[46,-54],[-12,-8],[8,-28],[-14,-84],[-19,-5],[16,-38],[92,-97],[-105,-61],[-73,-123],[-5,-7],[4,-57],[2,-6],[-20,-35],[-10,-6],[2,-7],[24,11],[5,-16],[-14,-7],[-11,-8],[-3,-2],[-7,-13],[-9,-18],[-4,-19],[-8,-23],[-7,-19],[-5,-11],[-17,-19],[-11,-3],[-87,-8],[-183,23],[-27,4],[-39,-6],[-14,-6],[-47,3],[-52,8],[-22,0],[-19,-4],[-62,-6],[-28,0],[-57,2],[-26,-1],[-44,3],[-26,5],[-36,9],[-86,26],[-47,39],[-16,17],[-59,46],[-23,-2],[-4,-1],[-5,-6],[-15,-4],[4,8],[-121,15],[-34,10],[-8,2],[-104,39],[-25,10],[-13,5],[-17,4],[-46,3],[-55,46],[-13,114]],[[51651,75495],[197,-330],[25,-59],[9,-24],[7,-78],[-90,139],[-6,12],[-108,249],[-11,25],[-23,66]],[[52896,73738],[1,16],[3,11],[23,50],[27,20],[18,70],[-10,27],[4,3],[17,-20],[0,-10],[17,-167],[68,-118],[32,-13],[10,-2],[42,-28],[3,-5],[0,-1],[1,-2],[-2,-17],[-5,-7],[-10,-17],[-5,-11],[-5,-8],[-5,-7],[-6,-7],[-5,-5],[-7,-4],[-52,27],[-4,7],[-22,42],[-5,7],[-16,18],[-72,74],[-5,7],[-20,25],[-6,15],[-3,15],[-1,15]],[[53017,73718],[57,-38],[8,-30],[1,-8],[3,-9],[4,-12],[-18,5],[-54,87],[-1,5]],[[52830,73929],[-52,98],[-9,16]],[[52769,74043],[-66,127],[-10,76],[-3,15],[-15,24],[-13,15],[-20,33],[-5,11],[-7,9],[-62,99],[-4,7],[0,5],[40,-2],[114,-62],[6,-4],[27,-34],[11,-16],[56,-131],[4,-9],[12,-33],[24,-120],[3,-22],[2,-6],[-1,-8],[-32,-88]],[[53125,83682],[27,24],[-5,-24],[14,-7],[-36,7]],[[54569,72693],[-119,11]],[[54450,72704],[120,-6]],[[54570,72698],[-1,-5]],[[54308,72722],[-69,18]],[[54239,72740],[55,-8],[14,-10]],[[67201,82610],[1,6],[0,1],[15,6],[10,-8],[1,-10],[-3,-6],[-24,11]],[[66129,82878],[37,4],[6,-5],[5,0],[6,1],[28,-4],[-11,-7],[-2,-9],[2,-4],[-4,-5],[-9,-1],[-55,28],[-3,2]],[[65466,83000],[1,12],[1,8],[32,183],[4,33],[0,17],[3,38],[4,14],[2,8],[8,27],[-3,48],[42,95],[8,16],[12,29],[45,73],[14,20],[57,105],[68,85],[230,190],[3,1],[9,3],[42,-35],[17,-7],[300,-44],[17,-1],[63,-14],[16,-7],[200,-36],[8,0],[84,-8],[12,-3],[33,-4],[8,0],[64,-6],[20,-6],[139,-64],[13,-6],[8,-17],[-4,-2],[1,-5],[7,-10],[7,-9],[10,-4],[16,-10],[84,-27],[8,-2],[18,-9],[112,-30],[39,4],[7,0],[14,-5],[-9,-13],[39,-1],[-6,-13],[33,-2],[1,-14],[3,-9],[21,-28],[12,-9],[14,-7],[21,-17],[5,-11],[9,-41],[78,-210],[121,-82],[9,-10],[7,-8],[59,-72],[3,-7],[5,-29],[9,-45],[0,-6],[17,-40],[11,-8],[42,-61],[9,-16],[6,-7],[21,-13],[45,-34],[11,-13],[7,-11],[24,-87],[5,-22],[16,-38],[7,-4],[13,-13],[6,-24],[18,-46],[24,-18],[13,-9],[2,-8],[-1,-7],[7,-60],[-16,-11],[-266,41],[-178,61],[-108,15],[-8,-1],[-17,2],[-14,1],[-206,-4],[-17,-5],[-12,1],[-67,-14],[-14,-5],[-19,-9],[-6,5],[-36,-18],[-3,-13],[-26,27],[-4,12],[-1,37],[18,10],[-5,-15],[10,-3],[72,3],[10,3],[35,9],[5,6],[2,6],[-1,16],[-4,13],[-36,2],[-5,-2],[-18,3],[-14,7],[-76,17],[0,-10],[-9,2],[-13,15],[5,16],[-49,-17],[-12,-5],[-24,0],[-15,4],[-24,-1],[-3,-6],[6,-10],[-17,9],[-3,6],[-16,-11],[-1,-8],[-6,-10],[-14,-16],[-10,-15],[4,-4],[-3,-4],[-8,-1],[-13,-9],[-5,-6],[123,-84],[36,37],[-3,17],[19,-10],[-46,-61],[-9,-7],[-116,-24],[-248,19],[-11,-2],[-11,3],[-11,1],[-11,-3],[-8,2],[-60,-3],[-26,-8],[-22,8],[9,7],[-39,8],[-5,-1],[-19,13],[-3,4],[-142,43],[-4,3],[3,28],[6,8],[9,57],[-1,12],[-2,8],[-8,10],[-9,28],[55,95],[4,9],[-17,58],[-5,0],[-22,-4],[9,15],[-2,6],[-8,5],[-8,4],[6,13],[3,6],[3,32],[-11,21],[-60,3],[-12,26],[-9,3],[-11,6],[-74,16],[-6,-16],[8,-3],[-1,-7],[-7,-7],[-11,-15],[-6,4],[0,7],[0,6],[6,24],[-25,23],[-79,15],[-8,-7],[-6,0],[-62,-24],[5,-17],[-5,-30],[-20,-4],[-8,28],[-19,2],[-121,-27],[-5,-3],[-3,-2],[-3,-5],[-12,-19],[-15,-2],[-11,3],[-4,5],[-19,15],[-21,-11],[-2,-3],[-2,-4],[-3,-4],[-1,-5],[3,-13],[-1,-6],[-5,-11],[5,-29],[34,-12],[12,-3],[43,13],[30,-43],[2,-8],[10,-16],[14,-4],[40,-4],[32,-26],[-18,4],[-8,1],[-20,2],[-23,7],[-54,28],[-34,22],[-182,98],[-3,4],[-7,9],[-8,14],[-5,17],[-8,31]],[[54940,72606],[2,10]],[[54942,72616],[4,0],[36,2],[3,4],[5,6],[6,0],[4,0],[2,3],[-36,15],[-15,0],[-5,1]],[[54946,72647],[-290,38]],[[54656,72685],[97,0],[44,-5],[62,-7],[7,1],[71,-7],[7,-1],[1,0],[4,-1],[38,-6],[34,-30],[0,-16],[-6,-2],[-75,-5]],[[54570,72698],[15,-6]],[[54585,72692],[-16,1]],[[59511,71255],[-198,-99],[-212,-70],[-61,-61],[-78,-159],[-43,-35],[-59,-17],[-285,41],[-152,-26],[-79,11],[-152,102],[-66,104],[-99,90],[-154,15],[-77,37],[-108,178],[-87,88],[-46,34],[-109,36],[-126,86],[-83,-82],[17,-22],[-26,-39],[71,-21],[-31,-34],[-84,3],[-31,-34],[-95,31],[-55,-54],[93,-46],[32,-34],[-66,-53],[-33,-4],[7,-11],[-75,2],[-71,-54],[-44,15],[-29,-69],[-34,5],[-19,-38],[-23,-8],[3,-13],[-82,-8],[23,52],[-18,25],[-39,27],[-56,-18],[-28,22],[19,37],[-120,42],[-62,-114],[-83,1],[-37,-23],[-29,5],[-69,-64],[-85,20],[12,34],[72,71],[-20,59],[63,76],[-41,71],[-18,-1],[-5,67],[-82,97],[-24,6],[-20,3],[-4,-28],[-24,26],[-61,-78],[-132,-96],[-36,26],[-22,-52],[-43,-6],[-13,-35],[39,-51],[-19,-26],[-28,48],[-192,195],[-197,133],[-53,5],[-13,49],[-22,-1],[-3,29],[-27,2],[5,65],[-16,-1],[33,209],[-85,7],[-88,-28],[20,99],[-134,61],[-44,35],[45,132],[22,35],[29,-25],[-7,-16],[27,-13],[9,16],[-18,64],[-18,-2],[-3,32],[-32,21],[13,19],[-52,116],[57,26]],[[54928,72529],[6,-7],[10,-7],[7,-2],[134,-68],[-2,-5],[14,-3],[2,4],[87,-40],[12,-6],[105,-27],[5,-1],[23,14],[48,30],[2,4],[-8,7],[-112,60],[-7,24],[118,73],[14,41],[5,15],[-374,93],[-7,0],[-22,5],[-11,7],[-15,5],[-7,-2],[-24,6],[-8,5],[-8,3],[-10,0],[-52,-1],[-14,3],[-234,23]],[[43938,76871],[2,9],[5,40],[5,20],[8,19],[27,41],[37,20],[55,-31],[-5,-5],[27,-7],[12,-4],[37,-22],[47,-41],[-24,-23],[23,3],[-3,-5],[-18,-29],[-120,-57],[-107,11],[-5,1],[-3,60]],[[43363,77216],[38,45],[47,-9],[68,20],[-2,61],[-28,32],[18,22],[56,9],[151,-59],[-11,-21],[-120,-34],[-29,-47],[-91,-68],[-72,6],[-25,43]],[[31782,57474],[-201,172],[-90,183],[-27,18],[-11,47],[17,41],[-27,73],[3,55],[126,219],[-22,14],[68,44],[11,44],[-8,46],[72,95],[8,68],[134,165],[1,237],[-68,195],[-48,73],[1,39],[-28,18],[-33,-12],[-135,31],[-118,233],[-96,74],[-45,173],[-57,139],[-38,70],[-4,39],[-52,46],[-89,-46],[-130,-248],[-130,-86],[-47,-13],[-682,184],[-79,-17],[14,112],[-681,0],[-185,48],[-70,47],[-179,106],[-29,1],[-195,107],[14,98],[28,167],[23,127],[-209,382],[301,-55],[2,21],[40,34],[44,115],[122,-14],[102,-34],[122,28],[1,23],[-411,291],[72,305],[-34,60],[-34,19],[-41,56],[-36,13],[137,62],[135,140],[92,32],[7,-26],[46,35],[78,-23],[81,55],[108,12],[34,-23],[76,14],[45,-32],[69,-6],[50,-11],[81,45],[49,5],[116,-38],[116,13],[66,37],[65,-29],[137,11],[155,-55],[16,-58],[27,-20],[86,1],[81,-25],[125,12],[53,32],[75,1],[66,52],[144,-57],[82,5],[34,-35],[57,-24],[196,-21],[52,-25],[118,123],[96,1287],[44,650],[177,316],[-46,136],[148,164],[125,172],[287,396],[246,324],[166,479],[71,202],[64,85],[-34,39],[-116,810],[31,373],[-171,98],[25,28],[-41,41],[-17,126],[34,16],[57,93],[7,159],[114,170],[199,40],[-163,99],[72,83],[10,38],[-5,179],[-55,161],[17,-2],[-31,172]],[[33005,69057],[32,26],[9,7],[53,35],[29,46],[4,4],[21,34],[2,5],[4,3],[8,11],[1,7],[-1,7],[12,32],[2,5],[0,4],[1,3],[5,3],[37,95],[2,10],[10,23],[2,9],[1,12],[1,8],[1,5],[-2,6],[0,3],[4,5],[-1,111],[-50,58],[-9,1],[-6,12],[18,2],[14,5],[2,6],[12,11],[-1,18],[13,11],[12,7],[10,10],[5,10],[31,19],[42,182],[-21,-1],[29,24],[48,3],[-5,18],[10,-1],[4,-15],[37,3],[199,-39],[6,-2],[12,-2],[10,0],[179,1],[-1,22],[-2,32],[-1,10],[-37,7],[-270,18],[-12,8],[10,37],[24,18],[-16,20],[-29,-68],[-72,35],[-285,35],[-4,15],[-18,-15],[-313,26],[-26,4],[-51,-10],[-27,2],[-75,4],[-37,0],[0,7],[-859,-8],[-6,0],[-74,36],[-12,6],[-58,-5],[-14,-4],[-16,-1],[-35,-10],[-73,-1],[-75,37],[-6,5],[-5,5],[-20,24],[-97,134],[-5,9],[-21,33],[-7,12],[-5,12],[-1,9],[-4,20],[0,114],[5,7],[22,19],[4,5],[5,3],[5,1],[19,13],[2,8],[10,5],[5,2],[2,5],[-2,5],[26,67],[2,10],[-11,46],[-5,8],[-9,35],[-1,10],[10,44],[2,8],[8,67],[4,7],[9,58],[6,18],[-6,91],[8,54],[-22,3],[7,46],[2,17],[6,53],[103,438],[13,56],[-2,20],[-4,19],[-2,41],[48,62],[56,71],[86,116],[10,16],[5,23],[-2,7],[-62,85],[-10,16],[-60,163],[37,77],[96,-37],[103,-75],[70,-27],[14,1],[48,46],[-8,8],[15,14],[52,-38],[39,-47],[1,-24],[-7,-4],[-7,-18],[16,10],[6,5],[9,26],[32,-37],[27,2],[31,49],[33,16],[146,21],[77,35],[25,25],[4,33],[-22,33],[-5,5],[-28,7],[-7,4],[-18,16],[1,4],[-48,52],[-10,4],[-2,4],[2,3],[-21,29],[-5,6],[0,6],[-14,24],[-10,4],[-37,8],[-7,-1],[-5,2],[-6,6],[-2,54],[-14,11],[-6,5],[-10,5],[2,2],[-32,13],[-92,88],[28,94],[189,176],[222,130],[72,73],[12,16],[-17,13],[9,12],[19,23],[23,31],[1,9],[1,51],[35,40],[-8,-21],[-6,-5],[-9,-20],[1,-8],[1,-17],[3,-13],[11,-3],[6,9],[-1,43],[23,7],[14,-31],[24,15],[-21,18],[-19,9],[-2,9],[100,4],[45,40],[61,98],[322,180],[14,7],[4,4],[1,7],[78,69],[69,19],[-5,12],[34,22],[202,46],[2,-3],[15,1],[6,-1],[9,-1],[11,1],[95,30],[16,6],[4,10],[82,41],[14,4],[114,21],[11,5],[11,0],[15,1],[30,6],[135,15],[15,4],[98,7],[13,-7],[33,10],[7,8],[66,-1],[0,-8],[-3,-28],[15,29],[17,-3],[7,1],[90,-24],[4,-4],[278,7],[6,0],[35,4],[1,-9],[22,2],[165,12],[292,-12],[22,-2],[50,-5],[4,1],[74,-7],[-11,-22],[9,-2],[6,12],[8,-3],[-2,-7],[20,-8],[7,11],[106,-39],[48,-16],[12,-14],[17,-15],[21,-8],[61,-5],[19,-7],[5,7],[21,-7],[13,20],[25,-8],[43,24],[23,-9],[10,16],[83,-2],[168,24],[21,3],[20,-25],[-18,45],[-17,16],[11,0],[125,-5],[15,2],[156,75],[206,25],[67,29],[239,48],[159,61],[162,32],[6,-11],[-3,-8],[4,0],[-3,-10],[20,9],[-7,2],[0,17],[26,-16],[17,-12],[162,-20],[28,2],[38,2],[218,21],[152,59],[1,8],[52,5],[2,13],[5,7],[56,5],[39,4],[36,3],[56,6],[-6,-11],[-12,-34],[20,7],[20,10],[-5,34],[11,0],[160,-5],[204,27],[18,0],[5,3],[59,8],[19,-1],[53,8],[12,5],[49,7],[4,-3],[17,3],[13,1],[21,-1],[24,4],[10,2],[13,0],[53,4],[8,3],[26,2],[7,-1],[15,1],[18,4],[11,0],[10,-2],[8,2],[79,-3],[19,-2],[195,-9],[24,1],[97,-4],[19,-3],[12,1],[8,1],[12,-1],[15,-3],[315,-41],[17,1],[98,-21],[124,-55],[-6,-79],[-51,-61],[-9,-11],[-3,-6],[-4,-86],[-1,-2],[-24,-8],[29,-2],[-13,-9],[17,-15],[27,-39],[27,-126],[-7,-46],[9,-33],[11,-32],[109,-188],[41,-8],[20,2],[180,63],[-14,8],[100,-30],[8,-4],[-19,-19],[8,-12],[30,9],[3,-3],[42,-45],[45,-62],[38,-48],[105,-133],[3,-4],[10,-14],[3,-6],[70,-189],[218,37],[58,-186],[-14,-5],[3,-20],[1,-8],[-103,-37],[36,-91],[67,-92],[-12,-15],[-11,-4],[-3,-16],[8,-3],[8,-2],[24,4],[30,-67],[19,-60],[59,-58],[0,-1],[6,-13],[0,-16],[-50,-26],[-61,-95],[81,-19],[3,-38],[-12,-40],[-7,-14],[-19,-27],[-19,-18],[-28,-28],[-5,-5],[-9,-9],[7,-4],[-4,-4],[-6,-4],[-41,-7],[-11,2],[-42,-10],[-50,-13],[-17,-1],[-51,-14],[-234,-74],[-38,-10],[-167,-9],[-113,40],[-23,5],[-19,-119],[29,-181],[4,-10],[9,-26],[13,-27],[41,-79],[61,-88],[176,-164],[51,9],[3,2],[12,17],[8,-13],[-2,-13],[70,51],[19,10],[52,9],[41,2],[64,7],[6,1],[14,-5],[45,-30],[21,5],[7,-1],[6,-10],[15,-20],[23,6],[7,-12],[18,-15],[12,-3],[3,-8],[299,-314],[17,-18],[24,-37],[-3,-5],[-57,-21],[14,-19],[37,3],[5,-9],[6,-6],[24,-33],[95,-40],[280,-36],[77,8],[30,15],[33,13],[11,7],[165,130],[0,8],[133,171],[14,21],[-17,40],[-7,4],[13,82],[4,7],[100,69],[37,71],[17,34],[9,89],[0,7],[1,7],[2,8],[-1,8],[1,6],[1,15],[-2,7],[5,12],[-4,125],[-2,7],[1,22],[0,8],[0,7],[-3,9],[4,7],[1,48],[-3,7],[-2,10],[4,5],[0,84],[0,134],[-5,7],[-1,8],[3,2],[8,19],[-26,47],[-8,11],[-51,46],[-30,17],[-84,-16],[-72,-24],[-37,-13],[-137,-27],[-228,21],[-54,-2],[-42,5],[33,2],[30,150],[25,315],[42,170],[-10,23],[9,23],[4,12],[77,137],[95,86],[86,52],[17,8],[141,89],[175,39],[174,-32],[138,-81],[8,-4],[64,-76],[1,-5],[-23,-25],[30,18],[48,-68],[30,-43],[93,-86],[4,-3],[0,-10],[34,-45],[18,-18],[-5,-6],[9,-6],[12,5],[112,-60],[314,-81],[68,-33],[24,-11],[51,-24],[43,-20],[26,-13],[63,-13],[-2,17],[43,-1],[6,-1],[5,1],[7,2],[51,-5],[22,-7],[169,-25],[87,31],[21,45],[22,11],[-15,-22],[-10,-48],[54,-63],[124,-71],[18,-6],[79,-10],[36,-33],[2,-6],[26,-123],[1,-7],[-59,-53],[39,-43]],[[44498,72215],[-175,-81],[-198,-134],[-64,-77],[-76,-183],[0,-31],[112,-15],[50,64],[34,1],[26,-27],[95,68],[72,0],[277,90],[13,-13],[14,19],[11,-28],[20,-9],[49,14],[69,-22],[52,16],[74,-22],[2,20],[115,39],[58,79],[47,31],[-5,32],[57,19],[-11,25],[119,62],[-20,41],[34,20],[-26,41],[-28,-9],[-13,41],[-39,34],[-10,112],[25,16],[5,61],[27,-13],[-10,100],[19,74],[-88,-22],[-44,23],[-49,135],[-45,68],[-26,13],[10,51],[78,4],[10,48],[123,108],[-41,29],[109,86],[-34,9],[-9,-19],[-46,33],[-145,9],[-90,-27],[-97,-86],[-74,-29],[-104,58],[-152,40],[-35,28],[-33,-9],[-182,52],[-10,-31],[-43,12],[-11,-25],[-17,33],[-32,-6]],[[44222,73255],[-20,45],[-4,10],[-5,7],[-73,135],[-62,106],[-2,5],[-66,131],[-3,8],[-4,7],[-4,4],[4,12],[-73,105],[-2,174],[-2,17],[-1,259],[94,176],[8,17],[86,204],[2,7],[38,92],[92,134],[10,15],[-29,10],[64,141],[3,6],[19,40],[25,-5],[11,0],[-21,13],[-12,2],[21,54],[32,84],[35,97],[9,-3],[6,-30],[25,17],[2,29],[-2,3],[-51,18],[11,63],[13,65],[6,28],[21,61],[14,32],[13,28],[33,81],[14,30],[6,12],[20,40],[6,13],[8,16],[10,19],[6,12],[60,126],[32,-7],[28,-7],[13,-15],[19,30],[6,14],[39,60],[6,2],[5,10],[5,6],[7,12],[142,159],[13,11],[1,3],[6,5],[10,22],[-32,23],[46,36],[15,11],[15,12],[41,32],[105,0],[65,34],[21,10],[198,48],[45,11],[169,13],[9,-1],[6,-2],[11,-18],[-40,-14],[-4,-23],[29,-76],[61,-48],[72,26],[100,-96],[5,-6],[14,-13],[21,-20],[12,-14],[4,-13],[20,-17],[49,-41],[22,-12],[-19,-22],[142,-62],[24,-16],[-10,-12],[56,-29],[-2,-3],[33,-18],[150,-83],[137,-42],[12,-3],[28,-7],[15,-2],[14,-2],[12,-1],[22,1],[117,-11],[57,-6],[13,0],[39,12],[12,6],[24,8],[8,1],[93,-22],[43,-3],[67,-14],[12,-2],[15,0],[13,3],[50,-2],[38,-7],[31,0],[55,-1],[112,9],[7,1],[77,-16],[55,16],[8,1],[58,5],[10,0],[237,65],[251,42],[127,-14],[6,-1],[1,-5],[22,-5],[7,2],[32,-6],[9,-2],[90,-9],[15,-1],[12,-6],[21,-12],[9,-3],[49,-33],[-1,-11],[13,-66],[24,5],[4,1],[9,2],[-8,41],[12,5],[-35,69],[-4,6],[-50,59],[-9,8],[80,18],[190,93],[8,7],[249,94],[26,8],[272,42],[503,23],[215,-10],[269,-40],[24,-6],[15,-2],[11,0],[135,-18],[102,-11],[6,-2],[33,-5],[14,-4],[57,-27],[3,-4],[21,-18],[14,-9],[110,-96],[26,-20],[115,-78],[94,-98],[2,-1],[25,-21],[5,-41],[1,-5],[4,-2],[1,-5],[-1,-6],[14,-24],[3,-4],[4,-8],[2,-6],[4,-6],[4,-5],[0,-7],[5,-1],[3,-1],[2,-4],[6,-9],[52,-82],[17,-22],[18,-27],[9,-13],[17,-24],[23,-33],[38,-44],[2,-6],[15,-43],[19,-32],[19,-24],[93,-133],[58,-45],[0,-17],[-1,-17],[9,-16],[35,-39],[6,-8],[11,-16],[7,-10],[3,-10],[26,-34],[9,-5],[8,-7],[-1,-6],[17,-28],[6,-8],[38,-66],[10,-11],[8,-5],[50,-69],[3,-7],[52,-68],[7,-6],[29,-36],[12,-15],[69,-55],[14,-6],[6,-7],[233,-168],[13,-12],[158,-137],[8,-7],[48,-62],[19,-20],[31,-32],[46,-38],[24,-50],[5,-45],[18,-39],[9,-19],[7,-8],[41,-62],[12,-29],[16,-3],[19,2],[13,-43],[-17,-3],[13,-43],[9,-28],[58,-128],[15,-19],[57,-57],[8,-12],[91,-160],[60,-43],[102,-35],[71,-62],[53,-88],[77,-30],[43,-36],[74,-50],[88,-23],[86,-12],[154,-99],[-2,-6],[0,-6],[9,0],[3,2],[121,-39],[127,-124],[38,-30],[142,-80],[5,0],[5,0],[16,6],[39,15],[1,-10],[48,-34],[77,-10],[25,5],[7,59],[5,4],[78,6],[-3,-15],[19,-2],[3,14],[32,-7],[8,-11],[2,-60],[104,35],[7,6],[211,-12],[55,-40]],[[61966,70454],[183,68],[158,12],[135,-23],[252,-16],[111,34],[86,-11],[203,-134],[61,-91],[35,-88],[47,-10],[65,-8],[38,-25],[27,19],[37,-17],[-5,-29],[-42,-43],[17,-30],[28,-12],[40,17],[27,-20],[7,-39],[102,-69],[91,-46],[80,-11],[194,-24],[15,-10],[-11,-21],[17,-32],[17,8],[45,-30],[9,3],[-5,16],[35,8],[-6,10],[95,21],[0,49],[22,19],[121,2],[23,19],[13,45],[-44,40],[-5,21],[48,-7],[8,-27],[49,-7],[19,-26],[64,38],[9,22],[-73,46],[-2,61],[106,-14],[17,27],[16,-4],[-1,-22],[24,-2],[50,38],[39,2],[75,119],[72,3],[59,-60],[-17,-26],[19,-18],[185,-67],[32,59],[245,-59],[-45,-68],[50,-36],[25,17],[36,-55],[29,-2],[-5,-61],[41,-57],[-9,-65],[55,-52],[-49,-82],[46,-21],[10,-119],[99,-1],[52,-24],[67,-98],[38,-97],[66,-55],[2,-30],[78,-100],[49,-127],[47,-48],[35,-13],[19,-54],[39,-21],[13,-37],[49,-21],[36,-51],[108,-40],[110,-73],[196,-23],[-17,-36],[73,-19],[-71,-68],[369,-60],[128,-75],[5,-40],[-38,-60],[-16,-69],[-59,-36],[-24,-44],[-64,-23],[52,-72],[57,-162],[42,-20],[65,17],[133,92],[150,-20],[132,-69],[172,-167]],[[67703,67657],[23,-57],[-6,-149],[30,-60],[141,-141],[188,-103],[145,-180],[104,-83],[122,-5],[256,109],[149,89],[153,26],[81,8],[112,39],[96,-1],[100,-42],[122,-107],[133,-122],[105,-64],[153,-22],[173,62],[67,-13],[78,-92],[79,-49],[123,-45],[113,7]],[[70543,66662],[-12,-36],[-233,-165],[-46,-66],[-39,3],[-61,-97],[71,-10],[-34,-60],[-112,9],[-87,46],[-58,56],[-63,-18],[-56,9],[-52,-89],[-66,-277],[-54,-187],[108,-215],[-113,7],[-186,-32],[-133,-63],[-80,-63],[-55,-45],[-50,-50],[-58,2],[-20,-40],[-147,-143],[-120,-28],[-66,22],[11,-15],[-97,-24],[-97,-50],[-3,-18],[-73,-46],[-58,-21],[-90,-2],[-3,-23],[-193,-94],[-161,-39],[-16,48],[11,35],[-6,59],[-30,23],[-121,-19],[-48,-48],[-1,-22],[-30,-15],[-224,-13],[-27,18],[0,44],[-19,49],[-44,31],[-98,16],[13,57],[-325,42],[-225,55],[-9,2],[-5,-50],[-135,-41],[-272,-25],[-119,38],[24,113],[23,42],[-64,1],[-107,0],[-110,-40],[-229,45],[-31,-21],[-191,-19],[-58,20],[-50,-4],[-68,-56],[9,-34],[-39,-52],[9,-125],[-39,-71],[-57,-45],[-41,-9],[-51,22],[-2,-41],[-87,-69],[1,-23],[-137,-152],[-18,-15],[-85,2],[-126,-4],[-74,20],[-91,17],[-24,-97],[-20,-24],[-117,21],[-23,58],[-69,35],[-59,-28],[10,-20],[-67,16],[-37,-18],[-57,9],[-58,-55],[-90,-2],[-203,35],[-38,-77],[-252,-17],[-17,-20],[60,-75],[-66,-44],[19,-14],[4,-32],[-83,-74],[32,-156],[9,-41],[-21,-80],[-35,-116],[24,-50],[88,-150],[11,4],[51,-75],[6,-87],[98,-22],[34,-55],[-9,-116],[-21,-57],[44,-37],[29,-181],[58,-6],[179,48],[35,-10],[66,-109],[-23,-48],[-3,-30],[38,-41],[-1,-18],[74,-66],[32,-69],[81,-108],[157,-127],[11,-91],[39,-57],[114,-96],[52,-115],[12,-62],[75,-39],[16,-74],[86,-35],[-31,-55],[48,-7],[28,25],[116,42],[15,60],[196,70],[72,-25],[-2,-130],[-21,-34],[11,-36],[-34,-41],[-103,-39],[8,-8],[-22,-39],[-23,-6],[-17,-29],[-115,-38],[65,-81],[-49,-32],[-13,-53],[11,-38],[-33,-52],[47,-80],[-6,-52],[90,-154],[43,-67],[40,-39],[143,-175],[252,-250],[-35,-11],[-192,14],[-61,50],[-136,-45],[-79,-21],[-55,-38],[6,-64],[-23,-36],[11,-34],[-16,-48],[-55,-5],[0,-50],[-7,-126],[121,-81],[8,-62],[65,-44],[50,-116],[95,-49],[50,-46],[62,-45],[70,-87],[-26,-20],[58,-23],[58,-25],[27,-53],[89,-88],[-19,-25],[21,-31],[-32,-47],[28,4],[38,48],[96,-47],[18,-39],[48,14],[-25,29],[67,-12],[66,-75],[54,-13],[36,-39],[-13,-23],[26,-19],[19,38],[9,-23],[40,-1],[2,-13],[-13,-22],[-53,-18],[21,-138],[-7,-28],[-41,-16],[-19,39],[-36,-83],[-115,-11],[1,-29],[-32,5],[-26,-29],[-59,13],[-58,-19],[-6,37],[-136,-21],[-19,-21],[-21,11],[-52,-31],[-21,-1],[-11,27],[-76,-31],[36,-77],[30,4],[-10,15],[102,-1],[23,-67],[-41,-12],[9,-26],[40,17],[27,-23],[1,18],[22,-3],[-2,-19],[72,-60],[4,-27],[106,-80],[6,-25],[23,4],[11,-47],[-15,-33],[31,-20],[-82,-50],[-66,-9],[-80,-61],[11,-54],[54,-52],[76,-139],[61,25],[58,-3],[79,-54],[-16,-16],[7,-37],[45,-47],[-34,-58],[62,-129],[-6,-22],[123,30],[45,-44],[12,-59],[54,-66],[-64,-46],[-14,-69],[-276,-42],[-64,-49],[-68,7],[-44,-23],[20,-14],[-45,-37],[5,-30],[22,-15],[-59,-33],[-34,15],[8,-53],[-17,-77],[14,-74],[42,-44],[143,-74],[209,8],[5,-88],[-54,-52],[50,-79],[-77,-56],[-55,-59],[11,-76],[-19,-38],[-54,5],[-84,-43],[-90,-24],[-71,-97],[-276,-164],[-96,16],[-201,-46],[13,-40],[-26,-33],[12,-28],[141,-74],[73,4],[31,-24],[20,-152],[-46,-92],[-27,-98],[-142,23],[-111,12],[-526,-16],[-157,-86],[-116,-7],[-94,-27],[-248,1],[-165,28],[-71,-5],[-117,-45],[-11,23],[-127,8],[-73,-10],[-115,20],[-180,1],[-246,-55],[-209,-38],[33,-103],[23,4],[21,-53],[-12,-45],[-113,-20],[-32,-60],[4,-28],[-150,-58],[39,-25],[-43,0],[-17,18],[-46,-14],[-14,18],[-101,-33],[3,29],[-40,4],[7,50],[-37,-2],[-6,-33],[-159,-11],[15,-47],[-116,-26],[219,-247],[-10,-75],[89,-14],[87,26],[0,-100],[70,1],[1,-19],[43,-2],[3,-107],[132,16],[54,42],[83,-59],[-33,-45],[-36,-9],[-72,-25],[-15,-24],[-91,-13],[-11,-48],[-26,-2],[-13,-37],[-29,-6],[3,-42],[34,-27],[5,-24],[-16,-8],[-25,-107],[122,-37],[109,-41],[67,-75],[16,-67],[-6,-154],[-120,-145],[-26,-51],[-139,-29],[-1,-26],[-87,-77],[-27,-72],[-162,-23],[-39,-50],[-18,-61],[78,-39],[17,-56],[-80,-70],[-1,-86],[-14,-27],[7,-36],[-31,-57],[83,-139],[10,-130],[-40,-56],[10,-32],[72,-90],[10,-37],[61,-36],[66,-40],[145,-25],[36,-27],[35,-75],[-1,-115],[20,-60],[73,-57],[11,-28],[-11,-42],[39,-28],[36,-56],[49,0],[104,-100],[34,-144],[-44,-3],[-38,-63],[18,-10],[-7,-19],[26,-46],[-10,-13],[37,-193],[106,-73],[25,-73],[87,-131],[46,-9]],[[62876,50548],[-23,-32],[-183,-12],[-17,-19],[4,-41],[57,-50],[-81,7],[-139,-59],[-141,-28],[-17,-29],[12,-14],[-8,-16],[37,-57],[51,-63],[-36,16],[-99,-7],[17,-15],[-21,-43],[11,-11],[-8,-33],[43,-105],[4,-61],[169,-25],[6,-22],[62,-22],[-7,-42],[-61,-91],[20,-68],[-15,4],[-19,-32],[-20,9],[-82,11],[6,32],[-77,-7],[-30,42],[-55,22],[-10,21],[22,29],[-136,83],[-93,1],[-26,-42],[-45,-26],[-23,-53],[-51,-17],[1,-17],[-60,0],[-7,-38],[-56,8],[-29,-41],[-77,-37],[-104,-10],[-97,42],[-38,-32],[-91,-33],[-74,29],[-37,84],[-22,-13],[-66,120],[-62,23],[-183,100],[-36,-15],[-38,23],[-64,-1],[-56,65],[-106,31],[-54,-3],[-166,-64],[-73,14],[-64,-19],[-111,30],[-68,-20],[58,-41],[13,-48],[10,2],[-11,-41],[12,-17],[-12,-36],[13,-31],[-4,-68],[-38,-48],[-75,-31],[58,-34],[-39,-50],[1,-65],[-168,-125],[-3,-34],[-36,-30],[7,-32],[-18,-51],[-207,-64],[-25,19],[-54,-5],[-30,-72],[-35,-16],[-11,-30],[-7,-73],[15,-18],[1,-27],[-42,-19],[-99,15],[-96,-35],[-10,-9],[15,-21],[-9,-6],[-176,-51],[-64,-1],[-9,-60],[-51,-13],[-25,-46],[9,-24],[-52,2],[-26,26],[-20,-34],[-29,12],[-35,-21],[-13,29],[13,50],[-14,3],[25,16],[-46,1],[13,16],[-74,83],[-32,-8],[-66,-58],[-34,-10],[-54,-97],[-48,-26],[7,-32],[57,-25],[2,-34],[-75,-54],[25,-19],[-50,-111],[-57,-21],[-76,27],[-25,-36],[-32,41],[-85,-29],[-19,-24],[22,-33],[-24,-5],[6,-18],[120,-72],[-35,-24],[-85,3],[-74,67],[-9,-22],[-26,14],[-56,-8],[-36,-45],[-223,63],[-92,-13],[-4,-107],[-38,-67],[-52,-12],[-39,16],[9,60],[-47,31],[8,55],[-36,36],[-86,13],[-5,-10],[26,-10],[-12,-9],[8,-16],[27,-15],[-15,-26],[-63,-20],[-9,-49],[-33,-38],[-177,-10],[-52,19],[-18,-14],[6,-28],[-27,-91],[-49,-17],[-4,-48],[-44,5],[-47,-25],[-20,-46],[-183,-29],[-106,-74],[-51,-81],[-48,-42],[-117,-36]],[[56264,47462],[-15,12],[54,49],[-22,60],[7,81],[-28,-1],[-5,31],[-172,141],[49,12],[4,23],[-36,38],[-27,84],[-58,-53],[-137,-18],[12,-55],[-30,-35],[1,-26],[-25,-6],[-44,75],[-39,33],[-25,-13],[-4,24],[-78,-18],[0,17],[-46,-3],[27,-46],[-28,-105],[61,-79],[26,-2],[-41,-110],[35,-41],[-5,-24],[76,-57],[-26,-31],[-104,8],[-27,22],[-85,109],[15,49],[-21,37],[16,47],[-5,87],[-58,-2],[-14,10],[14,8],[-36,3],[-70,66],[-81,8],[-73,-3],[-80,-38],[-13,-55],[33,-49],[31,12],[11,-37],[-16,-28],[20,-48],[-3,-29],[-39,-10],[-23,28],[-88,9],[-155,-38],[-79,-42],[-37,-88],[-58,-17],[-60,-46],[-59,-10],[-71,24],[-181,-68],[-1,-40],[30,-44],[64,-25],[11,-37],[54,-40],[13,-42],[42,-46],[3,-52],[81,-86],[-8,-76],[20,-34],[62,-5],[94,112],[101,45],[-34,12],[-10,29],[74,10],[-10,-75],[-61,-60],[18,-10],[58,56],[11,-6],[-28,-39],[25,17],[16,-19],[-25,-81],[-10,0],[-25,-133],[-60,-12],[-247,-121],[-16,26],[-87,13],[-99,61],[-74,6],[-38,30],[-67,11],[-10,29],[-65,6],[-32,55],[-50,23],[-12,-17],[-31,4],[-18,-56],[-142,57],[-19,-25],[-40,5],[-25,25],[-12,-63],[-50,3],[11,106],[26,39],[39,-34],[9,10],[-49,43],[-133,21],[-109,-27],[13,25],[-36,-1],[-59,80],[-93,44],[-20,44],[-117,-25],[-70,76],[-22,55],[-16,42],[-59,46],[14,34],[75,-17],[63,8],[31,18],[59,77],[-8,34],[-115,23],[-24,36],[0,39],[38,72],[66,39],[65,132],[77,8],[26,-47],[23,-5],[87,60],[48,19],[1,35],[176,-20],[-14,32],[19,32],[20,-3],[81,57],[6,23],[-80,90],[-23,76],[8,37],[-42,97],[9,79],[19,23],[-13,24],[5,32],[62,56],[57,49],[-13,48],[-35,31],[-92,24],[-62,53],[-91,123],[-108,202],[-96,101],[39,64],[135,-17],[92,75],[40,84],[5,72],[-67,73],[-27,68],[-16,39],[31,11],[14,-28],[26,-7],[42,-71],[100,28],[87,-5],[29,21],[-23,79],[-74,-5],[-69,96],[-27,75],[14,96],[62,29],[93,-26],[-1,-24],[39,-5],[92,-82],[105,-49],[99,-22],[37,92],[23,21],[-48,66],[-48,69],[-64,-7],[-31,50],[-65,15],[-99,153],[-100,30],[-15,85],[5,84],[-53,16],[15,14],[-44,34],[2,23],[37,37],[-48,32],[-72,-35],[-13,9],[-15,-37],[-85,-31],[-103,-3],[-50,-30],[-48,14],[-77,-27],[-57,7],[-34,46],[-16,-2],[11,16],[-31,27],[-15,39],[-83,42],[-32,-7],[-63,-92],[-90,-58],[-139,8],[-95,45],[-40,43],[-2,40],[59,153],[-22,63],[-58,3],[-202,-47],[-105,-84],[-23,24],[-87,30]],[[52091,50643],[-135,-5],[-63,-32],[-115,9],[-150,-23],[-100,44],[41,186],[43,43],[95,44],[-8,90],[-53,51],[-14,40],[121,117],[3,58],[-33,44],[-54,62],[-33,76],[3,32],[60,80],[-2,27],[-132,71],[-31,63],[72,77],[5,88],[109,0],[48,18],[40,48],[8,51],[11,36],[42,32],[131,129],[54,23],[4,26],[99,64],[-101,26],[38,74],[-85,17],[-3,67],[-27,-2],[6,43],[107,124],[-33,33],[33,25],[14,-9],[-63,82],[-14,46],[232,166],[10,35],[-16,59],[-21,-24],[-40,1],[-15,-16],[-62,3],[-52,-40],[-278,-7],[-103,55],[-119,10],[-107,41],[-61,-9],[-96,-37],[-114,-83],[-97,17],[106,11],[17,56],[20,206],[36,18],[-18,68],[26,35],[-15,39],[14,44],[-29,52],[-8,83],[-47,47],[-27,57],[-117,16],[-28,50],[-54,3],[-42,-1],[-83,-40],[-45,39],[-20,-20],[-24,53],[-21,22],[-13,-19],[-67,74],[26,53],[-15,37],[45,0],[-13,44],[-120,29],[7,19],[38,-14],[29,34],[9,29],[-14,9],[2,24],[70,10],[4,18],[37,-16],[17,11],[-13,5],[-2,28],[-60,22],[-1,45],[-30,21],[6,21],[23,9],[-25,40],[-51,-40],[-20,16],[33,27],[-71,33],[-179,-25],[6,24],[-25,1],[-123,-44],[-62,8],[2,-45],[-33,13],[8,-24],[-41,-18],[10,-83],[-14,-2],[-20,31],[-41,3],[8,24],[-16,5],[-19,-35],[-27,12],[-83,33],[19,31],[-2,45],[-31,55],[-68,33],[-13,33],[49,10],[23,19],[5,60],[112,69],[-150,67],[102,86],[53,18],[-62,102],[-9,67],[-69,42],[-21,47],[-14,-3],[-31,79],[34,7],[-10,20],[-33,51],[25,89],[-6,62],[43,20],[16,66],[102,16],[0,13],[-45,23],[-102,159],[-183,66],[8,70],[-78,24],[-101,-65],[-15,27],[29,36],[-4,70],[95,39],[-21,27],[15,20],[82,13],[30,63],[-31,35],[9,26],[-29,47],[-16,0],[-58,67],[-134,4],[-13,15],[32,28],[-13,8],[-18,-14],[-99,-1],[-77,-70],[-68,8],[-2,32],[-15,15],[-27,-26],[-27,10],[-64,27],[-13,35],[-120,-10],[39,55],[-14,1],[8,37],[-157,0],[8,-28],[-38,-8],[-50,-43],[4,-21],[-38,-12],[-32,17],[-158,-88],[-50,27],[-4,56],[52,94],[-2,96],[-28,10],[-12,63],[31,80],[33,-16],[13,47],[-84,12],[5,57],[-39,5],[5,29],[-61,26],[-2,54],[-41,-25],[-29,40],[8,32],[-68,32],[70,17],[49,-61],[62,-15],[27,17],[29,51],[52,-37],[0,-21],[-19,-15],[7,-36],[25,-25],[123,12],[84,-13],[-19,77],[46,61],[-44,98],[23,41],[-2,36],[-101,79],[15,80],[57,19],[51,-69],[118,34],[102,69],[21,45],[-11,13],[-160,43],[-202,135],[-226,38],[-5,40],[-15,0],[0,14],[-228,49],[-41,22],[0,22],[44,62],[6,45],[-20,16],[-5,-26],[-31,-6],[-73,65],[130,39],[80,60],[-24,94],[30,42],[11,79],[13,10],[-16,22],[11,67],[58,42],[4,86],[81,-1],[16,63],[80,-2],[54,68],[0,46],[21,14],[-19,8],[16,33],[118,-48],[143,-22],[11,84],[114,16],[6,23],[15,1],[22,43],[65,21],[1,48],[32,73],[76,59],[10,85],[14,21],[-36,13],[1,12],[22,-3],[-34,29],[2,19],[57,21],[7,21],[81,58],[0,27],[43,-6],[55,97],[12,75],[-12,111],[-101,-9],[-52,51],[-6,25],[62,2],[-13,16],[9,45],[-13,30],[-136,86],[71,163],[83,41],[2,16],[109,74],[-16,71],[18,18],[93,-5],[-10,23],[-30,74],[-168,21],[-39,58],[-54,36],[-18,41],[-12,-10],[-24,18],[-64,-28],[-140,34],[-47,-28],[-113,47],[-53,-62],[3,-26],[-22,-34],[20,-2],[-45,-24],[30,-37],[-14,-9],[8,-10],[-50,-32],[-87,8],[-44,-38],[-11,-48],[8,-34],[-51,-33],[11,-40],[-7,-43],[-34,-2],[-9,-31],[-112,3],[-68,-57],[10,-23],[-42,16],[-76,-15],[72,-60],[-30,-71],[-35,-36],[29,7],[7,-40],[31,-11],[-77,-63],[-14,14],[-52,-21],[-10,12],[-59,-29],[6,-30],[-13,-37],[-34,-6],[4,-29],[-143,2],[22,-11],[6,-24],[14,3],[-17,-59],[-76,-44],[16,-31],[-87,-7],[-46,17],[-158,20],[5,-30],[-51,-4],[-14,52],[-31,-5],[-28,-112],[-83,-5],[-93,-33],[-9,10],[18,14],[-23,17],[-73,-29],[-28,-52],[-561,106],[-128,-32],[-244,-90],[-65,34],[-29,56],[-87,61],[-70,-65],[-13,-31],[-66,32],[21,35],[-24,16],[32,97],[-47,55],[8,39],[-13,28],[44,62],[61,12],[9,49],[-25,46],[-76,56],[-25,58],[14,149],[45,49],[4,39],[-18,116],[6,38],[-92,112],[38,159],[-37,14],[29,21],[-29,35],[0,26],[-86,26],[-39,39],[35,18],[18,33],[-161,-16],[-162,162],[-814,-362],[-4,-12],[-345,118],[-66,63],[-27,-21],[-155,-119],[-51,-65],[-77,21],[-117,-83],[12,-15],[-8,-193],[-12,-2],[-31,-144],[-22,-2],[-25,-44],[-15,7],[-144,-115],[-42,47],[-65,-29],[-15,-29],[18,-27],[-28,18],[-68,15],[-12,28],[-36,14],[-61,-16],[-66,-20],[-4,-32],[-144,-4],[-81,-7],[-59,47],[-1,25],[-59,27],[-98,17],[-70,-28],[-126,84],[-38,-33],[-30,34],[-53,-29],[2,-24],[62,-96],[29,-16],[-16,-2],[-19,-119],[28,5],[19,31],[23,-12],[10,-53],[44,-22],[-11,-23],[41,-20],[-3,-48],[-37,-60],[-12,-50],[60,-20],[-7,-20],[-69,-14],[-3,-21],[85,-64],[166,-27],[140,-83],[273,-84],[15,11],[40,-35],[27,-48],[243,-129],[26,2],[26,-43],[34,-1],[10,-33],[18,-9],[-1,-37],[28,-56],[-9,-2],[75,-234],[49,-67],[12,-70],[12,-19],[86,-20],[-8,-25],[-16,2],[-37,-111],[-44,11],[-16,-32],[27,-36],[-20,-50],[5,-149],[32,6],[13,-68],[-7,-49],[20,-51],[-63,-109],[41,-18],[-7,-51],[28,-10],[17,-49],[-70,-50],[-9,-86],[23,-64],[-74,-52],[-21,-88],[-44,-14],[-26,-31],[61,-47],[25,-46],[0,-30],[22,-9],[24,-61],[126,-45],[304,-57],[78,-37],[-98,-66],[-6,-30],[-56,-46],[-44,-70],[-66,-10],[-33,-70],[-143,-53],[-24,-25],[-73,26],[-91,-66],[-70,-21],[-22,-28],[-145,-69],[-92,-121],[9,-50],[-14,-5],[54,-61],[4,-44],[-49,-42],[-143,-40],[-146,28],[-25,19],[6,31],[-44,41],[-51,-7],[-73,21],[-55,48],[-13,-15],[-148,41],[-84,-42],[8,-30],[-33,-16],[-111,27],[3,23],[-14,11],[-100,22],[6,68],[19,37],[-9,7],[-117,-52],[-58,18],[-3,-61],[-32,-76],[-143,11],[-51,-46],[-32,-58],[-56,-43],[-38,-1],[-3,-25],[-30,-3],[-5,-34],[-101,-74],[-16,-63],[-48,-37],[-3,-39],[-55,-100],[4,-24],[-83,-25],[-87,17],[-4,-18],[-21,1],[-31,30],[-37,-12],[-21,23],[-73,-5],[1,14],[-17,2],[-10,-16],[-151,-33],[-31,-39],[-219,-89],[-60,-46],[-35,73],[-158,32],[-34,-12],[-27,34],[-75,-9],[-13,2],[-8,-38],[-112,-13],[-56,10],[1,37],[-44,9],[-46,-44],[-53,-21],[-2,-43],[-138,-49],[-79,-54],[-16,-40],[-32,-26],[-10,-50],[-50,-48],[-548,187],[32,73],[-76,50],[-198,245],[-30,-2],[9,21],[133,80],[319,101],[60,1],[103,50],[83,110],[34,15],[308,-8],[-25,249],[-18,9],[13,76],[-16,1],[-4,34],[13,28],[-49,8],[24,34],[-25,0],[-2,14],[49,1],[-21,30],[12,32],[89,-9],[-6,30],[52,-15],[-4,-16],[48,13],[19,38],[-86,59],[15,40],[-94,46],[-170,-19],[-100,-38],[-145,79],[-159,-21],[-57,18],[-30,37],[-39,6],[-76,55],[-19,-12],[-6,13],[17,19],[-53,23],[7,60],[-51,44],[33,29],[-37,27],[-23,50],[56,0],[-5,70],[8,14],[24,-13],[11,41],[17,-4],[14,31],[-14,6],[15,27],[61,-5],[42,47],[13,41],[-14,47],[19,82],[-12,43],[-32,34],[-4,57],[22,115],[39,30],[133,-1],[92,83],[-184,158],[-36,3],[12,18],[-17,66],[24,27],[-10,68],[152,46],[322,-26],[29,69],[-108,36],[-85,83],[-29,58],[-46,16],[-31,65],[-61,37],[-7,44],[30,26],[-10,48],[29,22],[-12,23],[-14,-9],[-23,20],[-49,-30],[-11,27],[27,66],[-22,12],[12,32],[-44,25],[-8,40],[-128,7],[-256,172],[-12,-22],[-169,-13],[-235,-98],[-253,23],[-68,10],[-189,90],[-300,142],[-196,92],[-100,13],[-57,174],[-41,212],[-47,108],[-72,115],[-31,25],[-148,3],[2,28],[-95,17],[-17,10],[10,19],[-74,6],[-274,104],[-12,18],[-26,-13],[-14,18],[-41,13],[-107,-119],[-122,-206],[-55,-170],[-57,0],[328,-130],[-13,-83],[-94,-57],[-64,-61],[8,-22],[-16,-46],[16,-26],[-105,-165],[78,-22],[14,-34],[-60,-7],[6,12],[-46,20],[-88,-75],[44,6],[-11,-23],[-83,-22],[-38,20],[-58,-29],[-22,27],[-49,0],[-94,-31],[-28,-33],[-77,-40],[-58,-5],[-217,-153],[-132,-60],[-224,-105],[-93,-176],[3,-48],[-96,-23],[-104,11],[-12,-20],[-18,4],[-4,-38],[-25,-24],[-89,36],[-135,-105],[-44,-78],[-34,-60],[-91,-44],[-184,-37],[-102,-12],[-168,-188],[-681,3],[-61,2],[-28,1],[-468,23],[-273,-63],[-17,-47],[-46,-13],[-34,-35],[-7,-65],[-31,-30],[-54,-18],[-284,-21]],[[43891,68865],[23,-45],[62,-71],[112,-181],[60,-41],[31,9],[153,-123],[344,-131],[70,-28],[257,-38],[66,-33],[36,-49],[28,-201],[36,-89],[40,-60],[135,-126],[-13,-44],[16,-21],[49,24],[-32,-82],[8,-30],[128,-68],[-42,-96],[32,-56],[46,-36],[120,-11],[109,-40],[47,-52],[0,-19],[24,-3],[10,-107],[-29,-162],[39,-92],[61,-51],[25,3],[73,-58],[41,-9],[-17,18],[52,18],[6,28],[18,-8],[9,14],[77,-30],[38,7],[8,24],[-21,23],[72,40],[-8,52],[73,30],[17,-96],[33,-23],[15,-40],[95,-23],[172,-78],[76,-97],[50,-20],[58,4],[60,-31],[27,33],[74,24],[-20,-66],[28,-12],[6,30],[22,18],[108,15],[16,33],[-31,25],[-7,73],[-19,32],[13,50],[31,4],[-10,-60],[11,-31],[149,-113],[56,-90],[54,-28],[157,-23],[16,25],[32,-10],[4,30],[60,-24],[4,16],[56,-6],[19,130],[67,-1],[-3,65],[152,76],[29,-2],[107,104],[8,10],[-32,55],[-27,-5],[-30,67],[-45,-8],[-7,15],[-9,43],[43,28],[-35,94],[6,104],[12,23],[-37,29],[36,55],[154,39],[62,38],[-21,21],[-59,-23],[-18,32],[-77,27],[-64,-15],[-30,114],[-106,69],[318,115],[-33,61],[-82,32],[-88,93],[-33,59],[-84,31],[-15,24],[-71,-10],[-51,-42],[-84,-33],[14,-14],[-13,-44],[-29,-11],[-47,-70],[-28,7],[-21,48],[-22,9],[-51,-46],[-201,-5],[-89,-23],[-23,31],[4,37],[-35,7],[3,22],[-41,38],[-98,55],[-17,107],[-38,-6],[-70,50],[21,35],[-93,-22],[-31,18],[-17,-26],[-31,14],[-19,-26],[-27,20],[-45,-13],[-15,30],[-20,-23],[-28,20],[-20,-33],[-23,31],[-44,0],[-44,-21],[8,-24],[-9,-11],[-54,20],[-69,56],[-61,-16],[-61,24],[-44,-19],[-15,20],[22,73],[-33,-17],[-16,24],[-33,1],[-26,29],[-16,55],[-122,32],[-24,-10],[-17,-59],[-28,-18],[-44,32],[11,35],[-26,49],[-16,-27],[-81,-45],[-82,-17],[8,-18],[-20,-8],[-11,-4],[-9,43],[-93,-31],[-41,12],[-14,57],[-41,30],[18,19],[-20,23],[-75,9],[-37,23],[9,15],[-27,28],[-44,7],[-35,33],[-53,-14],[3,-22],[-112,-37],[1,-37],[-19,-14],[-65,-13],[-23,-33],[-29,0],[-18,37],[15,1],[-34,35],[-73,1],[8,28],[-10,8],[39,34],[-31,30],[6,19],[120,70],[28,71],[-176,55],[-53,-76],[-50,33],[-109,-67],[-111,88],[-90,8],[-33,56],[-22,-4],[-7,30],[-19,-3],[3,41],[-21,-4],[-11,27],[-274,-15],[-31,-8]],[[45005,68529],[28,-17],[10,13],[-29,17],[-9,-13]],[[45267,73290],[21,-12],[-11,-31],[69,-17],[51,-12],[17,33],[10,15],[-58,14],[-5,20],[-94,-10]],[[28133,73107],[34,74],[18,30],[43,46],[29,13],[141,2],[515,66],[46,9],[127,33],[33,5],[116,-5],[49,-15],[336,-123],[44,-32],[-18,-26],[-90,-19],[-33,-2],[-413,-26],[-22,-9],[-15,-6],[-32,-32],[-25,4],[-23,-41],[-30,-13],[-6,-5],[-6,-2],[-7,2],[-72,-8],[-11,-7],[5,-16],[-59,-5],[-12,-20],[71,-6],[19,-6],[15,-9],[11,-9],[24,-26],[-2,-19],[49,-4],[7,-30],[7,1],[9,-10],[-3,-5],[1,-7],[35,-16],[101,-16],[11,-51],[-3,-2],[6,-4],[1,-4],[-7,-9],[-10,-11],[-24,-16],[-14,-9],[6,44],[-49,-3],[-4,-35],[25,-11],[-1,-3],[-1,-2],[-4,-5],[-44,-6],[-4,0],[6,31],[-18,2],[-7,-37],[-6,2],[2,31],[4,8],[26,12],[-28,61],[-66,32],[-139,15],[-84,-28],[126,-113],[30,-39],[-64,21],[-83,87],[-23,14],[-25,10],[-10,1],[-10,-2],[-8,-3],[-16,-11],[-25,17],[-50,32],[-199,91],[-76,86],[-2,14],[-1,26],[0,9],[-18,57],[-2,12],[2,38],[-13,1],[-12,-4],[-64,-35],[0,-42],[-20,-3],[-17,24]],[[30063,73064],[17,20],[7,0],[9,-8],[-16,-7],[17,-10],[-28,-2],[-6,7]],[[30066,73692],[8,13],[85,14],[18,2],[10,-13],[6,15],[10,9],[93,19],[22,0],[65,11],[15,21],[5,9],[26,-13],[-3,-12],[-16,-23],[-10,-9],[-17,-8],[-20,-2],[-52,-15],[-11,-23],[7,-58],[34,-31],[-21,-57],[26,-9],[8,-5],[-1,-18],[-8,-11],[-11,-8],[-54,-12],[-20,5],[-116,64],[-77,104],[-1,41]],[[29972,73897],[2,46],[45,30],[30,6],[151,20],[39,8],[1535,207],[250,-13],[89,-43],[-2,-18],[-65,-65],[-10,-1],[7,26],[-33,9],[-33,5],[-136,-5],[-24,-6],[-156,-15],[-1,10],[-152,-23],[-16,-4],[-78,-8],[-41,-3],[0,-11],[-11,-10],[-12,0],[-87,-1],[-61,-1],[-19,6],[-11,-6],[15,-17],[-7,-4],[4,-9],[3,-10],[-3,-1],[-28,33],[-8,8],[-24,7],[-111,-55],[-2,-3],[-7,4],[3,12],[-16,7],[-23,9],[-447,-72],[-55,10],[-101,-18],[-25,-3],[-30,-1],[-23,-2],[-177,-32],[-29,-10],[-57,-18],[-18,2],[-18,7],[-16,16]],[[32394,74414],[5,23],[46,32],[21,9],[39,15],[10,2],[130,56],[202,56],[377,-8],[727,54],[152,-8],[83,-26],[-2,-31],[16,-32],[-12,-23],[-55,17],[-87,-49],[-29,-7],[-16,-8],[-15,-4],[-148,-16],[-14,-2],[-10,-6],[-9,-6],[-11,-4],[-35,-9],[-74,32],[58,-33],[-2,-5],[-10,-3],[-12,-1],[-12,-1],[-13,-6],[-32,-8],[-15,1],[-65,-17],[-16,-4],[-36,-11],[-11,3],[-430,-4],[-18,-1],[-10,0],[0,19],[-26,0],[0,5],[-39,6],[-7,-6],[-6,-4],[-24,0],[-14,-5],[-2,-4],[-6,-16],[-12,-27],[-4,-6],[-11,-8],[-7,-2],[-27,-3],[-21,2],[-20,6],[-80,16],[-16,1],[-1,27],[-63,49],[-32,-5],[-11,-11],[-2,-2],[9,-8],[24,-21],[4,-30],[-10,-3],[-29,-19],[-11,23],[3,4],[13,4],[4,-10],[14,3],[-7,32],[-17,-1],[3,-11],[-10,-2],[-21,-22],[1,-8],[4,-8],[7,-10],[10,-5],[5,-9],[-10,2],[-103,-3],[-14,4],[-25,18],[-11,7],[-8,1],[-22,6],[-22,38],[-5,10],[-12,19]],[[34297,74643],[4,21],[11,7],[17,5],[161,68],[97,14],[312,-45],[44,-27],[-46,-56],[2,-38],[-11,-11],[-164,-8],[-13,3],[-78,7],[10,-9],[-8,-1],[-22,1],[-48,0],[-10,-1],[-13,2],[-52,17],[-41,0],[-14,2],[-14,4],[-13,2],[-12,-2],[-23,-1],[1,14],[-47,-13],[-7,4],[11,11],[-2,8],[-1,3],[-5,8],[-5,2],[-21,9]],[[35155,74637],[33,65],[44,171],[55,73],[69,35],[758,45],[435,-19],[166,-39],[-17,-27],[-83,-15],[-11,-14],[13,-6],[-6,-10],[-115,-15],[-23,-3],[-388,18],[-258,-57],[-61,6],[1,-9],[-41,1],[-8,6],[-47,-1],[-25,0],[-26,-1],[-53,-22],[-55,-81],[14,-40],[-9,-1],[-72,-52],[15,-6],[-9,-11],[7,-21],[-23,-5],[-68,35],[-35,-15],[-5,-15],[-86,-18],[-86,48]],[[36913,75029],[30,86],[75,74],[102,62],[88,26],[536,13],[430,-13],[70,-22],[-26,-30],[-216,-88],[-54,-15],[-71,-20],[-57,-15],[-72,-12],[-50,-3],[-90,-13],[-34,-9],[-212,2],[-41,5],[-18,3],[-12,5],[-24,5],[-13,0],[-59,-13],[-5,1],[-11,8],[13,17],[0,12],[-22,4],[-7,-29],[-15,-2],[10,-5],[0,-3],[-25,-50],[-56,-41],[-5,-26],[-21,-15],[-2,13],[-96,18],[-40,70]],[[38456,75346],[1,5],[1,6],[11,-3],[3,8],[5,6],[159,62],[318,-3],[430,-82],[153,-53],[42,-40],[-1,-21],[-39,-30],[28,41],[-3,18],[-56,3],[-1,-21],[24,-16],[-31,-6],[-14,5],[-168,66],[-45,-17],[-10,-3],[-11,-3],[-4,-1],[-14,-1],[-19,-3],[-13,4],[-39,0],[-8,-2],[-9,-1],[-8,4],[-55,-1],[-18,0],[-10,0],[-14,2],[-84,23],[-19,6],[-140,39],[-6,-2],[-10,2],[-9,5],[-16,1],[-4,2],[-12,8],[-42,10],[-17,-17],[-2,-6],[-17,-24],[-6,-5],[0,-6],[-2,-25],[-3,-10],[-9,-46],[19,-5],[-1,-4],[-4,-11],[-36,-29],[-12,42],[-51,62],[-66,41],[-19,19],[-6,8],[-11,-1]],[[53217,73206],[155,-73],[29,-20],[145,-110],[-1,-2],[-7,-2],[-13,1],[-163,66],[-105,85],[-37,50],[-3,5]],[[52830,73929],[0,-7],[-4,-4],[-3,3],[-34,75],[-20,47]],[[52104,74557],[4,3],[75,-8],[19,-8],[14,-7],[16,-6],[11,-8],[70,-37],[25,-45],[7,-7],[64,-44],[4,-17],[1,-22],[4,-9],[12,-26],[-78,10],[-15,12],[-80,98],[-5,5],[-8,7],[-104,69],[-13,11],[-23,29]],[[54940,72606],[-3,2],[5,8]],[[54585,72692],[8,-6],[50,-6],[13,5]],[[54946,72647],[-38,-3],[-27,-22],[-49,1],[-3,-4],[-10,3],[-3,5],[-14,1],[-5,-1],[-3,1],[-13,6],[-96,6],[-44,31],[-252,26],[-23,4],[-1,0],[-121,24],[-37,-31],[-81,-13],[-8,0],[-70,49],[-49,35],[-2,5],[103,-11],[-1,-5],[34,-3],[46,-2],[37,-7],[11,-4],[8,0],[4,2]],[[54308,72722],[31,-13],[16,-1],[95,-4]],[[44498,72215],[24,-27],[47,-53],[0,10],[1,8],[6,32],[50,66],[51,190],[23,7],[0,30],[-13,18],[-20,20],[-28,12],[-13,36],[-28,39],[-18,26],[-14,0],[-10,4],[-18,25],[-201,299],[-90,129],[-119,134],[55,21],[44,-6],[-5,20]],[[26129,35299],[25,137],[-63,34],[-19,87],[-96,71],[-21,0],[-16,28],[-15,-9],[-34,30],[-6,-9],[-25,34],[-46,-1],[-8,9],[20,26],[-76,120],[-157,99],[37,60],[88,68],[7,54],[65,65],[40,87],[-27,118],[79,145],[14,89],[-27,149],[-23,38],[-76,-19],[-53,30],[-56,5],[-83,61],[29,76],[-22,37],[-26,5],[-6,27],[31,34],[4,67],[83,55],[-141,9],[-30,42],[-72,15],[-63,36],[-55,50],[-99,-44],[-107,16],[-30,49],[-58,-10],[-41,25],[-69,-65],[-62,6],[0,23],[-25,24],[-88,-52],[-91,-17],[-35,-36],[-57,50],[22,32],[-23,44],[-27,14],[-30,75],[-26,2],[-9,18],[29,10],[-46,39],[0,62],[-66,44],[-21,34],[30,110],[20,35],[46,27],[32,91],[41,19],[77,-11],[24,82],[70,54],[7,70],[27,65],[4,106],[72,129],[-16,63],[120,91],[63,88],[2,72],[40,32],[0,26],[-61,128],[-41,28],[-134,-28],[-103,91],[-38,6],[-36,-21],[-17,-61],[-34,-18],[-275,-2],[-31,70],[117,127],[-35,75],[-242,-21],[-33,80],[9,19],[-42,18],[-7,22],[-68,34],[-5,21],[-39,24],[-11,63],[11,21],[-26,21],[-11,33],[-51,31],[-3,31],[-84,94],[13,46],[-47,100],[-34,28],[-128,14],[-47,-36],[-27,30],[-33,-16],[-125,-6],[-245,86],[-26,-112],[-21,-3],[-22,19],[11,56],[-32,5],[3,48],[-10,17],[57,77],[5,91],[-163,88],[-26,117],[81,122],[-221,120],[-50,37],[-4,31],[-60,44],[-73,15],[-45,33],[8,51],[71,89],[46,-13],[120,-88],[59,33],[53,68],[73,47],[-25,31],[35,36],[-30,76],[19,13],[-53,19],[-19,52],[16,41],[-21,17],[25,86],[198,58],[109,71],[18,-10],[6,-64],[140,-49],[28,162],[32,20],[0,23],[21,4],[28,56],[-5,19],[18,13],[-28,47],[20,17],[-10,20],[-60,36],[-1,47],[-31,48],[48,204],[51,51],[13,32],[34,23],[13,40],[-43,-30],[-50,30],[-97,21],[-31,-29],[-122,19],[18,56],[-44,33],[-44,-22],[-35,26],[-200,48],[-27,154],[15,55],[-99,50],[88,68],[97,218],[-4,19],[-357,-13],[-33,12],[-108,-43],[-94,64],[-17,40],[-184,-37],[-129,-87],[-119,-37],[-64,4],[-39,64],[96,82],[14,170],[-83,25],[0,77],[-64,30],[-34,-3],[-49,56],[2,31],[-36,98],[21,30],[8,65],[-91,101],[-10,57],[223,23],[35,45],[144,111],[49,-34],[64,-182],[71,-80],[29,-69],[71,21],[98,-26],[14,42],[-14,31],[80,38],[12,42],[14,69],[-14,20],[20,25],[-10,33],[99,99],[-18,21],[9,15],[70,27],[60,93],[123,96],[30,2],[36,39],[26,-19],[130,38],[137,116],[39,39],[-9,13],[42,60],[132,38],[1,21],[39,14],[4,45],[22,-25],[31,8],[-23,16],[36,21],[-14,17],[19,10],[23,55],[206,48],[45,21],[3,19],[38,30],[80,3],[105,37],[59,-6],[76,9],[-6,45],[109,66],[-314,172],[308,129],[51,22],[-134,92],[-367,-152],[-97,-86],[-92,-44],[-152,19],[-76,131],[-46,434],[45,22],[107,3],[-26,61],[-86,170],[106,55],[337,315],[46,138],[125,128],[82,113],[2,43],[44,53],[-1,44],[85,117],[-6,38],[210,21],[-28,53],[310,245],[-14,52],[-82,260],[11,14],[-15,11],[102,116],[-130,14],[-51,-16],[83,403],[-8,138],[56,7],[-4,96],[29,228],[-36,104],[-53,83],[11,141],[-19,116],[-97,153],[-202,140],[-172,324],[-93,50],[-133,116],[-79,135],[-257,152],[26,119],[-3,69],[28,-14],[24,37],[68,206],[29,35],[-16,21],[65,47],[-11,26],[21,34],[-129,49],[-30,-25],[-100,19],[-25,36],[-45,-16],[-4,23],[-32,16],[-27,-12],[-304,104],[-53,50],[-1,68],[16,11],[-37,65],[31,36],[-10,64],[-23,25],[-13,102],[43,43],[91,4],[25,42],[-60,35],[4,-21],[-26,-5],[-5,44],[-15,-2],[-7,29],[-325,167],[-177,11],[-158,-14],[-22,49],[6,64],[-10,15],[329,198],[10,44],[-80,42],[19,49],[-9,9],[60,52],[-24,-2],[-26,23],[-24,-10],[-21,21],[-41,-11],[4,44],[-21,8],[35,54],[-20,17],[33,18],[-139,119],[-118,44],[5,11],[-25,34],[19,16],[40,-21],[43,28],[-109,75],[153,152],[68,-40],[195,-29],[148,53],[43,32],[12,35],[99,45],[31,-32],[36,20],[158,95],[-30,50],[66,11],[33,91],[257,-168],[51,-17],[316,-26],[258,-74],[-7,110],[-17,37],[6,67],[21,19],[-142,64],[-49,39],[-9,70],[-52,112],[-180,77],[-111,4],[55,27],[19,48],[25,-16],[27,46],[64,-39],[271,80],[71,-75],[35,30],[138,-100],[46,-12],[-14,-32],[16,-18],[-81,-16],[29,-51],[91,-80],[107,-59],[60,-20],[159,27],[237,-23],[69,69],[83,0],[166,-72],[-5,-29],[18,-10],[26,-124],[26,-53],[116,26],[229,-9],[114,-56],[32,-84],[-9,-27],[61,-30],[78,15],[89,-19],[104,-69],[52,9],[-43,100],[46,-2],[-49,93],[55,101],[-178,100],[-11,32],[35,106],[98,-55],[83,20],[60,-44],[76,-16],[11,-52],[28,-21],[99,40],[21,24],[39,4],[97,-107],[87,-26],[45,36],[186,56],[22,33],[-9,41],[18,-6],[105,68],[78,3],[135,85],[35,41],[44,-17],[-10,25],[34,10],[2,-25],[30,-26],[36,4],[3,23],[213,113],[340,92],[76,-9],[29,38],[315,133],[83,20],[4,-17],[46,-14],[47,10],[17,-68],[53,-6],[-4,-34],[152,-115],[99,26],[38,67],[53,10],[68,21],[27,33],[-2,26],[136,45],[162,155],[-26,19],[69,44],[28,86],[-9,14],[21,175],[118,33],[10,21],[127,6],[38,90],[-28,85],[7,81],[-33,85],[-161,17],[32,36],[-336,229],[-52,11],[-18,40],[-97,73],[-325,130],[-231,0],[-7,183],[23,8],[55,92],[7,34],[-18,29],[350,56],[105,85],[28,40],[-7,24],[-41,28],[-9,36],[48,32],[42,-11],[22,52],[26,223],[721,7],[89,13],[99,87],[55,26],[-4,23],[78,275],[-13,0],[217,162],[8,60],[45,23],[315,38],[21,6],[93,118],[1,36],[101,126],[36,74],[24,105],[38,32],[-4,21],[157,38],[135,-40],[168,30],[189,82],[42,75]],[[52091,50643],[-29,-26],[67,-46],[-103,-117],[-109,-57],[-181,-33],[-4,-20],[-69,25],[-158,-13],[-6,-74],[-113,12],[-179,-64],[-1,-31],[109,-89],[56,-77],[123,-42],[25,-35],[-36,1],[-20,-14],[13,-8],[-28,-49],[-93,-37],[-59,-70],[-12,-63],[-84,-82],[-6,-37],[-89,-75],[-39,-5],[-30,-8],[25,-61],[-13,-11],[4,-20],[-24,-7],[5,-34],[-21,-15],[0,-22],[-27,-3],[5,-48],[-15,-27],[42,-43],[8,-48],[-47,-48],[-25,-53],[8,-19],[-46,-6],[-13,27],[-124,12],[-95,-49],[-13,-33],[-53,-29],[-32,-92],[-65,11],[-125,-14],[-46,-61],[26,-18],[-129,-15],[-12,-53],[-57,-44],[16,-107],[-18,-142],[-268,78],[-92,-40],[1,-26],[-101,-123],[-8,-68],[-54,-17],[-52,-8],[-116,95],[-34,-45],[-249,-36],[-71,16],[-68,52],[-15,85],[20,55],[-66,24],[-18,19],[128,259],[2,82],[-135,105],[-83,-48],[-53,-7],[-27,44],[-156,-7],[-131,109],[-9,68],[-17,16],[-137,-72],[-292,-66],[-250,-80],[-120,-72],[-121,-23],[-140,-65],[-57,-46],[32,-124],[72,-64],[35,-3],[35,-41],[35,-73],[-7,-34],[23,-41],[23,1],[3,-37],[18,1],[-1,-27],[-14,-8],[16,-10],[-4,-26],[-20,-9],[-8,-28],[12,-34],[-10,-6],[3,-34],[132,11],[119,-35],[-9,-88],[-14,-21],[52,-61],[-92,-37],[12,-45],[-15,-40],[23,-71],[-36,-38],[6,-47],[-20,-2],[-182,41],[-225,-2],[-212,-139],[-93,-41],[-137,71],[-12,61],[-79,-38],[-34,53],[-41,-13],[-124,24],[-191,-58],[-75,-4],[-108,-83],[-174,-35],[-61,-32],[-141,27],[-51,-6],[-84,36],[-100,-19],[-98,-46],[-6,-14],[58,-97],[-23,-31],[-41,1],[-35,-37],[-46,-8],[4,-35],[-40,-5],[-23,-44],[-35,14],[-11,-106],[-89,7],[-52,30],[-143,-82],[-12,-34],[6,-31],[-25,-43],[-35,3],[-71,-44],[-15,-38],[0,-64],[-46,-45],[1,-21],[-46,-61],[-39,-10],[-18,-55],[-43,-17],[-89,-87],[-36,-17],[-85,-119],[98,-83],[89,-33],[60,-120],[-3,-29],[38,-53],[68,-32],[121,-1],[119,72],[26,49],[-1,34],[44,18],[164,16],[131,51],[111,5],[39,31],[0,33],[60,30],[29,-25],[223,-6],[14,-52],[-15,-18],[98,-42],[28,-21],[-4,-21],[-35,-38],[-2,-38],[-36,-44],[33,-69],[-5,-46],[63,-92],[-7,-47],[37,-112],[71,-49],[155,-61],[-27,-57],[-65,-15],[-67,-57],[4,-188],[70,-50],[-82,-54],[-11,-27],[9,-18],[-98,-54],[-8,-39],[-157,-104],[-37,2],[-49,-59],[6,-13],[-119,-105],[-5,-36],[-14,-5],[-2,-44],[45,-35],[-7,-29],[38,-2],[20,-48],[-12,-30],[94,11],[65,-37],[-14,-53],[-101,-23],[-140,16],[-153,-91],[-137,-74],[-472,83],[-315,-5],[-53,21],[-80,-18],[-32,-54],[-41,-14],[-106,11],[-47,-75],[-43,8],[-31,-50],[-51,-17],[-53,-66],[10,-55],[31,-30],[110,-27],[38,-24],[31,-58],[-43,-105],[-24,-4],[6,-39],[-38,13],[-92,-113],[39,-44],[39,14],[0,25],[19,8],[1,18],[34,-3],[0,-26],[38,-21],[-19,-31],[24,-22],[-11,-27],[21,-27],[39,-4],[27,-59],[11,-24],[-11,-18],[36,-13],[-69,-14],[1,-52],[-53,-44],[-90,-8],[21,-40],[-51,-47],[-78,-38],[-38,-63],[7,-13],[-18,-44],[-71,-29],[-120,-122],[2,-25],[32,-18],[4,-26],[-102,-10],[-61,-32],[15,-18],[9,-57],[-17,-76],[23,-31],[-111,-99],[15,-32],[-5,-62],[39,-29],[9,-20],[-13,-13],[35,-76],[-19,-52],[-143,-5],[-54,25],[-57,-67],[-66,-39],[-112,-81],[-6,-28],[-73,-60],[-81,-38],[13,-56],[-13,-40],[5,-36],[-19,-46],[-117,-18],[-45,-66],[22,-46],[-18,-19],[-73,-26],[-26,15],[-24,40],[-62,-11],[-75,14],[-145,-49],[-122,-4],[-3,39],[-28,15],[-85,132],[1,57],[-67,2],[-124,-5],[-72,-74],[-15,-48],[-139,-97],[-87,-88],[-15,-54],[-147,-105],[-46,-57],[-89,-32],[-92,-63],[-61,-68],[0,-28],[-56,-32],[8,-14],[-35,-91],[-43,-55],[-199,-102],[-35,-51],[-78,-14],[-32,-8],[33,-11],[-15,-12],[29,-58],[-10,-22],[19,-14],[-3,-14],[85,-62],[-52,-52],[66,-53],[28,17],[1,-18],[44,-31],[-28,-46],[34,-15],[14,-26],[-13,-17],[19,-30],[26,6],[54,-49],[-37,-21],[42,-7],[-6,-17],[23,-57],[-6,-37],[-61,-74],[13,-13],[-82,-135],[-5,-90],[-66,-116],[-45,-18],[-52,35],[-43,-50],[-4,-79]],[[40847,39490],[-40,-4],[-4,33],[-93,112],[-91,64],[-142,-7],[-25,37],[-39,-15],[-34,-36],[2,-17],[-61,-10],[-39,-50],[-170,27],[28,166],[-23,161],[-56,61],[-53,29],[-148,139],[-86,111],[-139,68],[9,11],[-138,139],[-9,57],[-31,57],[41,21],[-19,73],[5,73],[56,69],[6,77],[-12,41],[-11,3],[35,69],[5,50],[-22,43],[37,54],[-40,1],[-48,30],[1,66],[-36,50],[-54,32],[-41,-33],[-30,-2],[-95,30],[-107,-41],[-87,4],[-9,17],[-74,17],[-73,108],[-37,23],[8,58],[-58,11],[-13,72],[-23,35],[-68,4],[-53,29],[-154,2],[-184,54],[-22,98],[51,67],[20,60],[-11,75],[40,23],[27,66],[85,113],[-43,57],[-70,-51],[-6,31],[-15,6],[-65,-6],[-80,50],[-48,77],[-7,-16],[-31,2],[-137,41],[-59,-28],[-83,-126],[-162,-102],[-24,17],[-51,-29],[-52,7],[-59,-23],[2,-24],[95,-38],[-15,-83],[47,5],[70,-34],[14,-27],[-33,-74],[-26,-19],[-4,-46],[49,-99],[-51,-53],[-8,-43],[-31,-49],[50,-23],[101,-98],[-109,-63],[14,-25],[47,-7],[16,-40],[-35,-19],[-97,39],[-84,5],[-65,38],[-65,-86],[-64,-31],[-5,-79],[-62,3],[1,-38],[-61,-64],[-151,-35],[-61,-33],[-46,-6],[-24,24],[-46,-4],[26,-58],[50,-34],[55,-1],[27,-26],[-39,-41],[11,-21],[-10,-24],[61,-84],[-11,-20],[-43,-166],[-64,80],[-81,-16],[2,-68],[27,-57],[-24,-38],[-14,-9],[-26,-2],[5,-22],[-86,35],[-42,-21],[-191,13],[-34,-25],[-122,-25],[-7,-56],[-51,-31],[-13,-25],[32,-60],[-19,-53],[6,-54],[-38,-17],[-78,-25],[-147,61],[-40,-5],[-55,39],[-148,-69],[-112,-78],[3,29],[-22,15],[-9,-71],[16,-26],[-34,1],[-122,10],[-32,-40],[-57,-7],[13,-26],[-69,-14],[-44,-49],[-13,-1],[-145,6],[-42,-7],[-22,-26],[-42,0],[-3,19],[-31,-15],[-16,-57],[-34,-2],[-135,-13],[-139,96],[-84,-46],[-83,17],[0,20],[-74,-19],[-42,28],[-27,-35],[20,-6],[-12,-21],[-27,-7],[12,-3],[-24,-61],[-36,-19],[-5,-46],[-45,-37],[95,-9],[-31,-57],[21,-18],[-17,-35],[59,-64],[-50,-16],[33,-31],[-6,-63],[-33,5],[-22,-21],[-61,-69],[-5,-41],[4,-73],[17,-5],[11,-63],[-179,-84],[-39,-44],[-93,40],[-68,-38],[1,-13],[-82,2],[-67,-67],[-231,-61],[-54,9],[-58,-31],[-45,37],[-3,-13],[-96,5],[-1,12],[-110,-15],[-89,14],[-11,-2],[5,-40],[-29,-12],[-12,123],[5,132],[-12,49],[-63,4],[-41,-22],[-28,-63],[-13,-58],[-26,-19],[-7,-141],[-26,-18],[-56,2],[-54,-41],[-8,-74],[-71,-2],[-86,27],[-21,-19],[-5,-36],[-21,-5],[-11,-107],[-106,22],[-82,49],[-56,68],[-36,-6],[-28,-29],[7,-41],[-21,-36],[14,-7],[-56,-62],[-13,-61],[-74,-45],[1,-13],[-38,-5],[-51,6],[5,20],[-140,53],[-23,92],[-61,-4],[-2,40],[-25,28],[-39,-32],[-20,10],[-20,-28],[-99,-87],[-28,-51],[-138,-150],[-152,-138],[-53,-10],[-71,18],[-54,-27],[-10,-65],[-34,-22],[-38,17],[-96,-4],[-3,45],[-75,32],[-70,-16],[2,-13],[-23,-8],[-49,0],[-26,-21],[-51,-51],[33,-118],[27,-16],[20,-82],[-17,-28],[-53,-3],[6,-15],[-67,-29],[4,-13],[-64,-28],[-88,19],[17,42],[-125,-17],[-34,-28],[20,-25],[0,-56],[114,-26],[-79,-123],[77,-7],[17,-30],[64,-14],[-51,-60],[-27,-60],[33,-4],[-12,-24],[45,-55],[-55,-81],[34,-32],[-28,-50],[14,-21],[-61,-25],[-106,-9],[-77,-45],[-54,-70],[-31,8],[-38,-42],[-31,10],[-19,39],[-22,-4],[-57,37],[-26,41],[-127,38],[-116,58],[-39,79],[-11,106],[-45,35],[-181,-54],[-38,-48],[-61,21],[-78,-112],[-66,6],[-58,-29],[-12,-56],[64,-13],[7,42],[57,8],[5,-38],[-20,-32],[5,-22],[65,-15],[14,-44],[-28,-25],[13,-8],[1,-49],[-179,-114],[19,-33],[-3,-25],[38,-23],[67,1],[21,-30],[93,54],[-16,-42],[12,-86],[68,-10],[55,-41],[-50,-81],[1,-100],[-76,-84],[-10,-57],[39,-38],[99,-162],[-6,-8],[98,-56],[56,-7],[-17,-87],[-44,-26],[-2,11],[-1,17],[-104,-1],[-46,29],[-8,-73],[-50,36],[-149,-82],[-12,16],[-169,-35],[-70,-50],[-155,-62],[-58,-77],[-25,49],[0,70],[-68,86],[-14,52],[-166,158],[-97,-53],[13,-121],[-22,-43],[-23,-11],[17,-14],[-37,-34],[-77,-10],[-26,-23],[-45,40],[-10,-6],[-22,26],[8,9],[-53,4],[-12,24],[9,9],[-15,19],[15,32],[-12,13],[27,26],[11,61],[-7,49],[17,2],[-18,34],[-33,-7],[-45,32],[-104,-22],[-25,38],[48,30],[-32,83],[-122,-49],[-31,-17],[-28,-57],[-109,-10],[-30,-55],[-192,-66],[13,44],[-21,12],[-79,-19],[-22,-1],[-64,-62],[-54,-20],[11,-14],[-26,-19],[13,-46],[-79,52],[-31,-51],[11,-36],[-112,-62],[-41,-45],[9,-29],[-33,-14],[5,-10],[-81,-1],[-28,10],[-15,29],[-36,9],[-111,-72],[-29,23],[77,65],[-13,90],[35,84],[-20,34],[-80,21],[-8,87],[-113,-11],[9,-15],[-35,-25],[7,-30],[-27,-13],[-56,64],[-22,2],[0,50],[-52,15],[62,86],[-33,10],[-44,77],[-156,-41],[-84,-20],[59,-50],[-22,-32],[-3,-63],[30,-12],[20,-39],[21,5],[6,-18],[-32,-32],[11,-22],[90,27],[-76,-68],[62,-81],[-6,-63],[97,-148],[77,14],[-15,-38],[25,-43],[-10,-22],[11,-22],[-87,17],[-87,-14]],[[24267,37655],[42,44],[27,1],[23,-51],[53,-27],[9,-38],[-112,1],[-42,70]],[[24157,38007],[126,81],[1,18],[23,-7],[95,44],[12,20],[-6,14],[25,29],[-4,18],[110,59],[52,105],[123,-35],[-16,-127],[-18,-34],[-12,-81],[-71,-52],[-10,-62],[-29,-10],[-58,15],[-42,-23],[-33,-99],[-44,-24],[-27,-42],[-7,-54],[-68,48],[-91,15],[3,143],[-34,41]],[[24090,39003],[102,8],[33,30],[13,-65],[37,-24],[226,-1],[87,20],[20,25],[7,47],[24,11],[105,-88],[96,0],[83,6],[63,-128],[-33,-39],[-57,23],[-77,-18],[-140,-12],[-158,73],[-149,-9],[-45,28],[-41,-44],[-19,0],[13,-31],[-60,-42],[-53,40],[39,15],[27,43],[-143,132]],[[24093,39204],[186,26],[42,-17],[7,-50],[-90,-100],[-21,10],[16,26],[-85,49],[-55,56]],[[56264,47462],[0,-34],[-25,-3],[-18,-47],[22,-101],[-4,-64],[39,-28],[2,-41],[22,-20],[-24,-71],[115,-63],[6,-68],[29,-25],[-5,-65],[16,-44],[-81,-111],[67,-52],[108,23],[86,-53],[6,-65],[48,-33],[0,-25],[-36,-55],[74,-10],[40,-6],[52,35],[51,-19],[60,24],[51,-41],[117,-16],[51,-48],[98,29],[68,-32],[37,16],[31,-19],[22,-18],[-9,-65],[-35,-45],[-19,14],[-18,-28],[-33,-7],[5,-58],[26,-9],[-6,-39],[-21,-22],[9,-16],[23,29],[30,-1],[77,-28],[50,-62],[-22,-12],[32,-20],[75,-13],[-54,-28],[-17,-27],[3,-25],[-34,-93],[13,-15],[67,-32],[118,34],[28,-61],[109,2],[41,-25],[18,-49],[75,19],[62,27],[60,-12],[19,23],[60,-24],[-22,-10],[8,-50],[51,-77],[92,24],[31,44],[37,1],[77,-30],[88,-62],[79,-89],[-13,-29],[13,-23],[85,-16],[37,-2],[24,-40],[52,-15],[88,28],[35,-7],[12,-32],[-52,-114],[-193,-115],[4,-118],[-54,-34],[-9,-22],[29,-42],[53,-25],[4,-40],[-57,-58],[17,-97],[42,-15],[0,-35],[-39,-9],[27,-46],[-23,-1],[7,-15],[-80,-45],[-74,45],[-8,36],[10,24],[-89,66],[8,6],[-14,30],[57,20],[-15,62],[21,6],[-9,31],[-63,7],[-10,65],[-70,66],[-90,-58],[-43,8],[-51,-48],[-179,21],[18,-30],[-81,-48],[21,-31],[86,-20],[39,-63],[37,-25],[2,-33],[54,12],[25,-63],[39,-22],[142,6],[37,-24],[-12,-64],[21,-21],[-2,-30],[-29,-17],[-42,31],[-58,-1],[-11,-33],[41,-24],[15,-42],[-73,-37],[-10,-35],[-80,-66],[-16,-32],[28,-12],[-11,-19],[39,-48],[-13,-30],[16,-11],[-5,-18],[35,-28],[-93,-51],[24,-33],[-1,-20],[-53,-12],[-2,-22],[42,-19],[9,-20],[117,-20],[93,-49],[90,-13],[26,12],[1,-39],[121,-65],[-3,-17],[53,-44],[-15,-37],[104,-60],[-56,-86],[-37,14],[-10,-18],[-66,27],[-24,-28],[11,-29],[63,-24],[8,-22],[6,-45],[-51,-17],[-10,-53],[-30,-1],[-12,-34],[-72,-7],[-36,-28],[-33,29],[-28,-27],[-13,27],[32,17],[-36,22],[-24,-50],[-141,-42],[-128,19],[-64,59],[9,27],[40,21],[-41,46],[-63,33],[-108,-29],[-41,-67],[-79,46],[-177,46],[-67,-22],[-74,38],[-53,5],[-99,-3],[-59,-21],[-40,-54],[5,-39],[-29,-73],[-25,-14],[-4,-30],[20,-87],[-38,-54],[41,-52],[66,-23],[13,-33],[64,-45],[-75,-91],[84,-28],[31,-73],[-23,-12],[16,-29],[72,-15],[68,22],[23,-29],[-87,-65],[-207,-20],[-19,62],[-20,3],[-5,-30],[-66,-17],[8,-29],[-34,-28],[-19,1],[-68,67],[-35,-46],[-10,32],[-61,48],[-13,-7],[18,-24],[-36,10],[-45,-31],[-10,19],[-50,16],[0,16],[-58,-24],[-39,16],[-117,-6],[16,-43],[39,-43],[-10,-53],[-30,-37],[-19,5],[64,-56],[77,71],[3,12],[-25,14],[17,30],[57,-20],[169,31],[-28,-16],[4,-21],[-21,-19],[9,-21],[-18,0],[-9,-34],[10,-4],[-33,-54],[-13,8],[-92,-82],[-10,-30],[26,-41],[58,-24],[53,19],[8,38],[32,34],[124,97],[103,-11],[5,-36],[72,-35],[2,-31],[87,-20],[-9,-14],[50,-53],[-13,-10],[20,-22],[87,-16],[1,-20],[-32,-7],[-11,-12],[7,-17],[-41,-22],[50,-52],[16,26],[32,-12],[-8,29],[51,-28],[-19,-32],[30,-23],[-23,-1],[-4,-21],[19,-8],[-24,-35],[-145,-70],[-50,-50],[-76,-25],[-21,-32],[-27,-102],[28,-90],[120,69],[22,-8],[-23,-68],[16,-23],[-32,-7],[4,-23],[-66,-16],[15,-64],[-47,-48],[-113,42],[-26,28],[-33,-44],[-15,-40],[7,-17],[-63,-37],[-24,45],[-3,-16],[-33,0],[-32,16],[3,26],[-13,6],[-5,-12],[-45,22],[-57,-39],[-69,-64],[-84,-34],[-18,-72],[53,10],[9,-43],[-23,-16],[16,-15],[-94,-97],[-18,-41],[5,-41],[45,-69],[49,-31],[-46,-59],[37,-12],[-18,-21],[2,-49],[-41,-22],[-35,-2],[47,86],[-29,3],[-32,-43],[-29,5],[-10,-18],[-53,35],[-21,-6],[-25,-22],[29,-59],[-23,-26],[-52,-90],[56,-35],[37,4],[73,-11],[-8,-30],[15,-65],[-15,-47],[21,-3],[3,-18],[1,-31],[-49,-60],[18,-13],[-31,-75],[7,-26],[-199,-178],[-25,-48],[15,-45],[82,-33],[11,-26],[21,-5],[-72,-17],[-9,-27],[-21,-6],[5,-29],[-55,-48],[-62,-20],[-37,15],[-52,-79],[-63,-41],[13,-10],[-9,-4],[6,-13],[-20,-13],[14,-14],[-18,-26],[43,-131],[-6,-65],[-59,-89],[13,-81],[65,-10],[116,37],[55,38],[36,-47],[49,3],[52,-24],[41,-54],[162,-35],[127,31],[-4,70],[74,66],[-164,169],[-6,26],[16,25],[-28,23],[13,22],[99,49],[20,-22],[53,12],[37,-18],[9,31],[21,-4],[106,73],[107,23],[166,-41],[85,29],[150,-19],[64,-68],[7,-22],[87,-104],[26,-24],[31,-138],[47,-83],[-8,-15],[38,-11],[-17,-158],[-75,-5],[-37,26],[-6,26],[-58,22],[-89,-26],[-39,-30],[20,-20],[-55,-35],[-36,-40],[1,-24],[25,-74],[61,-43],[12,-25],[-10,-53],[19,-108],[-30,-37],[-10,-72],[45,-139],[98,-76],[-42,-23],[-83,-106],[9,-57],[-50,-76],[-24,-16],[-11,-42],[7,-53],[28,-29],[-9,-63]],[[57231,37532],[-13,-28],[19,-54],[-27,-84],[-16,-24],[35,-56],[-57,-58],[16,-31],[-37,-12],[12,-61],[-27,-12],[-71,-54],[-31,-104],[-114,-26],[-65,-37],[-39,-67],[7,-44],[-45,-66],[-25,-26],[-59,-15],[-49,-65],[-52,-23],[-40,-62],[5,-30],[-42,-39],[-123,1],[-66,-43],[-77,-36],[-66,-68],[-76,-21],[-78,-58],[-90,-10],[-63,-46],[-50,47],[-34,70],[-28,3],[-85,-137],[-111,24],[4,12],[-78,57],[-109,15],[-19,-14],[-85,86],[-47,-7],[28,55],[-19,49],[-20,9],[-35,21],[-113,13],[-79,-77],[-71,74],[-84,12],[-30,-36],[-20,-58],[-19,-3],[-21,-30],[-2,-39],[53,-63],[15,-42],[-43,-128],[2,-52],[-38,-101],[-48,-75],[15,-63],[-24,-47],[-89,-69],[2,-51],[57,-24],[27,-38],[38,-60],[-27,-115],[1,-33],[31,-35],[-10,-42],[-23,-8],[2,-40],[28,-37],[-16,-46],[-53,-47],[-4,-44],[-98,-87],[-69,1],[10,-36],[-65,-3],[-84,-127],[-95,-32],[-78,7],[-85,-48],[-70,-38],[-79,7],[-32,-35],[-33,-41],[2,-33],[-24,-42],[-30,-16],[8,-20],[-53,-48],[18,-36],[250,-103],[-39,-66],[-61,-15],[-82,30],[-95,3],[-108,-72],[-24,-17],[25,-21],[-15,-30],[-54,-5],[-2,24],[-91,-33],[-70,8],[-16,25],[-97,-38],[-22,24],[-9,55],[-36,47],[-8,-2],[-8,-1],[-7,-1],[-188,-45],[-72,-44],[-31,23],[-10,68],[-32,26],[-164,-5],[-112,109],[-22,-41],[24,-18],[-30,-46],[-27,-89],[55,-50],[5,-12],[30,-79],[-28,-25],[14,-43],[29,-17],[30,-61],[48,-26],[-5,-50],[-13,-8],[-51,8],[-57,-26],[-5,-37],[15,2],[1,-18],[-15,-3],[2,-68],[-27,-78],[60,-73],[102,-20],[95,7],[26,-84],[-80,-126],[-99,-21],[-23,-30],[21,-162],[79,-203],[-10,-61],[10,-33],[-56,-74],[11,-26],[-13,-33],[-107,33],[-41,-29],[-94,8],[-178,-49],[-9,-1],[-22,-14],[-126,1],[-77,-57],[-120,4],[-15,-7],[-61,-8],[-69,42],[-90,113],[-100,251],[-60,77],[-1,44],[-55,21],[-236,-2],[-84,94],[-38,19],[-53,-21],[-49,-42],[-67,-26],[-186,96],[-102,11],[-116,-47],[-67,11],[-142,78],[-120,36],[-25,-30],[-37,-1],[-27,-1],[-3,-22],[-8,-20],[-107,-26],[-32,-25],[-91,-8],[57,-73],[14,-47],[-146,-93],[-13,-36],[16,-25],[-70,-61],[-68,-101],[32,-23],[-114,-87],[-23,51],[-27,22],[57,91],[37,30],[18,52],[-22,31],[-2,38],[-74,-44],[-201,138],[-34,7],[-165,-2],[-30,-72],[-17,-1],[-29,-39],[-103,-10],[-51,41],[-51,-28],[-242,-31],[-60,-19],[-101,-13],[-34,-30],[-85,-139],[-59,-62],[16,-257],[-51,-36],[-24,10],[-24,-45],[-55,-84],[-40,-43],[-6,-40],[15,-38],[42,-36],[53,-9],[168,48],[125,-24],[75,-57],[-15,-140],[15,-92],[69,-96],[-32,-26],[-6,-67],[112,-97],[3,-20],[-24,-26],[-136,7],[-61,75],[-49,-34],[-10,-32],[-4,-27],[38,-36],[-1,-85],[-12,-2],[67,-269],[-42,-60],[-21,-33],[54,-16],[4,-80],[31,-79],[0,-52],[24,-32],[-76,-168],[73,-9],[-17,-40],[22,-17],[-12,-6],[13,-27],[-12,-3],[37,-23],[25,-267],[48,-42],[13,-32],[42,-26],[-4,-15],[-56,19],[-44,-26],[-15,18],[-28,-9],[6,-51],[-2,-19],[85,-56],[-5,-60],[-20,-34],[-40,-11],[13,-45],[32,-29],[16,46],[19,-21],[32,2],[34,39],[54,14],[10,-22],[-50,-25],[-17,-34],[9,-10],[39,26],[11,-8],[-30,-70],[16,-24],[50,-9],[54,17],[9,35],[115,130],[46,-76],[-78,-30],[-30,-43],[45,-19],[3,-40],[21,-6],[9,-30],[-43,-27],[-39,-68],[76,-128],[12,-97],[26,-32],[4,-62],[28,-6],[120,91],[201,-35],[-19,-9],[-3,-75],[46,-63],[-62,-66],[-118,-32],[-13,-49],[14,-19],[-21,-16],[-36,-90],[46,-24],[133,-16],[35,-19],[112,-69],[-15,-29],[65,-26],[-54,-59],[-22,-66],[-24,-59],[-24,-34],[-20,-90],[-33,-18],[-65,2],[24,-96],[16,1],[8,-42],[-17,-35],[-60,-23],[-120,-12],[-109,-21],[-23,-21],[-14,-43],[14,-148],[-7,-90],[125,-99],[-34,-84],[10,-48],[-13,-29],[25,-50],[-8,-13],[-82,-68],[-49,10],[-44,-44],[-5,-32],[-122,-114],[-7,-34],[30,-85],[-18,-80],[64,-19],[78,14],[73,-155],[50,-43],[48,-85]],[[49205,26676],[-22,-60],[-13,-136],[-139,14],[-14,37],[1,54],[-26,60],[-43,1],[-7,-112],[114,-132],[22,-59],[-8,-48],[-24,-18],[93,-18],[37,-33],[42,-5],[6,-27],[30,8],[43,-22],[34,-77],[22,-6],[0,-17],[53,-50],[-25,-21],[24,-33],[-59,-55],[-114,-28],[-10,15],[7,63],[-36,37],[-17,75],[-134,1],[-44,-16],[-78,24],[-40,30],[-76,-87],[-53,-31],[-3,-66],[-63,-83],[3,-57],[-15,-29],[-227,-11],[-14,7],[9,28],[-13,18],[-123,26],[-47,-18],[-40,27],[-15,53],[-57,-13],[-22,-50],[7,-17],[-81,-21],[-38,-1],[-100,48],[-5,-34],[55,-83],[-49,-44],[-11,-45],[34,-67],[-101,42],[-71,-103],[2,-48],[-25,-23],[33,-58],[50,-8],[1,-20],[45,-40],[29,-54],[-88,-54],[-107,-14],[-16,-72],[-15,-24],[-106,-38],[-49,26],[-9,40],[-32,1],[-56,-213],[-17,-46],[-84,-56],[-84,-42],[-85,-120],[-108,-77],[-49,21],[-59,99],[-61,29],[-20,-16],[-5,-56],[-44,-76],[-67,15],[-4,18],[-91,53],[41,40],[-34,5],[-24,47],[51,-3],[8,21],[-19,20],[4,58],[86,46],[96,-10],[59,62],[20,67],[-39,37],[5,121],[12,37],[-18,53],[-28,62],[-45,26],[28,92],[44,17],[39,44],[35,-3],[94,93],[69,-32],[54,-72],[-29,-91],[45,-21],[71,21],[114,101],[1,44],[80,61],[-7,66],[11,48],[-25,37],[23,70],[-61,-8],[-84,36],[-221,-56],[-71,11],[-31,-17],[-3,-27],[-43,5],[-4,-58],[-44,-36],[-108,131],[-37,57],[19,35],[-2,29],[18,17],[-20,84],[40,29],[-59,21],[-10,-19],[-33,33],[-60,-44],[-54,-51],[-12,-37],[16,-42],[-226,73],[-48,-38],[-61,21],[-91,68],[-71,9],[-27,-45],[-82,-11],[-9,31],[-20,1],[5,18],[91,-16],[4,41],[-97,12],[-29,38],[12,23],[-34,22],[-30,6],[-24,-21],[-20,6],[-26,47],[-37,-12],[22,46],[-12,63],[17,38],[-17,23],[-45,-11],[-67,76],[20,59],[-75,110],[13,9],[-14,14],[4,39],[-31,-1],[2,17],[22,4],[-7,112],[4,32],[14,9],[51,-3],[45,21],[14,88],[-21,42],[-29,1],[2,35],[-15,10],[-13,-21],[-60,-24],[-18,42],[-47,6],[-14,18],[1,48],[37,3],[4,-53],[74,-6],[12,23],[-8,32],[-18,-2],[-3,-35],[-44,21],[-3,23],[36,29],[14,-24],[31,4],[-13,20],[30,30],[29,5],[-13,13],[12,20],[-12,18],[-48,-12],[-75,37],[-204,-87],[-31,29],[-450,-113],[-33,-2],[7,-48],[5,-16],[-52,-11],[15,-99],[26,-36],[79,6],[48,-205],[15,-130],[49,-91],[18,-93],[24,-40],[-40,-42],[-28,-3],[-55,-87],[10,-61],[-87,37],[-57,-118],[-59,11],[-25,-28],[-72,19],[-52,-27],[-90,29],[-127,80],[-78,90],[-53,135],[-267,289],[-129,17],[0,48],[-48,27],[13,40],[-99,59],[-156,10],[-48,-11],[-18,-64],[-73,9],[-63,-15]],[[43384,26744],[-65,135],[-60,130],[-128,104],[-81,114],[-65,181],[-52,212],[-30,42],[-86,196],[7,129],[25,59],[129,98],[114,56],[319,87],[108,63],[70,98],[17,34],[75,113],[184,171],[5,69],[-49,49],[-60,8],[-200,-40],[-145,17],[-74,61],[-28,54],[-10,79],[-41,111],[-70,117],[-132,158],[-43,60],[-15,57],[3,58],[61,213],[-22,67],[-55,48],[-148,39],[-107,123],[-30,95],[5,113],[46,109],[40,69],[9,57],[-11,79],[-49,118],[-12,39],[-28,80],[-7,99],[-66,135],[-79,119],[-150,151],[-167,128],[-136,175],[-237,200],[-102,39],[-365,50],[-127,-12],[-145,-51],[-172,-50],[-228,-76],[-130,-83],[-142,-56],[-216,-21],[-154,-32],[-437,-217],[-76,-37],[-252,-62],[-510,-37],[-79,15],[-86,64],[-31,47],[-52,273],[-66,88],[-175,88],[-183,173],[-24,33],[-181,105],[-97,97],[-6,55],[11,57],[70,1],[46,31],[-4,31],[78,53],[62,93],[96,-14],[18,-31],[34,8],[11,30],[44,-28],[86,30],[17,38],[-50,56],[29,25],[-16,10],[-41,-25],[14,27],[-1,26],[-13,3],[10,17],[43,-2],[19,27],[-34,24],[0,28],[27,14],[-21,31],[67,19],[16,137],[78,56],[51,-8],[44,-51],[2,-28],[26,1],[58,-17],[30,-45],[22,13],[29,-27],[109,83],[49,0],[83,-70],[59,-76],[5,-60],[29,-10],[54,10],[-31,16],[-10,43],[10,21],[-16,51],[27,47],[-23,24],[-16,56],[-6,97],[45,78],[45,31],[-134,61],[-30,23],[-19,14],[-29,46],[-47,25],[-33,13],[-55,26],[-64,66],[-8,23],[40,48],[-13,31],[-18,-1],[-17,48],[124,100],[108,51],[20,34],[-40,50],[111,83],[155,25],[28,-14],[44,14],[-4,20],[40,28],[-30,39],[43,32],[97,6],[59,18],[21,32],[92,19],[37,48],[-18,42],[29,46],[8,-25],[51,-3],[-39,-45],[57,-22],[16,-19],[38,4],[-24,-55],[76,-23],[12,-32],[-10,-18],[202,-28],[13,38],[-35,19],[73,67],[-28,7],[46,30],[6,-26],[21,4],[105,78],[-90,72],[9,43],[-46,-22],[-47,43],[-31,-3],[25,37],[-54,79],[-57,-20],[-28,48],[30,18],[4,21],[36,4],[0,14],[20,6],[31,9],[1,76],[56,15],[90,19],[31,-17],[24,9],[66,-16],[43,13],[22,-69],[71,-15],[-34,-56],[22,-3],[89,52],[95,-63],[31,13],[43,93],[-6,20],[93,75],[-18,67],[26,47],[-20,25],[19,14],[-25,30],[6,34],[-17,43],[-11,-4],[-15,40],[-38,4],[-61,56],[5,15],[-18,6],[41,136],[-40,24],[1,39],[-44,-5],[-33,17],[4,26],[-67,-4],[-102,-6],[-4,25],[-21,12],[45,37],[4,53],[-13,34],[10,58],[-55,85],[-3,28],[-23,-5],[-12,110],[-18,18],[-35,75],[-11,-23],[-64,30],[22,34],[-22,8],[-20,-46],[-28,-4],[27,36],[-18,4],[-33,85],[-24,0],[4,-15],[-18,-2],[-2,-23],[-36,-9],[-138,11],[-25,21],[49,18],[1,29],[5,117],[23,24],[-83,2],[-44,-4],[-12,-21],[-143,8],[-10,-15],[-45,9],[46,24],[-62,81],[-35,-20],[-58,-1],[-19,42],[-42,4],[15,58],[75,-12],[54,44],[22,91],[34,24],[-30,50],[40,17],[-8,20],[-45,6],[-39,-19],[-27,18],[1,20],[121,24],[0,37],[100,27],[-8,26],[68,15],[-5,22],[28,23],[-10,65],[8,26],[-93,29],[-8,30],[-35,31],[4,11],[-29,34],[-34,6],[11,31],[-21,-5],[-6,19],[14,37],[-16,32],[-30,0],[-25,23],[8,11],[-12,26],[22,69],[-20,18],[94,37],[-35,56],[-25,93],[57,19],[10,19],[50,29],[-8,26],[-24,31],[29,27],[72,71],[38,-13],[17,13],[30,50],[88,77],[-9,6],[38,27],[1,70],[48,16],[30,-5],[46,27],[-11,37],[38,0],[28,-49],[146,-44],[23,-35],[12,-92],[144,6],[29,-36],[16,15],[71,-22],[22,-25],[99,37],[23,-15],[27,59],[-41,-12],[-45,38],[21,36],[27,4],[22,36],[24,5],[138,24],[-49,81],[10,45],[15,7],[-4,17],[43,30],[4,63],[60,117],[3,44],[40,90],[-5,66],[-20,0],[-15,31],[-167,65],[-17,28],[100,94],[-20,2],[2,13],[26,6],[-7,39],[22,11],[-6,17],[14,10],[-19,33],[15,8],[-76,77],[-9,-8],[-38,60],[9,42],[-32,3],[-24,33],[-46,43],[-25,25],[-22,37],[-4,91],[5,67],[20,54],[66,24],[45,60],[2,34]],[[45518,27120],[8,41],[19,19],[25,-15],[5,25],[17,6],[45,-9],[1,-39],[-120,-28]],[[45588,27152],[34,18],[-34,1],[0,-19]],[[43384,26744],[12,-42],[-10,-64],[-57,-105],[-16,-79],[13,-79],[64,-112],[170,-567],[121,-150],[57,-108],[-25,-62],[-142,-68],[-23,-51],[6,-43],[34,-47],[52,-30],[172,-10],[198,-3],[60,-24],[38,-43],[8,-73],[-91,-229],[-5,-22],[-3,-16],[-2,-17],[-2,-27],[2,-25],[-68,-60],[-196,-112],[-15,-32],[0,-74],[24,-33],[59,-21],[42,20],[133,140],[57,21],[8,-99],[-14,-104],[-65,-165],[-75,-100],[-106,-91],[-132,-99],[-40,-82],[10,-85],[56,-55],[151,-46],[65,-46],[43,-85],[2,-52],[-15,-36],[-43,-40],[-131,-41],[-92,-61],[-91,-125],[-82,-81],[-196,-117],[-133,-90],[-85,-125],[-24,-134],[39,12],[38,50],[41,9],[40,-13],[17,-47],[-58,-148],[-46,-58],[-69,-51],[-32,-146],[-33,-59],[-77,-145],[-7,-44],[30,-80],[14,-62],[-14,-78],[-32,-182],[-67,-326],[-77,-143],[-90,-101],[-166,-176],[-102,-173],[-39,-108],[-47,-276],[-60,-152],[-34,-60],[-88,-98],[-137,-105],[-245,-165]],[[41761,19613],[-38,64],[-42,42],[-64,-5],[-140,-98],[-35,25],[18,41],[-13,10],[2,32],[-15,11],[-48,-7],[-35,22],[-35,-10],[-69,16],[-17,0],[-6,-29],[-58,13],[-198,10],[-76,55],[-26,-7],[-36,43],[-37,-18],[-36,25],[-61,-6],[-15,31],[-160,8],[-18,39],[-128,32],[-19,39],[-29,8],[-9,64],[-56,22],[-68,77],[-32,-3],[-34,23],[-92,35],[-66,-9],[-35,40],[-12,-12],[-39,9],[0,30],[-17,19],[-27,-9],[-100,50],[-63,-4],[-57,-32],[-65,10],[4,32],[-23,15],[11,13],[-15,45],[-44,6],[-3,59],[-18,16],[-65,2],[4,21],[-103,55],[-1,67],[-38,-14],[-5,22],[-63,22],[-83,-166],[-85,-41],[6,17],[-26,22],[-1,19],[-69,-7],[-115,52],[-67,-35],[-9,-26],[-50,-37],[-65,-88],[-104,29],[-21,26],[-20,73],[-36,-17],[-28,34],[-102,21],[-39,56],[-62,28],[-51,29],[-19,48],[-137,51],[-43,-80],[-47,-4],[-33,-1],[-49,-41],[-43,-83],[-34,-15],[-65,-10],[-53,28],[-39,-17],[-53,11],[-51,-37],[-24,5],[-5,127],[-37,-7],[-51,-42],[-29,30],[-81,-16],[-23,42],[-64,-3],[-18,22],[-30,-42],[42,-26],[2,-25],[-143,-9],[-53,-46],[-226,74],[-146,41],[11,103],[-17,22],[3,80],[-92,17],[-121,83],[-43,22],[-272,-43],[-47,9],[-239,154],[18,33],[-78,8],[7,57],[-51,46],[-69,172],[-85,17],[-68,141],[-69,22],[3,67],[46,-11],[12,13],[-12,13],[21,30],[71,50],[3,49],[-88,4],[-30,106],[11,40],[1,19],[-186,-10],[-107,-65],[-17,2],[-30,45],[-52,21],[-72,-49],[-54,8],[-4,34],[75,45],[-17,41],[-29,16],[-4,31],[84,52],[-299,-56],[-256,-50],[-134,-36],[4,-82],[27,-38]],[[34372,21866],[-19,5],[-33,-41],[-13,34],[-61,-2],[-33,20],[-60,117],[-62,33],[-5,55],[27,44],[-155,59],[-125,133],[-19,55],[-47,-21],[-19,16],[47,48],[-25,21],[-1,32],[38,28],[-1,64],[12,1],[-128,98],[47,48],[-44,18],[17,11],[-19,7],[5,9],[101,57],[17,22],[-5,64],[37,45],[-6,14],[48,11],[0,-22],[32,-42],[58,-45],[16,6],[28,74],[-25,34],[121,75],[43,75],[-5,44],[-66,23],[-11,24],[60,36],[53,-4],[70,30],[-8,-17],[89,-47],[-2,39],[16,18],[40,-25],[26,23],[92,130],[-47,40],[7,105],[28,38],[67,-4],[-14,30],[36,28],[0,20],[-20,52],[-56,-5],[-41,-42],[-26,22],[0,19],[54,17],[75,74],[27,47],[4,42],[30,9],[-4,33],[27,41],[-15,1],[0,16],[25,18],[-47,20],[3,30],[-75,-7],[8,41],[74,8],[27,24],[-80,85],[75,49],[-19,46],[-34,4],[-144,-70],[-108,-30],[2,66],[16,9],[5,47],[-122,5],[8,62],[-129,12],[-80,-23],[-116,30],[-13,34],[-114,35],[9,16],[-104,-1],[-14,22],[17,26],[-21,5],[79,61],[-40,28],[25,42],[-39,42],[-28,48],[6,27],[-32,31],[-63,22],[-1,17],[-52,40],[-101,-7],[-5,30],[-29,-1],[-10,41],[-27,21],[-20,43],[30,11],[-12,10],[25,41],[-76,57],[172,69],[59,4],[-2,29],[14,15],[103,24],[-5,27],[112,68],[14,9],[-4,26],[36,40],[1,21],[-32,29],[-37,79],[-35,-17],[-125,25],[32,20],[-18,13],[15,16],[13,81],[34,41],[-5,21],[-32,12],[23,32],[-38,10],[19,35],[-3,22],[50,32],[-25,42],[60,40],[-4,14],[41,16],[15,-27],[24,12],[6,-12],[-31,-31],[78,24],[-7,17],[24,20],[-25,34],[-35,15],[-17,33],[-9,-8],[-7,21],[33,36],[-110,1],[-116,29],[-8,93],[10,40],[-26,40],[9,104],[-46,14],[-15,19],[14,13],[-12,35],[-34,29],[-13,47],[55,109],[-63,-10],[-34,-71],[-41,-36],[-26,5],[-74,-13],[9,-26],[-9,-24],[-80,-10],[-61,-37],[-94,11],[-24,34],[30,66],[-35,31],[-113,8],[-82,-22],[-4,44],[-113,62],[-20,32],[14,1],[20,77],[-12,51],[-43,-22],[-61,16],[-52,49],[-39,11],[-41,-9],[-38,-54],[-87,-26],[-112,0],[-88,32],[-28,3],[-13,62],[-27,15],[4,-38],[-65,14],[-46,-47],[-6,31],[-28,12],[9,20],[-44,82],[-57,60],[-40,75],[-79,78],[-266,103],[-133,-128],[-35,13],[-62,16],[-129,-117],[0,26],[25,32],[-10,38],[35,40],[-2,34],[-23,-29],[-96,-3],[6,37],[-28,-5],[-3,-18],[-68,-40],[-56,-15],[-12,19],[-32,-49],[-32,-16],[-17,11],[-6,104],[-66,-2],[-70,-45],[3,-29],[34,-40],[-26,-24],[9,-41],[23,-20],[-24,-20],[-62,27],[4,-35],[24,-10],[-12,-23],[-29,-3],[-12,33],[-29,19],[-89,-7],[-40,-22],[-113,29],[-23,-18],[9,-20],[-42,-2],[-9,-26],[45,-39],[-8,-15],[-62,25],[-23,-26],[-3,-58],[-61,39],[1,27],[-16,17],[-56,-6],[-59,-31],[-96,-180],[-33,38],[-26,-3],[22,-44],[-53,-68],[-96,63],[-17,-24],[-75,66],[-101,-46],[-201,-206],[-73,-16],[-43,-13],[-66,-73],[-76,-41],[-55,-4],[-55,12],[-10,19],[-133,-55],[-84,-25],[-74,-140],[-54,-19],[-27,-50],[-17,11],[-37,139],[-172,-63],[-50,14],[-46,81],[-21,-17],[5,-71],[-43,-48],[-39,-17],[-2,29],[-72,19],[-42,-41],[-93,-32],[23,-58],[-108,-36],[28,-73],[-48,-44],[-80,17],[-59,-15],[-74,55],[-13,91],[-55,70],[-57,21],[-10,30],[-79,-53],[-139,40],[-114,-116],[-48,-4],[-18,-18],[-22,20],[0,68],[-63,2],[-70,-57],[-45,3],[-72,36],[-76,92],[-76,31],[-7,-16],[-29,12],[-99,-66],[-15,15],[-9,50],[-45,-12],[-14,26],[-30,-4],[-5,17],[-68,31],[-50,-15],[-87,-51],[5,28],[-34,16],[-58,18],[-88,-13],[-118,42]],[[25916,26371],[19,58],[-13,33],[-186,131],[-13,30],[32,40],[55,26],[79,-25],[35,8],[7,43],[-61,68],[-2,50],[87,95],[66,12],[76,38],[84,118],[73,49],[27,49],[40,137],[113,239],[-15,52],[-60,13],[-49,16],[33,81],[169,137],[90,124],[163,58],[144,153],[54,35],[39,-1],[-5,44],[-88,77],[-8,26],[63,16],[77,-65],[33,11],[14,25],[-85,51],[-42,46],[4,151],[-18,34],[-1,41],[32,36],[98,45],[25,38],[-9,73],[-67,63],[61,105],[-84,48],[-9,31],[128,80],[81,92],[-10,51],[-33,29],[-50,12],[-27,-88],[-43,-41],[-48,86],[-85,36],[-69,-1],[-66,78],[-43,27],[-45,12],[-138,-127],[-87,3],[-23,30],[-75,-42],[-24,3],[-36,61],[-198,43],[-90,96],[-232,261],[-195,-22],[-41,-115],[-85,-30],[-56,47],[22,120],[-11,30],[-59,74],[-1,72],[-29,46],[-123,-40],[-36,43],[-13,55],[-37,2],[-39,42],[-78,-19],[-92,44],[-26,31],[-23,45],[-50,35],[-47,59],[-43,7],[-51,44],[-18,79],[-41,41],[2,13],[38,-3],[17,34],[-37,78],[-97,23],[9,31],[60,44],[-19,29],[11,16],[-15,9],[32,29],[-63,78],[-28,12],[62,64],[-105,3],[-27,50],[-32,6],[-31,-22],[-30,-55],[-5,42],[-32,55],[6,49],[-10,71],[-15,19],[-47,-12],[-30,-35],[16,-68],[37,-28],[-26,-24],[-55,-12],[-24,92],[-52,26],[-42,81],[-1,37],[31,81],[9,40],[25,7],[-130,28],[-32,26],[-24,55],[-75,8],[-35,44],[16,16],[48,-19],[37,121],[-104,32],[-66,82],[23,4],[43,-39],[60,56],[8,29],[-135,80],[40,108],[-7,30],[-71,105],[-31,21],[20,80],[-29,3],[-10,-41],[-48,16],[-12,31],[13,42],[7,19],[51,-11],[7,46],[67,54],[-37,39],[-34,-50],[-41,20],[50,81],[-20,61],[7,65],[21,17],[65,-16],[21,11],[-4,18],[-37,9],[-23,48],[10,27],[75,15],[-39,48],[35,67],[-48,11],[-8,34],[10,51],[61,35],[14,77],[4,43],[82,14],[53,66],[-15,94],[-37,21],[-69,-45],[1,18],[-54,26],[-20,36],[98,11],[35,55],[-67,89],[7,15],[61,10],[-29,35],[23,49],[49,-17],[29,-51],[37,-1],[7,33],[2,34],[59,26],[21,-13],[62,14],[18,-21],[28,1],[80,43],[-59,25],[38,41],[-55,52],[22,41],[-11,39],[13,24],[-12,22],[31,26],[-50,28],[-44,102],[-95,34],[0,35],[15,26],[69,17],[6,30],[-32,38],[18,39],[79,26],[92,-6],[41,32],[53,108],[-11,22],[30,27],[26,-7],[33,47],[25,-7],[-12,-17],[10,-6],[37,33],[7,17],[31,0],[75,44],[81,-7],[113,68],[24,-31],[43,-3],[50,33],[39,-18],[11,7],[118,140],[-59,63],[26,52],[-11,17],[15,3],[-24,41],[48,18],[11,15],[-14,9],[39,23],[-9,19],[30,9],[1,23],[-20,14],[2,43],[40,15],[50,-7],[22,23],[-21,28],[9,21],[-20,19],[8,29],[55,20],[41,-8],[3,-24],[79,63],[52,-16],[9,-27],[-13,0],[1,-17],[23,-6],[-6,-28],[68,24],[-4,-13],[12,-1],[-29,-17],[68,-10],[25,-48],[39,-16],[64,-46],[-47,68],[12,-4],[-3,30],[23,14],[76,-23],[39,12],[7,43],[48,21],[-5,24],[14,7],[59,-11],[133,26]],[[49205,26676],[45,21],[48,-54],[57,-13],[149,26],[68,35],[111,9],[52,-48],[71,27],[64,-46],[56,36],[61,-33],[52,29],[52,-4],[35,19],[25,-15],[92,31],[73,21],[50,3],[58,38],[29,-1],[0,36],[-21,28],[26,43],[82,-6],[8,60],[42,42],[-3,55],[175,92],[-91,120],[-37,15],[41,52],[-35,35],[64,42],[62,-21],[17,32],[20,50],[81,66],[61,26],[-20,47],[55,-11],[225,-112],[60,0],[47,66],[125,62],[24,35],[44,-82],[100,-98],[87,41],[105,-12],[89,99],[26,58],[-64,22],[-9,31],[-112,83],[31,49],[94,7],[3,21],[-55,26],[59,39],[58,84],[6,23],[-13,19],[26,26],[-31,19],[-16,54],[7,40],[23,9],[-14,61],[-29,7],[-63,103],[-59,-10],[-9,96],[-123,24],[10,-29],[-56,-27],[24,-79],[-4,-136],[-90,-40],[-125,3],[-36,36],[-8,105],[-70,6],[0,19],[46,33],[115,23],[31,30],[66,22],[-93,42],[-39,-10],[-60,19],[-112,22],[-134,-37],[-56,48],[-93,10],[-68,24],[-17,27],[173,-4],[62,42],[-6,71],[-79,136],[0,44],[24,31],[96,15],[155,-14],[125,44],[86,76],[64,-11],[77,-77],[43,-11],[126,92],[124,124],[105,-5],[37,-38],[65,-129],[93,-49],[49,8],[61,39],[24,69],[82,90],[160,16],[63,-27],[48,-55],[-23,-140],[38,-68],[72,-30],[49,15],[76,58],[76,-13],[51,-69],[22,-149],[28,-26],[44,-8],[34,22],[13,47],[-84,141],[-14,143],[17,45],[50,35],[114,23],[13,-10],[-33,-3],[11,-30],[-11,-15],[41,-11],[76,36],[12,-13],[155,37],[87,-1],[249,96],[23,-126],[-61,-23],[18,-91],[46,-50],[-119,-145],[45,-46],[20,-34],[-8,-35],[-47,-16],[-1,-23],[68,-16],[-9,-31],[-61,12],[-18,-68],[-76,4],[114,-102],[-21,-12],[19,-21],[-64,-35],[-20,-83],[-39,-44],[-3,-43],[37,-12],[16,-32],[1,-64],[141,-17],[-6,-10],[27,-8],[-8,-24],[26,-11],[194,71],[-18,39],[28,119],[-1,107],[160,35],[38,-27],[3,60],[17,0],[16,35],[56,21],[5,-49],[19,-18],[-3,-50],[10,-3],[-13,-31],[17,-52],[35,-86],[43,-9],[35,-35],[-7,-109],[26,-4],[75,-2],[-5,21],[57,21],[1,20],[37,26],[26,165],[159,116],[65,27],[65,-7],[40,105],[53,2],[20,-2],[2,-16],[-35,-28],[4,-74],[60,-26],[45,-55],[108,-46],[18,-24],[-2,-35],[41,21],[31,-31],[10,-53],[-10,-11],[16,-17],[-11,-12],[18,-15],[-12,-11],[27,-20],[-53,-47],[54,-27],[0,-13],[42,-9],[-3,-21],[-22,-1],[-71,-6],[7,-21],[-16,-6],[-12,-38],[-16,-1],[-2,-23],[-17,-2],[18,-65],[-30,-15],[3,-18],[43,-39],[43,-10],[-26,-9],[38,-39],[-9,-20],[-28,-2],[4,-31],[52,-38],[-12,-25],[131,-27],[47,-28],[17,-50],[-4,-29],[15,-8],[-9,-18],[24,-3],[37,-78],[7,-15],[-15,-4],[2,-27],[29,-1],[9,-50],[-11,-1],[16,-51],[-14,-3],[4,-13],[35,7],[6,-19],[-110,-18],[-2,-19],[-16,3],[14,-48],[-158,-91],[17,-21],[-14,-35],[50,-66],[11,-49],[-14,-4],[14,-27],[-68,-37],[10,-20],[-51,-29],[11,-15],[-81,-54],[-69,-37],[-79,-43],[11,-19],[55,34],[0,-32],[86,-50],[107,-10],[23,-35],[57,-22],[81,3],[9,87],[36,2],[17,43],[-18,121],[45,13],[-3,26],[40,5],[14,80],[152,57],[45,55],[26,-34],[9,12],[38,-18],[6,22],[38,-10],[-8,-24],[36,-18],[-18,-13],[-58,-39],[-24,-54],[-21,-6],[-29,-118],[8,-15],[104,4],[82,22],[35,-38],[-18,-22],[14,-11],[-31,-39],[42,-1],[9,-24],[1,-24],[-22,-8],[-31,25],[15,-61],[-20,-7],[36,-80],[23,-25],[-19,-13],[8,-55],[-22,-13],[11,-8],[-6,-49],[-46,-20],[-12,-53],[55,-92],[15,-14],[-63,-105],[-15,0],[2,-44],[-16,-2],[-6,-27],[110,-97],[216,-52],[61,40],[143,16],[-18,-38],[12,-10],[29,34],[117,28],[71,-5],[83,-32],[87,40],[41,76],[27,124],[46,-4],[108,39],[53,42],[-7,44],[39,6],[9,50],[-19,6],[-1,16],[-35,-4],[-51,47],[-41,47],[183,98],[-37,37],[40,12],[-3,40],[124,-9],[2,-18],[65,9],[32,-69],[22,-41],[-12,-4],[8,-37],[-16,0],[2,-24],[-80,-13],[18,-71],[-32,-15],[55,-64],[-17,-8],[24,-22],[184,39],[24,-42],[43,8],[8,-23],[59,10],[-4,-44],[-47,-4],[15,-37],[-63,-23],[-84,-116],[14,-19],[-3,-51],[59,-32],[22,-61],[46,11],[5,-28],[-13,-25],[27,-9],[-5,-27],[13,-3],[-14,-11],[2,-24],[38,-42],[-55,-30],[-89,22],[24,-35],[-15,-20],[-74,-17],[-5,-63],[-22,-42],[94,-36],[2,-21],[50,-49],[8,4],[-18,39],[70,16],[33,-36],[95,-42],[6,-27],[31,-19],[-38,-13],[38,-39],[-6,-45],[17,-10],[41,-38],[33,-77],[31,-19],[-6,-16],[-28,-2],[18,-20],[21,-92],[-87,34],[-23,4],[-6,-14],[67,-17],[66,-35],[0,-18],[64,-18],[-4,-60],[-38,5],[-59,-40],[-30,1],[-13,-34],[-156,40],[-125,-35],[-40,-71],[86,-112],[0,-24],[-32,-7],[-2,-74],[40,-3],[1,-18],[54,-23],[-14,-1],[7,-61],[-138,10],[13,-37],[-44,-17],[3,-35],[-11,-2],[16,-62],[36,-6],[-4,-22],[38,-3],[-2,-39],[-41,1],[21,-42],[60,3],[26,-43],[27,-5],[60,8],[-4,23],[21,1],[63,-25],[3,-34],[21,-1],[20,-70],[-84,-80],[9,-14],[-41,-37],[19,-105],[38,-53],[49,-16],[-23,-16],[9,-12],[64,4],[-5,-39],[39,1],[24,-46],[-32,12],[-19,-13],[-3,-23],[-31,-17],[8,-21],[-20,-5],[18,-74],[-44,-8],[-70,-65],[-19,16],[-35,-25],[-10,11],[5,49],[-27,35],[-4,30],[67,33],[-22,12],[-61,-34],[-19,-72],[-25,15],[-22,-22],[26,-25],[-8,-59],[22,-15],[-75,5],[33,-26],[105,-1],[9,-26],[45,9],[7,-16],[-14,-25],[-100,-41],[35,-16],[-5,-22],[12,-16],[-18,-21],[35,-54],[-5,-69],[17,-29],[-18,-5],[12,-46],[44,-70],[44,-8],[14,-23],[7,-66],[-125,23],[-6,-13],[19,-7],[-2,-21],[5,-34],[26,-7],[-50,-34],[47,-23],[-21,-17],[13,-19],[52,57],[29,-38],[22,3],[10,-25],[123,-32],[-31,-36],[3,-14],[26,5],[32,-44],[-8,-15],[9,-10],[46,-10],[6,-32],[39,-11],[41,20],[3,19],[43,9],[-2,-70],[-23,-2],[-8,-31],[46,-20],[22,10],[-4,-20],[12,-4],[20,44],[9,-25],[-17,-25],[65,-2],[-22,-26],[40,-45],[-12,-13],[30,-22],[-23,-57],[72,-2],[12,40],[45,15],[9,28],[21,10],[26,-2],[13,-21],[-11,-20],[34,1],[13,19],[60,-53],[10,-16],[-12,-26],[35,-15],[14,-33],[97,0],[5,-44],[28,-21],[-3,-20],[34,-42],[-33,-50],[39,-29],[7,-28],[-36,10],[-14,-47],[-34,10],[-144,-89],[-46,6],[39,-26],[-2,-47],[-20,0],[-3,-25],[-97,26],[-15,-21],[18,-62],[-31,-41],[-44,-15],[2,-19],[27,5],[-12,-23],[-33,0],[66,-42],[86,39],[54,-93],[35,5],[-3,17],[20,-13],[79,25],[-8,-25],[18,0],[1,14],[42,12],[-12,-14],[10,-18],[-27,-119],[-47,-6],[9,22],[-15,12],[-27,-56],[-31,-11],[12,-31],[33,11],[26,-27],[13,5],[-4,18],[17,1],[108,-49],[16,-70],[39,-31],[-50,-15],[-5,18],[-18,-3],[6,-22],[5,-72],[-48,-43],[34,-56],[-51,-26],[18,-38],[35,29],[31,-9],[9,19],[22,-3],[-12,16],[27,18],[11,-24],[94,-7],[-23,-21],[23,-29],[65,-19],[28,38],[-27,26],[19,9],[48,-25],[11,24],[56,-29],[18,-102],[58,6],[60,-40],[34,-33],[73,-14],[-15,28],[2,39],[34,-43],[18,3],[-14,36],[8,23],[30,-24],[5,-30],[41,18],[73,-4],[0,-69],[-44,-36],[2,-32],[92,-36],[-34,-87],[57,-24],[120,-8],[22,-40],[55,-8],[-9,-24],[17,-31],[-15,-37],[-20,-7],[26,-23],[111,19],[-2,-19],[22,-21],[36,-6],[24,-63],[66,-20],[-17,-18],[-4,-21],[-67,-13],[13,-56],[6,-33],[129,21],[-4,-27],[24,0],[2,-30],[25,-1],[5,-34],[-35,5],[-11,-22],[36,1],[22,-39],[17,2],[20,-48],[14,4],[0,-19],[-21,3],[-1,-35],[25,-30],[99,-2],[13,-19],[-7,-35],[58,-34],[-44,-18],[15,-12],[-13,-6],[-58,13],[-18,-27],[64,-36],[33,-46],[24,7],[44,-71],[-1,-39],[-21,0],[-6,-25],[-84,-50],[-3,-25],[-60,8],[-6,-14],[-44,0],[1,-23],[-53,20],[3,-18],[-33,-5],[23,-13],[2,-19],[115,-36],[27,-14],[13,-33],[23,-3],[-2,-16],[47,-12],[-4,-40],[27,-6],[-6,-18],[15,-1],[-9,-35],[-18,5],[-20,-45],[-26,8],[-6,-16],[31,-16],[-12,-18],[48,-45],[-12,-14],[11,-11],[-7,-38],[-26,-25],[16,-13],[-5,-24],[-19,8],[6,-26],[49,-9],[-15,-43],[4,-55],[-202,-80],[-25,-92],[40,3],[98,-32],[6,-24],[42,-5],[13,-80],[-28,-9],[21,-37],[-16,-22],[17,-13],[-16,-63],[14,-7],[-20,-14],[-47,-15],[1,-35],[-60,-61],[-75,-1],[-35,-19],[-1,-46],[84,-22],[-26,-22],[13,-18],[44,-5],[2,-24],[-41,7],[-20,-20],[4,-36],[11,-2],[-4,-17],[-17,1],[11,-36],[17,0],[36,-28],[-20,-12],[-19,19],[4,-26],[-12,-10],[28,-35],[-30,-11],[-8,39],[-37,-17],[-17,21],[-7,-14],[-22,5],[19,41],[-28,3],[-12,-12],[3,-40],[-23,1],[0,-20],[40,-9],[-8,-52],[15,-5],[-3,-20],[37,-44],[45,-23],[3,-14],[-32,8],[-11,-38],[-38,5],[-13,-28],[15,-26],[35,2],[-4,-15],[-55,2],[37,-20],[33,6],[8,-13],[-13,-18],[27,2],[68,-38],[-35,-33],[9,-11],[36,4],[-3,18],[36,-5],[-10,-14],[20,-53],[18,-7],[3,-34],[27,4],[11,-20],[18,80],[40,-15],[46,28],[36,-11],[-73,-71],[49,5],[30,-20],[4,-40],[-27,3],[-2,-26],[47,-10],[-18,-19],[24,-9],[-1,-27],[48,-54],[67,7],[17,-85],[-14,-7],[-15,22],[-8,-18],[-41,7],[-27,-9],[2,-23],[75,-31],[-7,-62],[66,22],[-14,-59],[47,-10],[40,-26],[-6,-14],[-21,-14],[-13,15],[-18,-18],[-28,17],[-34,-9],[-6,-58],[-137,-126],[-92,1],[-12,-9],[11,-23],[-17,1],[-25,-32],[-63,19],[-4,-22],[-73,-10],[-1,-30],[-28,4],[-13,26],[-38,-18],[-36,16],[-74,-33],[-9,34],[-14,-3],[-5,33],[12,15],[60,19],[-8,16],[38,24],[25,-24],[33,24],[4,22],[-32,6],[0,46],[14,-1],[-49,34],[33,22],[2,77],[32,9],[3,-55],[24,-9],[42,18],[-7,36],[28,3],[0,44],[-45,55],[-50,-52],[-19,17],[-30,-20],[-57,45],[-40,1],[-20,-28],[12,-21],[-48,-6],[-26,-46],[-49,-9],[-15,-42],[11,-15],[-10,-20],[7,-51],[-23,-7],[7,-33],[-35,-7],[2,-19],[18,0],[3,-61],[-81,6],[-55,-54],[-44,10],[-16,-24],[-7,-60],[-34,-14],[-5,-26],[-87,17],[15,39],[-11,8],[-30,18],[11,36],[-11,0],[-5,28],[39,-1],[-31,88],[-20,10],[14,20],[-2,37],[-91,99],[17,3],[-72,32],[-52,-7],[-4,-25],[-24,-8],[-14,19],[-16,-2],[10,-46],[-9,-21],[-85,55],[-29,-21],[-24,20],[22,-1],[-25,28],[-77,19],[-82,109],[-118,29],[-1,-53],[38,-151],[-18,-7],[-53,-27],[35,-35],[-108,-2],[-7,-26],[81,-62],[-87,-68],[-2,-24],[17,-19],[87,-42],[-37,-6],[2,-28],[-25,-12],[93,-34],[-18,-62],[31,5],[3,25],[18,-43],[52,15],[-8,-60],[47,-38],[-13,-17],[111,-38],[6,-86],[23,-12],[-18,-10],[216,-174],[-37,-18],[-5,-16],[22,-9],[-15,-16],[-103,11],[3,-40],[-18,0],[-1,27],[-30,16],[-38,-17],[8,-46],[-24,0],[5,-46],[-23,-70],[99,-64],[13,-28],[25,-34],[8,-27],[-12,-5],[18,-38],[-8,-6],[27,-60],[-1,-129],[12,-4],[-57,-55],[-23,2],[-22,-47],[13,-19],[-26,-3],[27,-78],[-21,-14],[14,-84],[79,3],[21,-41],[-48,-3],[24,-39],[-135,-69],[-81,-10],[-10,21],[-63,-21],[-45,1],[-31,24],[-27,-10],[-9,21],[-97,-9],[14,-30],[-24,-15],[-24,20],[7,-23],[-30,-8],[9,-27],[-116,11],[-33,-19],[61,-31],[-54,7],[-43,-17],[12,-23],[57,4],[53,9],[14,-70],[-43,1],[34,-95],[-51,-35],[-86,-4],[-64,-1],[-131,-65],[-193,-85],[25,-20],[-56,-28],[11,-11],[58,29],[13,-21],[-41,-17],[29,-28],[-10,-9],[-68,34],[6,-10],[-13,-7],[27,-47],[-43,-12],[-8,-58],[-98,11],[-227,-45],[-20,29],[-32,-5],[-22,47],[-16,-3],[-21,68],[-31,18],[15,57],[-21,5],[7,22],[-106,24],[-13,-57],[-86,-42],[8,-21],[-34,5],[-1,-14],[-33,-4],[6,-29],[-198,-82],[-37,-7],[20,26],[-133,-9],[-44,26],[-19,-19],[1,21],[-55,-29],[-16,-42],[43,-26],[-4,-42],[24,-37],[-56,-8],[-27,-44],[-4,-35],[41,-14],[17,-28],[23,9],[-1,20],[29,-16],[-17,-8],[31,-46],[-88,-42],[-121,-99],[-10,-126],[-21,-35],[-210,-115],[-42,-88],[-128,-78],[11,-25],[-34,-32],[28,-69],[62,-67],[54,7],[-11,55],[42,30],[45,-28],[3,-53],[54,-4],[-41,-92],[23,-60],[5,-30],[38,-12],[6,-27],[44,1],[15,-29],[-10,-20],[6,-61],[22,-47],[91,-77],[65,-138],[63,-80],[16,-39],[28,-15],[-4,-72],[84,-43],[58,-71],[57,-30],[8,-79],[-37,-27],[6,-74],[24,-49],[-34,-44],[44,-42],[16,-9],[-20,-59],[-38,-45],[-13,-54],[35,-11],[-1,-50],[47,-48],[-18,-23],[12,-61],[59,-4],[17,-33],[-11,-111],[10,-15],[47,4],[13,-46],[0,-65],[-13,-25],[17,-181],[33,-41],[7,-96],[36,-60],[7,-14],[10,-29],[-15,-19],[46,-68],[-10,-4],[6,-23],[43,-95],[-4,-33],[30,-50],[-6,-47],[8,-19],[125,-157],[82,-31],[34,-32],[2,-35],[9,-24],[-15,-18],[8,-47],[32,-21],[1,-40],[-25,-20],[19,-60],[-50,-76],[12,-58],[73,-35],[-28,-104],[28,-63],[-10,-52],[-26,-14],[-5,-26],[18,-9],[0,-47],[-38,-23],[-24,-77],[-59,-62],[54,-73],[20,-30],[-29,-97],[-56,-51],[-14,-52],[-40,-34],[18,-61],[-58,-111],[1,-143],[-65,-29],[-17,10],[-104,-27],[-38,-32],[-23,-50],[-11,-87],[24,-87],[34,-46],[159,-105],[8,-32],[-52,-121],[36,-54],[-2,-25],[18,-13],[-24,-4],[18,-57],[-56,-21],[9,-31],[-27,-6],[-1,-82],[22,-60],[-10,-49],[-12,-24],[-54,-22],[87,-24],[-1,-54],[-64,-21],[-1,-48],[-53,-58],[-34,-2],[-45,31],[-48,-24],[31,-27],[-12,-12],[24,-36],[-15,-9],[25,-55],[164,112],[22,-10],[-13,-53],[18,-11],[-1,-23],[-25,-17],[-2,-19],[-32,19],[-12,-20],[27,-10],[-5,-17],[-34,-2],[-2,-35],[-31,-32],[25,-20],[25,51],[16,-39],[37,80],[30,12],[25,-68],[-68,-41],[6,-12],[61,-25],[81,-140],[37,-15],[13,-45],[53,-5],[4,-28],[4,-63],[48,-58],[-52,0],[0,20],[-33,23],[-105,-29],[-60,-59],[51,1],[12,-28],[28,4],[-21,-36],[-50,13],[-78,-15],[-49,49],[-22,-31],[-15,28],[-15,-6],[15,-29],[-54,-68],[-96,-36],[5,-23],[-88,-52],[34,-14],[-16,-11],[5,-15],[83,-25],[22,11],[45,-53],[-20,-63],[312,-135],[-30,-15],[5,-28],[-18,-16],[30,-25],[-10,1],[15,-37],[-18,-17],[-20,-69],[9,-42],[34,-56],[-20,-155],[34,-73],[164,-119],[-2,-62],[-94,-83],[39,-65],[-24,-40],[-6,-63],[-137,-79],[2,-33],[-117,16],[-78,67],[-13,-7],[37,-35],[-1,-79],[-43,-4],[16,-30],[-76,-62],[13,-55],[-28,-26],[15,-15],[-46,-51],[22,-20],[-11,-14],[-26,11],[-19,38],[26,62],[-29,18],[30,92],[-58,59],[-35,131],[-40,62],[-80,-5],[-17,19],[-14,-59],[-40,-13],[12,31],[-28,-14],[-12,13],[-70,-38],[-12,23],[7,17],[-19,7],[30,48],[-22,50],[-112,-38],[-107,-16],[-44,-33],[-69,-50],[-78,-93],[-40,-20],[-6,-19],[20,-23],[-19,-55],[-60,-39],[-51,5],[-31,-20],[-62,45],[-66,-11],[-26,32],[-70,-47],[-56,16],[-31,29],[-53,37],[-197,25],[-63,38],[-58,88],[-23,-6],[-13,20],[-114,27],[-42,2],[-31,-25],[-13,35],[-14,-33],[-82,15],[8,-24],[-27,-6],[-2,-58],[-31,44],[-31,-22],[8,-67],[-27,-48],[13,-20],[-11,-21],[-82,-47],[-24,-48],[-67,19],[-70,-10],[-45,-40],[45,-27],[-6,-14],[-36,-90],[-84,-55],[-55,-1],[-36,-66],[-29,-13],[-30,-42],[-111,-74],[-13,-28],[23,-22],[-72,-69],[-63,10],[1,19],[29,23],[-6,20],[32,36],[0,43],[-10,6],[-71,-64],[-3,17],[-23,38],[-50,-85],[-14,-28],[-62,16],[-39,-26],[-26,10],[-22,-47],[-39,-10],[-88,33],[-21,67],[-71,-68],[-49,4],[-14,40],[-43,35],[-118,4],[-37,-48],[4,-23],[-123,-20],[-15,6],[-15,-22],[37,-18],[21,-86],[22,-14],[-17,-29],[-87,50],[-58,-18],[-50,-54],[-6,-54],[-49,-24],[-23,30],[-28,-14],[-19,37],[-32,-16]],[[53474,3631],[-56,44],[-153,-23],[-49,-23],[-105,8],[-12,8],[26,39],[-16,13],[-29,-36],[11,-15],[-18,13],[-11,9],[17,31],[-21,5],[-2,-28],[-16,16],[-11,-11],[26,-13],[-19,-2],[-179,181],[-19,45],[-3,98],[-36,13],[-43,57],[-17,137],[-52,50],[-127,145],[-79,18],[-53,-30],[-78,23],[-66,-31],[-21,35],[-73,40],[-64,24],[-88,3],[-113,101],[-126,27],[-116,-5],[-39,-14],[-7,-24],[-151,7],[-17,-33],[-28,12],[-64,-35],[-65,7],[-168,94],[-49,36],[-96,15],[-78,43],[-107,58],[-137,106],[-81,28],[-90,66],[-136,122],[-22,46],[-64,93],[-15,-2],[16,14],[-25,0],[20,42],[-22,23],[8,83],[-14,44],[-94,65],[-188,63],[-79,65],[-235,120],[-140,26],[-50,41],[-63,100],[-56,36],[-118,93],[-149,55],[-153,117],[-76,88],[-53,-9],[-136,39],[-10,-10],[8,-37],[-36,-10],[-7,-48],[-32,-22],[28,-47],[119,-74],[21,-47],[50,-35],[88,-105],[184,-130],[169,-70],[79,-38],[167,-141],[109,19],[24,-44],[60,-56],[123,-66],[41,-102],[25,-151],[-12,-85],[49,-35],[24,-53],[101,-58],[66,-63],[36,-69],[-11,-64],[62,-106],[-90,-37],[-138,39],[-109,5],[-8,-11],[23,-62],[-12,0],[-2,-33],[22,-1],[5,-23],[-50,-21],[-4,21],[-41,-10],[-89,86],[-21,43],[-80,18],[-68,-41],[-43,13],[-65,16],[-18,89],[-94,96],[-20,35],[-147,10],[-120,-36],[-234,73],[-96,51],[12,45],[-27,37],[25,9],[-4,16],[12,8],[-35,46],[65,-10],[49,-56],[20,2],[7,20],[29,-9],[48,-52],[56,-13],[76,-82],[54,-31],[51,14],[66,-18],[16,30],[25,-20],[-11,26],[33,-9],[-22,66],[-40,69],[-56,28],[-9,21],[-105,32],[-374,174],[-26,32],[-102,22],[-29,21],[-155,87],[-45,54],[-55,12],[-46,-14],[-8,-31],[56,-57],[86,-14],[22,-41],[108,-89],[-3,-26],[-49,13],[12,26],[-44,6],[12,18],[-10,10],[-61,-10],[0,16],[-199,95],[-52,-13],[-6,16],[-87,21],[-95,-15],[-55,-35],[-9,-54],[24,-47],[177,-85],[96,-66],[167,-52],[104,-119],[-68,-106],[-65,-56],[-115,-44],[-33,-26],[-21,-47],[-101,-13],[-52,-28],[-113,-73],[-16,-35],[-112,7],[-114,-52],[-84,-5],[-52,-30],[-103,41],[-70,5],[6,52],[-22,110],[-108,116],[-89,19],[4,43],[44,40],[13,38],[-22,24],[-36,3],[6,33],[31,-5],[25,20],[18,-7],[5,-23],[21,26],[26,-23],[-26,-46],[90,19],[20,32],[-55,59],[28,21],[-13,13],[-143,-1],[-54,-17],[-22,90],[-22,11],[-82,28],[-30,-31],[-40,-10],[-57,21],[63,59],[-10,11],[-55,-14],[-49,69],[-68,10],[61,67],[-30,9],[-17,83],[-85,-43],[22,-86],[-63,19],[-45,-28],[-13,10],[-36,-64],[-38,12],[9,-21],[-22,-20],[-38,-1],[1,-46],[20,-22],[-30,-73],[195,-23],[47,-23],[1,-66],[74,-8],[32,-37],[-34,-19],[-52,1],[-17,-23],[-41,-114],[23,-53],[-29,-5],[-162,73],[-45,48],[-95,47],[-251,38],[-13,46],[47,171],[38,54],[-27,26],[-73,20],[2,14],[-60,4],[-57,97],[27,100],[50,26],[27,53],[138,12],[16,19],[-11,53],[-94,59],[13,21],[-30,30],[-111,35],[-37,-25],[-25,5],[-67,-46],[-34,-45],[-22,7],[-37,30],[2,35],[-42,100],[41,35],[-47,41],[-9,82],[-14,9],[7,19],[-41,-12],[-73,23],[-47,48],[-39,0],[23,52],[-28,47],[-23,-5],[-42,-17],[-5,-40],[-19,-14],[-10,-76],[37,-55],[-14,-97],[42,-7],[-66,-57],[19,-18],[-25,-31],[-19,11],[-92,-82],[-33,13],[-23,53],[-48,44],[33,111],[-38,10],[-34,65],[7,38],[40,20],[14,68],[-36,15],[7,27],[-41,33],[-111,21],[-69,-49],[-44,46],[-106,-35],[-19,73],[-44,29],[-37,-37],[-14,-145],[112,-36],[-5,-30],[25,-62],[-127,-44],[6,31],[-90,47],[-171,-77],[-53,2],[-41,-47],[-13,-41],[-85,65],[-11,-22],[-58,-7],[-53,-34],[-59,30],[-39,-26],[-107,-93],[-46,-107],[-85,-53],[-7,-73],[-42,-28],[-10,-28],[26,-88],[35,-5],[-19,-32],[3,-57],[-84,8],[-43,-37],[12,-24],[-42,6],[-93,-81],[-77,-14],[-106,-138],[17,-30],[49,-14],[51,-69],[22,-51],[-19,-13],[-19,-36],[-65,-11],[-26,-48],[58,-95],[97,6],[82,-65],[30,-44],[71,-42],[73,12],[32,-24],[69,51],[15,-12],[-29,-87],[20,-67],[34,-42],[29,-10],[37,16],[-50,14],[-7,17],[56,27],[-41,38],[7,21],[58,-6],[19,-59],[39,11],[20,-30],[23,-5],[16,0],[-7,57],[166,6],[86,-30],[71,9],[24,50],[-41,57],[7,23],[-17,8],[-8,32],[54,32],[3,-38],[65,-32],[-19,72],[7,20],[176,61],[27,-4],[10,-55],[52,-5],[59,-38],[85,57],[52,9],[36,64],[74,-8],[-7,-35],[26,-65],[33,-31],[15,9],[42,-27],[80,-83],[-36,-113],[-47,-43],[-93,-18],[-39,18],[2,32],[58,7],[30,33],[-17,61],[-43,29],[-24,-15],[-23,-60],[-55,-48],[24,-173],[57,-115],[1,-43],[-79,-90],[-25,8],[-21,-58],[-20,7],[-31,-25],[-14,-41],[-34,6],[-26,-20],[-35,38],[-43,-12],[-22,15],[-20,33],[38,47],[3,53],[68,28],[-29,2],[-14,55],[-55,-6],[-41,87],[-119,10],[-10,22],[-38,-8],[-3,55],[-108,7],[-36,30],[-39,-2],[-10,-4],[-3,-77],[-21,-19],[20,-24],[-67,5],[8,-73],[-124,-35],[-78,3],[-13,-11],[-34,16],[-11,-53],[-24,-34],[-39,11],[8,-24],[-27,-13],[3,-18],[-103,-18],[4,-58],[36,-55],[-7,-47],[37,-5],[19,-44],[119,10],[67,31],[50,-76],[-68,-43],[-83,4],[-97,-61],[-86,-2],[-187,-66],[-65,11],[-234,111],[-80,-50],[-54,-82],[-247,52],[-220,11],[-54,31],[-96,108],[-88,43],[-43,64],[17,146],[-24,31],[-125,44],[-135,-24],[-39,63],[-49,-2],[-140,-29],[-86,-84],[-29,17],[-34,121],[-61,38],[-60,8],[-59,-16],[-70,-78],[-48,-85],[-97,-44],[-78,-87],[-130,17],[-98,-61],[-2,-53],[-24,-26],[-211,-8],[-64,-75],[-25,-145],[-60,-56],[-90,-14],[-122,79],[-78,-14],[-108,-91],[-83,-29],[-159,-28],[-164,70],[-199,-15],[-154,31],[-40,-31],[-28,-95],[-38,-38],[-98,34],[-145,11],[-56,51],[-21,48],[-6,55],[36,78],[-44,107],[-106,108],[-76,28],[-133,0],[-67,-11],[-102,-58],[-70,-8],[-45,16],[-31,36],[-72,15],[-44,-9],[-39,-80],[-30,-124],[-86,-68],[-48,-72],[-111,-48],[-212,-57],[-57,-44],[-231,-26],[-51,-10],[-186,-100],[-155,2],[-91,38],[-53,98],[-104,40],[-77,113],[-52,37],[19,35],[42,-34],[59,-15],[137,63],[51,6],[18,-4],[1,-21],[33,-2],[8,17],[-18,6],[28,40],[43,26],[0,-31],[22,-34],[31,68],[-50,28],[-26,101],[-74,28],[-2,26],[103,103],[53,15],[30,35],[-91,-23],[-67,-76],[-67,0],[-155,49],[-29,8],[-33,-32],[11,-33],[-31,-11],[-100,-106],[-73,-50],[-127,11],[4,81],[-134,57],[26,68],[6,60],[-13,39],[-147,134],[-63,189],[-52,59],[-196,138],[-144,170],[-18,101],[-1,140],[-60,131],[4,44],[19,32],[179,145],[70,83],[42,147],[-22,98],[-131,326],[-4,132],[130,328],[39,136],[86,151],[25,73],[-1,129],[-62,173],[6,101],[36,67],[123,85],[58,85],[9,87],[-18,215],[16,66],[47,84],[214,244],[68,124],[9,45],[-50,204],[-79,135],[-301,326],[-27,56],[46,227],[-41,292],[7,54],[32,73],[48,127],[-17,157],[-3,40],[31,66],[117,75],[38,50],[15,59],[-13,140],[7,40],[132,169],[122,148],[65,140],[60,133],[185,152],[54,163],[74,263],[73,272],[5,165],[32,77],[108,98],[264,108],[24,25],[31,43],[18,82],[-117,507],[-8,84],[26,184],[93,231],[64,151],[108,277],[17,353],[11,30],[27,32],[175,89],[45,39],[58,89],[24,103],[-28,193],[18,156],[-2,124],[-43,204],[0,62],[39,98],[218,316],[49,164],[31,83],[44,48],[145,60],[241,139],[596,647],[63,89],[0,222],[16,95],[27,51],[71,32],[181,-23],[110,25],[46,42],[33,58],[19,144],[38,61],[97,39],[148,-21],[50,9],[64,30],[102,87],[145,186],[41,123],[83,301],[103,272],[64,132],[98,170],[148,205],[48,63],[83,106],[70,124],[53,100],[43,48],[291,98]],[[45403,4860],[84,18],[-2,13],[43,16],[8,37],[21,1],[-23,79],[-68,36],[-10,64],[58,-28],[57,23],[28,-9],[-12,-18],[10,-10],[45,-14],[33,10],[-5,27],[99,40],[42,-44],[24,-84],[25,-35],[-4,-52],[51,-13],[3,-55],[-86,-14],[-149,67],[-108,-93],[-74,-28],[-48,11],[4,25],[-46,30]],[[49356,4648],[3,40],[41,-85],[-44,45]],[[49930,5033],[65,31],[49,-28],[6,-26],[-27,-13],[-82,14],[-11,22]],[[57231,37532],[90,32],[112,103],[58,-5],[8,15],[-36,11],[18,35],[-5,28],[25,15],[5,26],[139,68],[38,43],[-2,59],[38,-17],[10,24],[-1,46],[65,64],[105,5],[58,-33],[9,-21],[-38,-12],[-18,-30],[50,-28],[36,-55],[71,-66],[67,2],[10,13],[-11,18],[23,34],[-15,11],[22,25],[22,-30],[58,5],[135,-79],[-7,34],[28,67],[126,37],[31,4],[24,-18],[42,12],[9,-121],[37,-45],[106,-18],[28,-64],[-1,-33],[61,8],[-53,-143],[52,-63],[-9,-17],[85,9],[25,29],[6,-26],[60,-19],[41,19],[99,-100],[59,20],[145,-110],[88,-34],[40,-16],[20,21],[141,-14],[8,22],[36,-3],[2,-25],[19,-13],[7,-34],[-10,-11],[75,-48],[-17,-87],[-19,-25],[-9,-85],[103,-39],[35,-71],[38,-14],[30,-77],[24,-12],[-20,-17],[35,-46],[15,9],[6,-47],[77,22],[38,-11],[5,-10],[-76,-20],[3,-23],[-22,-4],[5,-35],[66,8],[5,-29],[115,4],[3,-39],[85,-8],[9,-17],[6,-19],[-39,-12],[8,-35],[-52,-16],[-4,-46],[-42,-26],[5,-17],[-52,-16],[11,-30],[-11,-3],[32,-87],[31,2],[27,-55],[11,12],[-9,26],[96,-18],[1,-19],[67,18],[5,-18],[47,6],[32,-20],[121,34],[1,66],[52,22],[55,-14],[24,-4],[19,-59],[-19,-14],[-2,-26],[35,-59],[21,-1],[-10,-53],[45,-83],[29,19],[55,-59],[118,32],[28,-75],[33,7],[10,-25],[-15,-10],[10,-14],[-27,-12],[8,-23],[-23,16],[-35,-5],[27,-18],[27,-75],[57,31],[5,-29],[14,7],[17,-31],[23,10],[10,45],[46,22],[2,-72],[15,2],[1,-45],[33,50],[44,7],[26,43],[1,34],[31,-6],[-12,21],[18,27],[34,7],[19,-35],[61,21],[77,-77],[13,-37],[-44,-62],[51,-91],[52,-50],[35,10],[105,-26],[45,-38],[47,17],[59,-13],[40,11],[-43,-163],[-27,-28],[20,-45],[-20,-22],[0,-38],[8,-18],[26,2],[77,-152],[-29,-40],[-37,-11],[5,-57],[22,1],[7,-19],[-71,-54],[-19,-72],[21,-26],[111,33],[7,-13],[-36,-14],[-45,-86],[62,-41],[28,-92],[26,1],[-1,-24],[-66,-39],[-55,5],[54,-59],[57,-151],[17,-45],[196,-14],[205,90],[28,-47],[-41,-34],[42,-16],[80,-10],[128,52],[-8,-42],[16,-37],[70,-84],[36,8],[24,-23],[53,-3],[65,-63],[67,15],[58,76],[-21,109],[6,94],[-21,5],[7,70],[-14,48],[27,22],[4,24],[-28,31],[48,50],[137,-47],[-17,-46],[31,-16],[170,-19],[126,89],[-22,32],[95,-12],[65,14],[53,-82],[-8,-7],[18,-26],[-6,-15],[154,-30],[91,22],[2,28],[15,9],[58,5],[26,22],[37,76],[-14,94],[8,59],[-50,54],[8,65],[-16,9],[-73,-33],[-30,7],[-52,50],[-76,-4],[-116,24],[-19,42],[23,61],[-16,39],[-47,9],[-24,30],[-62,-17],[-99,9],[-40,-23],[-70,66],[-26,62],[-60,32],[-15,34],[-76,74],[-42,-20],[-82,52],[-60,-1],[-42,30],[-6,62],[13,18],[-11,57],[40,2],[73,57],[-10,35],[15,40],[-15,28],[16,11],[-74,19],[-51,-38],[-15,96],[46,11],[-22,93],[200,-9],[92,-56],[43,2],[52,49],[15,68],[21,10],[-16,7],[25,23],[9,-15],[59,18],[100,152],[40,-34],[85,-31],[48,2],[41,31],[3,20],[51,22],[27,-13],[90,89],[166,-25],[8,-24],[55,-6],[77,17],[13,57],[42,30],[30,-3],[15,-39],[79,-7],[-20,-47],[57,-92],[14,-3],[49,51],[96,23],[16,-17],[42,34],[136,49],[41,-6],[70,-63],[36,-34],[-13,-20],[96,-75],[18,27],[13,-20],[-5,-46],[-52,-40],[43,-8],[178,-185],[28,-51],[62,19],[29,-26],[27,60],[-15,23],[-31,-5],[-18,79],[12,59],[125,-3],[84,-46],[32,11],[21,-18],[80,9],[20,-13],[2,-22],[-37,-37],[99,-21],[2,-13],[-65,6],[-30,-14],[12,-26],[26,-47],[37,17],[16,-22],[21,14],[159,37],[81,52],[64,-24],[40,5],[-32,22],[41,62],[-10,35],[21,6],[-4,23],[18,12],[61,1],[27,18],[131,-6],[34,-89],[-23,-64],[-22,-14],[24,-37],[42,-4],[42,83],[107,-31],[-26,-44],[197,-223],[-18,-45],[20,-4],[-8,-17],[-56,-42],[-74,-23],[-72,-58],[-26,-69],[0,-49],[12,-42],[38,-6],[23,-56],[-5,-22],[30,5],[-14,-48],[37,-49],[47,11],[20,-28],[40,66],[60,-80],[55,14],[46,-28],[55,-2],[-23,-50],[-14,-14],[-18,9],[-15,-21],[-13,-36],[13,-16],[99,-4],[24,19],[12,34],[-16,8],[18,31],[-11,8],[-1,38],[66,120],[119,-84],[37,-4],[-14,-38],[38,5],[47,-47],[96,-23],[20,-34],[82,-53],[41,14],[14,38],[50,31],[-20,107],[24,33],[-19,15],[9,19],[-62,40],[17,51],[-16,16],[73,9],[46,30],[38,54],[-31,28],[0,27],[-23,12],[-16,58],[-48,58],[51,26],[-12,46],[12,71],[-10,28],[135,-23],[-93,186],[-31,-10],[-2,14],[132,38],[55,54],[-44,85],[15,44],[-21,18],[-20,91],[-33,52],[-67,19],[2,50],[54,33],[-110,67],[27,31],[-4,20],[70,188],[-18,21],[10,112],[-41,124],[-138,69],[-1,20],[68,67],[-21,79],[-63,87],[17,75],[38,39],[49,14],[72,-26],[74,41],[38,-22],[-6,24],[95,26],[19,-63],[-17,-49],[14,-7],[15,38],[40,32],[-11,12],[56,52],[-25,6],[10,12],[153,7],[37,25],[15,83],[-19,17],[-12,101],[34,19],[154,0],[32,16],[-11,43],[-23,37],[6,25],[24,10],[14,-16],[82,-3],[103,39],[82,-28],[70,-60],[47,57],[28,-32],[76,-19],[159,-1],[78,-89],[16,-51],[53,-38],[-43,-99],[-71,3],[-70,26],[-6,-14],[14,-45],[17,-6],[-8,-31],[42,-21],[-71,-31],[20,-88],[-42,-74],[69,-65],[-37,-92],[-3,-74],[15,-52],[28,-18],[142,-37],[91,-88],[-55,-68],[-11,-50],[23,42],[115,49],[30,41],[100,-6],[2,21],[56,-22],[12,-17],[-21,-54],[65,-111],[-21,-51],[-55,-49],[-6,-66],[97,-55],[68,35],[44,-1],[24,-37],[100,0],[12,-9],[-3,-72],[19,-100],[-8,-76],[117,61],[13,19],[103,36],[47,-19],[64,17],[42,35],[13,41],[9,58],[48,51],[71,-13],[106,43],[81,-46],[155,-131],[141,28],[305,53],[81,-19],[97,35],[30,49],[85,44],[31,-18],[11,-57],[17,-8],[31,39],[75,5],[74,68],[35,36],[44,13],[9,-24],[86,-34],[59,5],[-100,84],[8,25],[45,1],[127,-46],[12,7],[4,37],[41,37],[70,-38],[36,30],[33,4],[189,-204],[69,45],[21,-50],[-71,-50],[-6,-47],[39,-24],[72,60],[26,-17],[10,24],[139,72],[44,-26],[43,6],[35,12],[13,45],[59,34],[63,78],[166,21],[37,10],[-3,28],[40,29],[81,26]],[[73298,36468],[84,-38],[43,29],[37,-61],[56,-24],[-22,-38],[9,-16],[88,-53],[-20,-10],[13,-8],[-49,-69],[9,-49],[22,-10],[13,24],[36,7],[26,-19],[37,52],[38,-32],[11,-43],[37,-34],[31,10],[20,-41],[28,10],[-22,-45],[0,-32],[-23,-24],[52,-53],[-48,-84],[44,-18],[-17,-11],[22,-11],[-45,2],[2,-15],[-28,-18],[36,-4],[16,-57],[-56,-51],[53,-28],[107,28],[19,20],[12,-17],[-18,-45],[8,-20],[94,-14],[56,21],[-1,-45],[41,-37],[19,-12],[51,18],[28,-19],[-12,-33],[33,-78],[73,15],[-40,55],[15,9],[59,-76],[9,-57],[19,6],[-1,35],[-22,30],[46,-3],[51,-54],[11,6],[-27,56],[49,-31],[13,6],[-15,16],[24,25],[45,-22],[12,-22],[33,4],[7,-19],[37,-12],[27,19],[-4,19],[22,12],[21,-12],[-12,20],[15,9],[29,0],[5,-11],[-17,-13],[21,-19],[-17,-54],[31,10],[9,-22],[25,-2],[25,-58]],[[74846,35238],[34,-36],[88,-24],[89,-60],[5,-16],[-28,-24],[-28,-61],[31,-96],[105,-77],[4,-36],[34,-38],[-17,-31],[-97,-60],[-50,-11],[-6,-21],[-57,12],[-64,-46],[-73,-18],[38,-41],[6,-36],[-101,-39],[13,-31],[47,-38],[73,3],[22,-101],[155,-63],[123,-23],[6,38],[79,22],[-3,-27],[-46,-34],[103,-38],[8,-16],[-17,-25],[47,0],[-16,-20],[4,-23],[19,1],[10,-24],[-54,-40],[15,-37],[47,28],[16,-19],[76,10],[23,-89],[61,-16],[-30,-34],[6,-17],[63,16],[13,-22],[50,0],[-2,-13],[-48,-1],[-23,-25],[105,-77],[21,-92],[39,-78],[-8,-53],[74,-16],[-41,-108],[-91,-73],[-4,-11],[28,-12],[-16,-25],[18,-29],[-29,-1],[-43,-31],[-6,-62],[26,-24],[-8,-92],[1,-57],[23,-61],[25,-23],[-23,-43],[16,-38],[45,-23],[32,-55],[90,25],[66,-18],[-11,-62],[53,-33],[114,39],[9,-21],[-30,-10],[14,-29],[19,4],[3,-21],[28,13],[14,-56],[47,-48],[64,-53],[75,-22],[-122,-136],[-11,-43],[9,-30],[100,33],[51,-42],[7,-28],[169,40],[101,-36],[30,-35],[25,10],[16,-53],[-31,-31],[76,-84],[8,-67],[29,-10],[41,31],[18,42],[27,13],[76,-38],[18,-58],[75,-77],[13,9],[48,-31],[15,-61],[94,18],[-6,-28],[16,-30],[59,-18],[121,29],[19,-19],[-45,-55],[42,-12],[-6,-26],[107,-8],[83,-48],[61,25],[6,-25],[28,-18],[0,-59],[-82,-30],[50,-30],[1,-49],[78,24],[109,60],[4,22],[74,12],[67,-44],[-13,-22],[58,-62],[8,-31],[114,11],[82,-113],[-48,-26],[0,-39],[-27,-50],[-1,-40],[-79,-4],[-93,-106],[0,-47],[68,-108],[136,15],[-11,-43],[97,-45],[316,-61],[54,-43],[31,-128],[-6,-77],[-47,-80],[-44,-52],[-38,-5],[-117,-105],[-24,-53],[-3,-101],[-56,-103],[-122,-30],[-4,-63],[14,-48],[-9,-112],[-98,46],[-33,2],[-59,-51],[-24,-43],[28,-98],[-11,-67],[-14,-49],[-55,-25],[-23,-31],[53,-89],[2,-34],[-46,-48],[40,-35],[38,-6],[-14,-69],[-38,8],[-543,-276],[-28,-51],[-7,-52],[44,-70],[-11,-33],[15,-63],[54,-44],[1,-37],[111,-23],[28,-111],[36,-33],[-3,-24],[86,-142],[85,-29],[39,10],[201,-81],[39,-41],[-2,-42],[69,-24],[60,8],[40,-14],[78,30],[64,-13],[10,-115],[60,-115],[-63,-74],[7,-49],[23,-23],[-71,-95],[7,-33],[51,-9],[38,-36],[-53,-63],[6,-62],[95,-25],[-12,-28],[-52,-18],[10,-48],[69,-1],[84,38],[125,-20],[-32,-62],[49,-64],[13,-144],[111,-115],[-52,-192],[26,-58],[1,-61],[53,-44],[11,-45],[52,-72],[51,-38],[11,-8],[-12,-15],[-44,-19],[113,-71],[89,-24],[22,-23],[35,11],[25,-32],[59,5],[17,46],[46,12],[47,-60],[24,-44],[-18,-82],[14,-59],[-35,-118],[35,-67],[3,-115],[-48,-22],[-41,-78],[30,-5],[40,-69],[57,-17],[80,-206],[-20,-23],[12,-42],[9,-67],[-18,-53],[199,-96],[252,-18],[42,-57],[10,-66],[156,-48],[211,-175],[30,-141],[-26,-85],[88,-114],[75,-16],[36,-42],[8,-12],[-31,-47],[1,-83],[64,-31],[139,-44],[295,-10],[51,20],[3,32],[39,-10],[48,-72],[48,9],[151,-75],[104,8],[-31,82],[-38,40],[-6,80],[184,-11],[156,-71],[78,16],[83,-31],[36,24],[60,-16],[72,-72],[47,5],[74,-37],[33,-47],[102,-68],[21,-50],[112,-85],[14,-57],[18,-15],[184,-19],[13,-194],[-43,-100],[71,-174],[78,12],[35,-15],[24,15],[51,-13],[20,-41],[-11,-25],[7,-56],[20,-31],[65,-11],[8,-26],[34,-10],[69,11],[22,-25],[48,-122],[-4,-42],[-20,-20],[68,-50],[172,-77],[0,-65],[-36,-111],[63,-47],[103,-26],[69,-72],[34,-8],[63,-92],[112,-85],[77,-12],[52,-108],[-57,-234],[107,-110],[196,-143],[259,-97],[181,49],[216,29],[58,-21],[201,-164],[37,-5],[63,-43],[29,-48],[70,-28],[31,-40],[44,-21],[15,-72],[67,-39],[83,-113],[52,-15],[40,-64],[10,-45],[25,-16],[41,4],[22,-51],[52,16],[41,-38],[2,-72],[-46,-35],[66,-55],[29,-122],[24,-33],[-2,-15],[-33,-16],[-12,-53],[18,-64],[51,-41],[7,-49],[-61,-102],[7,-79],[117,-85],[68,-32],[14,-55],[57,-7],[87,-70],[141,-37],[17,-24],[67,-72],[122,-35],[7,-37],[49,-41],[47,-37],[108,9],[-2,71],[-19,142],[15,57],[-4,42],[75,-4],[114,62],[66,-8],[56,-60],[39,-16],[77,3],[53,39],[81,-51],[27,47],[36,7],[46,-26],[59,-73],[0,-31],[-23,-33],[9,-45],[126,-128],[27,-14],[-3,39],[51,9],[62,49],[66,-1],[13,-24],[-56,-50],[-15,-39],[134,-154],[0,-77],[16,-30],[14,5],[32,-64],[85,-207],[43,12],[80,-49],[-14,-30],[31,-88],[150,-19],[98,38],[44,-12],[95,-29],[61,36],[56,68],[63,-15],[-6,-71],[56,-46],[0,-20],[59,-84],[-4,-97],[36,-33],[32,-98],[64,-111],[-7,-36],[78,-43],[43,21],[121,-25],[-44,-58],[37,-18],[31,-45],[20,-27],[-21,-28],[167,-209],[-28,-47],[-20,-86],[-48,-48],[78,-84],[153,-37],[72,9],[-7,-72],[-86,-73],[-52,-31],[-14,-28],[9,-51],[-14,-117],[-21,-40],[8,-51],[-73,-32],[-17,-49],[-55,-56],[-3,-30],[-55,-21],[9,-19],[58,-63],[71,5],[14,-29],[-14,-38],[26,-21],[24,4],[30,-25],[145,17],[-34,-100],[-134,31],[-36,-32],[5,-70],[-10,-27],[32,-24],[24,-118],[-18,-53],[3,-70],[-32,-125],[82,-89],[-16,-46],[36,-27],[8,-91],[-30,-30],[19,-78],[-21,-11],[-8,-40],[-57,1],[-13,-22],[4,-34],[-36,-9],[-5,-32],[-21,-11],[17,-38],[-8,-20],[-59,-27],[1,-60],[47,-24],[-16,-12],[17,-58],[-19,-26],[4,-28],[-43,-71],[-86,-18],[-21,-39],[-54,-33],[-5,-32],[-42,-30],[-33,-44],[3,-21],[-19,-12],[-20,3],[-67,134],[-33,-3],[-54,-95],[-17,-4],[10,-30],[-22,-11],[69,-22],[-94,-82],[11,-43],[29,-8],[3,-85],[-11,-28],[-119,-52],[0,-35],[-25,-14],[11,-58],[-39,-37],[-190,56],[-62,62],[-91,55],[-194,71],[-36,36],[-37,101],[-52,51],[-223,51],[-98,72],[-55,64],[-69,37],[-78,-21],[-52,-88],[-24,-10],[-109,29],[-130,97],[-76,54],[-123,132],[-131,53],[-61,-24],[-39,-93],[45,-36],[-11,-37],[-45,-46],[-73,-14],[12,-26],[-14,-33],[-58,-32],[-51,37],[-37,-27],[15,-40],[-8,-32],[-76,-27],[-66,28],[-24,22],[-4,32],[-47,36],[-103,-72],[-11,-41],[15,-62],[98,-124],[1,-51],[-42,-46],[0,-38],[15,-42],[94,-118],[-90,-210],[-172,-427],[6,-67],[86,-134],[17,-83],[-144,-300],[-29,-98],[-14,-151],[-30,-81],[-58,-75],[-64,-38],[-278,-178],[-160,-186],[-206,-189],[-536,-295],[-108,-28],[-314,20],[-185,11],[-123,-14],[-410,-182],[-261,-9],[-149,-7],[-208,-130],[-276,-85],[-100,-67],[-99,-157],[-297,-287],[-90,-61],[-97,-29],[-242,-2],[-389,-54],[-50,-43],[-32,-136],[-59,-81],[-57,-138],[-103,-29],[-11,-76],[-37,-45],[-42,-26],[-123,-11],[-103,-59],[-7,-83],[-100,-182],[-34,-1],[-118,65],[-80,-20],[-10,-20],[5,-80],[-60,-65],[-21,-52],[31,-232],[54,-144],[78,-95],[339,-280],[231,-183],[157,-168],[35,-64],[101,-435],[57,-83],[78,-40],[211,-20],[71,-32],[26,-34],[-12,-115],[29,-31],[87,10],[21,45],[20,-2],[26,-139],[44,-108],[176,-254],[120,-260],[65,-106],[109,-161],[26,-116],[-40,-69],[-127,-122],[-49,-106],[-140,-239],[-91,-81],[-39,-59],[-66,-14],[-9,-23],[11,-35],[-2,-22],[-58,-27],[-43,-66],[43,6],[15,19],[11,-1],[-9,-23],[66,9],[20,-74],[-42,-61],[-36,-9],[-4,-18],[24,14],[-24,-125],[-21,-1],[-16,-29],[-82,-8],[-66,-77],[-22,-64],[-54,-54],[4,-41],[35,-21],[36,-55],[79,-35],[21,-42],[41,-8],[145,28],[74,-51],[59,20],[95,-28],[117,4],[36,15],[30,50],[30,2],[31,0],[18,22],[14,20],[-9,15],[31,48],[78,7],[45,-22],[36,-53],[37,6],[108,-36],[-9,-11],[57,-26],[-13,-17],[68,-65],[42,-74],[73,-61],[44,-2],[54,-53],[-33,-162],[27,-123],[38,-24],[44,-74],[-10,-57],[72,-96],[15,-61],[-16,-40],[-10,-46],[-20,-12],[-111,-95],[-23,-49],[-50,-45],[-18,-65],[-60,-43],[10,-53],[36,-51],[26,-9],[7,-36],[-21,-26],[-222,-31],[13,-48],[-29,-29],[9,-35],[70,-119],[55,-16],[-18,-29],[4,-26],[-92,-80],[0,-30],[-64,-55],[-5,-40],[-49,-65],[20,-43],[110,-73],[9,-30],[-34,-17],[0,-41],[29,-15],[-5,-136],[14,-80],[-18,-19],[15,-30],[-48,-39],[-50,3],[-30,-25],[-54,-7],[2,-31],[-38,-68],[-21,-3],[-41,-80],[-39,-25],[-34,-50],[-44,-1],[-32,65],[-34,25],[11,79],[-46,-11],[-32,45],[-65,17],[0,19],[-24,5],[-16,-21],[10,-27],[-15,-29],[1,-50],[-29,2],[-151,62],[-368,201],[-208,182],[6,68],[-40,39],[-110,22],[-25,17],[-10,30],[-49,-13],[-49,44],[-17,24],[1,90],[-22,64],[-43,10],[-61,-23],[-152,0],[-118,58],[-80,78],[-19,98],[-68,43],[-37,66],[-6,55],[73,110],[47,24],[17,27],[-35,56],[20,34],[25,9],[25,39],[30,3],[38,56],[51,20],[81,-27],[16,28],[-120,106],[-96,55],[3,14],[-88,71],[-75,-7],[-129,132],[-5,32],[-56,58],[17,35],[61,5],[92,63],[-4,23],[34,46],[18,55],[-24,30],[-74,-96],[-78,13],[-53,-46],[-11,39],[-87,101],[-54,11],[-56,39],[-151,-37],[-87,56],[-38,-17],[-40,30],[-96,-12],[-4,16],[-52,-2],[-103,-19],[-73,-49],[-23,-51],[-54,-21],[-27,38],[-57,-30],[-74,59],[-114,-42],[-104,8],[-22,-52],[-44,-27],[-121,-217],[-40,-152],[-26,-24],[-331,48],[-208,-129],[-109,-3],[-73,115],[3,23],[-222,146],[-99,162],[-6,48],[-63,34],[-8,36],[-33,0],[-15,26],[17,30],[-13,13],[27,108],[-7,19],[11,11],[-25,40],[-65,-10],[-28,22],[-146,-31],[-414,-113],[-58,77],[-40,2],[-6,17],[-112,-18],[-28,27],[24,49],[-394,-83],[-59,3],[-64,-26],[-123,-112],[-69,12],[-19,52],[-61,42],[-40,77],[49,194],[33,21],[121,229],[-15,52],[-52,70],[-63,-18],[-197,-268],[-125,-82],[-52,-8],[-19,-36],[-63,12],[-81,-53],[-25,-40],[-183,9],[19,-129],[42,-129],[114,-140],[14,-76],[116,-205],[30,-109],[18,-117],[37,-104],[-7,-47],[-29,-35],[-156,-24],[-65,-45],[28,110],[-20,46],[-132,-10],[-204,-94],[-92,3],[-118,68],[-281,-20],[-36,44],[-108,37],[-11,23],[-30,0],[-81,-45],[-120,32],[-50,-33],[-16,-36],[-62,-6],[-25,9],[-28,77],[-33,37],[5,16],[-36,23],[-78,-42],[-159,-31],[-40,-68],[-15,28],[-53,20],[-300,-50],[-167,12],[-93,-63],[-74,1],[-255,-86],[-80,15],[-65,-231],[-30,-13],[-123,11],[-17,39],[-89,-13],[-232,38],[-76,40],[-308,-40],[-384,15],[-161,-60],[-72,19],[-77,-21],[-49,5],[-76,73],[-51,-13],[-18,50],[-35,8],[-36,-21],[-17,-83],[26,-51],[-30,-7],[-71,46],[-29,-1],[-53,-50],[-50,22],[-10,-11],[-44,-153],[-85,-90],[-28,-53],[20,-43],[-32,-68],[25,-165],[-6,-68],[-91,-60],[-42,-66],[-167,-26],[-10,13],[-143,-50],[-143,22],[-50,-53],[-59,-19],[-56,30],[-85,-2],[-13,21],[-271,-1],[-54,-20],[-67,121],[-167,-129],[-103,-129],[-21,-51],[-75,-49],[-30,-49],[-38,-1],[-49,-70],[-12,-47],[64,-65],[154,2],[-9,-26],[33,-71],[-4,-25],[84,-133],[-52,26],[-58,0],[-9,-13],[-44,26],[-120,-19],[-29,25],[-81,6],[-39,-43],[-56,-8],[-59,47],[-64,-14],[-50,25],[-52,0],[-62,-64],[0,-59],[-83,-18],[-32,-60],[-55,-25],[-96,7],[-18,-26],[-57,-16],[-7,-58],[26,-33],[-27,-138],[-44,-53],[-103,-57],[-43,-3],[-43,20],[-222,-14],[-73,-35],[-51,26],[12,47],[54,43],[37,91],[45,31],[5,45],[114,94],[-40,57],[-243,-25],[-131,39],[-60,-73],[-158,-15],[-31,-25],[-121,-27],[-53,-7],[-159,-91],[-78,-12],[-45,-66],[-7,-36],[20,-38],[-76,-52],[-136,-14],[-44,17],[-281,8],[-69,-5],[-44,-26],[-93,31],[-51,-36],[-27,2],[-36,39],[-156,-33],[-226,33],[-78,35],[-7,51],[13,46],[-20,40],[19,54],[80,22],[39,29],[-10,105],[-218,249],[-220,191],[-37,45],[87,91],[-32,34],[-59,-7],[-150,39],[-246,-73],[-88,31],[-13,29],[18,108],[-10,65],[174,94],[232,71],[-8,14],[12,29],[-24,22],[-92,-17],[-100,138],[-25,86],[-34,-5],[-165,-12],[-42,-20],[-73,8],[-4,-15],[-86,-65],[-26,0],[-12,-27],[-64,34],[-153,-22],[-18,-25],[12,-51],[-146,15],[-74,-51],[-30,7],[-49,-40],[-9,21],[-33,-1],[-75,47],[-13,39],[20,22],[-5,37],[-56,76],[-60,30],[-102,16],[-173,-7],[-81,65],[-120,10],[-26,74],[-14,50],[19,8],[-10,28],[-92,-34],[-33,41],[-352,-1],[-80,23],[-3,24],[-57,44],[-96,-13],[-85,46],[-20,-33],[2,-24],[-52,-58],[-81,-49],[-7,-30],[23,-31],[-1,-23],[-74,-166],[-78,1],[-13,27],[-31,10],[-296,-23],[-305,60],[-138,121],[-105,21],[-51,36]],[[60764,3301],[-133,-373],[27,-54],[-13,-61],[-79,-114],[51,-145],[25,-18],[0,-35],[22,-23],[73,13],[48,-36],[54,2],[2,-28],[39,-40],[-10,-41],[29,-58],[-40,-47],[21,-64],[-20,-60],[35,-57],[4,-45],[24,-20],[-9,-27],[34,-98],[-144,-46],[-25,-103],[-83,-51],[-68,-15],[-20,-30],[11,-49],[-54,-46],[25,-32],[-32,-44],[-11,-60],[63,-120],[-47,37],[-97,9],[-33,-58],[-41,-21],[-116,-11],[-70,-76],[-1,-35],[-28,-57],[11,-34],[-7,-36],[-77,-45],[-57,-81],[-118,-97],[-4,-44],[-91,-133],[-4,-25],[30,-24],[-20,-26],[-50,-12],[-10,-42],[-80,-67],[-46,-11],[-31,31],[-52,1],[-114,-91],[-50,15],[-30,-64],[-65,-38],[-28,-41],[-132,4],[2,-32],[-40,-10],[-14,-31],[-87,-28],[-35,15],[-65,-98],[-49,-18],[-86,62],[-125,-6],[-55,18],[-53,-43],[-180,-33],[-13,45],[23,19],[-27,37],[33,36],[-10,77],[26,33],[9,47],[92,-21],[82,42],[96,102],[17,57],[30,-4],[-44,75],[4,18],[-100,88],[68,68],[1,29],[-28,21],[114,158],[-7,41],[66,56],[4,27],[33,26],[15,55],[55,61],[-47,60],[40,37],[-79,81],[-71,-72],[-51,-26],[-41,30],[-74,7],[-38,66],[-112,35],[-2,-40],[11,-8],[-54,-34],[-62,7],[3,-167],[-31,-30],[-207,-19],[-192,99],[-167,-242],[-144,451],[27,67],[-38,22],[-16,32],[-32,3],[-47,37],[-10,29],[44,53],[95,-2],[86,37],[5,53],[79,73],[-99,134],[-8,77],[16,35],[-29,105],[-27,13],[-68,-55],[-85,6],[-21,62],[-94,49],[-29,12],[-17,43],[26,47],[-4,18],[-76,103],[16,16],[-21,16],[-73,14],[-115,-56],[-54,9],[-48,-33],[-77,0],[-55,51],[-66,142],[69,50],[-50,32],[-45,62],[-27,-7],[-27,35],[-55,24],[-57,65],[27,83],[-7,18],[-18,1],[-4,91],[19,9],[1,31],[32,33],[-1,17],[-26,7],[-40,-46],[-37,8],[14,-17],[-7,-39],[36,-35],[-11,-7],[-184,43],[-64,-65],[-103,-34],[-69,35],[-42,67],[-1,26],[-55,40],[-109,-1],[-65,46],[-25,-18],[-31,-36],[22,-18],[3,-29],[-35,-65],[15,-22],[-9,-37],[-92,55],[-47,6],[-42,70],[-37,23],[-41,-6],[-124,33],[-8,23],[-37,13],[-77,3],[-5,23],[17,42],[76,76],[-44,126],[40,26],[16,68],[-22,24],[-9,72],[-48,18],[-34,-7],[-100,90],[-100,-27],[-119,19],[-64,-87],[-33,14],[5,-40],[-26,10],[-19,-36],[10,-24],[-47,-16],[-2,-82],[-70,-25],[34,-30],[-40,-41],[-3,-41],[-31,-24],[31,-35],[-41,-6],[-13,-19],[-48,-83],[13,-132],[-58,-14],[14,9],[-21,3],[-68,128],[-71,56],[-76,-15],[-28,21],[-74,-14],[-45,-73],[-50,-16],[-44,34],[47,38],[14,45],[-28,51],[-239,7],[-65,44],[-13,40],[-33,26],[-83,-6],[11,37],[-23,17],[-58,-7],[-21,-23],[-88,44],[-50,139]],[[60764,3301],[109,139],[50,31],[-21,107],[70,12],[26,43],[-77,3],[-2,25],[-89,-15],[-50,-33],[-178,13],[-22,-28],[20,-25],[-49,-25],[36,-49],[-11,-13],[25,-47],[83,-5],[51,-147],[29,14]],[[34372,21866],[-48,-49],[-15,-44],[14,-95],[-13,-8],[11,-16],[-149,1],[-34,23],[-99,-5],[-123,-73],[-45,-104],[-39,-28],[-13,-45],[-49,-68],[-44,-27],[-93,23],[13,75],[-19,11],[-29,-22],[-57,21],[-50,-19],[-145,55],[-32,31],[-158,-49],[-180,-26],[-48,-92],[-16,-5],[-15,75],[-50,48],[9,6],[-10,19],[-27,-2],[-15,39],[-68,-11],[6,-19],[-12,-4],[-20,11],[-56,-21],[-15,17],[-23,-23],[-34,-74],[-81,53],[-123,39],[-36,39],[0,36],[-48,81],[-186,-41],[-11,38],[7,44],[83,75],[-52,8],[-10,32],[-42,7],[-54,-38],[-63,-10],[-26,17],[-19,-15],[-6,-56],[24,-39],[-19,-23],[65,-97],[-2,-38],[-151,-67],[-27,-47],[-17,-70],[-81,-27],[-40,10],[-46,37],[-25,49],[22,189],[-50,124],[-74,107],[7,82],[-46,75],[15,76],[35,59],[-3,72],[16,39],[-60,-2],[-40,-24],[-16,46],[-92,-60],[-16,70],[-80,5],[-59,74],[-149,100],[-22,0],[-111,-74],[-73,54],[-96,103],[-15,67],[-166,3],[0,-32],[-61,-56],[-95,-17],[-61,-52],[-173,66],[-23,46],[-99,46],[-182,-115],[-11,-18],[51,-28],[85,-103],[-15,-76],[68,-76],[27,-58],[2,-34],[-24,-49],[-125,-18],[1,-105],[26,-79],[-115,-70],[-147,76],[-76,11],[-46,39],[-81,16],[-27,31],[-85,27],[-162,-42],[-97,23],[-96,-36],[-78,65],[-22,38],[-56,32],[-78,151],[173,203],[-68,149],[-32,26],[-115,-54],[-89,-13],[-52,59],[-14,46],[21,78],[-14,79],[-32,42],[47,72],[-6,20],[-17,-5],[-36,50],[-56,23],[-14,25],[-97,-36],[-33,78],[63,113],[-16,69],[36,38],[-86,40],[-58,-28],[-25,84],[-53,15],[-46,68],[-58,1],[2,19],[-85,66],[-62,-21],[-22,51],[-27,10],[-39,64],[-134,115],[55,92],[-50,53],[15,13],[-7,10],[-25,-18],[-15,23],[-42,-32],[-23,8],[-10,16],[11,21],[-24,40],[-42,20],[-44,50],[-17,95],[89,32],[65,-28],[34,-40],[-6,-18],[27,-17],[18,58],[22,8],[-7,31],[40,13],[-7,12],[54,78],[-21,-6],[-6,30],[-38,28],[-97,-36],[37,168],[-7,25],[-55,4],[-29,50],[-113,-20],[-30,51],[-67,20],[-2,66],[-44,4],[-23,21],[-29,-10],[-20,47],[-10,48],[12,32],[84,65],[34,-11],[38,27],[-9,21],[-15,-11],[-14,14],[-15,47],[-78,82],[-19,15],[-13,-11],[-30,29],[-82,1],[-90,61],[-56,60],[-72,52],[-126,26],[-171,159],[-77,-43],[-107,64],[-22,-17],[-38,28],[-23,31],[11,10],[-47,41],[-75,2],[-50,-62],[-53,-38],[-128,-43],[-115,25],[-3,-19],[-39,-5],[-9,24],[-23,7],[1,21],[-37,10],[17,224],[-17,79],[4,82],[-90,330],[30,54],[167,175]],[[83291,59536],[62,25],[35,41],[43,-14],[67,59],[-4,36],[92,74],[-32,61],[-84,77],[23,40],[6,59],[-15,15],[-1,64],[53,74],[7,75],[64,15],[243,250],[109,96],[-180,86],[-20,24],[-219,-31],[20,163],[46,147],[47,145],[48,-41],[81,1],[12,21],[-10,62],[60,147],[0,64],[-29,58],[-149,-42],[-15,40],[-20,-1],[8,51],[52,-3],[76,29],[42,20],[70,71],[62,15],[362,-140],[6,19],[86,-11],[13,38],[-9,28],[-78,63],[-61,90],[45,31],[87,127],[31,94],[151,-5],[222,-10],[8,87],[-26,73],[53,-10],[120,16],[9,132],[-17,1],[12,93],[211,-17],[21,-23],[-82,-45],[76,-119],[-20,-40],[8,-24],[-41,-11],[38,-46],[7,-35],[-51,-11],[0,-13],[92,9],[200,-66],[66,9],[3,15],[114,-18],[141,60],[14,13],[-14,23],[74,56],[48,15],[37,93],[47,29],[73,-67],[50,14],[98,-92],[34,23],[37,-1],[13,78],[49,12],[9,44],[116,10],[-5,-16],[51,-6],[117,69],[3,29],[-99,10],[-98,61],[74,72],[55,-21],[81,90],[40,-3],[-35,-49],[-3,-48],[107,50],[-25,-132],[48,-51],[188,-106],[52,22],[14,-26],[22,2],[-9,-75],[-37,-108],[-102,-44],[-4,-72],[-18,-9],[-26,-58],[-30,-100],[20,1],[78,-151],[164,1],[169,-50],[74,-44],[101,-120],[68,0],[22,-31],[30,-2],[24,-127],[27,-53],[-18,-79],[217,-49],[210,-30],[-29,-40],[-45,-5],[-7,-88],[265,-3],[14,-47],[-124,-75],[-92,-87],[-74,-192],[53,-12],[-135,-154],[-13,-59],[25,-10],[-42,-49],[31,-10],[17,17],[34,-10],[-1,-21],[39,-2],[2,62],[78,24],[49,42],[65,-8],[101,-54],[59,1],[101,-55],[33,-37],[122,-24],[13,-105],[52,-9],[10,41],[-14,74],[-41,46],[147,-69],[36,-65],[73,-70],[206,-34],[11,-9],[-3,-42],[42,-7],[-12,-44],[24,-4],[-4,-13],[-4,-12],[-62,9],[16,53],[-31,-2],[-55,-39],[-8,-47],[-45,1],[-2,-21],[20,-2],[-5,-24],[22,-5],[-5,-31],[-30,-1],[-56,-71],[-16,-47],[35,-64],[44,-44],[-30,-15],[-6,-47],[-30,-23],[-66,-16],[-59,11],[-91,-52],[-58,-56],[-10,20],[-6,-24],[-50,-46],[-33,5],[-11,-16],[17,-23],[58,-23],[32,8],[-15,-47],[25,4],[2,-32],[-72,-86],[-34,-5],[-49,27],[-93,-38],[-35,-48],[-9,-44],[-76,-78],[-9,-44],[-42,-59],[6,-38],[-29,-14],[-49,21],[-54,81],[12,15],[8,137],[70,69],[1,30],[-1,16],[-44,10],[14,74],[-85,-13],[-46,64],[-202,-88],[14,17],[-3,24],[5,22],[-30,41],[-64,42],[-21,85],[-239,-68],[-250,8],[-5,52],[28,83],[-86,-26],[-58,36],[-54,-1],[-302,-63],[-20,82],[-79,189],[-51,14],[-373,-124],[-2,-32],[78,-235],[-57,-122],[-277,20],[-11,122],[-144,-1],[15,62],[-111,53],[-138,107],[2,46],[-268,-144],[-115,149],[-20,51],[-186,-131],[-60,-7],[-93,23],[-57,-18],[-35,183],[-201,-5],[-147,-52],[-82,-9],[-309,-141],[-13,-76],[115,17],[2,-23],[-48,-18],[-60,-4],[-140,31],[-88,-83],[16,-9],[-5,-20],[-22,4],[-33,24],[3,26],[42,-2],[49,46],[-27,21],[12,11],[-25,15],[-73,-30],[-113,85],[-32,61],[40,6],[-9,36],[-49,-6],[-22,-27],[-21,9],[0,17],[-31,-1],[11,-23],[-10,-12],[-57,28],[-20,90]],[[67703,67657],[82,-16],[65,10],[59,-32],[5,-21],[82,-5],[87,-3],[60,44],[26,-16],[38,8],[61,-29],[-13,-16],[62,-19],[198,28],[71,-21],[16,-33],[16,14],[90,-21],[30,19],[60,-26],[1,17],[57,47],[-16,8],[-59,152],[6,48],[27,71],[77,-35],[79,-3],[67,49],[145,-49],[46,6],[36,27],[95,9],[122,-66],[-2,-85],[91,20],[140,-30],[15,-58],[48,15],[19,33],[210,-2],[15,45],[104,18],[-13,46],[77,46],[-20,26],[-30,116],[17,10],[6,-22],[32,5],[-6,42],[78,117],[38,22],[-4,51],[-55,62],[39,77],[-79,27],[17,29],[-27,79],[12,79],[21,19],[-76,66],[122,55],[87,-13],[110,44],[86,106],[153,65],[24,82],[87,50],[88,-39],[156,18],[38,41],[241,-23],[38,30],[39,-5],[22,-46],[51,-28],[-10,-38],[61,-24],[1,-19],[110,13],[1,-143],[15,-25],[55,11],[108,21],[177,88],[124,-3],[35,17],[58,-29],[39,3],[146,8],[19,22],[90,-5],[-1,30],[36,9],[-9,31],[-61,43],[-64,79],[-99,7],[-82,87],[37,15],[77,-24],[29,15],[290,-28],[16,-20],[112,-18],[44,97],[45,43],[109,49],[21,42],[22,10],[24,43],[-1,72],[45,-4],[59,-47],[117,-14],[231,11],[23,-29],[53,23],[16,58],[51,61],[31,13],[50,80],[19,81],[108,8],[11,-48],[80,-20],[49,66],[134,-1],[44,53],[-44,131],[31,67],[-64,152],[73,28],[-4,13],[142,73],[-5,9],[151,53],[-32,42],[17,9],[-27,71],[-37,9],[8,47],[28,21],[-52,48],[140,5],[35,-20],[101,-4],[5,-27],[13,-1],[-4,-97],[25,-142],[85,-16],[147,-12],[-7,71],[225,-16],[1,34],[37,36],[2,78],[16,-27],[91,28],[33,-63],[6,-73],[103,-123],[157,49],[5,35],[-21,7],[10,43],[42,38],[181,-9],[80,48],[67,10],[10,-65],[50,-122],[52,-49],[24,-55],[126,-61],[-22,-32],[23,-12],[38,12],[62,-11],[66,44],[100,10],[167,-17],[2,-46],[120,-23],[57,-38],[172,-57],[112,-78],[77,-5],[63,-41],[101,-1],[30,-43],[14,-45],[-55,-111],[74,-67],[80,5],[156,-54],[34,-48],[-4,-95],[33,-60],[35,-17],[50,-70],[186,73],[261,-12],[44,30],[-3,51],[234,30],[172,-32],[140,-71],[273,-85],[26,-40],[41,-8],[82,53],[14,29],[59,3],[37,33],[226,8],[92,-23],[2,-34],[21,-25],[47,10],[15,-30],[-29,-7],[-17,-37],[-34,-13],[-6,-34],[33,-17],[-46,-25],[1,-19],[60,-44],[98,-35],[77,-4],[36,11],[171,-30],[59,-32],[167,15],[40,29],[90,-13],[5,-32],[-73,-177],[-85,-78],[168,-53],[33,-60],[43,-17],[84,12],[21,-21],[39,3],[46,40],[46,-15],[29,13],[16,31],[40,5],[6,28],[22,12],[35,-3],[-23,-23],[24,-40],[15,0],[7,31],[25,16],[6,-24],[18,-5],[28,41],[52,-12],[61,14],[29,35],[40,13],[31,-19],[6,-30],[32,-28],[42,-76],[72,-15],[29,-41],[80,-42],[36,19],[45,-11],[13,80],[93,31],[5,35],[22,11],[173,24],[38,-19],[5,-19],[-23,-30],[-72,-24],[6,-20],[124,22],[58,-29],[24,12],[-1,48],[-58,39],[49,16],[44,39],[139,16],[108,-35],[-5,-35],[26,-22],[1,-22],[-52,-10],[-94,-52],[-18,-14],[9,-34],[-121,-30],[-44,-48],[45,-21],[122,61],[31,-21],[11,-80],[17,-31],[43,-4],[19,-12],[4,-22],[37,-6],[36,28],[-3,22],[61,19],[90,5],[-1,-23],[37,4],[5,13],[-15,14],[35,37],[35,-8],[58,41],[-11,110],[68,0],[41,56],[64,19],[-5,17],[35,39],[112,52],[73,-1],[43,31],[34,-38],[55,-2],[8,26],[-17,26],[31,62],[31,3],[-12,32],[33,11],[-8,16],[56,20],[31,-48],[78,25],[-10,58],[25,62],[-43,116],[44,36],[13,18],[44,-6],[23,18],[86,-24],[11,-25],[33,3],[38,85],[127,75],[-9,-48],[11,-11],[50,20],[7,19],[101,7],[28,-34],[35,11],[14,25],[17,7],[29,-26],[43,-90],[1,-67],[125,-166],[68,5],[140,-51],[80,103],[-16,21],[38,59],[-9,31],[14,23],[-17,4],[-3,17],[17,15],[18,-9],[30,38],[-12,10],[47,44],[-34,17],[2,-18],[-15,-3],[-17,19],[18,12],[-4,31],[21,51],[50,38],[-9,25],[39,-10],[56,29],[98,13],[35,72],[40,17],[3,34],[32,-6],[83,66],[336,-86],[33,3],[-5,30],[75,23],[97,-3],[69,-81],[18,-107],[99,-131],[33,1],[-11,-25],[15,-50],[21,-15],[83,36],[59,12],[2,15],[-21,12],[44,106],[-7,49],[47,5],[19,44],[47,32],[74,155],[16,18],[31,-21],[63,43],[-71,40],[39,24],[-21,3],[-11,28],[28,58],[35,-19],[118,-1],[3,-57],[41,-51],[186,29],[122,128],[-7,51],[92,111],[1,20],[-17,8],[7,18],[-37,52],[9,30],[52,-63],[10,-51],[114,30],[-18,148],[14,21],[-29,38],[7,36],[38,23],[3,92],[-72,12],[79,165],[149,-26],[34,90],[79,55],[1,35],[-56,15],[34,25],[-1,24],[17,17],[-8,16],[8,47],[-77,10],[-9,23],[31,7],[12,45],[58,20],[28,-15],[70,35],[7,37],[30,23],[134,18],[36,-22],[26,31],[85,10],[7,18],[44,12],[44,-10],[12,-47],[58,11],[88,157],[-62,98],[73,7],[-11,17],[24,46],[-43,21],[57,86],[71,-19],[21,-22],[12,39],[22,5],[-8,45],[71,73],[93,28],[59,59],[193,97],[61,62],[65,40],[155,-12],[48,50],[48,-20],[0,-31],[51,-36],[253,-45],[166,43],[86,68],[129,171],[-155,35],[-64,-44],[-58,105],[-22,14],[3,31],[-127,32],[24,91],[-2,24],[-30,39],[-3,49],[67,238],[61,78],[63,-14],[8,15],[19,-35],[-21,-8],[-8,-107],[59,-56],[158,-228],[-18,-35],[228,-44],[264,-118],[-5,-19],[-20,-28],[3,-39],[-24,-35],[0,-35],[20,-42],[72,-19],[-77,-137],[364,-202],[-14,-28],[12,-12],[-4,-70],[-92,-18],[2,-27],[44,-48],[-15,-36],[-64,-38],[40,-67],[90,-51],[54,43],[160,50],[87,14],[75,-14],[335,59],[46,-53],[334,-11],[42,-179],[52,-17],[125,29],[94,-47],[14,15],[-14,38],[100,76],[98,4],[33,77],[108,146],[104,-31],[23,22],[294,-187],[113,-29],[185,9],[80,79],[80,50],[71,-70],[38,-6],[38,-60],[-38,-90],[50,-184],[-6,-109],[-82,-207],[-82,-149],[-170,-203],[-246,-220],[-307,-227],[-249,-228],[-53,-89],[-40,-153],[134,-14],[-2,14],[24,1],[4,-18],[62,0],[152,61],[151,27],[100,-36],[35,-30],[89,-18],[118,14],[93,-80],[116,22],[236,5],[118,28],[-2,79],[-31,118],[339,111],[-1,34],[62,99],[57,104],[8,65],[275,-28],[13,44],[100,17],[-2,27],[128,-15],[34,43],[8,45],[118,58],[146,8]],[[94616,70057],[26,-61],[-74,-180],[70,-79],[53,-298],[206,-19],[-8,-24],[53,-117],[-8,-33],[-58,-42],[-65,-82],[-21,-89],[-114,-94],[-94,-112],[-12,-127],[-29,-37],[-59,-34],[-99,-14],[-68,-36],[-23,-161],[-41,-69],[-29,-106],[41,-178],[98,-130],[44,-35],[-38,-70],[-10,-76],[-27,-202],[-75,-96],[9,-116],[-44,-176],[-64,-85],[-38,-127],[-123,-154],[-140,-70],[-95,-71],[-47,-67],[-130,-112],[-197,-116],[-82,-81],[-71,-27],[-129,-86],[-64,-10],[-84,-42],[-98,-13],[-149,-91],[-143,-48],[-34,-22],[-21,-59],[-35,-38],[-109,-19],[-50,-26],[-4,-42],[-37,-69],[45,-79],[-16,-72],[4,-63],[23,-53],[11,-92],[30,-51],[18,-181],[37,-58],[43,-87],[-29,-78],[4,-61],[-84,-112],[-163,-158],[-58,-101],[5,-97],[68,-96],[100,-40],[540,-52],[95,-29],[77,-76],[31,-61],[92,-56],[41,-63],[100,-87],[245,-181],[332,-120],[120,-74],[104,-37],[84,-126],[108,-46],[88,-128],[181,-164],[73,-122],[106,-74],[27,-44],[1,-49],[33,-57],[171,-50],[41,-37],[28,-104],[35,-42],[285,-162],[159,-96],[89,-21],[235,-127],[106,-29],[122,-93],[125,-58],[103,-128],[31,-121],[70,-78],[145,-81],[24,-59],[-22,-46],[-137,-90],[-47,-50],[-20,-117],[-78,-122],[-1,-46],[17,-42],[34,-72],[22,-107],[147,-84],[47,-78],[-7,-47],[-50,-77],[-131,-98],[-17,-72],[-22,-82],[-76,-57],[-50,-72],[-68,-46],[-59,-81],[-170,-32],[-84,-62],[-46,-88],[21,-152],[-90,-133],[-15,-73],[152,-243],[9,-155],[-9,-79],[19,-58],[70,-103],[6,-40],[-19,-90],[130,-82],[16,-36],[1,-60],[57,-78],[-5,-47],[-82,-79],[0,-61],[23,-36],[87,-43],[44,-101],[70,-31],[139,-7],[207,-90],[152,-15],[283,-74],[58,-44],[53,-109],[94,-86],[-1,-29],[-27,-49],[-21,-142],[-51,-101],[-136,-100],[-29,-55],[25,-56],[79,-64],[49,-66],[19,-52],[0,-65],[-84,-124],[-113,-105],[-27,-53],[42,-205],[-21,-87],[5,-41],[48,-85],[98,-99],[184,-48],[144,-85],[73,-70],[43,-97],[68,-83],[-16,-58],[-102,-79],[13,-39],[-9,-45],[34,-41],[-19,-72],[6,-57],[-67,-32],[8,-66],[-125,-109],[-12,-66],[-89,-38],[-6,-27],[22,-17],[42,-70],[-36,-75],[-6,-64],[-49,-40],[-35,0],[-19,-35],[19,-36],[9,-103],[51,-88],[35,-12],[27,-43],[-16,-118],[-53,-56],[-56,-21],[-27,-52],[18,-84],[-27,-28],[-24,-80],[-58,-50],[-14,-28],[28,-47],[-4,-21],[-115,-75],[-52,-8],[0,-56],[-97,11],[-16,-45],[-57,-38],[-19,-107],[-47,-21],[-30,-63],[-74,-17],[-87,-82],[-115,-15],[-34,-55],[34,-37],[12,-40],[-24,-7],[-21,36],[-31,-6],[22,-65],[-17,-25],[-69,28],[-47,-41],[12,-31],[-9,-29],[19,-32],[-30,-49],[4,-63],[60,-43],[31,-54],[0,-40],[51,-59],[59,0],[20,-23],[58,-18],[89,10],[25,-42],[84,-30],[27,-92],[41,-42],[-10,-45],[19,-51],[-1,-83],[-37,-69],[18,-20],[77,-18],[22,-24],[-56,-37],[-3,-19],[24,-36],[-33,-86],[50,-55],[52,-124],[82,-37],[22,-60],[91,-106],[90,-41],[235,-188],[68,-3],[22,-55],[-21,-47],[25,-24],[59,-13],[19,-62],[32,-27],[5,-51],[36,-30],[-22,-65],[-34,-42],[42,-75],[-16,-57],[18,-90],[-24,-58],[85,-103],[20,-86],[-6,-54],[-33,-52],[-67,-38],[-16,-45],[-84,-32],[-96,-97],[-4,-28]],[[97331,49849],[-79,53],[2,25],[-83,84],[-31,18],[-93,-8],[15,-80],[50,-83],[19,-70],[-117,-2],[25,-20],[-39,-136],[-22,-40],[-111,-91],[-14,-10],[-33,23],[-53,4],[1,18],[-209,-3],[-68,-40],[-186,-7],[-21,37],[-32,20],[23,24],[-39,48],[-24,120],[-43,28],[-93,6],[-8,53],[-15,13],[-92,9],[-30,-14],[-48,-75],[-57,-18],[-81,20],[26,-116],[-55,-40],[-136,-17],[-83,-51],[-58,46],[-19,-16],[-56,30],[-422,-44],[-32,-34],[8,-123],[-55,30],[-226,-59],[-46,-27],[-91,53],[-100,0],[-10,-18],[12,-28],[-6,-44],[-93,-10],[-94,-74],[-12,-25],[-83,-44],[-118,0],[-5,-29],[36,-13],[-19,-52],[7,-21],[-35,-57],[-49,-10],[-42,27],[-3,49],[-35,90],[-145,55],[-111,11],[-41,34],[-92,35],[-185,14],[-20,-4],[-5,-32],[-50,-15],[-39,10],[0,18],[24,10],[-28,22],[-10,-13],[-102,10],[-21,16],[11,7],[-57,38],[-69,20],[-121,-14],[-92,24],[-111,-18],[-101,22],[-140,6],[-28,27],[-36,1],[-44,-37],[-38,-59],[7,-54],[99,-95],[-36,9],[-25,-29],[-156,25],[-78,-17],[-62,-87],[-6,-71],[-39,-74],[3,-34],[-68,-55],[-119,-15],[22,-44],[106,-110],[-13,-23],[-132,-59],[-283,88],[-49,-55],[23,-40],[168,-124],[-24,-97],[20,-40],[68,-41],[-169,-73],[-51,-54],[55,-14],[24,-59],[-69,2],[46,-45],[8,-67],[-66,-22],[-81,-98],[-55,-2],[-43,-35],[9,-54],[75,1],[20,-53],[-126,27],[-84,-31],[1,-28],[40,-14],[-21,-46],[-73,-32],[-9,-31],[21,-22],[17,-93],[-261,37],[18,99],[0,109],[-74,24],[-23,15],[-72,-9],[-116,-84],[-36,0],[-123,-54],[-104,-14],[15,-50],[-163,-17],[-62,-26],[-132,20],[-43,56],[-232,17],[-30,-4],[27,-19],[-4,-52],[-53,-11],[-83,-69],[-99,35],[-216,-37],[-52,-89],[-75,12],[-3,-28],[-17,4],[-18,-22],[-5,74],[19,0],[3,29],[21,-2],[11,19],[-97,24],[-39,-64],[-105,-54],[-15,-1],[-100,41],[-120,-14],[-61,23],[-128,98],[-73,-74],[-122,99],[-60,-83],[-111,13],[-140,-18],[-127,29],[-5,-15],[-95,-3],[-98,-2],[14,60],[-38,7],[6,31],[-37,46],[19,28],[-170,17],[-118,-77],[-46,3],[-40,-117],[-30,2],[-42,90],[0,45],[-125,0],[15,38],[-26,104],[-5,101],[-52,-2],[-106,33],[-72,-21],[-26,55],[-240,47],[19,116],[71,-45],[-90,97],[-2,-35],[-21,-11],[-88,7],[-37,99],[-21,-31],[22,-32],[-54,22],[-45,-16],[3,12],[-12,1],[-42,-67],[-61,-4],[8,44],[48,42],[-12,13],[14,14],[-19,32],[-36,6],[-18,50],[-64,6],[-8,39],[-48,37],[32,44],[-29,23],[-42,28],[-110,-74],[8,-38],[-13,-39],[-47,-59],[-79,21],[22,-31],[21,-3],[-7,-18],[51,-61],[-5,-25],[-50,-15],[-59,58],[-97,50],[-11,-16],[-68,9],[-96,-48],[-32,46],[-7,49],[-112,1],[47,-44],[5,-53],[17,-28],[-126,-40],[-20,-11],[-19,-53],[-191,-73],[-10,-10],[7,-130],[-226,13],[-7,-58],[40,-11],[-1,-40],[54,-5],[-12,-66],[-42,2],[-9,38],[-56,44],[-48,8],[2,15],[-62,-10],[-49,21],[-175,0],[-32,26],[-29,86],[-68,135],[-4,49],[20,67],[-14,54],[-33,33],[-59,18],[-38,-52],[11,-44],[-8,-20],[-25,-19],[-81,38],[-1,66],[83,66],[61,-19],[5,56],[86,95],[14,80],[-17,32],[-95,51],[-64,71],[-7,72],[37,108],[-11,38],[-30,34],[58,-11],[26,-34],[41,2],[37,40],[-37,29],[48,25],[-10,19],[22,9],[-16,61],[43,10],[11,62],[-17,89],[13,73],[-63,20],[-84,145],[-28,154],[-16,71],[-212,11],[-19,61],[-101,-10],[5,11],[-54,79],[104,130],[15,80],[58,32],[-58,93],[-96,-27],[1,30],[-80,60],[-115,153],[-53,-13],[1,-23],[-39,-11],[11,-23],[-42,-14],[-24,56],[-59,-2],[22,-55],[32,9],[13,-30],[-68,-5],[9,-13],[-36,-26],[-64,26],[-48,111],[-39,22],[11,17],[-226,307]],[[82972,50611],[770,387],[115,64],[5,28],[57,17],[6,15],[-54,33],[44,3],[-4,49],[-49,102],[0,32],[57,25],[72,-56],[9,51],[-41,62],[19,9],[29,-19],[27,14],[36,-23],[66,-7],[-24,49],[1,20],[18,6],[-28,13],[-43,104],[-95,36],[-2,27],[13,12],[-37,36],[-28,-23],[-46,19],[12,25],[-24,7],[37,77],[37,-4],[11,16],[-6,34],[-115,50],[32,54],[20,8],[-72,24],[105,92],[13,48],[0,21],[-14,3],[4,36],[74,-14],[12,49],[-104,17],[40,53],[-36,53],[19,-5],[-6,29],[26,27],[-80,149],[-52,35],[19,16],[-33,22],[-33,-7],[-25,47],[29,18],[-3,27],[-23,0],[-3,28],[-31,21],[-21,67],[-49,81],[-33,141],[234,21],[-11,147],[-63,2],[-28,81],[-59,0],[3,34],[-114,4],[-1,-73],[-46,1],[0,-20],[-56,6],[-92,-29],[-96,13],[-38,-75],[-312,30],[-69,32],[-56,65],[-3,29],[70,-9],[18,26],[-16,97],[94,11],[-27,100],[-193,32],[-9,-74],[-37,41],[-65,28],[-203,15],[-115,-37],[33,219],[-176,32],[39,142],[-208,27],[-4,-13],[-148,38],[-8,-78],[-231,-49],[-20,74],[-303,2],[-4,168],[-17,106],[-43,47],[-9,58],[-281,-60],[-148,-3],[-154,32],[5,133],[-58,31],[-90,34],[-33,48],[-103,31],[-102,-8],[-169,103],[2,30],[-101,32],[-151,8],[-58,42],[-26,57],[-46,16],[-92,-4],[-68,-53],[-33,-161],[-259,-31],[6,-109],[-104,-14],[-544,44],[-4,18],[17,20],[-47,149],[8,21],[-321,70],[-118,95],[-37,134],[-1,53],[-169,16],[-26,-55],[-41,-45],[-25,-114],[-133,12],[-66,28],[-56,79],[-123,53],[-65,53],[-74,91],[-115,18],[-140,16],[-100,148],[-128,79],[-35,41],[-73,159],[-8,66],[-32,38],[-134,44],[-68,60],[-132,30],[-41,70],[-27,160],[-29,46],[-3,32],[-16,25],[-57,21],[-96,48],[-70,131],[-50,56],[23,91],[-116,45],[-31,39],[101,184],[111,-46],[57,26],[-25,27],[-7,52],[-17,0],[-2,58],[74,57],[23,53],[-72,21],[32,50],[97,54],[63,-22],[96,29],[86,97],[35,-16],[36,41],[-5,17],[-49,10],[-35,2],[-3,36],[-23,15],[-165,-11],[-24,29],[117,13],[-48,36],[8,16],[-108,17],[30,34],[-145,27],[27,79],[59,77],[-31,27],[9,128],[96,213],[-5,15],[88,112],[73,158],[24,36],[49,17],[109,197],[45,54],[-89,71],[2,28],[-121,127],[11,43],[21,19],[112,17],[43,86],[-95,32],[-23,56],[30,73],[54,35],[14,24],[-18,40],[10,46],[-25,48],[-61,-18],[-106,33],[-43,21],[-4,44],[193,89],[-66,80],[115,44],[-4,50],[45,64],[-37,19],[14,17],[-4,35],[101,19],[9,23],[-18,74],[85,43],[2,91],[47,75],[-28,10],[-33,-34],[-63,-16],[-65,45],[13,47],[-7,37],[55,50],[101,9],[19,63],[-78,-15],[-86,-54],[-116,61],[-23,-42],[-78,1],[-59,-63],[-60,4],[-12,71],[-64,21],[65,64],[-87,38],[-4,52],[-17,30],[6,75],[-32,17],[-66,-5],[-15,31],[-80,26],[-39,-22],[14,-33],[-9,-33],[-65,-54],[-1,-24],[33,-41],[-55,-62],[-33,-4],[-51,34],[-65,-61],[-114,12],[-50,-36],[-29,45],[-86,75],[-34,102],[55,43],[34,60],[66,36],[28,63],[-78,14],[-49,58],[-134,-52],[-31,-52],[-109,-15],[26,56],[-12,42],[51,42],[84,237],[187,164],[-38,15],[-21,36],[-9,207],[29,104],[-54,14],[4,53],[41,58],[-55,-6],[2,50],[23,56],[128,-52],[142,-31],[50,61],[234,67],[-51,-1],[2,117],[48,13],[10,53],[-45,93],[25,9],[-15,61],[36,32],[-29,22],[8,17],[33,0],[0,68],[-30,55],[-1,39],[-61,23],[-15,23],[51,36],[-1,28],[-85,-10],[-47,107],[4,27],[52,37],[-62,60],[-52,3],[-56,53],[53,25],[-12,34],[-34,16],[-42,-30],[-20,13],[8,28],[54,49],[-12,-3],[-5,14],[27,7],[-40,28],[69,36],[1,36],[95,15],[-6,16],[29,22],[-41,43],[24,20],[-15,19],[0,47],[-15,19],[-73,7],[-28,89],[21,32],[56,4],[-26,23],[14,28],[-3,60],[25,12],[39,-11],[24,23],[-8,40],[9,91],[-24,32],[83,0],[107,-39],[53,63],[-12,54],[67,24],[-27,59],[43,14],[-118,182],[-55,215],[21,51],[-67,81],[19,101],[-85,61],[-58,15],[-17,0],[-11,-50],[-35,9],[-14,47],[-52,23],[-20,28],[-26,82],[-36,-6],[-66,-75],[-109,-73],[-393,-133],[-22,7],[80,139],[-110,112],[21,150],[35,20],[15,28],[-33,11],[-49,-62],[-36,-70],[-18,-74],[-128,22],[-139,-7],[-2,63],[-40,45],[-87,-31],[11,28],[-11,8],[-93,25],[-62,-35],[-44,34],[-118,-9],[-62,26],[-28,-24],[-108,-10],[3,-25],[-10,-40],[-127,-7],[-27,-52],[-29,-7],[-188,57],[-21,-13],[-49,61],[-60,38],[-124,36],[-73,1],[-246,28],[-71,44],[-73,95],[-47,29],[-308,13],[-69,35],[-37,47],[-12,59],[15,45],[56,67],[135,95],[22,56],[-10,56],[-70,58],[-83,28],[-165,2],[-212,44],[-58,48],[-77,130],[-54,59],[-76,48],[-99,34],[-100,0],[-232,-114],[-86,-10],[-71,44],[-33,64],[6,167],[-33,59],[-48,30],[-53,5],[-180,-51],[-91,19],[-64,42],[-29,47],[7,63],[129,142],[7,27],[-22,46],[-83,35],[-95,-5],[-177,-62]],[[75837,64637],[39,35],[8,-15],[-47,-20]],[[64606,77309],[255,94],[361,233],[248,103],[123,71],[10,5],[54,24],[15,7],[9,3],[10,3],[12,4],[11,5],[8,3],[14,4],[91,25],[8,5],[34,6],[13,1],[240,38],[10,1],[10,2],[11,2],[10,5],[5,6],[7,4],[11,2],[64,4],[10,2],[227,-33],[144,-15],[19,-3],[15,0],[16,2],[20,3],[70,28],[198,31],[14,-4],[84,-63],[4,-9],[11,-95],[11,-9],[18,-25],[8,-10],[8,-8],[5,-7],[2,-6],[2,-4],[0,-6],[7,-19],[17,-13],[158,-85],[158,-18],[17,2],[5,5],[54,46],[44,10],[37,-24],[21,-46],[-5,-6],[-54,-86],[-49,5],[-19,-42],[-3,-22],[-7,-29],[-4,-22],[-1,-17],[-6,-16],[-1,-21],[-4,-17],[-6,-45],[-1,-40],[3,-16],[6,-13],[11,-22],[1,-5],[0,-3],[4,-9],[9,-17],[19,-28],[3,-4],[19,4],[-3,-12],[10,-9],[148,-79],[160,-13],[108,70],[123,52],[8,5],[21,24],[8,13],[76,141],[50,19],[46,-23],[10,-13],[22,-40],[5,-11],[4,-10],[8,-14],[7,-9],[5,-7],[14,-26],[12,-13],[20,-23],[2,-2],[4,-4],[12,-8],[11,-8],[11,-8],[9,-8],[10,-8],[11,-5],[42,-32],[9,-5],[42,-4],[10,3],[159,46],[151,-49],[-26,-30],[-5,-11],[-23,-55],[1,-12],[2,-9],[3,-10],[4,-12],[4,-6],[99,-70],[162,-65],[16,-4],[14,-38],[1,-3],[-10,-46],[-9,-1],[13,-30],[71,-8],[52,8],[18,-9],[24,21],[1,23],[-70,21],[-14,45],[11,23],[-21,-2],[-1,1],[2,8],[7,8],[6,7],[18,14],[11,5],[58,20],[6,3],[4,2],[6,2],[44,56],[-1,2],[3,1],[22,22],[9,10],[48,44],[26,8],[5,-13],[0,-5],[18,-22],[26,21],[6,32],[-26,24],[-3,1],[-2,4],[1,1],[-3,8],[-5,4],[-1,3],[18,49],[16,83],[-1,3],[5,19],[0,3],[-2,4],[-3,22],[2,6],[-17,123],[0,4],[1,5],[6,2],[15,10],[8,46],[-1,7],[-2,8],[-5,4],[-12,2],[-8,-2],[-19,-1],[15,-40],[-1,-4],[-20,2],[-3,2],[-8,1],[-2,-3],[-8,0],[-3,2],[-6,-5],[-3,-3],[-14,-12],[-4,14],[1,2],[0,6],[-4,-1],[3,9],[6,0],[3,1],[-1,4],[-8,13],[20,21],[0,5],[-6,14],[4,3],[61,-4],[33,18],[2,24],[35,13],[-9,-15],[0,-4],[-7,-40],[5,-8],[3,-7],[2,-4],[18,-7],[36,37],[-26,59],[1,6],[5,13],[7,4],[36,30],[4,3],[9,1],[12,53],[-10,30],[-17,1],[-17,-5],[-31,42],[-5,23],[31,10],[8,-1],[21,17],[-1,6],[4,7],[5,8],[45,62],[4,8],[3,3],[6,3],[6,38],[3,7],[14,23],[8,12],[8,6],[9,7],[68,41],[6,1],[124,41],[1,60],[-46,22],[3,-4],[-14,-12],[-16,2],[-73,11],[13,44],[32,30],[14,10],[18,4],[11,-1],[21,-8],[5,-5],[13,-27],[-3,-2],[1,-6],[6,-4],[0,-3],[18,-23],[15,-9],[17,-10],[13,-3],[7,-1],[14,-4],[168,36],[27,14],[33,19],[35,25],[7,6],[114,155],[-24,113],[-7,15],[-7,26],[-4,13],[1,22],[3,4],[35,5],[10,2],[25,16],[7,5],[14,10],[11,4],[13,2],[50,0],[8,1],[39,21],[26,-15],[8,9],[-14,7],[29,8],[-19,10],[24,24],[6,4],[15,6],[12,1],[59,31],[-5,43],[2,14],[7,28],[8,34],[5,30],[-19,21],[-8,4],[-4,7],[-3,6],[-38,60],[-9,10],[-15,24],[-62,33],[-8,-2],[-26,-15],[-17,-10],[-10,-8],[-6,-8],[20,-48],[-2,-3],[-9,-3],[-80,-11],[-48,-26],[-6,-7],[-11,-9],[-7,-3],[-49,-79],[-4,-10],[-7,-26],[-7,-1],[-7,-7],[-11,-7],[-3,7],[-82,-22],[-2,-15],[50,21],[-84,-94],[-4,-9],[-7,-3],[-38,-25],[-12,-10],[-17,-4],[-2,4],[-15,-1],[3,-12],[3,-4],[-1,-6],[-53,-67],[-34,-21],[26,8],[4,-3],[0,-27],[-7,-5],[-74,-53],[2,-4],[-4,-6],[-6,1],[-7,10],[-3,8],[1,9],[4,10],[4,9],[5,11],[16,16],[7,1],[16,11],[-2,23],[-5,5],[2,6],[3,41],[-21,68],[4,59],[-22,14],[-48,-60],[2,-8],[-12,-10],[-1,29],[3,7],[10,12],[5,6],[20,20],[9,9],[172,175],[7,9],[20,22],[15,10],[105,45],[167,11],[89,38],[44,25],[23,14],[23,14],[95,68],[9,7],[205,191],[14,12],[6,4],[153,134],[41,37],[9,9],[8,5],[34,25],[12,12],[27,20],[9,1],[7,4],[102,11],[112,2],[12,-1],[15,0],[7,0],[15,-2],[33,-1],[17,1],[236,0],[9,0],[7,2],[106,8],[4,0],[5,0],[57,-8],[-13,-15],[11,-4],[29,-10],[78,-21],[12,-5],[16,-3],[11,-3],[35,-7],[177,-25],[205,-15],[215,19],[23,4],[12,2],[23,4],[9,4],[142,33],[12,2],[367,121],[135,39],[9,3],[67,8],[28,3],[81,15],[27,9],[50,16],[35,14],[81,29],[61,18],[28,7],[5,2],[13,6],[41,15],[63,20],[146,-23],[221,13],[12,1],[15,1],[15,2],[99,16],[126,65],[13,-21],[1,-16],[-1,-15],[15,1],[10,1],[17,-36],[17,-37],[-15,-22],[12,-10],[17,-15],[-1,-9],[-4,-59],[-26,-5],[-1,-117],[-14,-33],[-32,-55],[-60,-36],[40,3],[33,-103],[19,-17],[-23,-64],[6,-3],[-24,-31],[-3,-15],[31,-110],[77,-136],[13,-3],[15,-16],[53,-32],[-6,-14],[53,-17],[5,4],[83,-31],[25,2],[-26,6],[1,8],[86,-5],[1,-7],[82,3],[1,5],[26,4],[18,0],[5,3],[3,2],[7,1],[4,0],[23,-33],[-29,-66],[10,-9],[27,66],[-22,55],[13,16],[-43,15],[-141,-13],[-24,-12],[-3,0],[-6,-2],[0,-3],[-16,-3],[-4,0],[-74,26],[-31,44],[-14,12],[-28,28],[-1,6],[-43,52],[-16,-2],[-2,3],[3,4],[2,4],[0,5],[-4,8],[-2,4],[-22,73],[-3,4],[-6,28],[14,13],[2,5],[9,25],[-10,34],[-2,6],[-1,6],[-2,6],[-6,26],[-1,4],[1,8],[3,35],[-10,7],[-8,3],[0,11],[5,34],[0,1],[2,22],[1,37],[-2,72],[6,9],[9,12],[33,4],[4,0],[-2,18],[26,5],[3,1],[21,4],[-7,18],[19,14],[54,2],[22,-24],[25,7],[61,4],[16,6],[6,2],[17,-15],[23,7],[11,17],[43,0],[-1,19],[-19,-1],[-25,-3],[-3,8],[-1,7],[3,16],[3,10],[6,29],[0,7],[31,21],[2,40],[-4,-1],[-8,5],[5,2],[15,8],[-15,13],[-108,-14],[-3,-2],[-10,6],[-36,37],[-50,-22],[-14,-4],[-23,-3],[-36,0],[-7,-5],[-5,-45],[-5,-2],[-48,-16],[-3,2],[-36,93],[6,4],[-16,40],[30,-18],[20,-11],[7,9],[30,-14],[48,9],[199,129],[161,177],[175,260],[165,149],[14,10],[56,33],[13,7],[13,10],[164,94],[532,238],[262,132],[204,160],[19,17],[175,241],[16,23],[11,17],[9,15],[9,15],[75,128],[7,16],[10,15],[7,16],[9,16],[58,107],[29,24],[6,7],[5,6],[10,14],[9,14],[9,14],[8,17],[96,170],[8,3],[227,154],[46,48],[9,15],[23,24],[176,227],[15,21],[10,16],[8,17],[5,9],[52,141],[4,11],[155,336],[13,19],[12,25],[11,23],[52,76],[70,63],[82,37],[70,5],[-15,-5],[5,-18],[-89,-7],[0,-3],[29,-8],[10,0],[39,-9],[6,-3],[7,0],[4,-1],[5,-5],[-39,-29],[6,-41],[14,8],[-7,-41],[-36,-7],[40,-29],[10,-8],[126,-112],[129,-52],[649,-91],[298,-56],[968,-17],[12,-2],[19,0],[564,-4],[530,54],[63,-11],[-7,-5],[-3,-7],[-3,-12],[-16,-19],[-1,7],[-9,19],[-12,-45],[16,-43],[29,-21],[5,-4],[18,-15],[30,-34],[-10,-28],[-109,-62],[-7,-7],[-62,0],[-5,2],[-19,2],[-2,0],[-9,-1],[-64,-32],[-85,-10],[-72,-37],[-71,52],[-78,29],[-222,24],[-7,-6],[-90,-22],[-27,-13],[-8,-5],[-8,-5],[-52,-35],[-52,-65],[-1,-6],[-2,-4],[-7,-2],[-8,1],[-35,34],[-5,10],[-18,21],[-8,8],[-8,8],[-20,10],[-9,3],[-13,3],[-35,1],[-11,-3],[-20,1],[-1,3],[-102,-11],[-11,-5],[-16,-23],[-2,-10],[-30,4],[-12,4],[-27,6],[-17,3],[-17,2],[-20,1],[-12,-1],[-39,4],[-6,1],[-7,-1],[-16,0],[-11,5],[-12,7],[-26,29],[-5,10],[-49,63],[-22,60],[-26,2],[-15,24],[-54,-44],[-28,-4],[-149,47],[-204,-118],[-24,-50],[0,-7],[3,-43],[0,-6],[2,-12],[0,-11],[1,-10],[-2,-6],[-25,-13],[-4,-1],[-97,25],[-28,47],[-7,4],[-10,26],[0,5],[-5,14],[-7,3],[-8,3],[-5,3],[-49,47],[4,5],[5,3],[-19,13],[-90,-66],[-3,-1],[-4,1],[-3,3],[-60,-11],[-20,-16],[8,-13],[2,-3],[1,-4],[-3,-7],[-60,-39],[-2,-16],[22,-11],[3,-1],[1,-2],[4,-4],[3,-2],[1,-3],[7,-6],[3,-1],[12,-9],[-5,0],[-9,2],[-4,2],[-5,3],[-34,18],[-79,-8],[2,-2],[-30,-2],[-5,0],[-8,0],[0,-3],[-7,-1],[-1,3],[-75,-5],[-82,-45],[-13,-55],[15,-33],[26,-5],[6,-4],[48,-29],[2,-1],[33,-7],[5,0],[52,-6],[-8,-30],[-3,-1],[-2,-2],[1,-2],[-3,-9],[-9,-6],[-19,-44],[-2,-1],[-3,1],[0,4],[-8,51],[-50,12],[-60,-14],[-24,5],[-6,1],[-12,4],[0,2],[-32,4],[-3,-2],[-3,0],[-4,1],[-53,-1],[-2,-1],[-37,-3],[-3,3],[-73,0],[-25,-32],[-68,-20],[-21,-38],[-77,-8],[-49,-49],[4,-35],[-24,-7],[-5,-4],[-9,3],[-1,5],[-15,12],[-6,3],[-4,5],[-87,67],[-67,17],[-328,-11],[-181,-28],[-23,-38],[-113,-50],[-15,9],[-3,-41],[-6,-21],[-7,-3],[-7,0],[-9,-17],[3,-5],[2,-3],[7,-1],[4,-6],[-2,-4],[4,-50],[4,-6],[0,-5],[-2,-6],[-6,-16],[21,-12],[5,-1],[5,-9],[3,-8],[9,-118],[-7,-39],[-37,-53],[-89,20],[-60,83],[-12,-1],[4,-17],[-61,9],[-18,-28],[4,-3],[-8,-4],[-10,0],[-22,0],[11,-11],[1,-2],[0,-3],[-2,-3],[36,-30],[-6,-14],[64,-32],[-21,-63],[1,-7],[17,-29],[-20,-16],[-24,-14],[0,-36],[-28,-32],[0,-3],[-4,-2],[-28,-5],[2,-18],[7,-1],[4,-3],[0,-5],[-42,-33],[-84,-4],[-34,18],[-30,-25],[-1,-5],[-3,-5],[-3,1],[-15,-12],[-2,-7],[5,-16],[5,-1],[-1,-3],[-30,-22],[16,-43],[6,0],[5,-6],[-2,-2],[26,-26],[-7,-15],[15,-41],[44,-47],[3,-1],[4,-5],[5,-5],[2,-3],[2,-4],[6,-2],[25,-27],[2,-7],[56,-46],[-20,-15],[-17,-51],[-103,-36],[-25,-25],[7,-17],[25,0],[3,1],[19,-16],[0,-6],[67,-34],[40,-17],[5,-1],[1,-5],[60,-39],[7,-1],[3,-3],[13,-7],[5,2],[4,-3],[1,-4],[38,-34],[51,-17],[8,0],[10,-5],[6,-4],[34,-9],[11,-1],[20,-6],[10,-6],[173,-21],[9,1],[49,5],[13,-2],[23,4],[1,2],[23,3],[11,0],[9,2],[4,1],[7,-1],[26,10],[5,3],[14,6],[4,-2],[9,2],[3,5],[1,7],[1,7],[-90,54],[-269,43],[-79,130],[-4,7],[9,10],[5,2],[-2,7],[0,13],[-15,39],[-3,3],[2,13],[5,3],[1,12],[0,5],[2,8],[2,2],[3,4],[4,2],[11,9],[13,13],[8,14],[7,5],[3,18],[2,4],[2,3],[1,12],[5,5],[20,21],[5,6],[5,0],[2,-2],[37,18],[9,6],[9,6],[13,4],[10,7],[11,5],[42,31],[10,3],[9,1],[6,0],[8,-1],[4,4],[126,21],[7,1],[32,5],[-8,6],[12,2],[7,-2],[12,4],[8,6],[59,16],[5,-4],[51,19],[6,3],[5,-1],[12,5],[-12,33],[-9,4],[12,5],[7,-2],[7,20],[-4,4],[1,2],[-1,7],[-3,3],[-1,4],[8,2],[-6,16],[-7,0],[-2,17],[0,7],[-50,75],[2,62],[4,18],[4,15],[8,2],[9,4],[84,7],[12,-3],[13,1],[13,1],[12,1],[12,-1],[65,7],[-2,18],[-3,5],[2,4],[1,0],[1,0],[3,0],[6,0],[34,-2],[21,5],[21,7],[45,12],[10,0],[6,-4],[38,-20],[47,10],[3,7],[9,6],[4,-9],[24,22],[2,6],[4,6],[6,0],[30,27],[-2,3],[2,8],[6,1],[25,30],[-15,7],[11,12],[-24,-6],[-7,1],[-2,3],[0,6],[37,56],[-4,16],[-6,6],[8,1],[6,-2],[39,14],[3,7],[12,4],[4,-1],[25,10],[4,9],[6,7],[9,-1],[9,1],[-12,8],[-2,7],[7,14],[1,7],[-152,45],[-3,6],[32,38],[9,4],[34,5],[11,3],[16,8],[33,16],[8,8],[22,13],[8,3],[1,13],[-9,8],[1,16],[2,7],[-2,6],[-2,7],[-2,18],[3,7],[4,-4],[3,-7],[19,-39],[7,-5],[86,-40],[55,-2],[42,22],[9,3],[14,1],[1,-5],[-16,-34],[0,-3],[-4,-3],[-24,-27],[-4,-6],[-2,-6],[0,-6],[-8,-53],[1,-6],[-3,-27],[27,-11],[-2,-5],[17,-4],[11,-2],[41,-1],[25,8],[24,9],[13,2],[62,73],[-7,45],[-2,2],[-2,1],[3,2],[11,8],[-12,10],[-8,5],[-12,15],[18,-9],[8,-4],[24,4],[7,2],[8,1],[12,-1],[109,11],[7,2],[9,6],[-1,-9],[16,2],[-5,11],[10,7],[29,16],[7,0],[4,2],[1,4],[16,10],[9,2],[127,48],[85,32],[6,5],[30,23],[6,1],[8,5],[3,5],[-2,4],[2,6],[7,7],[-1,3],[-2,4],[1,6],[3,3],[40,-13],[10,13],[12,14],[8,1],[7,46],[-44,32],[-50,5],[-2,3],[8,34],[5,5],[-15,8],[-7,1],[-6,4],[-2,4],[0,1],[11,13],[7,-1],[61,-2],[1,33],[-1,4],[22,5],[7,-3],[5,-18],[19,3],[-13,19],[4,2],[7,0],[46,-21],[74,10],[3,5],[15,8],[6,3],[52,18],[5,3],[8,0],[68,16],[8,0],[9,-4],[0,-4],[3,-1],[6,1],[5,-3],[8,-4],[7,-5],[0,-5],[29,-67],[-18,-21],[-52,8],[4,-7],[-8,-1],[-5,4],[-34,-2],[-10,-2],[-31,-4],[-7,1],[-63,-25],[-5,-9],[-3,-6],[-20,-22],[4,-33],[55,-83],[8,1],[4,-6],[-5,-3],[-45,-40],[3,-3],[-1,-4],[-7,1],[-46,-11],[-25,-80],[3,-6],[0,-5],[-7,-3],[-17,-21],[6,-5],[6,0],[7,0],[5,0],[12,4],[26,5],[12,-7],[30,-29],[-17,58],[-17,4],[-10,4],[-6,6],[5,8],[28,15],[0,16],[0,5],[13,12],[9,1],[49,53],[5,5],[6,5],[6,90],[17,49],[0,10],[4,6],[8,4],[7,1],[10,1],[50,1],[8,-2],[20,1],[7,2],[26,-6],[-6,-8],[-1,-50],[5,-14],[-2,-32],[-6,-8],[0,-28],[5,-4],[3,-11],[16,-32],[3,-5],[-1,-19],[-1,-3],[24,-23],[-1,-70],[34,-5],[4,15],[13,-1],[5,-10],[41,-13],[5,8],[42,-7],[7,-13],[-4,25],[-11,11],[25,-3],[22,6],[21,79],[-2,4],[0,32],[8,14],[8,-11],[-1,-5],[26,-44],[5,-3],[1,-4],[1,-6],[32,-28],[7,-2],[3,-2],[1,-7],[6,-39],[45,2],[6,4],[30,-3],[6,-1],[9,0],[6,0],[3,-2],[23,13],[27,96],[-5,7],[5,19],[6,7],[17,69],[2,6],[36,25],[9,0],[18,-4],[12,29],[-4,3],[-3,10],[4,6],[4,5],[24,-2],[2,-6],[-19,-77],[-2,-3],[0,-7],[-2,-49],[-1,-8],[4,-21],[3,-4],[-1,-4],[2,-14],[7,1],[1,-3],[-1,-7],[19,-1],[9,1],[7,0],[8,-2],[8,-3],[6,0],[25,-9],[5,-6],[8,-4],[23,-22],[4,-7],[22,-33],[4,-4],[13,-84],[2,-5],[5,-5],[9,-2],[-16,-5],[7,-8],[15,4],[0,-10],[2,-8],[6,-32],[1,-8],[0,-22],[1,-10],[1,-39],[-12,-12],[9,-34],[-1,-9],[1,-8],[13,-16],[13,31],[5,9],[34,38],[2,1],[8,5],[21,4],[11,3],[10,2],[9,4],[22,0],[16,-3],[18,-4],[139,-4],[61,28],[11,10],[14,12],[56,61],[6,8],[7,5],[10,6],[25,7],[13,2],[19,6],[9,3],[13,1],[2,5],[7,1],[6,-1],[5,3],[8,4],[10,12],[-1,6],[5,2],[16,21],[8,2],[12,32],[-2,3],[-2,4],[5,2],[3,6],[-3,3],[-1,2],[3,6],[5,27],[1,8],[1,6],[-2,44],[0,13],[13,-2],[3,10],[-16,2],[10,30],[5,4],[7,12],[5,8],[61,57],[5,5],[4,7],[4,10],[0,10],[0,5],[-2,38],[1,13],[5,8],[111,56],[6,4],[3,-2],[141,94],[10,2],[15,0],[12,-1],[29,-1],[24,5],[102,23],[10,-3],[34,12],[-3,20],[2,13],[7,15],[9,10],[5,4],[41,-1],[11,-2],[28,2],[13,12],[37,4],[3,-4],[17,1],[4,6],[35,7],[-4,-9],[15,4],[10,4],[21,2],[13,0],[8,3],[4,2],[17,6],[51,24],[34,93],[38,22],[8,-2],[8,3],[13,4],[43,7],[8,1],[8,2],[7,1],[7,1],[21,-5],[13,-6],[28,-10],[15,-2],[41,-16],[4,-4],[5,0],[4,-6],[8,-9],[-18,-3],[23,1],[14,-29],[-1,-87],[-80,-24],[-17,-50],[-1,-8],[-3,-9],[-1,-17],[-1,-7],[-3,-21],[-4,3],[-3,-11],[6,-5],[3,-26],[-4,-6],[-5,-6],[10,2],[5,-12],[-4,-3],[3,-27],[4,-5],[26,-56],[-11,-22],[31,-24],[-1,-4],[7,-4],[5,-3],[-1,-6],[16,-7],[6,-1],[4,-2],[2,-5],[19,-13],[6,0],[26,-22],[-4,-1],[41,-56],[4,-4],[1,-11],[0,-4],[11,-8],[6,1],[22,-20],[1,-6],[7,-2],[95,7],[14,0],[9,1],[20,4],[11,3],[13,3],[14,6],[26,12],[23,-11],[79,-53],[5,-7],[19,-29],[7,-9],[24,-40],[2,-6],[3,-4],[6,-11],[0,-8],[5,-10],[5,-7],[0,-21],[-4,-6],[-3,-6],[-6,-6],[-12,-3],[-24,-16],[-8,-8],[-4,3],[-12,-10],[-3,-6],[-3,-5],[6,-6],[-5,-10],[-55,-71],[-3,-8],[-11,-15],[-4,-7],[-2,-7],[-1,-8],[2,-3],[-1,-16],[4,-18],[0,-9],[3,-11],[3,-12],[45,-107],[7,-16],[30,-44],[-1,-10],[9,-71],[46,-18],[22,1],[-4,-19],[36,7],[0,-10],[-10,-2],[5,-9],[7,-10],[17,-27],[42,-37],[21,-30],[14,9],[13,-21],[-15,-3],[9,-13],[-8,-22],[12,-4],[-20,-48],[-45,-62],[16,-4],[-2,-20],[-21,-5],[11,-66],[3,-3],[-6,0],[58,-68],[6,-3],[10,-8],[13,-8],[108,-66],[5,-4],[58,-18],[9,-1],[49,-4],[7,-1],[76,-3],[11,4],[9,3],[32,27],[8,11],[75,80],[6,-25],[9,-10],[22,-14],[59,-46],[3,-10],[-13,-39],[-122,17],[-52,-35],[-4,-6],[-11,-9],[-22,-20],[-1,-4],[-6,-2],[-9,0],[-35,-12],[-7,-10],[-10,-18],[-11,-2],[-1,-26],[2,-2],[-3,-8],[1,-4],[17,-13],[9,3],[6,2],[9,2],[23,16],[1,5],[19,15],[6,2],[7,4],[13,9],[14,2],[9,1],[14,3],[18,12],[4,5],[3,4],[2,46],[19,11],[41,-1],[4,-10],[27,-15],[9,-1],[67,27],[6,5],[34,-1],[5,-5],[3,-2],[6,-9],[10,-22],[4,-5],[-2,-37],[52,-5],[6,2],[14,-2],[2,-2],[10,-2],[19,-8],[9,-7],[14,-10],[20,-25],[4,-6],[6,-7],[6,-10],[6,-4],[6,-5],[6,-3],[10,-1],[32,-10],[-2,-27],[-9,-5],[-35,-30],[9,-2],[1,-5],[3,-5],[8,-4],[5,-7],[21,-17],[8,-2],[8,-2],[10,-1],[8,0],[4,-2],[26,-5],[14,0],[293,13],[236,-76],[3,-4],[9,-10],[22,8],[9,-15],[-18,-7],[19,-24],[8,-8],[4,-6],[0,-6],[29,-38],[25,-100],[18,-17],[3,-4],[2,-9],[-2,-9],[38,-100],[7,-4],[19,-27],[5,-8],[6,-6],[8,-4],[23,-24],[2,-8],[14,-17],[6,-2],[12,-10],[1,-6],[3,-9],[9,-12],[5,-5],[26,-44],[0,-9],[21,-42],[34,-10],[6,0],[14,0],[81,-8],[44,-25],[-12,-5],[-13,-18],[-70,-16],[19,-19],[10,1],[12,-1],[-5,-15],[-17,2],[-8,1],[-21,-1],[-4,-5],[-2,-7],[0,-4],[-1,-6],[-23,-16],[-4,-4],[-11,-30],[-2,-5],[-9,-6],[-9,-1],[-38,-23],[-3,-4],[-36,-33],[-6,-5],[-13,-11],[18,-1],[3,-1],[11,0],[18,4],[2,2],[5,1],[4,6],[1,4],[3,4],[7,1],[4,2],[1,5],[35,30],[22,-7],[8,1],[10,2],[2,9],[3,3],[6,3],[4,3],[3,4],[52,5],[2,-5],[25,-18],[6,0],[18,10],[5,8],[4,7],[5,6],[34,1],[5,4],[3,-1],[4,-2],[16,7],[-1,9],[15,12],[2,1],[4,1],[34,5],[14,5],[20,13],[6,5],[3,1],[23,11],[9,12],[57,24],[48,-12],[17,-7],[28,-12],[19,-33],[104,-21],[39,-34],[-13,-52],[-104,-38],[5,0],[-18,-10],[-7,-4],[-35,-36],[-73,-33],[12,-21],[-1,-11],[-1,-14],[10,-27],[3,-6],[1,-4],[-2,-3],[3,-6],[33,-12],[11,-1],[32,12],[3,5],[6,4],[7,2],[44,16],[12,10],[7,5],[10,10],[-9,9],[0,3],[3,1],[12,4],[-1,5],[19,12],[-6,24],[6,4],[1,5],[45,26],[3,-2],[2,-2],[1,-3],[-6,-7],[-8,-10],[-17,-22],[17,-25],[-27,-31],[3,-5],[27,-1],[7,-1],[11,-6],[1,-4],[57,-47],[5,0],[11,-9],[-1,-6],[23,-8],[8,0],[16,-6],[8,-9],[9,-11],[18,-25],[16,-41],[-1,-5],[28,-25],[12,-36],[4,-4],[25,-34],[0,-3],[-5,-16],[6,-3],[4,-5],[-7,-43],[1,-4],[3,-4],[2,-3],[0,-3],[-14,-32],[3,-8],[21,-28],[4,-5],[9,-7],[6,-3],[6,-5],[0,-4],[27,-25],[-16,-9],[26,-39],[7,-5],[2,-4],[4,-5],[11,-9],[9,-3],[9,-9],[4,-5],[7,-6],[16,7],[8,-10],[-16,-59],[35,-28],[12,-7],[6,-2],[16,-7],[5,-4],[7,-2],[19,-6],[7,-2],[7,-1],[7,1],[14,-1],[7,-3],[6,4],[164,-38],[5,-2],[5,0],[11,1],[9,1],[9,1],[34,14],[2,23],[-5,1],[0,5],[0,4],[-8,31],[-47,46],[-63,70],[-33,125],[-33,10],[-19,39],[-3,12],[9,27],[127,70],[314,68],[185,-11],[243,24],[406,97],[169,124],[5,-5],[15,11],[90,-78],[20,14],[-96,69],[-10,9],[10,0],[11,3],[63,32],[7,8],[141,64],[7,3],[12,9],[1,2],[11,12],[6,-2],[3,4],[54,42],[16,5],[54,30],[2,5],[13,1],[6,-1],[5,-1],[9,2],[25,0],[9,-2],[25,-9],[1,-4],[3,-5],[6,-1],[6,0],[5,-2],[6,-4],[63,-56],[5,-4],[4,-4],[0,-2],[2,-3],[-1,-4],[-11,-4],[-7,1],[-47,-35],[-112,-19],[-17,-4],[-1,-5],[17,-39],[-2,-5],[-6,-34],[2,-3],[13,-21],[4,-3],[5,1],[86,-24],[-1,-2],[19,-6],[1,4],[10,-5],[3,-2],[18,-6],[3,1],[8,-3],[10,-4],[3,0],[38,-24],[5,-5],[2,-1],[3,-1],[2,-2],[2,-2],[5,0],[49,-34],[2,-7],[-27,3],[52,-37],[-18,18],[24,-4],[4,2],[4,0],[57,15],[2,4],[64,15],[-1,-3],[-12,-11],[17,2],[4,-1],[7,-23],[2,-7],[0,-9],[-1,-3],[-4,0],[-27,-2],[6,-5],[12,-9],[15,-12],[5,-3],[6,-1],[2,-2],[1,-3],[18,-9],[6,-1],[54,-32],[-4,-5],[-18,-12],[-5,-5],[-26,-16],[-4,0],[-23,-20],[13,-30],[47,-12],[4,3],[42,0],[2,-2],[4,-6],[2,-4],[2,-3],[7,-3],[2,-2],[10,-28],[1,-2],[70,-69],[6,-2],[9,-3],[5,-3],[55,-20],[49,9],[50,-27],[44,-59],[7,-44],[-9,-16],[-43,-51],[-6,-2],[-8,-2],[-4,-10],[-4,-16],[-2,-3],[-10,-37],[7,-13],[10,-33],[-1,-13],[1,-10],[-1,-9],[-7,-9],[-5,-4],[-2,-5],[-1,-4],[-14,-26],[-8,-6],[-13,-22],[3,-37],[3,-7],[0,-32],[-4,-5],[-21,-8],[-19,27],[-92,-61],[-1,-22],[5,-3],[32,-26],[3,-5],[50,-47],[6,-7],[-8,-14],[-15,-24],[-6,-1],[-35,-36],[-13,8],[-48,-33],[-3,-5],[-8,-10],[-5,-4],[-43,-43],[-10,-7],[-54,-17],[-8,0],[-93,-31],[-2,-2],[-4,-1],[-10,-5],[10,-33],[42,-25],[42,1],[2,2],[2,1],[3,7],[0,4],[6,5],[5,3],[14,-2],[4,-2],[2,-3],[-3,-2],[1,-19],[6,-6],[4,-13],[-1,-6],[1,-30],[2,-4],[9,-28],[2,-5],[2,-5],[-4,-24],[5,-5],[53,-39],[52,-20],[8,-3],[25,-27],[-1,-3],[4,-6],[4,-1],[28,-31],[5,-6],[16,-8],[5,-1],[4,-4],[52,-31],[6,-5],[2,-3],[2,-4],[18,-17],[3,-3],[4,-5],[4,-2],[7,-5],[3,-2],[123,-2],[9,-5],[42,-39],[-2,-5],[2,-1],[6,1],[67,-45],[3,-4],[6,-2],[8,-2],[1,-4],[8,-3],[6,2],[40,-19],[5,-5],[7,-6],[2,-5],[1,-8],[15,-39],[8,-11],[5,-6],[41,-50],[9,-13],[19,-18],[5,-5],[2,-5],[7,-6],[5,0],[13,-16],[4,-6],[3,-5],[4,-2],[8,-7],[2,-5],[12,-71],[0,-5],[-13,-16],[-7,-3],[-4,-7],[2,-7],[0,-8],[-1,-11],[1,-9],[3,-6],[3,-5],[48,-26],[4,2],[7,0],[3,-1],[50,-8],[44,26],[12,0],[36,-10],[7,-4],[45,-21],[2,-2],[0,-5],[4,-34],[6,-9],[5,-4],[22,-2],[8,0],[34,-9],[7,-3],[33,-50],[4,-4],[4,-7],[0,-11],[26,-30],[10,-6],[77,-74],[28,-65],[-5,-31],[-3,-8],[-12,-17],[-7,-12],[-66,-58],[-13,-7],[-112,1],[-105,-57],[-3,-7],[-9,-10],[-6,0],[-27,-22],[-6,-3],[-21,-8],[-6,1],[-14,-6],[-7,-3],[-31,-37],[-6,-5],[-3,-3],[-1,-4],[-8,-5],[-40,-47],[-2,-5],[-24,-35],[-3,-5],[-2,-18],[2,-7],[-5,-21],[-3,-7],[-4,-16],[1,-7],[-10,-17],[-5,-4],[-1,-4],[-5,-14],[-5,0],[-8,-1],[-2,-3],[-13,1],[-11,7],[-114,-1],[-2,-3],[-19,-4],[-6,1],[-7,-2],[-4,-3],[-17,-36],[-5,-7],[1,-42],[4,-6],[13,-30],[2,-6],[2,-15],[-2,-3],[-6,-2],[-7,0],[-59,-18],[-10,-3],[-15,-8],[-8,-4],[-52,-29],[2,-6],[2,-4],[5,-3],[23,0],[-21,-27],[20,-11],[9,1],[35,-9],[12,-36],[-1,-3],[-13,-21],[-1,-6],[-4,-6],[1,-21],[5,-2],[11,6],[8,4],[38,3],[-9,-19],[-11,-2],[-24,-10],[-5,-3],[-2,-4],[10,-7],[9,-4],[4,-5],[3,-4],[4,0],[4,1],[4,5],[21,5],[9,1],[7,2],[25,7],[11,0],[174,-6],[64,-44],[15,-7],[38,-19],[10,-14],[34,-6],[5,-4],[2,-4],[0,-4],[19,-30],[8,-2],[0,-31],[-4,-10],[-3,-11],[0,-5],[2,-6],[20,-21],[1,-10],[0,-8],[3,-22],[0,-4],[3,-5],[34,-14],[8,1],[4,-4],[18,-7],[4,-1],[0,-3],[3,-18],[49,-30],[3,-5],[21,-41],[5,-5],[76,-74],[2,-1],[6,-3],[58,0],[6,8],[5,2],[37,32],[5,4],[12,0],[2,-2],[2,-1],[9,-20],[0,-7],[6,-21],[7,-2],[23,-43],[4,-5],[15,-2],[6,3],[18,-1],[5,-3],[9,0],[9,2],[26,-2],[8,-3],[22,-40],[-1,-8],[16,-23],[6,2],[15,-14],[7,-8],[19,-12],[6,-3],[14,-9],[5,-7],[17,-12],[6,-3],[6,-7],[35,-29],[10,-1],[20,-15],[1,-3],[74,-45],[21,-31],[10,-3],[-1,-4],[-9,-3],[25,-9],[-8,22],[16,-21],[6,-3],[130,-27],[92,-39],[31,5],[-2,3],[25,0],[8,-2],[18,-11],[2,-3],[10,-7],[2,2],[6,-2],[4,-5],[29,-17],[22,8],[29,-26],[5,-3],[7,-4],[7,-2],[4,1],[65,-26],[3,-2],[9,-11],[27,-2],[9,-2],[19,-12],[-5,-1],[2,-10],[6,-4],[7,-2],[7,0],[3,3],[10,1],[5,-2],[58,-25],[77,11],[-10,9],[1,3],[24,5],[3,-3],[28,-19],[3,-2],[2,-1],[51,-19],[13,-21],[8,-10],[19,-12],[10,-7],[26,-10],[3,2],[9,-3],[8,-6],[64,-21],[8,-1],[18,-4],[5,-2],[29,0],[10,14],[1,-17],[-5,-9],[6,-4],[6,12],[22,-26],[9,-7],[49,3],[9,4],[9,-1],[28,-7],[6,0],[79,-26],[7,-3],[18,15],[25,-8],[10,1],[9,0],[9,-1],[30,12],[7,3],[8,2],[9,0],[19,-5],[33,23],[6,4],[17,-3],[2,-4],[15,-1],[2,5],[37,0],[14,-3],[103,13],[6,-3],[2,-5],[1,-5],[3,-4],[6,-3],[3,-4],[29,-38],[6,-2],[1,-3],[0,-5],[3,-2],[7,0],[15,-1],[8,-2],[64,11],[4,4],[9,1],[6,2],[3,6],[3,3],[8,0],[5,3],[3,3],[5,8],[6,-4],[75,62],[5,5],[30,12],[7,0],[4,6],[27,19],[8,-2],[17,18],[-4,4],[8,8],[4,-2],[34,30],[70,66],[1,5],[6,2],[4,3],[0,5],[4,3],[6,3],[31,17],[13,2],[35,-9],[1,-4],[132,-35],[11,-3],[8,-5],[9,-5],[98,-96],[1,-4],[0,-26],[-3,-4],[-2,-5],[4,-7],[5,-11],[5,-3],[7,-8],[-2,-4],[24,-20],[4,-24],[-35,-4],[2,-19],[-17,-5],[-1,-59],[-58,-25],[-19,-53],[-41,-40],[-6,-8],[-8,-4],[-148,-71],[-15,-15],[-5,-4],[-44,-10],[-13,-2],[-58,-32],[-20,-43],[17,-32],[6,-5],[1,-2],[3,-6],[16,-10],[9,-3],[98,-27],[6,-6],[20,-5],[20,-3],[54,-15],[11,-3],[18,0],[4,3],[29,0],[3,-3],[6,0],[4,1],[10,2],[32,22],[-2,5],[63,15],[8,-2],[10,5],[-2,5],[5,1]],[[93375,74321],[39,-55],[6,-49],[95,-79],[-22,-111],[-88,-69],[10,-39],[24,-9],[36,3],[48,-49],[-7,-282],[234,-185],[49,-4],[-41,-502],[16,-109],[-98,-137],[41,-24],[-13,-86],[86,-80],[30,-83],[-31,-54],[95,-246],[204,-91],[30,-86],[-5,-51],[38,-310],[113,-10],[4,-17],[1,-83],[-23,-160],[5,-115],[29,-67],[1,-107],[137,-244],[47,-140],[5,-74],[-20,-125],[-23,-56],[130,-76],[24,-132],[35,-71]],[[69050,77140],[9,3],[5,-4],[27,6],[11,2],[-7,-11],[-2,-5],[-1,-5],[2,-10],[-5,-5],[-5,-8],[1,-3],[-22,20],[-1,7],[-8,8],[-4,5]],[[69491,77391],[22,-2],[1,-24],[-23,26]],[[69413,77398],[13,35],[29,11],[-3,-21],[-5,-2],[-6,-4],[-2,-7],[-13,-20],[-13,8]],[[68630,77720],[51,69],[8,4],[4,3],[3,4],[5,3],[123,72],[10,7],[25,15],[8,4],[18,9],[194,71],[19,7],[24,11],[13,7],[78,36],[19,7],[19,6],[20,7],[15,4],[15,4],[14,4],[8,2],[38,6],[35,5],[172,-8],[7,-2],[53,-6],[12,-2],[27,-22],[2,-10],[5,-36],[0,-6],[1,-6],[-2,-6],[-18,-92],[0,-4],[-2,-3],[-12,-32],[2,-5],[0,-4],[-5,-4],[-9,-17],[0,-5],[-27,-14],[4,3],[3,4],[-4,2],[-14,1],[17,9],[2,5],[-2,3],[-2,5],[-7,14],[-6,-11],[-5,-2],[-10,-4],[-3,0],[-18,-4],[26,61],[-13,20],[-18,-95],[-1,-4],[-9,-9],[-5,-2],[-17,-14],[1,-3],[9,-93],[-4,-4],[-4,-16],[3,-4],[-6,-24],[19,-43],[-23,-11],[-6,-1],[-34,-10],[-16,-25],[0,-5],[-2,-4],[-8,-9],[-19,-27],[-1,-5],[39,-25],[0,-4],[-40,-5],[-2,-4],[-10,-6],[-4,0],[-19,3],[7,-19],[0,-6],[-21,-22],[-8,-4],[-4,-5],[-3,-5],[0,-10],[-1,-5],[-4,-5],[-4,-6],[-14,-5],[-4,1],[-14,-9],[4,-3],[-2,-6],[-5,-3],[4,-12],[3,-4],[3,-14],[-25,-2],[-12,2],[-11,1],[-59,34],[-4,8],[-12,92],[3,11],[19,28],[9,8],[6,7],[3,8],[-2,29],[-3,9],[0,9],[1,36],[3,142],[-2,2],[1,14],[3,2],[-2,20],[-21,-5],[-34,-19],[-7,-26],[-1,-3],[-4,-2],[-6,-2],[-17,-8],[-8,-13],[-30,-28],[-4,-1],[-2,-3],[-4,-5],[-8,-9],[-4,-2],[1,-18],[3,4],[6,-15],[-9,-1],[-5,-20],[3,-5],[7,-37],[2,-6],[-15,-20],[-2,-4],[16,-61],[1,-6],[-23,-41],[6,-7],[7,-12],[0,-4],[-4,-32],[4,-2],[29,9],[21,33],[-21,-42],[-50,-10],[-11,3],[-24,9],[-6,2],[-5,2],[-14,8],[-15,9],[-14,12],[-4,4],[-35,39],[-4,3],[-1,1],[-40,0],[-6,-2],[-1,2],[-9,1],[-4,-3],[-32,13],[0,4],[-9,11],[-3,-2],[-27,29],[-2,4],[-32,1],[-5,-5],[-8,-8],[-4,0],[-5,-6],[4,-2],[5,-10],[-25,-23],[-3,-3],[21,-14],[3,2],[26,-9],[0,-2],[30,7],[5,3],[14,0],[5,-2],[73,2],[2,2],[23,-2],[3,-4],[2,-2],[3,-1],[2,-6],[-6,-3],[-72,-23],[-9,-2],[-7,-1],[-30,0],[-81,30],[-79,101],[-7,30],[-13,82],[0,17],[8,41],[-10,3],[8,25],[-10,0],[-8,-2]],[[69591,78098],[8,15],[6,5],[73,51],[3,0],[16,-11],[1,-4],[-24,-9],[-11,-53],[-1,-4],[-5,2],[-1,3],[-41,1],[-5,-2],[-11,0],[-4,3],[-1,0],[-3,3]],[[69804,78369],[0,22],[1,8],[15,76],[47,82],[8,14],[14,20],[7,9],[0,-21],[-10,-16],[-13,-19],[-10,-12],[-13,-38],[1,-9],[-4,-4],[-11,-51],[3,-6],[0,-9],[10,-53],[-7,-20],[-3,-19],[1,-8],[0,-7],[-3,-5],[-6,-46],[3,-5],[-2,-4],[-7,4],[-13,18],[-7,93],[-1,6]],[[74877,79720],[7,21],[23,0],[-6,-46],[-24,25]],[[78490,81881],[5,-2],[17,-23],[-4,-36],[11,-13],[-3,-3],[-6,1],[-6,3],[-7,38],[4,2],[-3,12],[-4,3],[-4,18]],[[78497,81897],[12,59],[5,-1],[14,-7],[4,-3],[5,0],[11,-7],[8,-5],[5,-4],[2,-4],[-1,-4],[-5,0],[-47,-12],[4,-12],[5,-3],[3,-11],[0,-6],[2,-4],[0,-3],[2,-6],[0,-4],[-2,-6],[-3,5],[-24,38]],[[78474,81964],[14,16],[0,2],[13,3],[-4,-9],[1,-31],[-19,11],[-3,3],[-2,5]],[[78471,82015],[10,31],[23,1],[-19,-45],[-14,13]],[[78418,82112],[31,17],[3,3],[0,-15],[-2,-1],[18,-23],[-32,-2],[-18,21]],[[78947,82167],[38,43],[1,-44],[3,-6],[0,-4],[-34,-4],[-8,15]],[[80125,82494],[12,37],[42,46],[5,2],[11,1],[11,-1],[54,5],[3,1],[8,-2],[2,-1],[16,-17],[-7,-34],[-57,-41],[-100,4]],[[79701,82654],[16,22],[3,-4],[-3,-7],[5,-47],[-21,36]],[[79414,82676],[0,3],[3,3],[-1,2],[0,3],[25,17],[1,-3],[52,-48],[2,-6],[-1,-31],[-1,2],[-21,9],[-3,-1],[-6,11],[4,1],[9,2],[-8,13],[-18,2],[-5,-33],[-2,-3],[-14,2],[-5,6],[-3,5],[0,5],[-3,38],[-5,1]],[[79757,82661],[25,32],[5,6],[29,8],[4,-4],[4,1],[4,3],[8,2],[8,-1],[13,3],[6,3],[17,2],[9,0],[2,0],[1,2],[2,1],[3,29],[1,3],[4,4],[8,4],[-54,-11],[45,44],[56,-13],[3,5],[8,2],[8,-1],[8,-5],[45,-32],[11,-8],[13,-7],[4,-1],[4,-2],[102,-6],[6,2],[9,-1],[4,-5],[35,-27],[8,-4],[1,-4],[10,-59],[-11,-11],[-82,-6],[-102,28],[-10,0],[-8,2],[-83,9],[-10,-3],[-12,0],[-1,2],[-89,-41],[-43,6],[-6,4],[-16,16],[-3,6],[-3,23]],[[80166,82759],[1,2],[1,2],[1,1],[0,2],[0,9],[3,1],[15,-3],[3,-23],[-23,7],[-1,2]],[[83495,81385],[5,4],[-4,25],[1,5],[45,14],[17,-2],[48,32],[30,-23],[-41,-29],[7,-5],[10,-5],[23,-13],[7,-9],[1,-8],[-38,-49],[-36,-14],[-62,53],[-8,9],[-5,15]],[[83531,82781],[0,5],[20,-9],[3,-3],[16,-5],[11,-1],[27,-20],[-27,-9],[-13,-1],[-24,4],[-8,7],[-5,32]],[[81876,82810],[0,4],[2,2],[4,0],[37,-20],[9,-6],[1,-5],[7,-16],[2,-4],[-2,-7],[-13,-6],[-47,58]],[[81885,82836],[5,14],[3,4],[15,57],[4,5],[33,17],[127,-5],[18,-1],[23,0],[14,-1],[28,-6],[8,-3],[43,-26],[4,-6],[-4,-12],[-27,-13],[-9,5],[5,4],[-81,31],[-84,-21],[-45,-60],[-2,-5],[-5,-4],[-31,-4],[-35,23],[-7,7]],[[82260,82873],[17,22],[3,2],[12,2],[0,-3],[-15,-42],[-17,19]],[[82309,82913],[3,3],[15,3],[10,0],[4,3],[39,-1],[6,-2],[15,-16],[-19,-36],[-73,46]],[[82297,82884],[27,16],[73,-53],[10,20],[3,3],[15,8],[8,2],[11,3],[9,8],[4,12],[4,6],[6,16],[-4,1],[21,37],[54,23],[168,-4],[8,0],[13,3],[3,4],[38,2],[1,-3],[5,-2],[13,-2],[25,-8],[1,-2],[5,0],[18,19],[4,2],[18,12],[1,5],[58,39],[6,5],[4,9],[2,8],[5,15],[4,3],[1,8],[-4,19],[1,4],[1,3],[32,5],[5,-23],[-5,-5],[9,-7],[4,-1],[1,-9],[31,-41],[9,-3],[18,-12],[-1,-4],[-115,-81],[-8,-6],[-13,-6],[-9,-3],[-4,-5],[-9,-3],[-10,2],[-24,23],[-21,-12],[-6,-4],[-25,-8],[-4,3],[-14,-3],[-9,-2],[-41,5],[-4,7],[-118,-10],[-83,-26],[-85,-70],[-36,-8],[-22,18],[-50,-28],[-15,18],[29,9],[-38,-2],[-3,19],[29,6],[-33,8],[-2,18]],[[83217,83305],[19,19],[12,-8],[-22,-21],[-9,10]],[[83052,83314],[44,187],[121,300],[3,13],[5,19],[4,12],[41,166],[2,10],[57,103],[10,24],[60,217],[14,119],[-12,31],[2,82],[-1,1],[-3,10],[-13,12],[-6,3],[-8,9],[13,14],[9,5],[90,70],[16,13],[4,5],[13,2],[31,35],[4,5],[1,1],[1,0],[4,2],[9,2],[7,-1],[42,9],[22,8],[110,-6],[10,-2],[22,-9],[8,1],[3,-12],[-1,-7],[15,-83],[8,-10],[-3,-8],[-4,3],[1,-10],[6,-17],[24,-41],[-1,-6],[45,-90],[3,-10],[3,-53],[-16,-10],[0,67],[1,4],[-7,13],[-36,-56],[10,43],[-10,23],[-3,2],[1,5],[7,17],[-44,65],[10,46],[-20,31],[8,-198],[-12,-53],[-10,10],[4,51],[-2,11],[-3,8],[-27,58],[-39,25],[-9,5],[-5,3],[-1,4],[0,1],[11,10],[7,0],[27,10],[12,46],[-9,29],[13,20],[-98,-83],[-43,-87],[3,-3],[-29,1],[-19,3],[-70,5],[-12,-31],[31,-47],[8,-6],[25,-24],[-5,-3],[-3,-4],[1,-3],[21,-1],[-23,-5],[-15,-2],[-39,-12],[1,-16],[5,-8],[-5,-16],[-7,-1],[-16,-8],[16,-13],[24,-19],[17,-46],[-2,-4],[21,-107],[2,-7],[-1,-14],[-2,-4],[-23,-56],[3,-30],[2,-6],[8,-28],[3,-6],[3,-4],[4,-3],[4,-5],[-1,-4],[-35,-25],[-3,-5],[-7,-5],[-6,-4],[-5,-3],[-34,-24],[-46,10],[40,-16],[-10,-23],[-8,-6],[-58,-11],[-6,2],[-31,-12],[14,-27],[-17,-7],[17,-10],[-15,-40],[6,-29],[-70,21],[11,-26],[3,1],[20,-21],[-3,-3],[-4,-1],[-2,1],[-30,9],[-21,-24],[3,-44],[1,-6],[-3,-3],[-18,-21],[-4,-60],[-53,-26],[6,-100],[-26,7],[33,-24],[-8,-15],[21,-36],[-7,-24],[5,-3],[-5,-3],[-3,1],[-18,-7],[9,-13],[4,-3],[21,-25],[-3,-2],[-4,0],[-1,5],[0,3],[-35,3],[18,-28],[-19,2],[15,-16],[-7,-29],[0,-5],[1,-2],[3,-44],[-44,20],[30,-28],[-17,-26],[-3,-42],[-27,-24],[-3,-28],[-25,14],[-6,6],[-1,49],[2,6],[-2,4],[-3,23],[1,7],[-4,5],[0,9],[-6,90]],[[83535,84123],[1,8],[54,35],[20,-40],[-4,-28],[-4,-5],[-14,-9],[-2,4],[-19,-11],[-3,-4],[-1,-3],[-5,-18],[-2,-13],[-14,10],[-3,9],[-4,65]],[[85378,79760],[4,12],[2,0],[13,4],[-7,-16],[-12,0]],[[85521,79848],[8,14],[4,-2],[3,-5],[1,-5],[3,-2],[5,-3],[-2,-4],[-22,7]],[[85507,79911],[78,34],[84,2],[8,-4],[33,-43],[-49,26],[-106,-13],[-29,-13],[-19,11]],[[85605,80727],[25,-2],[10,-7],[10,-3],[2,-2],[-37,10],[-10,4]],[[83510,81661],[1,37],[3,49],[26,66],[9,9],[40,89],[-2,58],[0,7],[-1,5],[2,16],[4,9],[23,70],[3,8],[7,10],[10,9],[12,8],[74,14],[13,-1],[18,1],[5,4],[127,14],[85,-38],[6,-4],[26,3],[3,-3],[15,4],[6,5],[8,2],[8,0],[34,14],[8,4],[137,25],[40,-28],[-6,-3],[-6,-9],[1,-4],[60,-14],[8,-2],[50,4],[9,3],[6,2],[3,-2],[1,0],[-1,-4],[6,-28],[4,-2],[19,-8],[7,0],[9,7],[5,4],[25,15],[11,-2],[7,-1],[8,1],[7,0],[3,-2],[8,-2],[5,3],[62,13],[-20,47],[14,32],[191,29],[6,3],[2,7],[1,10],[2,5],[3,2],[2,5],[1,20],[-36,19],[-50,-1],[-15,-16],[5,-4],[-3,-7],[-8,2],[-37,8],[-12,-3],[-54,32],[-14,64],[-31,31],[-3,7],[-6,10],[-4,5],[-2,24],[3,6],[-3,12],[-3,6],[24,13],[8,3],[65,8],[29,24],[24,-32],[38,-12],[28,40],[-19,27],[-29,2],[-51,-12],[-29,-29],[-58,-8],[-7,2],[22,41],[4,0],[16,-2],[4,24],[-1,5],[-1,2],[-22,8],[-2,27],[-42,3],[19,-26],[8,-4],[8,-11],[-7,2],[-57,27],[-15,2],[-35,18],[-4,5],[-6,9],[-5,4],[-2,5],[-3,7],[-10,10],[-28,56],[-11,60],[3,7],[-8,23],[-43,3],[2,-9],[-37,-37],[-11,-3],[-8,-4],[-111,-27],[-11,2],[-32,-3],[-6,-1],[-75,13],[-9,9],[-42,-10],[-1,-6],[-24,-6],[-7,-1],[-8,-3],[-6,-4],[-39,-20],[-64,26],[0,74],[37,24],[7,4],[5,6],[50,58],[43,111],[4,5],[26,64],[4,8],[8,-3],[2,-4],[11,-5],[7,1],[17,3],[7,1],[20,10],[2,4],[26,11],[1,-9],[74,7],[3,3],[14,0],[1,-45],[-3,-5],[1,-7],[5,-5],[7,-4],[46,-16],[5,0],[18,23],[6,14],[2,5],[3,1],[13,19],[-4,10],[1,6],[-3,17],[-7,10],[19,29],[0,4],[4,3],[22,4],[-2,-2],[24,-4],[4,2],[16,-3],[1,-5],[35,-4],[6,3],[35,11],[3,2],[3,3],[-1,5],[2,3],[3,3],[-1,5],[-11,4],[22,20],[3,-3],[24,0],[5,2],[17,5],[25,-26],[5,-1],[15,-1],[3,2],[12,5],[1,1],[2,4],[4,14],[7,5],[17,13],[69,-29],[45,19],[-55,6],[-8,4],[12,16],[-41,6],[-42,-24],[-5,-1],[-3,15],[-4,4],[-55,5],[3,4],[68,26],[9,0],[8,9],[1,5],[37,15],[36,-10],[6,-4],[26,-3],[-1,20],[2,5],[12,-3],[4,0],[17,1],[3,4],[74,34],[5,2],[6,21],[18,16],[-56,-2],[1,-3],[-2,-2],[-10,1],[-13,-5],[-2,-5],[-12,-8],[-10,4],[-6,19],[-1,7],[-3,3],[0,5],[5,8],[2,7],[-1,2],[-1,15],[-4,10],[-11,17],[-90,9],[-61,-46],[-3,-2],[-43,6],[-13,7],[-13,6],[-8,8],[-13,25],[-2,10],[0,10],[1,11],[1,11],[0,7],[-2,38],[9,0],[4,6],[-1,11],[0,8],[5,5],[1,19],[2,50],[15,5],[11,1],[5,3],[1,11],[-4,3],[-6,0],[-6,4],[-4,8],[19,24],[0,7],[-12,17],[-49,2],[-23,-2],[-7,-6],[-6,-5],[-8,1],[-6,-3],[-9,-1],[-46,-10],[-11,-4],[-41,-17],[-13,-4],[-32,-18],[3,-4],[-5,-3],[-5,-6],[-7,-2],[-10,-1],[-13,1],[-14,6],[-6,4],[-178,29],[-12,4],[-28,10],[-5,7],[-15,33],[-44,23],[-3,5],[8,32],[3,10],[1,10],[-1,12],[-25,137],[0,12],[-10,43],[-32,43],[-12,6],[-45,17],[-10,1],[-60,-16],[-2,-4],[-11,1],[25,38],[5,9],[9,19],[2,4],[110,-10],[31,-4],[15,1],[34,0],[9,-2],[10,0],[24,3],[90,20],[11,1],[12,4],[4,3],[217,25],[161,42],[112,-1],[13,22],[10,-26],[0,-3],[37,-6],[7,0],[7,-3],[25,-3],[13,-2],[44,-36],[65,-21],[4,-5],[69,-37],[70,-3],[6,4],[34,-20],[0,-15],[3,-5],[3,-3],[2,-4],[1,-4],[3,-4],[5,-5],[33,-16],[-1,-8],[-1,-8],[-1,-5],[-18,-15],[-5,-1],[-4,-3],[-6,-9],[-7,-74],[-5,-3],[-17,-13],[0,-24],[2,-7],[4,-4],[15,-2],[3,0],[15,-1],[5,-3],[29,-20],[4,-2],[19,-22],[5,-11],[16,-21],[6,-4],[5,-2],[8,-1],[5,2],[7,-1],[4,1],[5,3],[33,22],[4,6],[-12,18],[-9,2],[-14,8],[20,6],[5,-3],[20,18],[-2,8],[0,6],[3,3],[1,25],[-74,36],[-3,8],[0,3],[6,8],[30,73],[0,45],[-7,0],[-12,19],[1,6],[-5,23],[-3,5],[1,3],[2,5],[-9,26],[-37,21],[-12,5],[-2,2],[-3,4],[3,28],[38,36],[8,4],[16,16],[31,22],[13,7],[137,95],[-5,7],[15,2],[7,-2],[9,3],[10,9],[42,14],[1,-3],[22,-1],[7,5],[43,26],[9,6],[-1,9],[-4,3],[-1,4],[4,4],[3,2],[5,13],[66,43],[8,3],[11,3],[18,-1],[13,-2],[32,-7],[16,-3],[12,-4],[17,-3],[24,-16],[2,-9],[-2,-6],[-3,-5],[-9,-6],[-55,-62],[-3,-6],[-7,-6],[-2,-5],[5,-4],[-6,-9],[-4,-1],[-19,-72],[2,-8],[-6,-3],[-34,-51],[0,-53],[-5,-2],[-9,2],[-25,3],[-2,20],[-22,-16],[-5,-6],[-13,-8],[-8,-2],[-64,-25],[24,0],[10,4],[99,-24],[13,-10],[64,-14],[8,-77],[-148,-154],[10,-19],[-8,-19],[44,-34],[31,3],[48,50],[43,-20],[65,10],[27,-19],[0,51],[58,24],[53,49],[20,48],[-6,40],[-79,15],[-14,46],[-195,25],[-7,5],[-6,36],[60,34],[28,52],[78,36],[35,-21],[-5,-33],[22,-96],[7,-14],[26,-20],[5,-4],[6,-8],[17,-11],[5,-1],[3,-5],[44,-27],[48,-46],[8,-4],[3,-4],[3,-4],[8,-8],[110,-149],[11,-29],[-10,-28],[-7,-6],[-2,-8],[-36,-44],[-8,-34],[-4,-4],[-10,-25],[15,-3],[-10,-7],[24,-44],[8,-10],[10,-26],[-2,-6],[0,-4],[4,-2],[9,-22],[-7,-4],[13,-12],[9,0],[35,-14],[4,-4],[12,-3],[18,-6],[2,-3],[4,-2],[7,0],[68,-17],[81,-23],[14,-33],[2,-12],[12,-38],[8,-3],[10,-36],[1,-6],[2,-10],[5,-5],[25,-18],[2,-5],[-8,-13],[24,5],[-4,19],[1,6],[14,8],[8,5],[18,11],[0,6],[205,78],[41,2],[64,-29],[62,10],[11,-39],[-103,-20],[-53,-40],[-111,-202],[10,-45],[26,-7],[144,14],[116,-14],[17,-17],[-65,-44],[2,-23],[83,8],[36,-19],[-64,-60],[-22,-46],[-55,22],[-89,-23],[-37,15],[16,56],[119,66],[-45,5],[-84,-43],[-17,-38],[-40,-21],[7,-18],[19,25],[20,-1],[-57,-66],[1,-66],[10,-30],[150,-41],[20,8],[-3,20],[30,25],[32,4],[60,-83],[44,12],[47,-16],[58,22],[16,-39],[33,-4],[64,35],[8,96],[-189,22],[0,50],[224,7],[25,16],[40,-5],[28,36],[-11,63],[-25,27],[-199,-13],[-50,39],[41,31],[80,6],[76,58],[5,59],[-13,14],[18,69],[-15,24],[20,24],[-4,19],[-183,63],[-151,-4],[-6,-35],[-43,28],[-10,36],[21,17],[0,8],[-25,31],[-4,2],[-7,32],[-1,5],[-1,15],[-1,6],[60,136],[6,18],[3,6],[4,13],[29,14],[4,1],[10,7],[-1,2],[3,7],[2,1],[0,2],[0,7],[2,3],[0,3],[-1,2],[1,16],[2,2],[-1,8],[-1,2],[1,3],[1,1],[-6,18],[-2,2],[-1,3],[-18,30],[9,22],[-3,3],[-1,3],[-2,6],[-3,3],[-1,8],[-14,16],[-14,-1],[0,4],[48,5],[-29,4],[-20,-2],[3,3],[9,3],[3,8],[6,23],[1,3],[6,3],[3,-1],[21,-27],[-29,40],[-2,-3],[-5,2],[0,3],[-22,64],[-11,35],[-7,2],[3,5],[4,12],[-14,-3],[-1,20],[3,2],[-20,73],[-23,-1],[-8,-2],[-10,2],[-7,5],[-6,7],[-7,4],[-5,7],[-2,8],[-10,26],[35,11],[-51,50],[31,2],[10,17],[-22,10],[71,-31],[73,-5],[26,38],[-5,47],[-29,15],[-43,-29],[-121,-21],[-1,-37],[-44,-3],[57,-62],[-17,-29],[-3,0],[-3,5],[-3,3],[-7,0],[-2,3],[-30,26],[-14,-13],[-13,-1],[-40,-2],[-25,4],[-164,2],[-57,-20],[-11,2],[-13,10],[-4,7],[-7,5],[-6,3],[-51,40],[-2,6],[-5,6],[-9,6],[-27,31],[-4,13],[-27,43],[-8,12],[-10,11],[-68,22],[-15,2],[-38,13],[-15,8],[-14,5],[-56,-1],[-18,-3],[-15,0],[-13,4],[-38,44],[-12,15],[-45,35],[-12,35],[-4,11],[-1,23],[4,7],[4,97],[-55,97],[-5,5],[-1,6],[-11,14],[-7,3],[-5,10],[0,7],[-15,23],[-3,3],[3,3],[-5,9],[-4,7],[2,9],[-13,22],[-30,-8],[-3,-6],[-5,-6],[-7,0],[-58,5],[-37,-20],[-12,-46],[6,-26],[-74,-69],[-4,-4],[-5,-4],[-7,0],[-85,-27],[-45,-34],[14,-13],[5,-3],[2,-4],[-3,-3],[7,-10],[7,-2],[16,-32],[-2,-7],[17,-22],[-15,-32],[-6,-4],[-20,-4],[-7,1],[-139,-43],[-5,-6],[-11,-2],[-12,-9],[-2,-4],[-4,-4],[-6,-2],[-14,-16],[-34,-23],[-77,-5],[-6,-4],[-6,-2],[-66,-35],[-2,-6],[-35,-31],[-8,0],[-100,-20],[-8,-2],[-22,0],[-12,1],[-20,1],[-12,-4],[-11,1],[-73,-32],[0,-6],[-8,-18],[-6,-3],[-36,18],[-3,9],[1,7],[0,7],[42,82],[2,12],[37,118],[7,13],[27,95],[5,10],[45,75],[8,9],[1,1],[154,198],[9,17],[14,43],[-9,3],[0,8],[13,-4],[27,65],[2,12],[2,80],[-10,26],[7,9],[-14,17],[-2,6],[9,16],[-9,19],[-31,43],[-120,-34],[-34,6],[-194,-120],[-9,-3],[-80,-77],[-33,-5],[-11,-45],[5,-7],[29,-128],[1,-10],[60,-117],[3,-8],[3,-48],[-15,1],[-3,34],[-6,1],[-42,-13],[-7,-17],[-2,-10],[-7,-19],[-6,-2],[5,-47],[3,-3],[-2,-3],[-122,-30],[-1,-5],[-17,-18],[-6,-3],[-88,-77],[-5,-7],[-6,-2],[-9,-1],[-33,-33],[-51,-3],[-43,-35],[3,-5],[-1,-22],[-5,-5],[-54,-42],[3,-6],[-6,-7],[-11,26],[5,18],[-20,-5],[16,-34],[4,-8],[-2,-2],[-5,-3],[-101,-30],[-16,10],[-6,2],[-1,4],[3,1],[-8,50],[15,39],[7,15],[7,8],[6,7],[5,7],[-3,5],[23,33],[51,12],[25,6],[89,41],[41,23],[158,122],[86,118],[50,124],[-29,130],[-1,10],[-16,38],[-1,3],[0,5],[5,36],[-12,25],[-5,6],[-1,32],[6,6],[0,12],[-1,6],[3,7],[2,6],[0,7],[11,9],[10,7],[3,5],[72,71],[10,3],[8,6],[20,12],[13,7],[7,7],[77,76],[7,1],[8,5],[2,4],[323,166],[127,7],[296,15],[95,24],[10,3],[8,2],[6,5],[119,33],[123,32],[254,-21],[174,32],[91,-86],[-13,-23],[-10,-5],[-22,-27],[0,-4],[-12,-32],[7,-49],[-45,-67],[-58,-38],[-98,-15],[-14,-1],[-56,-11],[-7,-7],[-26,-11],[-11,-1],[-65,-27],[-9,-6],[-12,-15],[-9,-12],[-22,-38],[-5,-13],[-8,-16],[-33,-67],[16,-133],[40,-140],[86,-160],[115,-125],[139,-101],[235,-82],[97,-9],[45,21],[2,7],[6,20],[3,4],[188,-25],[48,26],[107,-12],[319,67],[65,7],[9,-1],[45,6],[7,2],[133,19],[9,-1],[7,2],[232,19],[8,-4],[26,7],[1,2],[216,5],[62,-34],[163,-78],[13,-23],[6,-6],[4,-2],[137,-125],[-6,-5],[-21,-34],[-4,-43],[-1,-5],[-1,-6],[21,-59],[7,-13],[21,-56],[-1,-7],[-16,-29],[0,-6],[-10,-93],[-24,-29],[-6,-4],[-18,-19],[-2,-7],[-36,-69],[-110,-47],[-15,-1],[-7,-7],[-10,-12],[-9,-8],[-1,14],[-71,-27],[-14,-14],[-20,-4],[-38,-23],[10,-6],[-22,-9],[-21,-20],[-15,2],[-3,-3],[-9,-13],[-7,-6],[-25,-22],[-6,-3],[-7,-4],[-16,-2],[-52,-19],[-6,-3],[-11,-3],[-8,-3],[-7,-3],[-12,-11],[-9,-8],[-60,-91],[-6,-2],[-15,-6],[-3,-5],[32,-64],[-12,-13],[-6,-13],[-25,40],[-21,-8],[-14,-3],[-29,30],[-5,-3],[-4,-5],[-1,-9],[-8,-7],[-8,-7],[-6,-4],[-5,-4],[18,-14],[-35,-9],[-13,11],[-45,-39],[-47,-89],[-3,-19],[-3,-76],[2,-23],[12,-71],[11,-37],[9,-27],[10,-29],[27,-80],[22,-44],[134,-221],[96,-104],[110,-82],[57,-15],[52,21],[201,-11],[73,42],[66,-24],[32,-31],[46,-57],[195,-150],[29,-75],[-1,-7],[2,-9],[4,-9],[47,-80],[116,-114],[168,-116],[169,-44],[-7,-20],[-29,-3],[-14,0],[-10,-2],[-113,-24],[-9,0],[-7,-1],[-9,-4],[-23,-11],[-4,-1],[-8,-2],[-10,-9],[-53,-79],[-6,-18],[-7,-22],[0,-43],[0,-13],[-2,-14],[-3,-7],[-4,-4],[-22,1],[-8,3],[-15,-2],[-3,-1],[-47,-76],[-32,-166],[29,-145],[34,-84],[3,-7],[4,-3],[1,-4],[2,-5],[1,-19],[-5,-4],[-8,-2],[-6,-1],[-6,-1],[-13,-7],[-15,-2],[-12,-2],[-19,-5],[-6,-3],[-21,-25],[-28,-2],[-75,103],[-15,13],[-14,8],[-9,4],[-63,1],[-28,47],[19,27],[41,13],[41,-31],[5,-26],[-1,-5],[2,-3],[5,-5],[8,-4],[100,-13],[5,10],[-19,7],[10,5],[-8,63],[-7,7],[-3,9],[1,4],[-9,24],[-4,7],[-2,5],[0,8],[-26,33],[-35,-13],[-4,-4],[-9,-1],[-29,-3],[-16,-25],[-2,-4],[-3,-6],[2,-3],[5,-3],[-12,-4],[-4,4],[-99,16],[-13,1],[-23,-1],[-13,1],[-49,-14],[-4,-6],[-39,-29],[-56,11],[-83,111],[109,74],[168,45],[36,39],[-6,-11],[3,-10],[20,2],[12,2],[-3,7],[1,3],[7,5],[3,12],[-18,3],[-1,3],[28,27],[101,10],[5,2],[-16,13],[14,16],[5,1],[23,11],[4,5],[4,6],[3,6],[0,20],[-3,0],[-1,10],[3,4],[3,5],[-3,3],[-1,4],[2,2],[-25,2],[1,-3],[-67,-3],[-6,3],[-72,8],[-14,0],[-12,3],[-10,6],[-38,35],[-7,1],[-51,-11],[-10,-5],[-17,-5],[-13,-2],[-69,-14],[-64,-42],[-13,-6],[-17,-5],[-15,-5],[-9,-6],[-10,-3],[-7,-2],[-8,-3],[-5,-4],[-46,-9],[-18,-1],[-20,-3],[-5,-3],[-22,-1],[-12,0],[-25,-2],[-6,-2],[-6,-2],[-8,-3],[-10,-14],[-1,-5],[-1,-9],[-2,-1],[-3,-2],[-6,0],[-23,2],[-6,-1],[-30,16],[20,43],[49,-2],[211,58],[151,77],[7,4],[124,63],[59,66],[1,6],[1,8],[3,7],[8,1],[9,14],[-8,11],[-3,3],[-6,14],[-3,4],[-69,12],[-8,-3],[-141,-37],[-6,0],[-11,-1],[-8,-1],[-18,12],[0,4],[7,34],[-11,3],[-10,-29],[-14,-8],[-42,-16],[-68,-39],[-1,-2],[0,-3],[4,-6],[6,-1],[20,-18],[3,-4],[-2,-10],[-2,-4],[-68,-6],[-6,0],[-3,-11],[4,-3],[-36,-25],[-12,-3],[-12,-6],[-3,-3],[5,-24],[4,-4],[4,0],[6,1],[32,-7],[-139,-14],[-25,46],[-3,9],[-39,86],[-6,8],[-22,26],[-12,12],[-80,53],[-81,20],[-8,1],[-11,0],[-59,-9],[-8,-4],[-6,-7],[-38,-51],[-1,-5],[-33,-27],[-6,-3],[-12,-8],[-48,-28],[-10,0],[-18,-8],[-6,-3],[-2,2],[-3,5],[-7,4],[-11,3],[-60,18],[-4,3],[-30,-7],[-3,-6],[-10,-6],[-11,-1],[-14,-5],[-6,-4],[-39,-1],[-13,2],[-8,0],[-5,-1],[-7,0],[-4,1],[-37,2],[-7,-1],[-40,13],[-6,10],[-46,21],[-17,-7],[-2,-35],[-4,0],[-6,4],[-18,20],[-12,-13],[10,-7],[11,-6],[-22,1],[-35,-42],[-101,-23],[-10,0],[-21,-29],[-4,-8],[-5,-15],[-93,2],[-10,0],[-6,-1],[-7,-6],[-13,-9],[-7,3],[-7,2],[-16,1],[-10,48],[-2,6],[-42,20],[-3,-15],[3,-5],[-3,-3],[-32,-31],[34,-10],[4,2],[4,0],[1,-3],[4,-10],[5,-3],[3,-6],[-5,-4],[-33,-27],[18,6],[5,2],[23,5],[9,1],[21,7],[2,3],[13,8],[31,-24],[-2,-39],[-1,-7],[-5,-14],[0,-7],[-49,-66],[-86,-9],[-10,2],[-32,-9],[-10,-6],[-21,-11],[-78,-59],[-64,-14],[-68,-62],[-8,-11],[-4,-7],[-4,-3],[-4,-5],[-19,-23],[-1,-5],[8,-69],[-24,-36],[3,-4],[-53,-67],[-9,-5],[-17,-16],[0,-5],[-31,-46],[-5,-6],[-87,-82],[-4,-6],[-24,-3],[9,5],[5,5],[23,81],[2,8],[3,4],[4,3],[21,33],[-25,9],[-4,0],[-3,3],[-6,2],[-28,-24],[-75,19],[-34,-26],[40,16],[23,-9],[-9,-6],[-8,-3],[-23,-8],[-8,-1],[-10,-12],[3,-3],[-9,-26],[-4,-4],[-11,-10],[-7,-5],[-56,13],[-1,5],[-23,-2],[-1,-6],[-30,-17],[-6,1],[-36,-8],[12,-1],[3,-4],[1,-6],[36,-55],[0,-5],[-2,-4],[-4,-4],[-16,-11],[15,-20],[5,3],[13,-2],[-18,-16],[22,-27],[1,-4],[-3,-3],[-6,-1],[-45,-21],[14,-4],[0,-2],[11,-27],[22,4],[6,-3],[10,-7],[-1,-5],[-17,-37],[19,13],[2,6],[7,16],[49,9],[4,4],[14,22],[-1,5],[6,18],[-7,10],[-31,23],[-5,-4],[-7,-31],[-30,35],[6,1],[10,10],[-9,12],[-4,3],[1,30],[47,19],[7,-1],[4,0],[7,-4],[6,-6],[7,-8],[7,-4],[4,-6],[4,-6],[29,-41],[5,-1],[3,-3],[-2,-3],[30,-42],[6,3],[4,1],[9,5],[6,6],[17,12],[10,3],[4,4],[45,36],[4,9],[-5,5],[1,29],[5,6],[3,3],[46,14],[0,-3],[30,-2],[0,4],[18,7],[32,-30],[8,-13],[31,-30],[8,-5],[57,-51],[47,-107],[10,-70],[-60,-73],[-97,-28],[-15,-9],[-49,-33],[-17,-17],[-31,-46],[-1,-5],[-7,1],[-6,4],[-42,69],[-17,11],[-76,20],[-26,4],[-280,67],[-21,4],[-27,7],[-22,8],[-20,11],[-40,-5],[-8,-7],[-6,-2],[-7,3],[-19,15],[-10,4],[-10,9],[-38,34],[-10,17],[-54,46],[-8,6],[-102,10],[-10,2],[-7,5],[-6,8],[-2,10],[7,14],[6,4],[14,9],[7,7],[6,1],[-3,-7],[43,-36],[10,0],[77,-21],[77,-57],[13,4],[9,7],[3,5],[10,30],[-10,43],[39,29],[2,35],[0,6],[-18,19],[-7,2],[-4,5],[0,6],[-3,4],[0,57],[70,38],[5,-2],[11,2],[6,2],[3,3],[-1,7],[3,13],[4,15],[2,8],[4,6],[7,6],[4,2],[2,9],[1,4],[-4,26],[-24,6],[-48,-48],[0,-6],[-2,-16],[-4,-2],[-22,-16],[-1,-4],[-10,-10],[-10,0],[-111,-52],[22,-13],[5,0],[10,-5],[5,-4],[0,-18],[2,-8],[1,-6],[-2,-6],[2,-15],[25,1],[8,2],[24,-17],[-9,-3],[-23,-4],[-12,-2],[-29,-3],[-11,2],[-19,6],[-15,3],[-24,6],[-14,3],[-8,0],[-9,-1],[-84,4],[-13,2],[-47,-5],[-123,-57],[-9,-1],[-22,4],[-14,4],[-2,0],[-20,6],[-135,55],[-57,76],[-83,23],[-31,5],[-14,7],[-46,34],[-10,4],[-9,9],[1,8],[-1,6],[-4,6],[0,4],[2,4],[6,3],[7,5],[4,10],[2,11],[-34,12],[0,-18],[7,0],[-2,-6],[-6,-2],[-4,-7],[7,-4],[4,-50],[-5,-5],[-17,-6],[-13,-2],[-65,-4],[-7,-3],[-34,-2],[-10,30],[-11,43],[-4,24],[-5,8],[2,64],[15,21],[13,9],[30,23],[0,8],[-16,44],[-2,7],[-4,3],[-32,15],[-10,7],[-2,1],[-7,1],[-4,1],[-5,3],[-4,2],[-15,-7],[2,-8],[-11,-1],[2,-6],[-12,-10],[-3,-7],[-7,-31],[-4,-7],[-32,-9],[-11,-2],[-5,-5],[-1,-7],[-14,-12],[-67,13],[-10,6],[-47,5],[-6,-4],[-5,-7],[-63,-32],[-8,0],[-100,-51],[-2,-4],[-10,-3],[-10,3],[-7,6],[-9,9],[-7,10],[-2,9],[-1,15],[10,112],[1,11],[108,87],[23,-2],[3,1],[-1,3],[-5,2],[-10,8],[75,3],[8,-2],[6,-2],[12,-6],[-9,-16],[-1,-6],[16,-9],[7,2],[26,2],[4,-5],[5,1],[6,-3],[1,-4],[23,-17],[12,-2],[21,-16],[4,-6],[10,-6],[5,-1],[23,19],[4,4],[8,2],[6,17],[-11,18],[-44,31],[-11,7],[-14,11],[-10,9],[-38,33],[-29,7],[-10,-1],[-105,20],[-15,5],[-76,34],[-35,49],[-33,-22],[-7,5],[-12,11],[-19,17],[-13,11],[50,34],[-107,64],[-11,-2],[-8,5],[-30,11],[-8,2],[-13,15],[-3,10]],[[84307,82417],[1,5],[1,5],[8,10],[8,9],[17,11],[10,3],[16,3],[13,1],[38,-14],[1,-7],[-21,-23],[-2,-5],[-4,-8],[-8,-3],[-54,-9],[-8,1],[-12,5],[-1,5],[-2,6],[-1,5]],[[84232,83117],[6,28],[30,22],[53,7],[2,-2],[6,-7],[-2,-1],[-5,-1],[-9,-2],[-3,-3],[-31,-12],[-2,1],[-10,-7],[-2,-2],[-12,-11],[-3,-2],[2,-31],[-11,-2],[-3,2],[-4,5],[0,4],[0,9],[-2,5]],[[84326,83175],[27,11],[1,-5],[-26,-8],[-2,2]],[[84279,83192],[19,12],[11,-15],[-30,3]],[[84359,83209],[48,-1],[7,3],[4,5],[10,14],[3,3],[39,1],[-6,-4],[-2,-3],[-2,-3],[-5,-3],[-9,-33],[-4,-3],[-14,-7],[-5,2],[-33,-7],[-3,-2],[-8,1],[-11,4],[-7,11],[0,3],[-2,19]],[[83566,82946],[1,11],[1,13],[1,15],[6,22],[1,8],[59,76],[10,8],[7,8],[6,8],[100,213],[99,93],[4,5],[86,55],[7,2],[30,16],[9,5],[26,2],[9,-1],[14,4],[8,3],[132,-1],[50,-32],[-1,-5],[-22,-9],[9,-28],[22,-11],[12,-4],[10,-1],[10,-2],[25,-2],[11,0],[65,0],[12,-1],[30,5],[8,6],[24,11],[18,-13],[6,-7],[8,-7],[5,-3],[-29,-6],[-4,0],[-46,-7],[50,-13],[3,-3],[1,-4],[0,-7],[4,-9],[0,-4],[-4,-4],[9,-53],[4,-5],[4,-14],[-5,-6],[-10,-11],[0,-4],[-11,-6],[-6,1],[-96,-44],[-4,0],[-19,1],[6,8],[3,2],[-8,8],[-5,1],[-5,1],[-28,-1],[-9,-2],[-28,-12],[-6,-1],[-32,-10],[-5,-3],[-23,-8],[3,-15],[-25,15],[-4,1],[-26,-4],[-6,-24],[-2,-11],[1,-7],[3,-6],[13,-13],[-1,-5],[-52,-34],[1,-8],[-62,8],[-4,3],[-17,-1],[-11,-1],[-51,-23],[-12,-25],[-3,-9],[8,-5],[2,-5],[-86,-37],[-9,1],[-10,1],[-10,4],[-31,8],[-28,-17],[-5,-6],[-13,-9],[-8,-1],[-8,-7],[-2,-4],[-6,-2],[-50,-23],[-9,-1],[-26,4],[-7,6],[-28,0],[-16,-21],[-21,20],[-1,6]],[[83868,83663],[1,45],[4,8],[1,6],[2,11],[29,5],[7,-1],[44,-16],[25,-55],[-1,-16],[-50,-16],[20,-16],[-4,-4],[-13,2],[-9,4],[-51,38],[-5,5]],[[85089,84045],[12,17],[3,1],[3,-5],[-2,0],[19,-31],[3,-2],[-1,-1],[-3,-1],[-19,7],[-6,1],[-4,5],[-4,6],[-1,3]],[[93024,76983],[-159,-147],[-146,-3],[-45,-18],[0,-24],[175,-17],[-16,-45],[71,-73],[9,-123],[18,-104],[-20,-164]],[[92911,76265],[-64,7],[6,-6],[9,-6],[-19,7],[-9,9],[-51,42],[-87,14],[-76,-18],[-10,1],[-8,3],[-6,3],[-19,8],[-10,0],[-19,0],[-12,-1],[-155,-7],[-150,-3],[-66,9],[-94,-32],[-137,21],[-114,45],[-95,-46],[-108,-15],[-158,55],[-42,-2],[-40,-9],[-55,-46],[-65,-1],[-93,-117],[-110,-58],[-35,-62],[-59,9],[-41,8],[-137,-38],[-11,-5],[-43,-9],[-11,-1],[-144,-24],[-2,-1],[-21,4],[-6,2],[-19,3],[-9,-1],[-4,2],[-10,5],[-83,26],[14,58],[112,-50],[115,26],[33,38],[0,62],[11,20],[-51,45],[-125,45],[-41,41],[11,32],[-9,8],[-17,-28],[-5,-77],[12,-46],[-36,-29],[-15,-57],[-21,-16],[11,-40],[-49,-67],[-10,-5],[-28,-8],[-6,-2],[-107,-32],[-50,8],[-5,-4],[-12,-2],[-6,2],[-15,-1],[-4,-2],[-3,2],[-1,3],[-9,8],[-7,0],[-3,1],[-25,-9],[1,-5],[-8,-2],[-11,1],[-18,14],[2,4],[-159,31],[-1,-3],[-28,12],[13,-1],[8,5],[-58,43],[-4,-4],[-15,10],[-35,18],[-159,-17],[-4,1],[-10,40],[-1,7],[-8,14],[-3,0],[-7,9],[-3,6],[-2,5],[54,6],[9,2],[4,28],[-2,6],[4,32],[4,4],[5,26],[-2,6],[25,24],[1,31],[44,15],[6,-6],[31,-8],[13,-1],[36,-3],[12,-4],[11,2],[10,2],[22,5],[15,3],[90,44],[7,4],[8,3],[12,5],[7,6],[19,12],[11,1],[30,-15],[7,-1],[6,-1],[45,3],[8,5],[6,1],[11,-3],[25,-4],[6,2],[39,29],[9,5],[8,8],[8,8],[14,11],[5,6],[-2,8],[10,25],[52,8],[13,2],[11,3],[72,16],[10,0],[2,11],[-5,5],[1,5],[2,1],[4,3],[10,3],[7,0],[3,7],[-1,2],[-4,28],[6,4],[56,63],[-4,10],[7,29],[5,7],[12,41],[7,6],[16,0],[5,-1],[12,19],[2,7],[-3,35],[1,9],[-11,35],[-24,14],[-6,7],[-2,7],[-4,7],[1,16],[3,4],[1,22],[-6,4],[-1,4],[4,1],[10,13],[-13,76],[-2,15],[1,16],[-5,7],[-3,2],[8,5],[-22,41],[-39,27],[-4,9],[-2,10],[4,6],[-7,39],[-5,8],[-7,16],[4,7],[-211,147],[-6,4],[-9,17],[1,7],[-10,13],[-4,8],[-1,7],[0,6],[-1,6],[1,6],[-2,6],[4,5],[20,57],[3,9],[7,38],[6,4],[-1,29],[2,9],[27,38],[5,2],[6,5],[-5,4],[31,42],[63,12],[11,0],[14,0],[7,3],[54,0],[11,-2],[46,-2],[4,3],[13,1],[7,0],[9,8],[1,3],[54,20],[9,1],[12,3],[36,-3],[7,-5],[29,-2],[7,0],[19,-8],[4,-3],[10,-3],[10,-2],[39,-14],[15,-10],[8,-36],[-1,-9],[-12,-48],[7,-25],[7,1],[-4,-11],[-7,-4],[-1,-24],[1,-8],[-4,-3],[1,-5],[-2,-13],[-5,-8],[18,-8],[5,2],[29,-5],[20,-15],[7,-11],[-1,-7],[-58,-30],[-11,-5],[-121,-89],[2,-8],[33,-30],[8,-6],[2,-5],[7,-5],[9,-2],[9,-12],[-2,-6],[-37,-27],[-5,-6],[-8,-33],[-6,-9],[-1,-12],[3,-8],[15,-54],[-3,-14],[0,-41],[6,1],[23,1],[7,-2],[8,-3],[5,-3],[2,-2],[5,-2],[-2,30],[-5,7],[-1,17],[7,7],[68,115],[0,4],[7,0],[26,15],[-27,24],[-10,5],[-4,6],[-8,12],[-9,13],[-6,5],[-3,3],[1,4],[14,8],[8,6],[6,3],[12,0],[142,41],[6,-2],[4,-4],[0,-3],[-19,-13],[8,-8],[5,3],[16,3],[8,0],[14,12],[-1,6],[9,5],[9,-1],[21,7],[9,3],[18,-10],[8,-4],[42,-27],[25,4],[7,5],[7,0],[13,1],[13,3],[13,3],[12,3],[12,4],[10,6],[12,7],[48,-1],[7,-5],[3,-15],[-68,-6],[1,-3],[0,-3],[10,-8],[5,1],[31,15],[13,-15],[1,-6],[-81,-18],[-35,-32],[15,-54],[22,-10],[4,-1],[2,-5],[16,-14],[6,1],[5,-2],[9,-12],[18,8],[31,-22],[6,-1],[5,-1],[12,12],[4,3],[3,-8],[-4,-6],[-4,-6],[8,-5],[7,-9],[6,-3],[5,-3],[6,2],[5,3],[11,-2],[-4,-6],[10,-10],[7,2],[10,-1],[9,-3],[31,5],[6,5],[7,7],[5,10],[7,35],[-31,20],[2,-9],[-31,0],[-7,10],[-6,11],[0,12],[5,16],[66,127],[-3,39],[0,7],[1,10],[-1,8],[1,5],[8,5],[13,42],[-1,7],[7,25],[3,7],[20,57],[-6,32],[-13,110],[-2,5],[5,11],[5,36],[-39,25],[37,20],[-53,-15],[1,3],[4,5],[7,2],[2,1],[3,6],[-1,8],[-6,12],[-6,22],[-1,8],[-2,4],[-3,11],[2,5],[-54,95],[-59,27],[-81,-4],[-18,43],[-14,-13],[27,-57],[-3,-5],[-21,-21],[-9,-8],[-19,-18],[-2,-4],[-3,-7],[-5,0],[-54,8],[-5,41],[-4,4],[-1,25],[1,8],[8,21],[-11,41],[14,2],[-16,12],[-7,40],[-7,3],[-3,4],[2,4],[-23,94],[-7,25],[-4,5],[0,2],[5,4],[-10,44],[-32,32],[-94,52],[-6,2],[-1,8],[6,17],[-27,0],[-11,22],[-4,5],[-5,10],[-62,37],[-1,5],[44,27],[10,-2],[17,1],[-32,21],[-30,-12],[-33,-40],[-124,-6],[-78,30],[-149,18],[-100,14],[-21,-20],[7,-4],[49,-20],[-2,-7],[-14,-16],[-18,-30],[2,-9],[-3,-9],[-2,-4],[-1,-5],[-5,-19],[-2,-4],[-2,-5],[2,-7],[-6,-9],[-4,-5],[-3,-10],[2,-5],[-11,-36],[-5,-3],[-13,-18],[43,14],[3,5],[0,29],[4,3],[6,-1],[8,-4],[32,-39],[-2,-25],[40,-31],[4,-5],[3,-34],[-7,-3],[-10,-3],[-5,-5],[-15,-10],[-6,2],[-12,-6],[-5,-7],[-1,-2],[-6,-11],[-12,-33],[-56,-48],[-6,-13],[-1,-38],[-73,-94],[-85,-2],[-8,-15],[0,-4],[-3,-2],[-104,-7],[-90,-32],[-24,-78],[-3,-2],[-63,37],[-8,16],[-3,12],[-2,14],[0,57],[1,12],[3,13],[2,4],[5,5],[4,8],[31,44],[7,5],[6,7],[4,7],[6,1],[8,3],[2,5],[4,4],[6,1],[6,8],[1,6],[-1,10],[11,19],[4,10],[-2,6],[-4,36],[1,6],[4,16],[2,7],[2,6],[6,6],[24,25],[8,8],[-3,-13],[-2,-5],[7,-9],[7,0],[6,-1],[2,-5],[5,-17],[14,6],[5,7],[18,21],[7,4],[14,56],[-17,26],[-10,5],[-4,4],[-68,27],[54,-27],[12,-18],[-8,-18],[-4,-8],[-7,-6],[-5,2],[-31,54],[-9,2],[-16,9],[-5,6],[-60,33],[-12,3],[-11,1],[-13,-1],[6,-14],[-2,-2],[-19,0],[-19,2],[-47,-24],[11,-12],[8,2],[4,-1],[-1,-4],[-165,-66],[-8,-2],[-42,-9],[-6,3],[-11,-6],[-1,-5],[-7,-3],[-20,-26],[-4,-6],[-34,-23],[-4,0],[-16,-3],[-9,-11],[0,-5],[-1,-3],[-4,-3],[-48,-90],[-1,-5],[-4,-4],[-30,-26],[-10,-3],[-9,-1],[-8,1],[-219,7],[-58,79],[-1,5],[0,14],[2,5],[8,38],[57,72],[12,42],[30,5],[8,-1],[13,-18],[-2,-3],[23,-10],[4,3],[3,2],[7,20],[-2,5],[-1,6],[10,40],[4,6],[13,17],[21,11],[21,21],[1,31],[-23,35],[7,16],[5,6],[15,13],[8,4],[49,35],[-4,19],[3,56],[22,34],[4,39],[6,8],[7,4],[9,10],[4,5],[7,8],[2,5],[18,2],[-8,13],[4,8],[12,8],[3,4],[-1,6],[-3,3],[1,24],[3,4],[1,16],[-1,5],[-3,9],[1,5],[1,35],[29,28],[2,6],[1,26],[3,4],[0,41],[-35,80],[48,15],[-56,8],[-12,18],[-42,1],[-13,0],[-14,1],[-24,3],[-6,0],[-15,5],[-44,32],[-6,8],[-6,4],[-3,5],[4,4],[2,15],[-9,14],[-20,16],[-6,2],[-2,2],[-15,6],[-9,2],[-3,0],[-5,-1],[-7,1],[-8,-5],[6,-2],[0,-8],[-9,3],[-11,8],[-2,6],[2,11],[5,12],[6,54],[-16,36],[-17,40],[-46,8],[-21,41],[-26,-10],[20,-31],[-20,-5],[-9,0],[-14,2],[-5,3],[-26,51],[-4,12],[1,57],[-26,37],[0,6],[54,22],[-10,14],[-50,-22],[7,73],[-21,16],[-1,11],[12,7],[7,-1],[2,3],[1,5],[48,72],[4,4],[5,9],[-8,7],[11,9],[13,-9],[55,31],[17,8],[71,21],[16,2],[65,12],[12,0],[110,-6],[17,-5],[55,-35],[-26,35],[-1,4],[25,10],[6,-1],[23,-14],[1,-3],[2,-11],[-3,-3],[0,-3],[3,-1],[2,-11],[-4,-1],[-27,-2],[28,-18],[4,-1],[3,-8],[-3,-2],[1,-5],[3,-1],[12,-47],[-2,1],[-10,1],[10,-7],[7,-6],[7,-33],[0,-3],[7,-23],[3,-4],[96,-218],[88,-134],[139,-153],[166,-145],[209,-134],[308,-152],[316,-79],[263,-119],[13,-8],[52,-27],[8,-3],[41,-14],[81,-91],[11,-12],[15,-13],[150,-139],[54,-45],[42,-35],[24,-16],[21,-16],[435,-325],[245,-199],[102,-109],[150,-122],[87,-98],[321,-201],[28,-14],[31,-14]],[[89209,78453],[18,42],[2,0],[1,-2],[3,-30],[11,-13],[5,-31],[-4,1],[-36,33]],[[89044,79257],[0,2],[2,2],[18,13],[4,3],[39,-4],[10,-24],[-1,-4],[4,-33],[28,-33],[3,-2],[49,-34],[2,-6],[20,-20],[-11,19],[-2,4],[21,-22],[3,-5],[27,-26],[0,-3],[32,-19],[-25,-8],[-86,28],[-50,47],[-13,48],[-37,32],[11,-14],[4,-4],[3,-2],[0,-5],[-1,-4],[-9,8],[-4,5],[-22,11],[0,35],[23,-1],[5,17],[-3,2],[-32,1],[-12,-4]],[[85905,79894],[52,0],[6,-2],[159,-85],[25,-30],[0,-33],[-61,-37],[-14,-40],[-23,-9],[-5,-2],[2,8],[7,2],[16,20],[0,9],[-28,26],[-5,38],[-78,35],[1,76],[-46,22],[-8,2]],[[89106,80157],[3,11],[2,45],[1,9],[40,-2],[4,-4],[3,-23],[-17,-12],[-14,-52],[-17,13],[-4,2],[2,6],[2,6],[-5,1]],[[86966,81456],[24,4],[2,-5],[10,2],[7,4],[9,8],[59,83],[0,6],[-3,3],[-2,3],[-2,7],[83,64],[4,9],[22,6],[-10,-5],[-3,-5],[30,-36],[6,-2],[13,-28],[-22,-26],[-71,-15],[-8,-2],[-18,-9],[-8,-7],[-12,-9],[-5,0],[-8,-6],[-10,-10],[-35,-49],[1,-7],[5,-48],[-49,28],[-7,38],[0,1],[-2,3]],[[93216,74392],[16,43],[9,5],[61,1],[10,2],[47,13],[5,-2],[4,-5],[2,-4],[2,-7],[21,-22],[-19,-17],[-9,1],[-56,-13],[-36,-29],[-57,34]],[[90727,77130],[8,27],[18,-19],[0,-3],[-2,-2],[-5,-2],[-17,-3],[-2,2]],[[91354,77166],[7,20],[5,3],[4,1],[9,-2],[1,-4],[-23,-20],[-3,2]],[[91296,77248],[6,3],[14,-3],[6,-5],[13,-43],[-3,-1],[-7,6],[-29,43]],[[90374,78061],[0,6],[0,9],[21,25],[11,7],[39,43],[39,16],[9,1],[18,-16],[0,-4],[5,-6],[5,-4],[3,-4],[2,-7],[-3,-12],[-2,-5],[-4,-5],[-5,-4],[-3,-4],[-2,-3],[-5,-3],[-58,-10],[-7,-27],[6,-4],[5,-4],[5,-8],[10,-17],[-8,-27],[-60,28],[-11,9],[-4,8],[-6,22]],[[89394,78748],[6,21],[2,11],[11,8],[3,-4],[9,0],[6,1],[-3,-8],[-9,0],[-9,-11],[8,-42],[-24,24]],[[89325,79048],[16,3],[10,-1],[22,-8],[5,-8],[13,-6],[5,0],[22,-15],[14,-15],[21,-34],[-1,-6],[-25,-49],[-5,-6],[-4,1],[-4,3],[3,6],[3,5],[-19,73],[-76,57]],[[89467,79830],[13,8],[4,-1],[1,-14],[-2,-1],[-16,8]],[[89407,79867],[6,2],[24,1],[6,0],[4,-1],[32,-8],[2,-5],[-20,-17],[-50,12],[-3,1],[-1,15]],[[90295,80593],[1,6],[5,-1],[2,5],[8,2],[4,3],[-8,23],[21,14],[25,18],[12,10],[11,28],[0,4],[1,1],[2,2],[19,10],[55,-22],[8,-7],[3,-4],[-2,-1],[-3,-2],[-91,-58],[-2,-6],[-3,-4],[-6,-5],[-50,-13],[-3,-3],[-9,0]],[[73298,36468],[58,49],[9,45],[-99,6],[-40,30],[-24,-10],[-5,21],[-18,-27],[-16,3],[-3,25],[-36,-17],[-19,9],[-36,47],[-21,0],[-19,41],[53,5],[3,63],[67,27],[18,29],[42,-17],[78,17],[18,44],[-6,22],[62,-9],[36,57],[38,-59],[24,-2],[71,-57],[29,1],[9,17],[-77,46],[50,49],[-3,18],[-40,-10],[7,12],[-29,32],[25,33],[-44,-13],[-10,20],[45,20],[0,35],[30,33],[70,-12],[51,16],[12,42],[24,18],[-24,59],[-94,68],[-62,113],[-33,-31],[-51,36],[-32,79],[23,97],[-38,18],[-28,40],[-54,-45],[-5,36],[-21,-12],[-3,-25],[27,-36],[-2,-26],[-162,-10],[-46,25],[-50,-18],[-144,267],[21,23],[54,44],[21,57],[22,16],[138,16],[45,30],[24,-17],[39,8],[32,64],[19,-3],[-10,-29],[15,-27],[47,15],[8,14],[-38,-5],[6,37],[19,34],[18,2],[-7,18],[60,35],[-41,65],[15,16],[-8,34],[-53,84],[106,20],[30,32],[40,12],[111,89],[-5,26],[29,38],[20,-41],[47,-9],[180,122],[-45,47],[1,33],[-38,44],[167,66],[40,35],[-22,35],[82,26],[100,-115],[-83,-56],[-29,-52],[-36,-27],[6,-21],[132,-156],[64,-18],[24,14],[42,-49],[-43,-112],[0,-27],[39,-6],[-155,-157],[68,-89],[47,-27],[10,-32],[-33,-13],[46,-8],[-22,-9],[-7,-35],[93,48],[69,-4],[24,-26],[46,25],[25,-11],[44,42],[62,-8],[33,34],[4,58],[-21,44],[39,28],[-9,84],[73,27],[127,1],[35,-65],[87,-74],[36,3],[35,13],[31,67],[73,-7],[169,0],[16,50],[24,25],[-18,36],[-21,28],[-39,-24],[-57,26],[-40,-35],[-43,-7],[-75,22],[53,43],[-67,-38],[-125,50],[20,18],[21,77],[99,43],[59,3],[118,60],[-17,42],[38,42],[-6,20],[16,5],[-44,68],[15,44],[-9,8],[32,13],[-2,20],[32,20],[82,-6],[17,-24],[45,15],[-2,-19],[49,-36],[-21,-37],[39,-30],[-29,-48],[69,-28],[68,27],[-7,15],[19,42],[-34,43],[99,114],[7,26],[-20,71],[80,-16],[7,-45],[76,-27],[-4,-26],[53,-2],[30,-17],[37,32],[2,-51],[19,-14],[62,28],[11,34],[24,11],[179,-29],[9,43],[-20,103],[33,16],[101,-7],[12,4],[-14,37],[22,-13],[19,19],[44,-4],[79,44],[36,62],[4,60],[121,13],[-30,72],[40,80],[27,57],[-62,44],[-53,-31],[-79,14],[-21,32],[-113,-18],[-48,32],[-28,-19],[-103,106],[-6,59],[34,8],[-10,30],[-33,21],[-33,85],[-32,33],[44,42],[40,12],[22,47],[42,8],[23,35],[0,16],[-40,15],[-34,77],[-254,-49],[-6,33],[-25,24],[-38,0],[28,61],[-17,3],[-13,-25],[-1,54],[13,16],[5,114],[44,27],[58,86],[10,7],[24,-36],[165,-50],[44,24],[57,78],[71,49],[53,115],[-19,2],[-3,70],[-147,-25],[-107,6],[-41,9],[3,52],[12,20],[-40,47],[28,5],[-91,110],[69,69],[-4,41],[22,-5],[57,-77],[65,34],[11,-24],[55,15],[-20,32],[37,17],[9,-95],[56,11],[13,15],[-3,97],[46,21],[-12,22],[25,-2],[26,-80],[35,-16],[22,19],[-34,44],[-21,85],[29,15],[65,-126],[75,8],[42,25],[113,-13],[-7,18],[125,19],[-8,97],[25,13],[-17,19],[3,24],[123,62],[21,20],[1,30],[22,10],[63,16],[-6,51],[36,5],[-11,-53],[83,18],[49,-19],[102,5],[-7,11],[21,2],[10,74],[49,-1],[43,-17],[-55,-93],[74,-90],[78,53],[69,-20],[43,18],[-18,28],[7,35],[61,78],[-35,74],[44,37],[-8,19],[134,31],[-25,19],[26,19],[-42,82],[196,95],[-17,21],[55,39],[209,2],[17,24],[-44,88],[115,44],[33,-57],[111,-22],[125,56],[63,7],[49,-41],[29,16],[35,-34],[62,9],[35,25],[62,-15],[122,36],[73,-12],[45,53],[30,-6],[16,-36],[126,-31],[10,97],[48,57],[61,31],[-10,53],[-96,60],[5,50],[-40,-1],[-53,82],[-60,-5],[10,29],[39,3],[-68,242],[-7,143],[-34,58],[-8,52],[-78,64],[2,68],[-50,-16],[-4,-30],[-62,-11],[-20,12],[0,-17],[-91,-25],[-15,-47],[39,-38],[-56,27],[-38,70],[-146,70],[0,14],[-41,9],[-104,-22],[-96,29],[-9,30],[60,38],[57,11],[-12,58],[-34,57],[11,4],[5,45],[22,6],[3,15],[-15,3],[9,26],[-63,14],[-108,-30],[-6,52],[-33,-5],[17,-101],[-30,-20],[-47,10],[17,94],[27,11],[-55,45],[-27,53],[17,55],[-14,102],[-11,38],[57,15],[-61,128],[-23,-4],[-21,29],[-221,-22],[-22,40],[-43,-11],[2,20],[-24,21],[7,27],[-24,136],[-45,-12],[-30,-74],[-245,12],[-70,-27],[-20,-34],[-105,66],[-44,64],[-63,-7],[4,-26],[-12,-11],[-80,-37],[-63,18],[-59,13],[-64,56],[26,113],[-39,21],[-175,88],[-82,-73],[12,-23],[-42,-19],[-95,8],[-22,34],[-120,-75],[-62,11]],[[76408,44186],[-28,45],[-14,-10],[-9,28],[8,22],[-135,11],[-12,-27],[-71,-8],[-4,27],[-74,8],[-24,30],[-92,9],[8,9],[-28,11],[-12,27],[-44,24],[20,12],[-11,11],[18,33],[-12,12],[12,42],[-19,-3],[7,22],[-24,4],[1,20],[29,6],[19,-14],[-6,-23],[31,-1],[22,40],[27,-2],[35,31],[-13,18],[33,23],[-19,33],[-34,5],[-42,37],[-290,66],[4,64],[13,16],[-9,119],[44,46],[0,31],[34,63],[45,13],[5,32],[-31,12],[33,33],[6,51],[-168,21],[-159,-46],[-9,102],[59,-3],[56,18],[-14,33],[53,17],[-19,95],[100,110],[30,8],[-11,30],[-46,-1],[-48,213],[-3,21],[63,17],[-5,15],[-34,-11],[-15,31],[-32,187],[-134,7],[-3,91],[-61,-1],[-6,24],[27,21],[19,65],[11,118],[-21,0],[-7,93],[-99,-17],[-15,95],[17,18],[-26,94],[-59,113],[146,10],[3,56],[15,13],[235,44],[-7,22],[0,122],[-11,-1],[-17,97],[2,30],[43,5],[5,70],[-36,4],[1,18],[-51,-2],[-3,44],[68,38],[-7,26],[-84,-44],[-11,9],[9,70],[58,11],[4,46],[-23,-18],[-31,5],[-25,-33],[-48,5],[16,17],[-20,23],[23,13],[-45,42],[109,40],[-5,14],[-53,4],[-28,129],[23,8],[2,34],[-36,73],[83,6],[-2,39],[30,1],[28,77],[-34,-1],[-28,134],[-98,21],[-13,-45],[-106,28],[4,134],[-29,1],[1,19],[35,-1],[-2,61],[-43,14],[-1,59],[-38,22],[2,42],[37,-1],[20,23],[64,9],[3,19],[85,9],[1,16],[18,1],[2,145],[234,34],[-18,60],[51,20],[-18,67],[30,3],[-4,52],[-90,3],[-9,45],[-33,-4],[-18,16],[30,7],[-1,118],[-22,17],[0,58],[18,3],[-4,69],[52,0],[26,0],[-4,37],[49,8],[-2,52],[28,1],[-1,24],[103,30],[-27,24],[105,9],[-11,64],[52,1],[-1,39],[-13,-1],[-13,56],[36,12],[52,55],[27,-6],[32,-53],[3,-33],[25,19],[313,3],[27,-3],[1,50],[31,2],[3,19],[34,-16],[103,37],[29,50],[34,21],[-11,34],[185,26],[23,32],[-62,25],[9,19],[14,-8],[76,-20],[3,31],[166,-42],[10,23],[48,-6],[-69,26],[3,14],[127,-30],[26,13],[65,-10],[-16,19],[12,5],[38,-8],[8,-24],[122,-34],[45,12],[74,-11],[0,66],[-13,3],[30,130],[52,-20],[5,19],[24,1],[11,36],[-40,18],[-1,21],[43,-7],[55,55],[34,-6],[18,-37],[83,-34],[90,22],[131,-11],[7,-37],[-86,-55],[41,-36],[70,58],[63,-19],[1,74],[-22,14],[73,5],[29,45],[75,-31],[76,6],[84,-3],[26,-41],[34,0],[27,14],[-25,43],[86,19],[70,-7],[25,61],[63,36],[38,-17],[48,123],[48,-6],[4,-36],[42,1],[5,-48],[31,0],[33,59],[44,32],[141,14],[27,6],[44,-31],[-46,-40],[-13,-62],[-89,-25],[-31,-42],[123,58],[123,17],[103,38],[-4,54],[37,15],[42,45],[68,15],[16,65],[-10,58],[89,88],[15,74],[68,67],[57,5],[52,-22],[58,21],[91,-12],[121,-58],[60,-6],[102,-66],[87,-4],[40,-17],[-2,-20],[70,11],[81,73],[63,114],[25,21],[127,21],[89,36],[15,26],[59,31],[46,8],[-33,72],[19,-7],[100,7],[17,31],[22,-8],[19,-37],[13,5],[36,-35],[14,8],[26,-34],[-19,-41],[18,-5],[13,29],[15,-11],[-11,-105],[48,-9],[-23,-28],[9,-37],[22,-21],[-21,-9],[7,-8],[60,38],[65,9],[68,92],[34,-14],[27,-47],[-25,-82],[-15,17],[0,-25],[48,-69],[43,-21],[61,4],[41,-28],[15,13],[1,37],[110,13],[67,-44],[53,-90],[68,64],[19,1],[-24,68],[75,21],[42,-20],[16,22],[55,-14],[-40,178],[123,-25],[5,16],[-39,17],[-2,17],[59,15],[106,2],[20,-25],[24,5],[33,-66],[54,31],[48,-57],[27,-64],[-22,-112],[48,-82],[236,120]],[[97331,49849],[-23,-74],[-136,-147],[44,-86],[61,-16],[50,-47],[18,-62],[-44,-62],[24,-38],[7,-58],[58,-59],[54,-4],[75,-40],[78,16],[37,-49],[158,-6],[34,-16],[71,9],[23,-28],[57,-14],[55,-94],[65,18],[111,-44],[23,-51],[23,-4],[16,-33],[41,-16],[62,-61],[109,11],[62,-67],[136,37],[34,-40],[53,-28],[79,22],[75,-2],[77,-39],[12,-80],[189,-20],[70,-97],[-5,-56],[59,-61],[35,-84],[63,-50],[-5,-60],[-30,-49],[-51,23],[-35,-20],[-12,-14],[12,-25],[52,-27],[-17,-39],[25,-70],[-22,-59],[-49,-29],[36,-21],[42,-60],[9,-58],[-53,0],[-38,-27],[45,-14],[20,-32],[-10,-53],[38,-56],[1,-33],[40,-7],[84,-57],[-51,-45],[-6,-48],[-101,-38],[-1,-13],[19,-20],[47,4],[28,-32],[-4,-33],[15,-13],[8,-57],[-13,-24],[7,-50],[25,-21],[0,-36],[13,-31],[31,-21],[3,-34],[63,-12],[-3,-61],[39,-28],[41,-3],[25,-36],[33,-10],[-22,-59],[51,-30],[11,-39],[-17,-34],[9,-17],[75,-2],[64,-46],[3,-23],[33,-9],[-12,-77],[4,-28],[24,-21],[-8,-64],[63,-40],[-3,-22],[-40,-19],[13,-41],[-19,-26],[0,-34],[18,-38],[-62,-18],[-8,-27],[-41,-6],[-15,-39],[25,-19],[10,26],[17,2],[16,-37],[53,-47],[-32,-36],[-47,6],[-12,-23],[14,-29],[-43,-22],[28,-17],[-11,-23],[-35,-34],[-45,-14],[13,-89],[-14,-29],[3,-33],[-57,-12],[3,-25],[25,-7],[-1,-29],[-45,-43],[3,-61],[41,-4],[14,-27],[-37,-43],[-46,-22],[35,-99],[-62,-115],[30,-54],[-102,-61],[9,-56],[56,-89],[-42,-71],[-46,-19],[42,-61],[12,-51],[-16,-99],[24,-17],[-80,-70],[-59,10],[-6,-17],[15,-30],[-21,-29],[6,-21],[-21,-11],[49,-65],[-10,-32],[9,-24],[-31,-16],[19,-10],[-5,-22],[18,-29],[-36,-11],[3,-30],[-32,1],[9,-21],[-12,-14],[14,-8],[-7,-21],[20,-54],[-97,-65],[1,-21],[28,-1],[-11,-22],[11,-18],[-29,-25],[-46,-93],[16,-9],[-9,-12],[12,-43],[-26,-4],[-25,-34],[-42,-4],[-18,-51],[-24,6],[6,-20],[-12,-22],[30,-16],[-46,-72],[23,-11],[-29,-48],[-46,-4],[18,-23],[-28,-8],[8,-29],[-20,14],[-22,-23],[5,-24],[30,-12],[-11,-65],[-76,-156],[-25,-14],[-50,13],[-27,-31],[3,-60],[24,-24],[-17,-62],[9,-83],[-110,-37],[-29,-5],[8,-49],[-38,-48],[36,-25],[-53,-21],[-39,-107],[33,-100],[-44,-67],[-128,-38],[-75,-167],[-140,-85],[-71,-115],[-196,-166],[-26,-77],[16,-63],[50,-60],[-32,-67],[-1,-44],[-94,-99],[2,-18],[-66,-144],[-18,-91],[12,-36],[-18,-35],[-61,-33],[-5,45],[-15,3],[-96,-47],[-110,-8],[-18,32],[-21,-1],[-27,31],[-76,-4],[-23,52],[-19,7],[-50,-6],[-41,-40],[-102,-39],[-50,21],[2,65],[28,32],[-70,67],[-27,32],[-158,-33],[-217,131],[-40,9],[-102,-16],[-135,76],[-116,28],[11,28],[-12,51],[48,48],[6,44],[72,164],[23,124],[98,80],[45,13],[-12,82],[2,163],[-13,56],[-25,0],[-75,-18],[-89,-53],[-94,2],[-39,-35],[-85,-14],[-80,-55],[-33,6],[-53,-33],[-158,48],[-35,81],[100,145],[71,46],[42,119],[87,119],[-31,50],[40,24],[3,66],[30,57],[-18,10],[5,78],[-35,0],[-117,74],[-23,78],[-85,47],[-19,21],[8,15],[-13,21],[-18,5],[-25,-31],[-224,-38],[-17,22],[20,16],[0,22],[41,17],[-66,71],[-287,64],[22,111],[61,118],[-21,23],[-52,31],[-73,-35],[26,-83],[-14,-150],[-156,25],[8,46],[-41,17],[-43,50],[-100,7],[-157,-101],[-31,-43],[-86,-45],[-114,-9],[-27,24],[-131,37],[-44,33],[-14,19],[-5,116],[-73,0],[-103,79],[-132,-48],[-13,-25],[-72,-1],[-82,92],[-6,29],[-73,60],[-137,4],[-82,-98],[-6,-40],[-27,-46],[-125,8],[-1,-23],[53,-17],[47,-48],[8,-60],[-73,-94],[36,-38],[-15,-17],[-128,-69],[-39,8],[14,-55],[56,-47],[-88,-91],[0,-48],[39,-18],[-2,-12],[113,-31],[52,-58],[31,-8],[112,26],[107,62],[104,9],[53,-37],[-27,-19],[-5,-32],[26,-38],[-5,-12],[-26,-15],[-76,13],[-31,-12],[-37,-47],[-52,-33],[35,-29],[88,-25],[3,-32],[-56,-30],[9,-18],[117,-47],[174,-13],[30,-39],[56,-6],[45,-22],[-5,-15],[77,8],[-3,-31],[34,-14],[121,41],[117,-99],[-13,-29],[23,-77],[-90,-39],[22,-30],[-45,9],[7,-26],[-35,-2],[4,-49],[21,-47],[-21,-62],[16,-19],[-3,-24],[-105,-14],[-10,-19],[-135,39],[-32,-14],[-46,27],[-6,-38],[15,-20],[-18,-36],[-303,-65],[-68,-35],[-106,13],[-28,13],[-60,74],[-125,31],[-131,-85],[-69,-17],[-94,12],[26,-57],[-2,-71],[-34,-85],[-75,-114],[-58,12],[-132,-103],[-44,5],[-45,-25],[-174,-26],[-75,2],[-54,-46],[-51,-14],[-140,-97],[-27,1],[-114,-21],[-46,-30],[-34,8],[-66,-45],[-95,-12],[-78,-78],[-6,-72],[-51,-19],[-84,-10],[-42,23],[-155,-20],[-47,-64],[-40,-4],[-55,56],[-56,23],[-111,-10],[0,47],[-112,66],[-34,-40],[-132,-63],[-104,-17],[-43,-27],[18,-78],[-143,-122],[-178,-10],[-123,56],[-53,-23],[-11,-32],[30,-51],[-46,-56],[-19,-68],[-36,-27],[-5,-23],[17,-78],[113,-117],[-19,-13],[-20,-84],[-154,-78],[-103,56],[-55,3],[-1,-87],[-27,-70],[-28,-25],[-96,-22],[-80,19],[-64,-31],[-64,39],[-37,2],[-68,64],[-59,-3],[-30,16],[-52,-21],[-6,28],[-46,-16],[-64,32],[-71,-40],[-91,33],[-65,-72],[-89,-28],[-104,75],[-124,-98],[-47,2],[25,-21],[11,-44],[-51,-32],[-158,31],[-55,61],[-122,79],[-71,-12],[-58,-4],[-82,-12],[-50,-45],[-100,-30],[16,-80],[-135,-27],[-76,-40],[-111,33],[-177,-5],[-87,25],[-113,-39],[-42,-36],[-25,-29],[-104,-15],[20,-62],[47,-31],[63,-76],[34,-143],[-51,-52],[15,-57],[-82,3],[-111,-108],[-41,-60],[2,-23],[33,-39],[79,12],[-23,-59],[4,-61],[-189,-62],[-47,-32],[-24,-80],[-137,-99],[-3,-32],[-90,-78],[-16,-46],[-117,47],[-86,60],[-108,-2],[-28,21],[15,31],[-12,11],[-40,-5],[-42,1],[-30,27],[8,41],[-52,72],[-16,74],[-24,5],[-53,64],[-32,14],[-5,53],[-57,4],[-21,-21],[-64,62],[-38,3],[31,-107],[-10,-7],[3,-36],[15,-13],[-8,-45],[23,-60],[-64,-32],[-27,-71],[-54,10],[-13,-35],[-60,-25],[-123,-18],[10,-19],[-25,-13],[-10,-33],[-78,18],[4,-45],[-55,-28],[25,-59],[-8,-86],[25,-21],[1,-66],[-226,-45],[-61,-37],[-60,117],[5,29],[-49,62],[-157,-9],[-35,34],[-38,-4],[-35,-44],[-2,-45],[-64,-27],[-23,-54],[-32,-11],[16,-101],[-82,-49],[-26,-38],[6,-53],[42,-33],[5,-66],[-60,-41],[-2,-49],[-53,-87],[-51,-51],[-20,-98],[-108,-73],[14,-50],[1,-79],[-176,-3],[-41,25],[-145,29],[-90,-31],[-59,7],[17,62],[-36,30],[-16,45],[-109,-50],[-41,-48],[-116,-79],[-158,-32],[-202,10],[-29,2],[-45,71],[-57,39],[-109,-16],[9,-97],[-84,-162],[6,-44],[-39,-186],[12,-92],[32,-58],[-14,-31],[-49,-87],[-181,-122],[-66,-124],[-36,-33],[-155,-56],[-164,-20],[-36,-19],[-12,-44],[28,-20],[31,14],[5,-34],[-91,24],[-12,8],[4,53],[-16,14],[-83,39],[-107,87],[-80,-10],[-77,83],[-384,204],[-99,74],[-149,66],[-14,-7],[7,-26],[-18,-79],[-90,-72],[12,-52],[26,-41],[-4,-55],[-134,212],[-355,-134],[-161,-65],[-41,-122],[-78,-49],[-112,-111],[-6,-44],[19,-22],[-18,-55],[-89,43],[-8,31],[-121,70],[-72,82],[-51,-28],[-42,-27],[-143,-16],[-161,64],[-83,-8],[-120,-105],[-53,-10],[-33,22],[-78,-5],[-30,1],[-47,-46],[-140,-44],[-67,-4],[-39,21],[-27,-30],[-76,17],[-43,-32],[-101,4],[-44,-1],[-28,-72],[-47,-43],[-59,-94],[-65,-56],[-19,-40],[16,-42],[-7,-50],[42,-77],[-27,-75],[-66,-32],[-104,92],[-79,-39],[-15,-35],[-76,-28],[-66,-58],[-40,-70],[-15,-33],[18,-32],[-3,-22],[-51,-56],[-48,19],[-35,-21],[-43,23],[-61,-16],[-51,9],[-46,-32],[21,-29],[2,-32],[-20,-92],[40,-83],[-22,-29],[1,-35],[-54,-65],[-108,-8],[-92,-42],[-16,-45],[-35,-12],[-46,-79],[13,-43],[-77,-93],[-17,-95],[79,-129],[-21,5],[-49,-41],[35,-18],[-46,0],[-7,-14],[-63,49],[-90,23],[11,-49],[-39,-44],[41,-5],[-31,-103],[51,-44],[-4,-54],[-68,21],[12,-72],[-42,-58],[25,-64],[53,-14],[52,-95],[-19,-46],[-58,-28],[-12,-40],[-35,-15],[32,-19],[1,-42],[85,-30],[-42,-22],[-115,5],[-134,38],[-74,-6],[-44,26],[19,17],[-14,1],[12,26],[-13,49],[-34,5],[-18,23],[5,28],[-22,-16],[-40,37],[-2,41],[-21,14],[25,35],[34,5],[58,47],[-29,24],[33,33],[-2,18],[-59,-26],[9,63],[94,88],[-69,20],[-55,-6],[1,25],[59,10],[-101,90],[-65,-16],[-36,21],[27,8],[-92,27],[-34,61],[-99,48],[17,55],[37,1],[32,38],[-34,25],[16,15],[64,-75],[37,12],[57,-24],[-12,25],[12,73],[-39,30],[-66,113],[-51,-9],[-6,-23],[-146,34],[-143,-12],[-101,30],[-13,17],[16,21],[4,135],[-57,63],[6,30],[16,108],[27,44],[-15,6],[-11,-24],[-99,50],[-36,68],[21,19],[-5,36],[-74,6],[-247,-12],[-140,-34],[-44,-40],[-89,9],[-10,7],[15,42],[-51,0],[-27,24],[-47,-52]],[[76408,44186],[11,-36],[29,-7],[-63,-57],[-58,-65],[-7,-30],[-49,34],[-17,-12],[32,-60],[-92,-65],[17,-42],[-8,-57],[30,-41],[-22,-4],[14,-48],[-50,-4],[4,-45],[-54,-10],[4,-32],[6,-25],[-12,-19],[17,-5],[18,20],[11,-17],[77,-2],[72,36],[65,-2],[16,-32],[39,-1],[21,-83],[38,10],[-18,-80],[10,-33],[-11,-33],[-36,-24],[6,-9],[0,-14],[-54,-46],[20,-26],[-6,-23],[-48,-7],[-105,-160],[-89,-83],[-93,-53],[-49,-82],[-20,-100],[-34,-36],[20,-7],[44,24],[16,-15],[0,-59],[-25,-57],[-125,-99],[-40,-7],[-14,-34],[-29,-15],[-1,58],[-15,13],[1,37],[-14,25],[37,43],[-22,71],[-104,-39],[-23,8],[-132,221],[-104,-58],[-61,-51],[24,-86],[-22,-5],[-44,53],[-71,11],[-153,-33],[24,43],[-141,37],[-112,64],[-99,14],[-14,18],[-135,-21],[-180,-70],[-65,7],[-88,43],[-140,-44],[-59,-5],[-3,16],[-24,-1],[-3,54],[55,22],[1,29],[-30,38],[5,18],[-48,0],[-16,26],[8,42],[-10,14],[-62,-28],[-24,53],[-191,-33],[-11,46],[-26,0],[-11,56],[62,0],[19,33],[5,20],[-29,36],[-5,34],[14,28],[34,2],[-2,23],[-25,24],[-3,3],[-15,6],[-23,16],[-24,-15],[-37,12],[1,25],[-22,19],[-17,-23],[-21,10],[-37,55],[-59,38],[-34,39],[-52,-31],[-31,11],[-49,-36],[-94,-10],[-49,32],[32,23],[-14,53],[20,21],[-37,38],[-4,48],[-60,-13],[-52,13],[-24,21],[17,38],[-52,33],[5,15],[-52,23],[-73,-1],[-16,7],[-56,-33],[6,-20],[-49,-16],[-24,42],[-69,-34],[-19,9],[-138,-4],[-143,-51],[-113,-7],[-11,18],[-34,-6],[-14,25],[-83,-4],[-4,29],[-105,6],[-36,-46],[15,-48],[-61,-15],[-46,-10],[1,57],[-65,10],[-7,37],[-44,1],[-6,26],[66,33],[-14,18],[-59,38],[-64,15],[-42,61],[-80,-2],[-15,32],[-64,-6],[-33,-27],[-77,14],[9,50],[-19,13],[11,8],[-11,12],[19,21],[-13,9],[-24,59],[35,3],[-1,15],[-39,19],[-11,27],[13,18],[-33,15],[8,18],[-22,36],[15,0],[-9,29],[-27,8],[-1,-22],[-118,64],[-25,-14],[-50,52],[16,21],[-13,18],[-131,-17],[-39,-24],[-32,37],[-26,-11],[-17,19],[-28,-44],[-91,-33],[-35,-81],[-25,3],[-10,2],[33,78],[-157,106],[-257,64],[-28,-11],[-52,-81],[-16,8],[-19,-37],[-25,5],[11,22],[-75,5],[-18,-107],[-191,28],[-96,36],[-13,-58],[-49,12],[-2,-18],[-166,1],[-5,34],[-6,28],[-43,-6],[-133,63],[16,49],[1,16],[-14,0],[17,87],[-2,17],[-25,-6],[3,28],[-26,10],[-10,85],[-66,106],[179,17],[63,123],[-57,24],[20,57],[88,-3],[3,28],[-126,21],[10,53],[-16,69],[-25,1],[26,40],[-1,75],[-13,26],[-109,32],[-30,-34],[-29,44],[-11,86],[-23,9],[9,42],[-152,50],[-113,-49],[-83,-9],[23,-43],[-19,-12],[-40,11],[7,29],[-22,3],[-29,-27],[-39,-6],[-30,62],[27,19],[-15,30],[14,39],[-61,29],[-85,7],[-78,20],[36,95],[64,52],[15,42],[-16,20],[77,75],[18,-21],[112,-14],[-24,-71],[32,-5],[95,55],[8,22],[55,39],[-14,15],[30,65],[34,27],[30,-11],[27,22],[-9,5],[69,74],[15,41],[-36,20],[40,54],[43,-25],[80,70],[-32,32],[20,82],[44,81],[22,-41],[46,-25],[52,72],[-7,22],[-4,16],[22,2],[-69,76],[-148,106],[-33,-21],[13,47],[-89,33],[-24,18],[5,18],[-60,30],[-18,31],[20,7],[-124,60],[45,31],[64,5],[22,42],[0,35],[-144,-4],[-26,-28],[-28,9],[0,15],[-54,31],[13,53],[-34,2],[-5,29],[-29,23],[10,31],[-9,31],[-12,15],[10,52],[-21,16],[6,68],[41,5],[15,48],[-7,49],[-26,0],[-5,29],[-127,39],[-15,-20],[-56,-5],[-14,31],[-24,-20],[-2,-34],[-31,0],[-26,30],[-11,47],[-60,-19],[-24,-41],[-42,37],[-18,54],[-55,-32],[-29,7],[-15,113],[-66,119],[-124,-54],[-19,7],[-168,-47],[-83,31],[-8,-48],[-184,-1],[-37,-64],[-37,21],[26,44],[6,54],[-152,4],[7,30],[-60,56],[-123,-17],[5,-44],[-78,-20],[-35,21],[-11,-33],[-23,3],[-4,-29],[-76,0],[-1,35],[-99,4],[-1,-17],[-161,-36],[-9,22],[-28,5],[-59,-16],[-13,5],[6,20],[-50,18],[-24,-22],[-10,47],[-46,-5],[24,26],[-8,34],[-44,-6],[-52,-20],[-14,9],[30,26],[-14,19],[-20,-11],[-105,25],[13,27],[-71,-3],[7,14],[-210,98],[-86,13],[-38,-27],[-17,24],[-27,0],[-20,-32],[-29,-6],[-3,-27],[44,-29],[-9,-14],[-82,51],[-41,-31],[-87,-6],[-15,-36],[-41,-14],[-228,9],[68,62],[87,9],[-19,61],[-83,-7],[-75,-33],[-97,12],[13,59],[-111,5],[36,112],[-19,6],[5,29],[-22,5],[48,68],[3,26],[-37,9],[12,52],[-58,17],[10,31],[-25,1],[18,68],[-21,25],[82,118],[21,6],[-60,40],[-72,90],[-46,26],[1,18],[13,13],[-29,8],[-14,33],[-18,-31],[-59,20],[25,33],[23,2],[-2,28],[-75,62],[-14,72],[-28,4],[20,13],[-55,19],[8,17],[40,-9],[19,135],[40,27],[69,-26],[1,49],[-68,50],[-205,64],[-34,33],[-8,62],[-14,1],[-3,-35],[-40,-35],[-34,11],[-32,39],[-14,43],[14,31],[25,8],[5,39],[-46,36],[-19,58],[10,44],[-101,48],[14,65],[36,32],[8,86],[43,26],[5,37],[13,-1],[4,-57],[59,-34],[33,13],[27,-20],[164,-21],[69,122],[-30,40],[-171,54],[19,33],[40,8],[9,55],[-51,-24],[-124,-52],[-48,1],[-17,-15],[-63,17],[-6,25],[-38,34],[15,6],[-32,4],[-25,44],[-153,127],[-79,-25],[-134,0],[-21,-40],[-70,-44],[-17,6],[5,109],[-33,42],[3,23],[-280,33],[-121,32],[-58,51],[-76,-46],[4,-38],[-58,-17],[-105,55],[-92,-2],[-147,-48],[-66,17]],[[69188,45432],[62,-10],[1,-50],[-12,-6],[-12,39],[-37,3],[-2,24]],[[51920,87427],[71,-56],[55,0],[122,66],[91,6],[25,-19],[275,101],[252,171],[17,38],[39,32],[86,29],[369,259],[30,4],[52,50],[86,-11],[119,-51],[86,-66],[-78,-312],[39,-29],[530,-152],[467,-159],[392,63],[217,165],[177,-101],[532,86],[336,-219],[182,-67],[204,-45],[179,-104],[385,-95],[203,-191],[1007,-234],[118,-198],[149,162],[432,-496],[337,-450],[400,-481],[165,-143],[1356,-508],[693,-293],[397,-84],[622,30],[1203,839],[261,206],[869,45],[592,-39],[708,-182],[434,-150],[441,-263],[526,-191],[1043,-830],[602,-385],[582,-403],[468,-423],[306,-319],[-15,-11],[2307,23],[1468,512],[2833,3199],[2623,879],[1574,810],[1831,2018],[81,26],[5374,125],[1780,-675],[1539,-1733],[2065,0],[0,-1783],[1899,-1409],[-60,-32],[1033,-390],[-1285,-1348],[-2117,-2480],[-965,-480],[-308,4],[349,-1600],[-138,-694],[-15,-8]],[[92911,76265],[80,-26],[-22,-78],[440,-794],[141,-68],[-78,-334],[-42,-81],[-10,-82],[18,-94],[-27,-36],[-14,-117],[74,-89],[-54,-84],[-40,-23],[7,-41],[-9,3]],[[33005,69057],[-144,824],[-801,-62],[-218,-75],[-136,-15],[-69,21],[-84,66],[-366,65],[-397,162],[-128,70],[-29,-3],[-26,37],[-194,133],[-61,101],[-24,150],[-49,129],[10,35],[-6,70],[-74,327],[29,36],[67,177],[-39,57],[-73,66],[-295,134],[-372,83],[-611,211],[-184,96],[-95,7],[-8,11],[14,35],[-22,18],[-108,-34],[-9,58],[41,26],[-38,14],[-10,30],[-79,37],[9,22],[-133,163],[-45,14],[-50,-13],[-158,42],[-14,20],[-2,59],[-67,34],[-36,45],[-1,26],[20,22],[-27,62],[-204,80],[-170,104],[-159,149],[-1185,250],[-572,1390],[9,11],[-125,303],[-587,739],[-1338,2133],[-917,2158],[-8553,5010],[0,4393],[-5702,3854],[-8237,4991],[255,810],[-428,974],[7698,-1694],[4276,-4262],[3421,-1782],[2167,0],[2965,3020],[15588,-4014],[6228,-1165],[209,-27],[601,96],[661,-175],[54,-78],[-60,-255],[253,-295],[141,-83],[337,1],[-24,-830],[713,-112]]]}